date,district,regime,obs,raw,global_qm,regime_qm,regime_qm_oracle,regime_gbm,p_ge_15.6,p_ge_64.5,p_ge_115.6
2026-06-01,Nagpur,normal,0.0,0.0,0.0,0.0,0.0,0.97,0.047,0.0003,0.0
2026-06-01,Bhopal,normal,1.3,0.0,0.0,0.0,0.0,1.9,0.047,0.0003,0.0
2026-06-01,Raipur,normal,0.1,0.0,0.0,0.0,0.0,0.62,0.047,0.0003,0.0
2026-06-01,Jabalpur,normal,0.1,0.0,0.0,0.0,0.0,0.97,0.047,0.0003,0.0
2026-06-01,Akola,normal,0.5,1.5,3.0,3.1,3.1,2.55,0.095,0.001,0.0001
2026-06-01,Amravati,normal,0.0,0.2,0.8,0.8,0.8,1.31,0.0542,0.0004,0.0
2026-06-01,Aurangabad,normal,0.2,0.2,0.8,0.8,0.8,1.31,0.0542,0.0004,0.0
2026-06-01,Bhubaneswar,normal,0.0,0.1,0.6,0.6,0.6,2.58,0.0507,0.0004,0.0
2026-06-01,Mumbai,coastal,0.3,0.0,0.0,0.0,0.0,1.27,0.0774,0.0009,0.0
2026-06-01,Thiruvananthapuram,coastal,2.2,2.3,4.0,6.2,6.2,4.82,0.1831,0.0037,0.0001
2026-06-01,Kochi,coastal,4.2,3.3,5.4,8.19,8.19,6.07,0.218,0.0052,0.0002
2026-06-01,Mangaluru,coastal,0.8,9.9,13.2,15.7,15.7,11.37,0.3748,0.016,0.0007
2026-06-01,Panaji,coastal,2.4,3.8,6.0,8.8,8.8,7.0,0.2338,0.0059,0.0002
2026-06-01,Chennai,coastal,1.0,1.7,3.2,5.0,5.0,4.2,0.1597,0.0029,0.0001
2026-06-01,Visakhapatnam,coastal,0.1,0.0,0.0,0.0,0.0,1.15,0.0774,0.0009,0.0
2026-06-01,Puri,coastal,0.1,0.0,0.0,0.0,0.0,1.24,0.0774,0.0009,0.0
2026-06-01,Kolkata,coastal,2.8,0.0,0.0,0.0,0.0,1.72,0.0774,0.0009,0.0
2026-06-01,Surat,coastal,0.5,0.0,0.0,0.0,0.0,1.15,0.0774,0.0009,0.0
2026-06-01,Mahabaleshwar,orographic,1.6,0.1,0.6,0.1,0.1,2.44,0.0675,0.0017,0.0001
2026-06-01,Munnar,orographic,6.9,8.6,11.8,10.9,10.9,13.87,0.3012,0.0233,0.0034
2026-06-01,Madikeri,orographic,5.4,3.3,5.4,3.8,3.8,7.8,0.182,0.0088,0.001
2026-06-01,Ooty,orographic,35.6,3.0,5.0,3.5,3.5,7.67,0.1733,0.0081,0.0009
2026-06-01,Lonavala,orographic,0.2,0.0,0.0,0.0,0.0,1.94,0.0627,0.0015,0.0001
2026-06-01,Wayanad,orographic,4.7,9.1,12.3,11.5,11.5,16.42,0.31,0.0247,0.0037
2026-06-01,Shimla,orographic,4.7,0.0,0.0,0.0,0.0,0.15,0.0627,0.0015,0.0001
2026-06-01,Dehradun,orographic,0.2,0.1,0.6,0.1,0.1,0.54,0.0675,0.0017,0.0001
2026-06-01,Srinagar,orographic,0.0,2.8,4.7,3.2,3.2,1.7,0.1673,0.0076,0.0009
2026-06-01,Gangtok,orographic,1.7,1.1,2.4,1.2,1.2,1.52,0.1098,0.0037,0.0004
2026-06-01,Guwahati,orographic,1.6,0.0,0.0,0.0,0.0,1.38,0.0627,0.0015,0.0001
2026-06-01,Cherrapunji,orographic,19.0,10.9,14.3,14.1,14.1,7.74,0.3396,0.03,0.0047
2026-06-01,Imphal,orographic,15.9,15.0,18.7,19.4,19.4,5.43,0.3962,0.0426,0.0072
2026-06-01,Agartala,orographic,1.9,0.1,0.6,0.1,0.1,2.13,0.0675,0.0017,0.0001
2026-06-01,Lucknow,normal,2.5,0.6,1.5,1.5,1.5,1.96,0.0677,0.0006,0.0
2026-06-01,Patna,normal,0.0,0.3,1.0,1.0,1.0,1.05,0.0577,0.0005,0.0
2026-06-01,Varanasi,normal,2.6,0.0,0.0,0.0,0.0,0.72,0.047,0.0003,0.0
2026-06-01,Delhi,normal,1.1,0.4,1.2,1.2,1.2,1.3,0.0611,0.0005,0.0
2026-06-01,Kanpur,normal,2.9,0.1,0.6,0.6,0.6,1.26,0.0507,0.0004,0.0
2026-06-01,Ranchi,normal,4.4,3.2,5.3,5.3,5.3,2.05,0.1386,0.0019,0.0002
2026-06-01,Jodhpur,normal,0.5,0.0,0.0,0.0,0.0,0.51,0.047,0.0003,0.0
2026-06-01,Bikaner,normal,2.3,4.0,6.3,6.39,6.39,2.76,0.1566,0.0024,0.0002
2026-06-01,Jaisalmer,normal,0.1,0.0,0.0,0.0,0.0,0.0,0.047,0.0003,0.0
2026-06-01,Hyderabad,normal,0.0,0.0,0.0,0.0,0.0,0.57,0.047,0.0003,0.0
2026-06-01,Bengaluru,normal,0.5,0.3,1.0,1.0,1.0,2.29,0.0577,0.0005,0.0
2026-06-01,Pune,normal,1.4,0.0,0.0,0.0,0.0,0.86,0.047,0.0003,0.0
2026-06-01,Kurnool,normal,0.5,0.9,2.0,2.2,2.2,3.74,0.0773,0.0007,0.0001
2026-06-01,Madurai,normal,0.7,0.4,1.2,1.2,1.2,1.35,0.0611,0.0005,0.0
2026-06-02,Nagpur,normal,0.4,0.0,0.0,0.0,0.0,0.81,0.047,0.0003,0.0
2026-06-02,Bhopal,normal,4.6,1.3,2.7,2.8,2.8,2.74,0.0892,0.0009,0.0001
2026-06-02,Raipur,normal,2.5,0.2,0.8,0.8,0.8,1.58,0.0542,0.0004,0.0
2026-06-02,Jabalpur,normal,0.2,0.9,2.0,2.2,2.2,2.74,0.0773,0.0007,0.0001
2026-06-02,Akola,normal,0.0,0.6,1.5,1.5,1.5,2.88,0.0677,0.0006,0.0
2026-06-02,Amravati,normal,0.0,0.4,1.2,1.2,1.2,2.23,0.0611,0.0005,0.0
2026-06-02,Aurangabad,normal,5.8,1.1,2.4,2.5,2.5,3.01,0.0833,0.0008,0.0001
2026-06-02,Bhubaneswar,normal,2.8,0.0,0.0,0.0,0.0,1.11,0.047,0.0003,0.0
2026-06-02,Mumbai,coastal,1.2,0.2,0.8,1.7,1.7,2.33,0.0888,0.0011,0.0
2026-06-02,Thiruvananthapuram,coastal,5.7,8.4,11.5,14.1,14.1,9.32,0.3467,0.0134,0.0006
2026-06-02,Kochi,coastal,23.2,15.0,18.7,21.8,21.8,11.47,0.4512,0.0254,0.0013
2026-06-02,Mangaluru,coastal,21.8,1.4,2.8,4.4,4.4,4.99,0.1471,0.0025,0.0001
2026-06-02,Panaji,coastal,4.2,2.7,4.6,7.0,7.0,5.79,0.1976,0.0043,0.0001
2026-06-02,Chennai,coastal,3.4,2.4,4.3,6.5,6.5,5.27,0.1868,0.0039,0.0001
2026-06-02,Visakhapatnam,coastal,3.2,0.0,0.0,0.0,0.0,1.41,0.0774,0.0009,0.0
2026-06-02,Puri,coastal,0.0,0.0,0.0,0.0,0.0,1.41,0.0774,0.0009,0.0
2026-06-02,Kolkata,coastal,0.4,0.0,0.0,0.0,0.0,1.41,0.0774,0.0009,0.0
2026-06-02,Surat,coastal,6.8,0.0,0.0,0.0,0.0,1.41,0.0774,0.0009,0.0
2026-06-02,Mahabaleshwar,orographic,9.7,0.2,0.8,0.2,0.2,2.77,0.0722,0.0019,0.0002
2026-06-02,Munnar,orographic,10.8,10.3,13.6,13.48,13.48,17.95,0.3301,0.0283,0.0043
2026-06-02,Madikeri,orographic,15.3,0.9,2.0,1.0,1.0,4.83,0.102,0.0033,0.0003
2026-06-02,Ooty,orographic,10.6,14.0,17.6,18.2,18.2,14.32,0.3836,0.0395,0.0065
2026-06-02,Lonavala,orographic,2.6,0.2,0.8,0.2,0.2,2.31,0.0722,0.0019,0.0002
2026-06-02,Wayanad,orographic,17.1,18.8,22.8,25.2,25.2,21.14,0.4389,0.0547,0.0098
2026-06-02,Shimla,orographic,1.2,1.0,2.2,1.1,1.1,1.25,0.1059,0.0035,0.0003
2026-06-02,Dehradun,orographic,0.9,0.0,0.0,0.0,0.0,0.37,0.0627,0.0015,0.0001
2026-06-02,Srinagar,orographic,2.5,6.1,8.8,7.6,7.6,4.82,0.2516,0.0162,0.0022
2026-06-02,Gangtok,orographic,8.3,4.0,6.3,4.76,4.76,2.89,0.2012,0.0106,0.0013
2026-06-02,Guwahati,orographic,1.0,0.6,1.5,0.6,0.6,1.62,0.0897,0.0026,0.0002
2026-06-02,Cherrapunji,orographic,7.3,9.2,12.4,11.7,11.7,7.96,0.3118,0.025,0.0037
2026-06-02,Imphal,orographic,7.1,0.2,0.8,0.2,0.2,3.33,0.0722,0.0019,0.0002
2026-06-02,Agartala,orographic,0.3,0.6,1.5,0.6,0.6,2.1,0.0897,0.0026,0.0002
2026-06-02,Lucknow,normal,0.7,0.0,0.0,0.0,0.0,0.59,0.047,0.0003,0.0
2026-06-02,Patna,normal,0.0,0.1,0.6,0.6,0.6,1.23,0.0507,0.0004,0.0
2026-06-02,Varanasi,normal,0.1,0.0,0.0,0.0,0.0,0.26,0.047,0.0003,0.0
2026-06-02,Delhi,normal,1.0,0.7,1.8,1.8,1.8,1.63,0.071,0.0006,0.0
2026-06-02,Kanpur,normal,3.6,0.0,0.0,0.0,0.0,0.49,0.047,0.0003,0.0
2026-06-02,Ranchi,normal,0.9,0.0,0.0,0.0,0.0,0.97,0.047,0.0003,0.0
2026-06-02,Jodhpur,normal,0.0,1.6,3.1,3.2,3.2,1.51,0.0978,0.0011,0.0001
2026-06-02,Bikaner,normal,0.0,2.5,4.3,4.6,4.6,2.9,0.1216,0.0015,0.0001
2026-06-02,Jaisalmer,normal,0.7,0.0,0.0,0.0,0.0,0.2,0.047,0.0003,0.0
2026-06-02,Hyderabad,normal,0.6,0.0,0.0,0.0,0.0,0.76,0.047,0.0003,0.0
2026-06-02,Bengaluru,normal,3.6,4.6,7.1,7.2,7.2,4.1,0.1693,0.0027,0.0003
2026-06-02,Pune,normal,2.3,0.0,0.0,0.0,0.0,0.76,0.047,0.0003,0.0
2026-06-02,Kurnool,normal,0.1,0.5,1.4,1.4,1.4,2.93,0.0645,0.0005,0.0
2026-06-02,Madurai,normal,1.9,0.8,1.9,2.0,2.0,2.83,0.0741,0.0007,0.0
2026-06-03,Nagpur,normal,0.4,0.3,1.0,1.0,1.0,1.56,0.0577,0.0005,0.0
2026-06-03,Bhopal,normal,0.4,0.1,0.6,0.6,0.6,2.33,0.0507,0.0004,0.0
2026-06-03,Raipur,normal,0.0,0.9,2.0,2.2,2.2,2.87,0.0773,0.0007,0.0001
2026-06-03,Jabalpur,normal,0.1,0.5,1.4,1.4,1.4,2.69,0.0645,0.0005,0.0
2026-06-03,Akola,normal,0.0,0.4,1.2,1.2,1.2,2.12,0.0611,0.0005,0.0
2026-06-03,Amravati,normal,0.3,0.2,0.8,0.8,0.8,2.02,0.0542,0.0004,0.0
2026-06-03,Aurangabad,normal,0.1,0.0,0.0,0.0,0.0,1.34,0.047,0.0003,0.0
2026-06-03,Bhubaneswar,normal,2.7,1.7,3.2,3.4,3.4,2.96,0.1006,0.0011,0.0001
2026-06-03,Mumbai,coastal,2.3,0.1,0.6,1.3,1.3,2.44,0.0832,0.001,0.0
2026-06-03,Thiruvananthapuram,coastal,26.6,9.5,12.7,15.18,0.0,12.17,0.3676,0.0153,0.0007
2026-06-03,Kochi,coastal,18.5,8.1,11.2,13.8,13.8,10.57,0.3407,0.0129,0.0006
2026-06-03,Mangaluru,coastal,43.4,5.0,7.6,10.4,10.4,6.96,0.2683,0.0078,0.0003
2026-06-03,Panaji,coastal,7.0,2.3,4.0,6.2,6.2,5.44,0.1831,0.0037,0.0001
2026-06-03,Chennai,coastal,1.5,0.9,2.0,3.4,3.4,3.96,0.1246,0.0019,0.0001
2026-06-03,Visakhapatnam,coastal,0.3,0.0,0.0,0.0,0.0,1.32,0.0774,0.0009,0.0
2026-06-03,Puri,coastal,0.0,0.0,0.0,0.0,0.0,1.32,0.0774,0.0009,0.0
2026-06-03,Kolkata,coastal,0.8,0.0,0.0,0.0,0.0,1.32,0.0774,0.0009,0.0
2026-06-03,Surat,coastal,3.6,0.0,0.0,0.0,0.0,1.32,0.0774,0.0009,0.0
2026-06-03,Mahabaleshwar,orographic,1.0,4.7,7.2,5.6,5.6,6.86,0.2191,0.0124,0.0016
2026-06-03,Munnar,orographic,23.2,5.9,8.6,7.35,7.35,14.57,0.2472,0.0156,0.0021
2026-06-03,Madikeri,orographic,13.4,4.2,6.6,5.0,5.0,7.19,0.2064,0.0111,0.0014
2026-06-03,Ooty,orographic,18.1,14.8,18.5,19.22,19.22,18.34,0.3938,0.042,0.0071
2026-06-03,Lonavala,orographic,4.6,0.7,1.8,0.8,0.8,3.27,0.0939,0.0028,0.0003
2026-06-03,Wayanad,orographic,19.7,6.1,8.8,7.6,7.6,14.42,0.2516,0.0162,0.0022
2026-06-03,Shimla,orographic,1.2,0.9,2.0,1.0,1.0,1.45,0.102,0.0033,0.0003
2026-06-03,Dehradun,orographic,0.1,0.0,0.0,0.0,0.0,0.21,0.0627,0.0015,0.0001
2026-06-03,Srinagar,orographic,0.2,1.0,2.2,1.1,1.1,2.41,0.1059,0.0035,0.0003
2026-06-03,Gangtok,orographic,20.6,3.4,5.5,4.0,4.0,3.27,0.1848,0.0091,0.0011
2026-06-03,Guwahati,orographic,0.6,6.0,8.8,7.5,7.5,4.1,0.2494,0.0159,0.0021
2026-06-03,Cherrapunji,orographic,5.7,9.6,12.8,12.3,12.3,7.64,0.3186,0.0262,0.0039
2026-06-03,Imphal,orographic,0.6,0.3,1.0,0.3,0.3,1.86,0.0767,0.002,0.0002
2026-06-03,Agartala,orographic,0.3,9.4,12.6,12.0,12.0,4.62,0.3152,0.0256,0.0038
2026-06-03,Lucknow,normal,1.5,0.0,0.0,0.0,0.0,0.21,0.047,0.0003,0.0
2026-06-03,Patna,normal,0.4,0.1,0.6,0.6,0.6,1.05,0.0507,0.0004,0.0
2026-06-03,Varanasi,normal,1.3,0.0,0.0,0.0,0.0,0.21,0.047,0.0003,0.0
2026-06-03,Delhi,normal,0.7,0.1,0.6,0.6,0.6,1.24,0.0507,0.0004,0.0
2026-06-03,Kanpur,normal,2.6,0.1,0.6,0.6,0.6,0.71,0.0507,0.0004,0.0
2026-06-03,Ranchi,normal,2.0,0.0,0.0,0.0,0.0,0.21,0.047,0.0003,0.0
2026-06-03,Jodhpur,normal,0.5,0.0,0.0,0.0,0.0,0.61,0.047,0.0003,0.0
2026-06-03,Bikaner,normal,0.1,0.2,0.8,0.8,0.8,1.19,0.0542,0.0004,0.0
2026-06-03,Jaisalmer,normal,0.0,0.0,0.0,0.0,0.0,0.16,0.047,0.0003,0.0
2026-06-03,Hyderabad,normal,0.2,0.0,0.0,0.0,0.0,0.7,0.047,0.0003,0.0
2026-06-03,Bengaluru,normal,10.2,7.2,10.2,10.0,10.0,6.29,0.2182,0.0044,0.0004
2026-06-03,Pune,normal,0.2,0.0,0.0,0.0,0.0,0.7,0.047,0.0003,0.0
2026-06-03,Kurnool,normal,0.4,1.0,2.2,2.3,2.3,2.93,0.0803,0.0008,0.0001
2026-06-03,Madurai,normal,0.0,0.0,0.0,0.0,0.0,1.36,0.047,0.0003,0.0
2026-06-04,Nagpur,normal,0.0,0.2,0.8,0.8,0.8,1.91,0.0542,0.0004,0.0
2026-06-04,Bhopal,normal,0.1,5.5,8.2,8.28,8.28,4.82,0.1873,0.0033,0.0003
2026-06-04,Raipur,normal,0.3,0.8,1.9,2.0,2.0,2.81,0.0741,0.0007,0.0
2026-06-04,Jabalpur,normal,0.1,0.0,0.0,0.0,0.0,1.05,0.047,0.0003,0.0
2026-06-04,Akola,normal,2.1,0.4,1.2,1.2,1.2,2.01,0.0611,0.0005,0.0
2026-06-04,Amravati,normal,0.5,0.1,0.6,0.6,0.6,1.91,0.0507,0.0004,0.0
2026-06-04,Aurangabad,normal,0.0,0.0,0.0,0.0,0.0,0.68,0.047,0.0003,0.0
2026-06-04,Bhubaneswar,normal,1.0,0.2,0.8,0.8,0.8,2.26,0.0542,0.0004,0.0
2026-06-04,Mumbai,coastal,0.6,0.8,1.9,3.1,3.1,2.96,0.1198,0.0018,0.0001
2026-06-04,Thiruvananthapuram,coastal,48.4,32.0,37.46,44.91,16.34,17.1,0.5988,0.0595,0.0037
2026-06-04,Kochi,coastal,46.4,7.8,10.8,13.4,13.4,10.5,0.3345,0.0124,0.0005
2026-06-04,Mangaluru,coastal,13.9,5.5,8.2,10.7,10.7,10.4,0.2814,0.0086,0.0003
2026-06-04,Panaji,coastal,7.3,6.0,8.8,11.2,11.2,8.84,0.2939,0.0094,0.0004
2026-06-04,Chennai,coastal,2.9,0.0,0.0,0.0,0.0,1.7,0.0774,0.0009,0.0
2026-06-04,Visakhapatnam,coastal,2.8,0.0,0.0,0.0,0.0,1.28,0.0774,0.0009,0.0
2026-06-04,Puri,coastal,0.1,0.0,0.0,0.0,0.0,1.28,0.0774,0.0009,0.0
2026-06-04,Kolkata,coastal,11.2,0.0,0.0,0.0,0.0,1.28,0.0774,0.0009,0.0
2026-06-04,Surat,coastal,1.9,0.0,0.0,0.0,0.0,1.28,0.0774,0.0009,0.0
2026-06-04,Mahabaleshwar,orographic,5.8,0.5,1.4,0.5,0.5,4.7,0.0855,0.0024,0.0002
2026-06-04,Munnar,orographic,29.3,2.5,4.3,2.9,2.9,8.02,0.1581,0.0069,0.0008
2026-06-04,Madikeri,orographic,7.8,3.6,5.8,4.2,4.2,7.25,0.1904,0.0096,0.0012
2026-06-04,Ooty,orographic,2.5,5.9,8.6,7.35,7.35,14.2,0.2472,0.0156,0.0021
2026-06-04,Lonavala,orographic,3.0,0.1,0.6,0.1,0.1,2.78,0.0675,0.0017,0.0001
2026-06-04,Wayanad,orographic,5.7,4.6,7.1,5.5,5.5,10.75,0.2166,0.0121,0.0015
2026-06-04,Shimla,orographic,3.3,2.6,4.5,3.0,3.0,1.67,0.1612,0.0071,0.0008
2026-06-04,Dehradun,orographic,0.4,0.1,0.6,0.1,0.1,0.38,0.0675,0.0017,0.0001
2026-06-04,Srinagar,orographic,4.9,1.3,2.6,1.3,1.3,1.1,0.1173,0.0041,0.0004
2026-06-04,Gangtok,orographic,18.7,13.9,17.5,18.1,18.1,4.55,0.3823,0.0392,0.0065
2026-06-04,Guwahati,orographic,22.8,13.5,17.1,17.62,17.62,7.44,0.377,0.038,0.0062
2026-06-04,Cherrapunji,orographic,4.2,19.5,23.3,26.61,26.61,8.41,0.4459,0.0569,0.0103
2026-06-04,Imphal,orographic,0.6,0.0,0.0,0.0,0.0,0.95,0.0627,0.0015,0.0001
2026-06-04,Agartala,orographic,6.7,0.0,0.0,0.0,0.0,1.95,0.0627,0.0015,0.0001
2026-06-04,Lucknow,normal,0.1,0.0,0.0,0.0,0.0,0.16,0.047,0.0003,0.0
2026-06-04,Patna,normal,0.6,0.0,0.0,0.0,0.0,0.37,0.047,0.0003,0.0
2026-06-04,Varanasi,normal,0.3,1.0,2.2,2.3,2.3,1.43,0.0803,0.0008,0.0001
2026-06-04,Delhi,normal,0.6,0.1,0.6,0.6,0.6,0.95,0.0507,0.0004,0.0
2026-06-04,Kanpur,normal,0.2,0.1,0.6,0.6,0.6,0.95,0.0507,0.0004,0.0
2026-06-04,Ranchi,normal,0.4,0.0,0.0,0.0,0.0,0.16,0.047,0.0003,0.0
2026-06-04,Jodhpur,normal,1.7,0.0,0.0,0.0,0.0,0.0,0.047,0.0003,0.0
2026-06-04,Bikaner,normal,0.1,0.0,0.0,0.0,0.0,0.17,0.047,0.0003,0.0
2026-06-04,Jaisalmer,normal,0.0,0.0,0.0,0.0,0.0,0.0,0.047,0.0003,0.0
2026-06-04,Hyderabad,normal,0.9,0.0,0.0,0.0,0.0,0.64,0.047,0.0003,0.0
2026-06-04,Bengaluru,normal,1.2,1.4,2.8,2.9,2.9,3.9,0.0921,0.001,0.0001
2026-06-04,Pune,normal,1.0,0.0,0.0,0.0,0.0,0.64,0.047,0.0003,0.0
2026-06-04,Kurnool,normal,1.0,0.0,0.0,0.0,0.0,1.28,0.047,0.0003,0.0
2026-06-04,Madurai,normal,2.7,0.0,0.0,0.0,0.0,0.64,0.047,0.0003,0.0
2026-06-05,Nagpur,normal,1.4,3.1,5.1,5.24,5.24,5.21,0.1362,0.0019,0.0002
2026-06-05,Bhopal,normal,1.8,6.8,9.7,9.4,9.4,9.38,0.2112,0.0041,0.0004
2026-06-05,Raipur,normal,0.0,1.3,2.7,2.8,2.8,4.74,0.0892,0.0009,0.0001
2026-06-05,Jabalpur,normal,1.3,0.0,0.0,0.0,0.0,1.44,0.047,0.0003,0.0
2026-06-05,Akola,normal,0.8,1.7,3.2,3.3,3.3,4.68,0.1006,0.0011,0.0001
2026-06-05,Amravati,normal,1.3,0.4,1.2,1.2,1.2,3.17,0.0611,0.0005,0.0
2026-06-05,Aurangabad,normal,0.1,3.7,5.9,6.0,6.0,5.5,0.15,0.0022,0.0002
2026-06-05,Bhubaneswar,normal,1.2,0.0,0.0,0.0,0.0,1.94,0.047,0.0003,0.0
2026-06-05,Mumbai,coastal,3.4,0.9,2.0,3.4,3.4,4.72,0.1246,0.0019,0.0001
2026-06-05,Thiruvananthapuram,coastal,10.9,13.8,17.4,20.2,20.2,14.73,0.4354,0.0231,0.0011
2026-06-05,Kochi,coastal,25.4,23.5,27.4,31.51,9.19,16.04,0.5387,0.042,0.0024
2026-06-05,Mangaluru,coastal,63.4,22.0,25.7,29.16,29.16,16.0,0.5258,0.039,0.0022
2026-06-05,Panaji,coastal,12.2,18.0,21.8,23.96,23.96,15.33,0.4865,0.0311,0.0016
2026-06-05,Chennai,coastal,1.0,0.0,0.0,0.0,0.0,1.86,0.0774,0.0009,0.0
2026-06-05,Visakhapatnam,coastal,2.6,0.0,0.0,0.0,0.0,1.86,0.0774,0.0009,0.0
2026-06-05,Puri,coastal,2.1,0.0,0.0,0.0,0.0,1.86,0.0774,0.0009,0.0
2026-06-05,Kolkata,coastal,1.2,1.4,2.8,4.4,4.4,3.99,0.1471,0.0025,0.0001
2026-06-05,Surat,coastal,0.0,0.2,0.8,1.7,1.7,2.88,0.0888,0.0011,0.0
2026-06-05,Mahabaleshwar,orographic,3.7,0.8,1.9,0.9,0.9,4.73,0.098,0.0031,0.0003
2026-06-05,Munnar,orographic,8.5,0.1,0.6,0.1,0.1,4.51,0.0675,0.0017,0.0001
2026-06-05,Madikeri,orographic,17.7,2.5,4.3,2.9,2.9,8.23,0.1581,0.0069,0.0008
2026-06-05,Ooty,orographic,1.5,1.9,3.5,2.1,2.1,9.27,0.1386,0.0055,0.0006
2026-06-05,Lonavala,orographic,4.1,0.0,0.0,0.0,0.0,2.38,0.0627,0.0015,0.0001
2026-06-05,Wayanad,orographic,20.0,0.0,0.0,0.0,0.0,4.05,0.0627,0.0015,0.0001
2026-06-05,Shimla,orographic,3.3,1.9,3.5,2.1,2.1,2.48,0.1386,0.0055,0.0006
2026-06-05,Dehradun,orographic,0.7,1.6,3.1,1.7,1.7,1.53,0.1282,0.0048,0.0005
2026-06-05,Srinagar,orographic,9.7,1.5,3.0,1.6,1.6,1.84,0.1246,0.0046,0.0005
2026-06-05,Gangtok,orographic,18.4,14.5,18.2,19.0,19.0,7.17,0.39,0.0411,0.0069
2026-06-05,Guwahati,orographic,3.6,6.0,8.8,7.5,7.5,7.9,0.2494,0.0159,0.0021
2026-06-05,Cherrapunji,orographic,5.1,15.8,19.3,20.6,20.6,10.03,0.4059,0.0451,0.0077
2026-06-05,Imphal,orographic,0.2,3.7,5.9,4.3,4.3,3.42,0.1931,0.0098,0.0012
2026-06-05,Agartala,orographic,14.5,7.9,10.9,10.1,10.1,4.49,0.2882,0.0212,0.003
2026-06-05,Lucknow,normal,0.5,0.4,1.1,1.1,1.1,1.17,0.0611,0.0005,0.0
2026-06-05,Patna,normal,4.0,0.0,0.0,0.0,0.0,0.5,0.047,0.0003,0.0
2026-06-05,Varanasi,normal,0.0,0.0,0.0,0.0,0.0,1.11,0.047,0.0003,0.0
2026-06-05,Delhi,normal,2.1,2.7,4.6,4.8,4.8,3.15,0.1266,0.0016,0.0001
2026-06-05,Kanpur,normal,0.1,0.1,0.6,0.6,0.6,1.48,0.0507,0.0004,0.0
2026-06-05,Ranchi,normal,2.3,0.0,0.0,0.0,0.0,0.5,0.047,0.0003,0.0
2026-06-05,Jodhpur,normal,0.0,0.0,0.0,0.0,0.0,0.3,0.047,0.0003,0.0
2026-06-05,Bikaner,normal,0.0,0.0,0.0,0.0,0.0,0.3,0.047,0.0003,0.0
2026-06-05,Jaisalmer,normal,0.0,0.0,0.0,0.0,0.0,0.3,0.047,0.0003,0.0
2026-06-05,Hyderabad,normal,0.1,1.8,3.4,3.5,3.5,3.51,0.1033,0.0012,0.0001
2026-06-05,Bengaluru,normal,2.7,0.0,0.0,0.0,0.0,1.89,0.047,0.0003,0.0
2026-06-05,Pune,normal,2.4,0.0,0.0,0.0,0.0,1.05,0.047,0.0003,0.0
2026-06-05,Kurnool,normal,0.9,0.5,1.4,1.4,1.4,2.33,0.0645,0.0005,0.0
2026-06-05,Madurai,normal,0.0,0.4,1.2,1.2,1.2,2.0,0.0611,0.0005,0.0
2026-06-06,Nagpur,normal,0.5,0.5,1.4,1.4,1.4,2.68,0.0645,0.0005,0.0
2026-06-06,Bhopal,normal,5.4,1.9,3.5,3.7,3.7,4.3,0.106,0.0012,0.0001
2026-06-06,Raipur,normal,0.0,0.4,1.2,1.2,1.2,2.27,0.0611,0.0005,0.0
2026-06-06,Jabalpur,normal,1.1,0.0,0.0,0.0,0.0,0.68,0.047,0.0003,0.0
2026-06-06,Akola,normal,0.8,0.3,1.0,1.0,1.0,2.29,0.0577,0.0005,0.0
2026-06-06,Amravati,normal,0.0,0.9,2.0,2.1,2.1,2.6,0.0773,0.0007,0.0001
2026-06-06,Aurangabad,normal,0.3,3.8,6.0,6.1,6.1,4.87,0.1522,0.0023,0.0002
2026-06-06,Bhubaneswar,normal,14.0,0.0,0.0,0.0,0.0,0.68,0.047,0.0003,0.0
2026-06-06,Mumbai,coastal,2.1,1.1,2.4,3.9,3.9,3.62,0.1338,0.0022,0.0001
2026-06-06,Thiruvananthapuram,coastal,9.5,0.1,0.6,1.3,1.3,3.52,0.0832,0.001,0.0
2026-06-06,Kochi,coastal,33.4,8.9,12.1,14.6,14.6,10.72,0.3564,0.0143,0.0006
2026-06-06,Mangaluru,coastal,54.3,46.6,57.05,77.4,77.4,28.75,0.6686,0.0901,0.0062
2026-06-06,Panaji,coastal,11.4,24.1,28.3,32.9,32.9,14.88,0.5437,0.0433,0.0024
2026-06-06,Chennai,coastal,0.0,0.1,0.6,1.3,1.3,2.15,0.0832,0.001,0.0
2026-06-06,Visakhapatnam,coastal,1.3,2.7,4.6,7.0,7.0,4.15,0.1976,0.0043,0.0001
2026-06-06,Puri,coastal,1.3,0.0,0.0,0.0,0.0,1.28,0.0774,0.0009,0.0
2026-06-06,Kolkata,coastal,19.2,0.0,0.0,0.0,0.0,1.7,0.0774,0.0009,0.0
2026-06-06,Surat,coastal,0.8,0.0,0.0,0.0,0.0,1.4,0.0774,0.0009,0.0
2026-06-06,Mahabaleshwar,orographic,4.9,4.7,7.2,5.6,5.6,7.32,0.2191,0.0124,0.0016
2026-06-06,Munnar,orographic,14.5,0.5,1.4,0.5,0.5,3.07,0.0855,0.0024,0.0002
2026-06-06,Madikeri,orographic,31.5,5.8,8.5,7.2,7.2,10.87,0.245,0.0154,0.0021
2026-06-06,Ooty,orographic,16.4,2.5,4.3,2.9,2.9,5.66,0.1581,0.0069,0.0008
2026-06-06,Lonavala,orographic,4.4,0.6,1.6,0.7,0.7,2.57,0.0897,0.0026,0.0002
2026-06-06,Wayanad,orographic,43.5,0.1,0.6,0.1,0.1,2.14,0.0675,0.0017,0.0001
2026-06-06,Shimla,orographic,0.0,0.9,2.0,1.0,1.0,1.27,0.102,0.0033,0.0003
2026-06-06,Dehradun,orographic,0.0,0.0,0.0,0.0,0.0,0.38,0.0627,0.0015,0.0001
2026-06-06,Srinagar,orographic,1.5,0.1,0.6,0.1,0.1,0.82,0.0675,0.0017,0.0001
2026-06-06,Gangtok,orographic,12.8,11.7,15.2,15.1,15.1,5.81,0.3517,0.0325,0.0051
2026-06-06,Guwahati,orographic,9.5,5.7,8.5,7.1,7.1,6.18,0.2427,0.0151,0.002
2026-06-06,Cherrapunji,orographic,1.1,22.4,26.1,31.32,31.32,8.75,0.473,0.0663,0.0125
2026-06-06,Imphal,orographic,0.8,7.3,10.3,9.3,9.3,5.11,0.2766,0.0195,0.0028
2026-06-06,Agartala,orographic,1.6,10.4,13.8,13.6,13.6,7.19,0.3317,0.0286,0.0044
2026-06-06,Lucknow,normal,0.2,0.2,0.8,0.8,0.8,1.05,0.0542,0.0004,0.0
2026-06-06,Patna,normal,0.1,0.2,0.8,0.8,0.8,0.63,0.0542,0.0004,0.0
2026-06-06,Varanasi,normal,1.8,0.1,0.6,0.6,0.6,0.63,0.0507,0.0004,0.0
2026-06-06,Delhi,normal,0.0,0.7,1.7,1.7,1.7,1.74,0.071,0.0006,0.0
2026-06-06,Kanpur,normal,0.0,0.0,0.0,0.0,0.0,0.37,0.047,0.0003,0.0
2026-06-06,Ranchi,normal,8.8,0.0,0.0,0.0,0.0,0.16,0.047,0.0003,0.0
2026-06-06,Jodhpur,normal,1.1,0.0,0.0,0.0,0.0,0.0,0.047,0.0003,0.0
2026-06-06,Bikaner,normal,0.0,0.0,0.0,0.0,0.0,0.0,0.047,0.0003,0.0
2026-06-06,Jaisalmer,normal,0.0,0.0,0.0,0.0,0.0,0.0,0.047,0.0003,0.0
2026-06-06,Hyderabad,normal,7.8,2.4,4.2,4.5,4.5,3.81,0.1191,0.0015,0.0001
2026-06-06,Bengaluru,normal,0.4,1.6,3.1,3.2,3.2,2.57,0.0978,0.0011,0.0001
2026-06-06,Pune,normal,1.4,0.4,1.2,1.2,1.2,1.45,0.0611,0.0005,0.0
2026-06-06,Kurnool,normal,5.1,0.6,1.5,1.5,1.5,2.37,0.0677,0.0006,0.0
2026-06-06,Madurai,normal,0.1,0.0,0.0,0.0,0.0,1.07,0.047,0.0003,0.0
2026-06-07,Nagpur,normal,0.0,1.0,2.2,2.3,2.3,2.71,0.0803,0.0008,0.0001
2026-06-07,Bhopal,normal,1.3,1.0,2.2,2.3,2.3,3.22,0.0803,0.0008,0.0001
2026-06-07,Raipur,normal,0.0,0.3,1.0,1.0,1.0,1.97,0.0577,0.0005,0.0
2026-06-07,Jabalpur,normal,0.0,0.2,0.8,0.8,0.8,1.39,0.0542,0.0004,0.0
2026-06-07,Akola,normal,3.1,0.2,0.8,0.8,0.8,1.9,0.0542,0.0004,0.0
2026-06-07,Amravati,normal,3.4,1.3,2.7,2.8,2.8,3.03,0.0892,0.0009,0.0001
2026-06-07,Aurangabad,normal,0.0,0.9,2.0,2.2,2.2,3.43,0.0773,0.0007,0.0001
2026-06-07,Bhubaneswar,normal,11.8,0.9,2.0,2.2,2.2,2.46,0.0773,0.0007,0.0001
2026-06-07,Mumbai,coastal,2.1,0.1,0.6,1.3,1.3,2.64,0.0832,0.001,0.0
2026-06-07,Thiruvananthapuram,coastal,41.5,6.1,8.9,11.3,11.3,7.11,0.2964,0.0095,0.0004
2026-06-07,Kochi,coastal,26.7,25.4,29.86,34.6,34.6,14.75,0.5539,0.0459,0.0026
2026-06-07,Mangaluru,depression,22.4,39.1,46.2,24.83,60.7,26.17,0.7395,0.0764,0.0085
2026-06-07,Panaji,depression,26.0,70.6,77.95,54.9,100.1,30.33,0.8206,0.1441,0.0197
2026-06-07,Chennai,coastal,4.9,0.1,0.6,1.3,1.3,2.26,0.0832,0.001,0.0
2026-06-07,Visakhapatnam,coastal,0.2,2.0,3.6,5.7,5.7,4.78,0.1717,0.0033,0.0001
2026-06-07,Puri,coastal,1.6,0.2,0.8,1.7,1.7,2.08,0.0888,0.0011,0.0
2026-06-07,Kolkata,coastal,10.1,3.5,5.6,8.4,8.4,4.95,0.2244,0.0055,0.0002
2026-06-07,Surat,coastal,0.7,0.0,0.0,0.0,0.0,1.23,0.0774,0.0009,0.0
2026-06-07,Mahabaleshwar,orographic,2.4,15.3,18.9,19.7,19.7,17.41,0.3999,0.0436,0.0074
2026-06-07,Munnar,orographic,45.1,3.2,5.3,3.7,3.7,4.74,0.1791,0.0086,0.001
2026-06-07,Madikeri,orographic,5.4,8.7,11.9,11.0,11.0,14.29,0.303,0.0235,0.0035
2026-06-07,Ooty,orographic,5.4,2.7,4.6,3.1,3.1,5.84,0.1643,0.0073,0.0008
2026-06-07,Lonavala,orographic,3.7,5.4,8.1,6.7,6.7,8.56,0.2358,0.0143,0.0019
2026-06-07,Wayanad,orographic,11.9,5.4,8.1,6.7,6.7,8.4,0.2358,0.0143,0.0019
2026-06-07,Shimla,orographic,0.0,0.0,0.0,0.0,0.0,0.3,0.0627,0.0015,0.0001
2026-06-07,Dehradun,orographic,0.2,0.0,0.0,0.0,0.0,0.0,0.0627,0.0015,0.0001
2026-06-07,Srinagar,orographic,0.0,0.8,1.8,0.88,0.88,0.79,0.098,0.0031,0.0003
2026-06-07,Gangtok,orographic,20.5,15.7,19.3,20.4,20.4,5.97,0.4047,0.0448,0.0077
2026-06-07,Guwahati,orographic,5.5,16.9,20.7,22.7,22.7,8.39,0.4185,0.0486,0.0085
2026-06-07,Cherrapunji,orographic,5.6,33.7,39.3,51.1,51.1,12.16,0.5538,0.1031,0.0221
2026-06-07,Imphal,orographic,5.9,2.0,3.6,2.3,2.3,4.35,0.1419,0.0057,0.0006
2026-06-07,Agartala,orographic,11.2,34.3,39.9,51.7,51.7,11.92,0.5573,0.1051,0.0227
2026-06-07,Lucknow,normal,0.1,0.1,0.6,0.6,0.6,1.03,0.0507,0.0004,0.0
2026-06-07,Patna,normal,9.8,0.0,0.0,0.0,0.0,0.42,0.047,0.0003,0.0
2026-06-07,Varanasi,normal,0.0,0.0,0.0,0.0,0.0,0.37,0.047,0.0003,0.0
2026-06-07,Delhi,normal,0.4,0.2,0.8,0.8,0.8,1.13,0.0542,0.0004,0.0
2026-06-07,Kanpur,normal,0.0,0.0,0.0,0.0,0.0,0.16,0.047,0.0003,0.0
2026-06-07,Ranchi,normal,1.1,1.2,2.5,2.7,2.7,1.43,0.0863,0.0009,0.0001
2026-06-07,Jodhpur,normal,0.3,0.0,0.0,0.0,0.0,0.0,0.047,0.0003,0.0
2026-06-07,Bikaner,normal,0.0,0.0,0.0,0.0,0.0,0.0,0.047,0.0003,0.0
2026-06-07,Jaisalmer,normal,0.0,0.0,0.0,0.0,0.0,0.0,0.047,0.0003,0.0
2026-06-07,Hyderabad,normal,0.8,2.8,4.7,4.9,4.9,3.78,0.129,0.0017,0.0001
2026-06-07,Bengaluru,normal,3.7,0.0,0.0,0.0,0.0,1.45,0.047,0.0003,0.0
2026-06-07,Pune,normal,1.6,1.2,2.5,2.7,2.7,2.77,0.0863,0.0009,0.0001
2026-06-07,Kurnool,normal,2.9,3.2,5.3,5.3,5.3,3.21,0.1386,0.0019,0.0002
2026-06-07,Madurai,normal,2.0,0.1,0.6,0.6,0.6,1.36,0.0507,0.0004,0.0
2026-06-08,Nagpur,normal,0.0,0.1,0.6,0.6,0.6,3.66,0.0507,0.0004,0.0
2026-06-08,Bhopal,normal,1.1,0.0,0.0,0.0,0.0,2.35,0.047,0.0003,0.0
2026-06-08,Raipur,normal,1.4,1.0,2.2,2.3,2.3,4.72,0.0803,0.0008,0.0001
2026-06-08,Jabalpur,normal,1.0,0.1,0.6,0.6,0.6,3.29,0.0507,0.0004,0.0
2026-06-08,Akola,normal,0.1,1.1,2.4,2.5,2.5,4.66,0.0833,0.0008,0.0001
2026-06-08,Amravati,normal,0.1,1.0,2.2,2.3,2.3,5.04,0.0803,0.0008,0.0001
2026-06-08,Aurangabad,normal,0.0,26.2,30.8,28.11,28.11,9.61,0.4282,0.0187,0.0026
2026-06-08,Bhubaneswar,normal,2.1,0.0,0.0,0.0,0.0,2.35,0.047,0.0003,0.0
2026-06-08,Mumbai,coastal,4.5,0.2,0.8,1.7,1.7,3.23,0.0888,0.0011,0.0
2026-06-08,Thiruvananthapuram,coastal,24.1,12.2,15.6,17.6,0.2,13.93,0.4124,0.0202,0.001
2026-06-08,Kochi,coastal,32.1,27.6,32.8,37.4,37.4,17.97,0.5702,0.0504,0.003
2026-06-08,Mangaluru,coastal,20.3,25.2,29.6,34.2,34.2,18.07,0.5524,0.0455,0.0026
2026-06-08,Panaji,depression,18.9,242.6,293.57,358.15,335.2,40.93,0.9261,0.4303,0.1083
2026-06-08,Chennai,coastal,0.3,1.5,3.0,4.6,4.6,5.1,0.1514,0.0027,0.0001
2026-06-08,Visakhapatnam,coastal,0.0,0.0,0.0,0.0,0.0,2.67,0.0774,0.0009,0.0
2026-06-08,Puri,coastal,1.2,0.0,0.0,0.0,0.0,2.15,0.0774,0.0009,0.0
2026-06-08,Kolkata,coastal,1.5,0.0,0.0,0.0,0.0,2.75,0.0774,0.0009,0.0
2026-06-08,Surat,coastal,0.1,0.0,0.0,0.0,0.0,1.95,0.0774,0.0009,0.0
2026-06-08,Mahabaleshwar,orographic,6.1,6.0,8.8,7.5,7.5,17.06,0.2494,0.0159,0.0021
2026-06-08,Munnar,orographic,48.9,4.3,6.7,5.1,5.1,10.59,0.209,0.0114,0.0014
2026-06-08,Madikeri,orographic,7.4,10.6,14.0,13.9,13.9,19.99,0.3349,0.0292,0.0045
2026-06-08,Ooty,orographic,1.5,1.1,2.4,1.2,1.2,6.58,0.1098,0.0037,0.0004
2026-06-08,Lonavala,orographic,4.8,1.7,3.2,1.9,1.9,9.86,0.1317,0.005,0.0005
2026-06-08,Wayanad,orographic,5.0,6.6,9.4,8.3,8.3,16.79,0.2623,0.0176,0.0024
2026-06-08,Shimla,orographic,0.1,0.0,0.0,0.0,0.0,0.36,0.0627,0.0015,0.0001
2026-06-08,Dehradun,orographic,0.0,0.0,0.0,0.0,0.0,0.36,0.0627,0.0015,0.0001
2026-06-08,Srinagar,orographic,0.0,0.1,0.6,0.1,0.1,1.22,0.0675,0.0017,0.0001
2026-06-08,Gangtok,orographic,22.8,13.2,16.7,17.2,17.2,7.31,0.373,0.037,0.006
2026-06-08,Guwahati,orographic,4.2,9.7,12.9,12.3,12.3,8.7,0.3203,0.0265,0.004
2026-06-08,Cherrapunji,orographic,9.2,12.9,16.4,16.9,16.9,9.91,0.3689,0.0361,0.0059
2026-06-08,Imphal,orographic,3.1,9.2,12.4,11.7,11.7,6.45,0.3118,0.025,0.0037
2026-06-08,Agartala,orographic,0.9,4.5,7.0,5.4,5.4,7.37,0.2141,0.0119,0.0015
2026-06-08,Lucknow,normal,0.2,0.0,0.0,0.0,0.0,0.82,0.047,0.0003,0.0
2026-06-08,Patna,normal,0.1,0.0,0.0,0.0,0.0,0.54,0.047,0.0003,0.0
2026-06-08,Varanasi,normal,0.3,0.0,0.0,0.0,0.0,0.54,0.047,0.0003,0.0
2026-06-08,Delhi,normal,0.0,0.0,0.0,0.0,0.0,0.91,0.047,0.0003,0.0
2026-06-08,Kanpur,normal,0.2,0.0,0.0,0.0,0.0,0.54,0.047,0.0003,0.0
2026-06-08,Ranchi,normal,0.1,0.0,0.0,0.0,0.0,1.14,0.047,0.0003,0.0
2026-06-08,Jodhpur,normal,0.0,0.0,0.0,0.0,0.0,0.37,0.047,0.0003,0.0
2026-06-08,Bikaner,normal,0.0,0.0,0.0,0.0,0.0,0.37,0.047,0.0003,0.0
2026-06-08,Jaisalmer,normal,0.0,0.0,0.0,0.0,0.0,0.37,0.047,0.0003,0.0
2026-06-08,Hyderabad,normal,0.3,1.4,2.8,2.9,2.9,4.82,0.0921,0.001,0.0001
2026-06-08,Bengaluru,normal,3.7,0.0,0.0,0.0,0.0,1.12,0.047,0.0003,0.0
2026-06-08,Pune,normal,1.6,0.1,0.6,0.6,0.6,3.13,0.0507,0.0004,0.0
2026-06-08,Kurnool,normal,0.3,0.0,0.0,0.0,0.0,2.2,0.047,0.0003,0.0
2026-06-08,Madurai,normal,0.0,0.1,0.6,0.6,0.6,2.59,0.0507,0.0004,0.0
2026-06-09,Nagpur,normal,0.7,0.6,1.6,1.6,1.6,2.08,0.0677,0.0006,0.0
2026-06-09,Bhopal,normal,0.2,0.0,0.0,0.0,0.0,0.62,0.047,0.0003,0.0
2026-06-09,Raipur,normal,0.6,0.2,0.8,0.8,0.8,2.09,0.0542,0.0004,0.0
2026-06-09,Jabalpur,normal,0.9,0.0,0.0,0.0,0.0,0.89,0.047,0.0003,0.0
2026-06-09,Akola,normal,0.0,0.3,1.0,1.0,1.0,2.12,0.0577,0.0005,0.0
2026-06-09,Amravati,normal,0.2,0.4,1.2,1.2,1.2,2.14,0.0611,0.0005,0.0
2026-06-09,Aurangabad,normal,0.0,1.9,3.5,3.7,3.7,4.29,0.106,0.0012,0.0001
2026-06-09,Bhubaneswar,normal,0.0,0.0,0.0,0.0,0.0,0.62,0.047,0.0003,0.0
2026-06-09,Mumbai,coastal,6.1,0.4,1.2,2.27,2.27,2.29,0.0996,0.0013,0.0
2026-06-09,Thiruvananthapuram,coastal,10.4,29.1,34.61,40.31,40.31,15.14,0.5804,0.0535,0.0032
2026-06-09,Kochi,coastal,39.0,42.9,51.0,64.71,64.71,22.24,0.6537,0.0823,0.0055
2026-06-09,Mangaluru,coastal,23.7,33.1,38.8,47.41,47.41,16.8,0.6052,0.0618,0.0038
2026-06-09,Panaji,depression,22.1,172.4,167.62,136.99,288.37,33.04,0.9045,0.3324,0.0686
2026-06-09,Chennai,coastal,1.9,0.0,0.0,0.0,0.0,1.72,0.0774,0.0009,0.0
2026-06-09,Visakhapatnam,coastal,0.3,0.0,0.0,0.0,0.0,1.15,0.0774,0.0009,0.0
2026-06-09,Puri,coastal,0.0,0.0,0.0,0.0,0.0,1.15,0.0774,0.0009,0.0
2026-06-09,Kolkata,coastal,0.0,0.0,0.0,0.0,0.0,1.15,0.0774,0.0009,0.0
2026-06-09,Surat,coastal,0.1,0.0,0.0,0.0,0.0,1.15,0.0774,0.0009,0.0
2026-06-09,Mahabaleshwar,orographic,6.6,2.2,3.9,2.5,2.5,7.52,0.1485,0.0062,0.0007
2026-06-09,Munnar,orographic,29.3,4.8,7.3,5.7,5.7,9.14,0.2215,0.0127,0.0016
2026-06-09,Madikeri,orographic,11.1,13.5,17.1,17.62,17.62,16.89,0.377,0.038,0.0062
2026-06-09,Ooty,orographic,8.9,1.8,3.4,2.0,2.0,4.64,0.1351,0.0052,0.0006
2026-06-09,Lonavala,orographic,5.6,2.4,4.3,2.9,2.9,5.12,0.1549,0.0066,0.0007
2026-06-09,Wayanad,orographic,17.0,2.0,3.6,2.3,2.3,6.97,0.1419,0.0057,0.0006
2026-06-09,Shimla,orographic,0.1,0.0,0.0,0.0,0.0,0.15,0.0627,0.0015,0.0001
2026-06-09,Dehradun,orographic,0.4,0.0,0.0,0.0,0.0,0.15,0.0627,0.0015,0.0001
2026-06-09,Srinagar,orographic,0.0,9.3,12.5,11.8,11.8,3.61,0.3135,0.0253,0.0038
2026-06-09,Gangtok,orographic,24.7,15.7,19.3,20.4,20.4,6.62,0.4047,0.0448,0.0077
2026-06-09,Guwahati,orographic,9.9,5.1,7.7,6.2,6.2,6.43,0.2288,0.0135,0.0018
2026-06-09,Cherrapunji,orographic,11.6,60.8,69.41,91.11,91.11,18.21,0.6663,0.1892,0.0502
2026-06-09,Imphal,orographic,3.2,3.4,5.5,4.0,4.0,5.13,0.1848,0.0091,0.0011
2026-06-09,Agartala,orographic,2.2,19.0,22.9,25.4,25.4,8.35,0.4409,0.0553,0.01
2026-06-09,Lucknow,normal,0.6,0.0,0.0,0.0,0.0,0.14,0.047,0.0003,0.0
2026-06-09,Patna,normal,0.9,0.4,1.2,1.2,1.2,0.69,0.0611,0.0005,0.0
2026-06-09,Varanasi,normal,0.0,0.0,0.0,0.0,0.0,0.14,0.047,0.0003,0.0
2026-06-09,Delhi,normal,0.0,0.0,0.0,0.0,0.0,0.14,0.047,0.0003,0.0
2026-06-09,Kanpur,normal,0.4,0.0,0.0,0.0,0.0,0.14,0.047,0.0003,0.0
2026-06-09,Ranchi,normal,0.5,0.0,0.0,0.0,0.0,0.14,0.047,0.0003,0.0
2026-06-09,Jodhpur,normal,0.0,0.0,0.0,0.0,0.0,0.0,0.047,0.0003,0.0
2026-06-09,Bikaner,normal,0.0,0.0,0.0,0.0,0.0,0.0,0.047,0.0003,0.0
2026-06-09,Jaisalmer,normal,0.0,0.0,0.0,0.0,0.0,0.0,0.047,0.0003,0.0
2026-06-09,Hyderabad,normal,1.3,2.9,4.9,5.0,5.0,3.41,0.1314,0.0018,0.0001
2026-06-09,Bengaluru,normal,1.1,0.0,0.0,0.0,0.0,0.57,0.047,0.0003,0.0
2026-06-09,Pune,normal,1.1,0.7,1.8,1.8,1.8,2.14,0.071,0.0006,0.0
2026-06-09,Kurnool,normal,0.0,0.2,0.8,0.8,0.8,1.28,0.0542,0.0004,0.0
2026-06-09,Madurai,normal,0.5,0.1,0.6,0.6,0.6,1.73,0.0507,0.0004,0.0
2026-06-10,Nagpur,normal,0.4,0.0,0.0,0.0,0.0,1.1,0.047,0.0003,0.0
2026-06-10,Bhopal,normal,0.0,0.0,0.0,0.0,0.0,0.68,0.047,0.0003,0.0
2026-06-10,Raipur,normal,0.3,0.1,0.6,0.6,0.6,1.91,0.0507,0.0004,0.0
2026-06-10,Jabalpur,normal,1.1,3.4,5.5,5.6,5.6,3.66,0.1432,0.002,0.0002
2026-06-10,Akola,normal,0.0,0.0,0.0,0.0,0.0,1.05,0.047,0.0003,0.0
2026-06-10,Amravati,normal,0.1,0.2,0.8,0.8,0.8,1.91,0.0542,0.0004,0.0
2026-06-10,Aurangabad,normal,0.0,0.0,0.0,0.0,0.0,1.44,0.047,0.0003,0.0
2026-06-10,Bhubaneswar,normal,0.1,0.0,0.0,0.0,0.0,0.68,0.047,0.0003,0.0
2026-06-10,Mumbai,coastal,9.7,1.5,3.0,4.6,4.6,3.61,0.1514,0.0027,0.0001
2026-06-10,Thiruvananthapuram,coastal,12.6,1.7,3.2,5.0,5.0,5.42,0.1597,0.0029,0.0001
2026-06-10,Kochi,coastal,16.0,9.5,12.7,15.18,15.18,12.52,0.3676,0.0153,0.0007
2026-06-10,Mangaluru,coastal,17.7,15.9,19.4,22.3,22.3,13.94,0.4624,0.0271,0.0014
2026-06-10,Panaji,depression,30.2,27.8,33.0,13.3,37.81,20.21,0.6837,0.0523,0.0052
2026-06-10,Chennai,coastal,0.9,1.0,2.2,3.6,3.6,3.0,0.1292,0.002,0.0001
2026-06-10,Visakhapatnam,coastal,1.2,0.8,1.8,3.0,3.0,2.7,0.1198,0.0018,0.0001
2026-06-10,Puri,coastal,0.9,0.0,0.0,0.0,0.0,1.24,0.0774,0.0009,0.0
2026-06-10,Kolkata,coastal,9.3,0.0,0.0,0.0,0.0,1.24,0.0774,0.0009,0.0
2026-06-10,Surat,coastal,3.1,0.5,1.4,2.5,2.5,2.5,0.1048,0.0014,0.0
2026-06-10,Mahabaleshwar,orographic,4.2,1.6,3.1,1.7,1.7,4.73,0.1282,0.0048,0.0005
2026-06-10,Munnar,orographic,12.3,1.8,3.4,2.0,2.0,7.32,0.1351,0.0052,0.0006
2026-06-10,Madikeri,orographic,8.2,5.0,7.6,6.1,6.1,12.37,0.2264,0.0132,0.0017
2026-06-10,Ooty,orographic,0.5,4.6,7.1,5.5,5.5,7.65,0.2166,0.0121,0.0015
2026-06-10,Lonavala,orographic,5.2,2.8,4.8,3.3,3.3,5.72,0.1673,0.0076,0.0009
2026-06-10,Wayanad,orographic,3.2,1.9,3.5,2.1,2.1,5.15,0.1386,0.0055,0.0006
2026-06-10,Shimla,orographic,0.0,0.0,0.0,0.0,0.0,0.17,0.0627,0.0015,0.0001
2026-06-10,Dehradun,orographic,0.7,0.2,0.8,0.2,0.2,0.56,0.0722,0.0019,0.0002
2026-06-10,Srinagar,orographic,0.0,0.2,0.8,0.2,0.2,1.62,0.0722,0.0019,0.0002
2026-06-10,Gangtok,orographic,6.5,11.0,14.5,14.2,14.2,6.66,0.3412,0.0303,0.0047
2026-06-10,Guwahati,orographic,4.4,20.3,24.01,28.01,28.01,9.08,0.4537,0.0595,0.0109
2026-06-10,Cherrapunji,orographic,7.6,14.4,18.1,18.87,18.87,9.94,0.3887,0.0408,0.0068
2026-06-10,Imphal,orographic,6.4,5.7,8.5,7.1,7.1,5.1,0.2427,0.0151,0.002
2026-06-10,Agartala,orographic,12.4,13.6,17.2,17.7,17.7,8.14,0.3783,0.0383,0.0063
2026-06-10,Lucknow,normal,0.0,0.1,0.6,0.6,0.6,0.65,0.0507,0.0004,0.0
2026-06-10,Patna,normal,0.3,3.8,6.0,6.1,6.1,2.88,0.1522,0.0023,0.0002
2026-06-10,Varanasi,normal,0.6,0.0,0.0,0.0,0.0,0.17,0.047,0.0003,0.0
2026-06-10,Delhi,normal,0.4,0.1,0.6,0.6,0.6,0.65,0.0507,0.0004,0.0
2026-06-10,Kanpur,normal,0.0,0.0,0.0,0.0,0.0,0.17,0.047,0.0003,0.0
2026-06-10,Ranchi,normal,0.4,0.1,0.6,0.6,0.6,0.65,0.0507,0.0004,0.0
2026-06-10,Jodhpur,normal,0.0,0.0,0.0,0.0,0.0,0.12,0.047,0.0003,0.0
2026-06-10,Bikaner,normal,0.0,0.0,0.0,0.0,0.0,0.12,0.047,0.0003,0.0
2026-06-10,Jaisalmer,normal,0.0,0.0,0.0,0.0,0.0,0.12,0.047,0.0003,0.0
2026-06-10,Hyderabad,normal,1.0,3.4,5.5,5.6,5.6,4.33,0.1432,0.002,0.0002
2026-06-10,Bengaluru,normal,2.6,4.8,7.4,7.5,7.5,3.73,0.1734,0.0029,0.0003
2026-06-10,Pune,normal,0.2,0.1,0.6,0.6,0.6,2.1,0.0507,0.0004,0.0
2026-06-10,Kurnool,normal,0.0,0.7,1.7,1.7,1.7,2.38,0.071,0.0006,0.0
2026-06-10,Madurai,normal,0.1,0.1,0.6,0.6,0.6,1.84,0.0507,0.0004,0.0
2026-06-11,Nagpur,normal,0.0,0.5,1.4,1.4,1.4,1.6,0.0645,0.0005,0.0
2026-06-11,Bhopal,normal,0.0,0.0,0.0,0.0,0.0,0.62,0.047,0.0003,0.0
2026-06-11,Raipur,normal,0.1,1.5,3.0,3.2,3.2,2.72,0.095,0.001,0.0001
2026-06-11,Jabalpur,normal,0.0,1.0,2.2,2.3,2.3,3.21,0.0803,0.0008,0.0001
2026-06-11,Akola,normal,0.0,0.0,0.0,0.0,0.0,0.62,0.047,0.0003,0.0
2026-06-11,Amravati,normal,0.0,0.0,0.0,0.0,0.0,0.93,0.047,0.0003,0.0
2026-06-11,Aurangabad,normal,0.0,0.0,0.0,0.0,0.0,0.62,0.047,0.0003,0.0
2026-06-11,Bhubaneswar,normal,13.6,0.0,0.0,0.0,0.0,0.62,0.047,0.0003,0.0
2026-06-11,Mumbai,coastal,1.6,1.1,2.4,3.9,3.9,3.42,0.1338,0.0022,0.0001
2026-06-11,Thiruvananthapuram,coastal,27.9,1.7,3.2,5.1,5.1,4.24,0.1597,0.0029,0.0001
2026-06-11,Kochi,coastal,10.3,2.2,3.9,6.1,6.1,5.92,0.1793,0.0036,0.0001
2026-06-11,Mangaluru,coastal,10.0,9.5,12.7,15.18,15.18,11.66,0.3676,0.0153,0.0007
2026-06-11,Panaji,coastal,4.0,13.0,16.47,18.8,18.8,12.24,0.4242,0.0216,0.001
2026-06-11,Chennai,coastal,4.0,0.6,1.6,2.72,2.72,2.9,0.1099,0.0015,0.0
2026-06-11,Visakhapatnam,coastal,0.6,0.0,0.0,0.0,0.0,1.55,0.0774,0.0009,0.0
2026-06-11,Puri,coastal,5.6,0.0,0.0,0.0,0.0,1.15,0.0774,0.0009,0.0
2026-06-11,Kolkata,coastal,16.4,4.2,6.6,9.4,9.4,4.97,0.2458,0.0065,0.0002
2026-06-11,Surat,coastal,0.7,0.2,0.8,1.7,1.7,2.19,0.0888,0.0011,0.0
2026-06-11,Mahabaleshwar,orographic,3.1,1.9,3.5,2.1,2.1,4.72,0.1386,0.0055,0.0006
2026-06-11,Munnar,orographic,9.6,3.0,5.0,3.5,3.5,5.32,0.1733,0.0081,0.0009
2026-06-11,Madikeri,orographic,15.5,7.5,10.5,9.5,9.5,13.82,0.2805,0.0201,0.0028
2026-06-11,Ooty,orographic,3.8,4.4,6.9,5.3,5.3,9.39,0.2116,0.0116,0.0015
2026-06-11,Lonavala,orographic,2.5,3.1,5.1,3.6,3.6,5.62,0.1762,0.0083,0.001
2026-06-11,Wayanad,orographic,8.2,0.9,2.0,1.0,1.0,3.99,0.102,0.0033,0.0003
2026-06-11,Shimla,orographic,5.3,3.4,5.5,4.0,4.0,2.08,0.1848,0.0091,0.0011
2026-06-11,Dehradun,orographic,5.6,4.4,6.9,5.3,5.3,2.34,0.2116,0.0116,0.0015
2026-06-11,Srinagar,orographic,4.1,0.3,1.0,0.3,0.3,0.72,0.0767,0.002,0.0002
2026-06-11,Gangtok,orographic,5.6,5.4,8.1,6.7,6.7,5.46,0.2358,0.0143,0.0019
2026-06-11,Guwahati,orographic,10.5,11.5,15.0,14.9,14.9,7.81,0.3488,0.0319,0.005
2026-06-11,Cherrapunji,orographic,4.1,37.1,43.75,57.15,57.15,13.55,0.5728,0.1142,0.0253
2026-06-11,Imphal,orographic,12.9,7.6,10.6,9.7,9.7,6.48,0.2824,0.0204,0.0029
2026-06-11,Agartala,orographic,5.0,50.0,59.3,80.26,80.26,18.07,0.6302,0.1557,0.0383
2026-06-11,Lucknow,normal,0.7,0.0,0.0,0.0,0.0,0.35,0.047,0.0003,0.0
2026-06-11,Patna,normal,0.5,1.0,2.2,2.3,2.3,2.22,0.0803,0.0008,0.0001
2026-06-11,Varanasi,normal,0.0,1.5,3.0,3.1,3.1,1.61,0.095,0.001,0.0001
2026-06-11,Delhi,normal,0.2,4.0,6.3,6.39,6.39,2.8,0.1566,0.0024,0.0002
2026-06-11,Kanpur,normal,0.2,0.5,1.4,1.4,1.4,0.87,0.0645,0.0005,0.0
2026-06-11,Ranchi,normal,0.2,0.0,0.0,0.0,0.0,0.35,0.047,0.0003,0.0
2026-06-11,Jodhpur,normal,0.0,0.0,0.0,0.0,0.0,0.0,0.047,0.0003,0.0
2026-06-11,Bikaner,normal,0.0,0.0,0.0,0.0,0.0,0.0,0.047,0.0003,0.0
2026-06-11,Jaisalmer,normal,0.0,0.0,0.0,0.0,0.0,0.0,0.047,0.0003,0.0
2026-06-11,Hyderabad,normal,0.0,2.2,3.9,4.2,4.2,3.76,0.1139,0.0014,0.0001
2026-06-11,Bengaluru,normal,0.6,0.8,1.9,2.0,2.0,3.39,0.0741,0.0007,0.0
2026-06-11,Pune,normal,0.0,0.0,0.0,0.0,0.0,0.86,0.047,0.0003,0.0
2026-06-11,Kurnool,normal,0.0,4.3,6.7,6.9,6.9,3.6,0.1631,0.0026,0.0002
2026-06-11,Madurai,normal,3.0,0.2,0.8,0.8,0.8,1.73,0.0542,0.0004,0.0
2026-06-12,Nagpur,normal,1.9,4.5,7.0,7.1,7.1,4.59,0.1673,0.0027,0.0002
2026-06-12,Bhopal,normal,3.1,0.0,0.0,0.0,0.0,0.81,0.047,0.0003,0.0
2026-06-12,Raipur,normal,1.4,0.5,1.4,1.4,1.4,2.89,0.0645,0.0005,0.0
2026-06-12,Jabalpur,normal,1.6,3.2,5.3,5.3,5.3,4.12,0.1386,0.0019,0.0002
2026-06-12,Akola,normal,0.1,0.0,0.0,0.0,0.0,0.81,0.047,0.0003,0.0
2026-06-12,Amravati,normal,0.1,1.5,3.0,3.1,3.1,2.97,0.095,0.001,0.0001
2026-06-12,Aurangabad,normal,1.0,0.1,0.6,0.6,0.6,1.59,0.0507,0.0004,0.0
2026-06-12,Bhubaneswar,normal,12.8,0.0,0.0,0.0,0.0,0.81,0.047,0.0003,0.0
2026-06-12,Mumbai,coastal,1.1,0.8,1.9,3.1,3.1,3.67,0.1198,0.0018,0.0001
2026-06-12,Thiruvananthapuram,coastal,18.5,0.2,0.8,1.7,1.7,3.06,0.0888,0.0011,0.0
2026-06-12,Kochi,coastal,8.7,8.0,11.1,13.68,13.68,9.44,0.3386,0.0127,0.0005
2026-06-12,Mangaluru,coastal,14.8,4.5,7.0,9.7,9.7,8.54,0.2545,0.007,0.0003
2026-06-12,Panaji,coastal,1.8,2.4,4.3,6.5,6.5,6.68,0.1868,0.0039,0.0001
2026-06-12,Chennai,coastal,3.3,4.7,7.2,10.0,10.0,6.34,0.2601,0.0073,0.0003
2026-06-12,Visakhapatnam,coastal,20.4,5.7,8.4,10.9,10.9,7.41,0.2865,0.0089,0.0004
2026-06-12,Puri,coastal,3.8,0.0,0.0,0.0,0.0,1.45,0.0774,0.0009,0.0
2026-06-12,Kolkata,coastal,1.3,78.1,84.5,100.9,100.9,25.45,0.754,0.1558,0.0131
2026-06-12,Surat,coastal,0.3,0.0,0.0,0.0,0.0,1.58,0.0774,0.0009,0.0
2026-06-12,Mahabaleshwar,orographic,9.2,0.2,0.8,0.2,0.2,3.37,0.0722,0.0019,0.0002
2026-06-12,Munnar,orographic,7.7,4.2,6.6,5.0,5.0,8.42,0.2064,0.0111,0.0014
2026-06-12,Madikeri,orographic,6.7,2.1,3.8,2.4,2.4,8.76,0.1452,0.0059,0.0006
2026-06-12,Ooty,orographic,15.8,9.3,12.5,11.8,11.8,17.49,0.3135,0.0253,0.0038
2026-06-12,Lonavala,orographic,3.8,0.7,1.8,0.8,0.8,4.12,0.0939,0.0028,0.0003
2026-06-12,Wayanad,orographic,3.1,3.2,5.3,3.7,3.7,5.85,0.1791,0.0086,0.001
2026-06-12,Shimla,orographic,8.2,0.8,1.8,0.88,0.88,1.31,0.098,0.0031,0.0003
2026-06-12,Dehradun,orographic,17.6,1.3,2.7,1.4,1.4,2.0,0.1173,0.0041,0.0004
2026-06-12,Srinagar,orographic,0.4,10.8,14.2,14.0,14.0,3.57,0.3381,0.0297,0.0046
2026-06-12,Gangtok,orographic,6.6,9.9,13.2,12.83,12.83,5.93,0.3236,0.0271,0.0041
2026-06-12,Guwahati,orographic,1.6,12.5,15.9,16.1,16.1,8.35,0.3633,0.0349,0.0056
2026-06-12,Cherrapunji,orographic,13.4,34.9,40.81,54.21,54.21,14.07,0.5607,0.1071,0.0232
2026-06-12,Imphal,orographic,22.3,6.2,9.0,7.9,7.9,7.36,0.2538,0.0165,0.0022
2026-06-12,Agartala,orographic,11.7,21.0,24.9,29.01,29.01,11.36,0.4603,0.0617,0.0114
2026-06-12,Lucknow,normal,9.0,1.4,2.8,2.9,2.9,1.47,0.0921,0.001,0.0001
2026-06-12,Patna,normal,0.0,1.1,2.4,2.5,2.5,1.98,0.0833,0.0008,0.0001
2026-06-12,Varanasi,normal,1.1,0.0,0.0,0.0,0.0,0.77,0.047,0.0003,0.0
2026-06-12,Delhi,normal,8.1,2.9,4.9,5.0,5.0,3.21,0.1314,0.0018,0.0001
2026-06-12,Kanpur,normal,0.6,2.7,4.6,4.8,4.8,2.49,0.1266,0.0016,0.0001
2026-06-12,Ranchi,normal,0.3,0.4,1.1,1.1,1.1,0.74,0.0611,0.0005,0.0
2026-06-12,Jodhpur,normal,0.0,0.0,0.0,0.0,0.0,0.0,0.047,0.0003,0.0
2026-06-12,Bikaner,normal,0.0,0.0,0.0,0.0,0.0,0.0,0.047,0.0003,0.0
2026-06-12,Jaisalmer,normal,0.0,0.0,0.0,0.0,0.0,0.0,0.047,0.0003,0.0
2026-06-12,Hyderabad,normal,0.0,0.7,1.8,1.8,1.8,3.05,0.071,0.0006,0.0
2026-06-12,Bengaluru,normal,4.1,3.0,5.0,5.2,5.2,3.94,0.1338,0.0018,0.0002
2026-06-12,Pune,normal,0.8,0.0,0.0,0.0,0.0,0.76,0.047,0.0003,0.0
2026-06-12,Kurnool,normal,0.0,4.5,7.0,7.1,7.1,5.05,0.1673,0.0027,0.0002
2026-06-12,Madurai,normal,0.0,0.1,0.6,0.6,0.6,2.17,0.0507,0.0004,0.0
2026-06-13,Nagpur,normal,5.8,0.2,0.8,0.8,0.8,2.58,0.0542,0.0004,0.0
2026-06-13,Bhopal,normal,7.2,0.0,0.0,0.0,0.0,0.62,0.047,0.0003,0.0
2026-06-13,Raipur,normal,0.5,2.0,3.6,3.8,3.8,2.93,0.1087,0.0013,0.0001
2026-06-13,Jabalpur,normal,13.2,1.1,2.4,2.5,2.5,3.21,0.0833,0.0008,0.0001
2026-06-13,Akola,normal,4.3,0.0,0.0,0.0,0.0,0.62,0.047,0.0003,0.0
2026-06-13,Amravati,normal,1.3,0.0,0.0,0.0,0.0,1.35,0.047,0.0003,0.0
2026-06-13,Aurangabad,normal,0.4,0.0,0.0,0.0,0.0,0.89,0.047,0.0003,0.0
2026-06-13,Bhubaneswar,normal,3.8,0.0,0.0,0.0,0.0,0.62,0.047,0.0003,0.0
2026-06-13,Mumbai,coastal,1.2,0.8,1.9,3.1,3.1,3.11,0.1198,0.0018,0.0001
2026-06-13,Thiruvananthapuram,coastal,10.4,2.2,3.9,6.1,6.1,4.09,0.1793,0.0036,0.0001
2026-06-13,Kochi,coastal,8.8,4.6,7.1,9.9,9.9,7.62,0.2573,0.0071,0.0003
2026-06-13,Mangaluru,coastal,6.7,8.1,11.2,13.8,13.8,9.83,0.3407,0.0129,0.0006
2026-06-13,Panaji,coastal,4.8,1.8,3.4,5.2,5.2,4.44,0.1637,0.0031,0.0001
2026-06-13,Chennai,coastal,1.4,2.5,4.3,6.7,6.7,5.79,0.1905,0.004,0.0001
2026-06-13,Visakhapatnam,coastal,0.3,6.4,9.2,11.6,11.6,10.11,0.3035,0.01,0.0004
2026-06-13,Puri,coastal,2.9,0.0,0.0,0.0,0.0,1.15,0.0774,0.0009,0.0
2026-06-13,Kolkata,coastal,1.5,0.0,0.0,0.0,0.0,2.55,0.0774,0.0009,0.0
2026-06-13,Surat,coastal,0.7,0.0,0.0,0.0,0.0,1.15,0.0774,0.0009,0.0
2026-06-13,Mahabaleshwar,orographic,5.9,0.5,1.4,0.5,0.5,2.92,0.0855,0.0024,0.0002
2026-06-13,Munnar,orographic,5.2,0.6,1.5,0.6,0.6,3.54,0.0897,0.0026,0.0002
2026-06-13,Madikeri,orographic,3.5,3.1,5.1,3.6,3.6,5.32,0.1762,0.0083,0.001
2026-06-13,Ooty,orographic,3.2,4.9,7.5,5.9,5.9,11.98,0.224,0.0129,0.0017
2026-06-13,Lonavala,orographic,7.9,1.1,2.4,1.2,1.2,3.49,0.1098,0.0037,0.0004
2026-06-13,Wayanad,orographic,4.5,5.0,7.6,6.1,6.1,8.97,0.2264,0.0132,0.0017
2026-06-13,Shimla,orographic,4.2,2.1,3.8,2.4,2.4,1.96,0.1452,0.0059,0.0006
2026-06-13,Dehradun,orographic,3.4,0.0,0.0,0.0,0.0,0.45,0.0627,0.0015,0.0001
2026-06-13,Srinagar,orographic,6.8,4.1,6.4,4.9,4.9,4.04,0.2038,0.0108,0.0013
2026-06-13,Gangtok,orographic,9.8,8.2,11.4,10.5,10.5,5.46,0.2938,0.0221,0.0032
2026-06-13,Guwahati,orographic,14.6,14.4,18.1,18.87,18.87,8.2,0.3887,0.0408,0.0068
2026-06-13,Cherrapunji,orographic,15.3,15.8,19.3,20.6,20.6,9.01,0.4059,0.0451,0.0077
2026-06-13,Imphal,orographic,13.6,11.8,15.2,15.2,15.2,7.5,0.3532,0.0328,0.0052
2026-06-13,Agartala,orographic,3.6,21.6,25.4,29.86,29.86,9.13,0.4658,0.0637,0.0119
2026-06-13,Lucknow,normal,23.4,2.1,3.8,4.0,4.0,2.68,0.1113,0.0013,0.0001
2026-06-13,Patna,normal,1.8,0.0,0.0,0.0,0.0,0.59,0.047,0.0003,0.0
2026-06-13,Varanasi,normal,2.6,0.8,1.8,1.9,1.9,1.08,0.0741,0.0007,0.0
2026-06-13,Delhi,normal,0.7,2.0,3.6,3.8,3.8,2.74,0.1087,0.0013,0.0001
2026-06-13,Kanpur,normal,11.6,0.0,0.0,0.0,0.0,0.79,0.047,0.0003,0.0
2026-06-13,Ranchi,normal,1.1,0.0,0.0,0.0,0.0,0.44,0.047,0.0003,0.0
2026-06-13,Jodhpur,normal,0.3,0.0,0.0,0.0,0.0,0.0,0.047,0.0003,0.0
2026-06-13,Bikaner,normal,0.8,0.0,0.0,0.0,0.0,0.0,0.047,0.0003,0.0
2026-06-13,Jaisalmer,normal,0.2,0.0,0.0,0.0,0.0,0.0,0.047,0.0003,0.0
2026-06-13,Hyderabad,normal,2.8,0.9,2.0,2.2,2.2,2.72,0.0773,0.0007,0.0001
2026-06-13,Bengaluru,normal,15.0,12.2,15.6,15.2,15.2,6.12,0.2923,0.0078,0.0009
2026-06-13,Pune,normal,1.2,0.0,0.0,0.0,0.0,0.57,0.047,0.0003,0.0
2026-06-13,Kurnool,normal,0.0,34.1,39.7,36.5,36.5,8.78,0.4802,0.0253,0.0037
2026-06-13,Madurai,normal,2.3,0.0,0.0,0.0,0.0,0.86,0.047,0.0003,0.0
2026-06-14,Nagpur,normal,1.5,0.0,0.0,0.0,0.0,1.16,0.047,0.0003,0.0
2026-06-14,Bhopal,normal,6.2,0.0,0.0,0.0,0.0,0.81,0.047,0.0003,0.0
2026-06-14,Raipur,normal,1.7,0.4,1.2,1.2,1.2,2.56,0.0611,0.0005,0.0
2026-06-14,Jabalpur,normal,0.4,0.0,0.0,0.0,0.0,1.43,0.047,0.0003,0.0
2026-06-14,Akola,normal,1.4,0.0,0.0,0.0,0.0,0.81,0.047,0.0003,0.0
2026-06-14,Amravati,normal,8.7,0.0,0.0,0.0,0.0,0.81,0.047,0.0003,0.0
2026-06-14,Aurangabad,normal,0.0,0.0,0.0,0.0,0.0,0.81,0.047,0.0003,0.0
2026-06-14,Bhubaneswar,normal,26.4,9.0,12.2,12.1,12.1,5.93,0.2473,0.0055,0.0006
2026-06-14,Mumbai,coastal,2.8,0.0,0.0,0.0,0.0,1.9,0.0774,0.0009,0.0
2026-06-14,Thiruvananthapuram,coastal,4.2,1.1,2.4,3.9,3.9,4.2,0.1338,0.0022,0.0001
2026-06-14,Kochi,coastal,4.8,8.9,12.1,14.6,14.6,11.1,0.3564,0.0143,0.0006
2026-06-14,Mangaluru,coastal,2.8,9.6,12.8,15.3,15.3,12.8,0.3694,0.0155,0.0007
2026-06-14,Panaji,coastal,6.2,1.0,2.2,3.6,3.6,4.2,0.1292,0.002,0.0001
2026-06-14,Chennai,coastal,0.4,6.5,9.3,11.7,11.7,9.93,0.3059,0.0102,0.0004
2026-06-14,Visakhapatnam,coastal,2.3,0.0,0.0,0.0,0.0,2.67,0.0774,0.0009,0.0
2026-06-14,Puri,coastal,1.2,0.0,0.0,0.0,0.0,1.45,0.0774,0.0009,0.0
2026-06-14,Kolkata,coastal,1.9,0.1,0.6,1.3,1.3,2.39,0.0832,0.001,0.0
2026-06-14,Surat,coastal,1.9,0.0,0.0,0.0,0.0,1.45,0.0774,0.0009,0.0
2026-06-14,Mahabaleshwar,orographic,8.7,0.5,1.4,0.5,0.5,3.45,0.0855,0.0024,0.0002
2026-06-14,Munnar,orographic,2.7,6.9,9.9,8.8,8.8,9.13,0.2685,0.0184,0.0026
2026-06-14,Madikeri,orographic,3.4,7.4,10.4,9.5,9.5,11.94,0.2785,0.0198,0.0028
2026-06-14,Ooty,orographic,0.6,3.7,5.9,4.3,4.3,10.14,0.1931,0.0098,0.0012
2026-06-14,Lonavala,orographic,8.7,0.9,2.0,1.0,1.0,4.41,0.102,0.0033,0.0003
2026-06-14,Wayanad,orographic,1.5,1.9,3.5,2.1,2.1,7.96,0.1386,0.0055,0.0006
2026-06-14,Shimla,orographic,1.6,0.0,0.0,0.0,0.0,0.44,0.0627,0.0015,0.0001
2026-06-14,Dehradun,orographic,0.4,0.0,0.0,0.0,0.0,0.0,0.0627,0.0015,0.0001
2026-06-14,Srinagar,orographic,0.2,0.2,0.8,0.2,0.2,1.03,0.0722,0.0019,0.0002
2026-06-14,Gangtok,orographic,13.7,14.0,17.6,18.2,18.2,6.2,0.3836,0.0395,0.0065
2026-06-14,Guwahati,orographic,5.9,14.2,17.9,18.7,18.7,8.83,0.3862,0.0401,0.0067
2026-06-14,Cherrapunji,orographic,7.7,10.1,13.4,13.08,13.08,8.12,0.3269,0.0277,0.0042
2026-06-14,Imphal,orographic,0.3,6.5,9.3,8.2,8.2,7.25,0.2602,0.0173,0.0024
2026-06-14,Agartala,orographic,5.6,16.0,19.5,21.0,21.0,9.31,0.4082,0.0458,0.0079
2026-06-14,Lucknow,normal,0.0,0.8,1.9,2.0,2.0,1.89,0.0741,0.0007,0.0
2026-06-14,Patna,normal,0.7,0.6,1.5,1.5,1.5,0.93,0.0677,0.0006,0.0
2026-06-14,Varanasi,normal,0.0,0.0,0.0,0.0,0.0,0.64,0.047,0.0003,0.0
2026-06-14,Delhi,normal,0.5,4.1,6.4,6.6,6.6,3.55,0.1588,0.0024,0.0002
2026-06-14,Kanpur,normal,0.0,0.8,1.9,2.0,2.0,1.14,0.0741,0.0007,0.0
2026-06-14,Ranchi,normal,0.3,0.0,0.0,0.0,0.0,0.18,0.047,0.0003,0.0
2026-06-14,Jodhpur,normal,0.2,0.0,0.0,0.0,0.0,0.0,0.047,0.0003,0.0
2026-06-14,Bikaner,normal,0.1,0.5,1.4,1.4,1.4,0.6,0.0645,0.0005,0.0
2026-06-14,Jaisalmer,normal,0.0,0.0,0.0,0.0,0.0,0.0,0.047,0.0003,0.0
2026-06-14,Hyderabad,normal,0.7,0.0,0.0,0.0,0.0,1.45,0.047,0.0003,0.0
2026-06-14,Bengaluru,normal,4.9,9.4,12.6,12.5,12.5,7.34,0.2534,0.0058,0.0006
2026-06-14,Pune,normal,2.1,0.0,0.0,0.0,0.0,0.76,0.047,0.0003,0.0
2026-06-14,Kurnool,normal,0.0,0.0,0.0,0.0,0.0,2.14,0.047,0.0003,0.0
2026-06-14,Madurai,normal,0.9,0.8,1.9,2.0,2.0,2.18,0.0741,0.0007,0.0
2026-06-15,Nagpur,normal,0.3,0.0,0.0,0.0,0.0,0.62,0.047,0.0003,0.0
2026-06-15,Bhopal,normal,7.0,0.0,0.0,0.0,0.0,0.62,0.047,0.0003,0.0
2026-06-15,Raipur,normal,2.0,0.2,0.8,0.8,0.8,1.8,0.0542,0.0004,0.0
2026-06-15,Jabalpur,normal,0.0,0.4,1.2,1.2,1.2,1.38,0.0611,0.0005,0.0
2026-06-15,Akola,normal,0.0,0.0,0.0,0.0,0.0,0.62,0.047,0.0003,0.0
2026-06-15,Amravati,normal,1.2,0.0,0.0,0.0,0.0,0.62,0.047,0.0003,0.0
2026-06-15,Aurangabad,normal,0.1,0.0,0.0,0.0,0.0,0.62,0.047,0.0003,0.0
2026-06-15,Bhubaneswar,normal,9.6,0.0,0.0,0.0,0.0,1.83,0.047,0.0003,0.0
2026-06-15,Mumbai,coastal,2.3,0.3,1.0,2.0,2.0,2.06,0.0943,0.0012,0.0
2026-06-15,Thiruvananthapuram,coastal,3.0,0.2,0.8,1.7,1.7,2.52,0.0888,0.0011,0.0
2026-06-15,Kochi,coastal,5.2,10.9,14.3,16.5,16.5,11.51,0.3919,0.0178,0.0008
2026-06-15,Mangaluru,coastal,3.6,5.8,8.5,10.98,10.98,10.2,0.289,0.009,0.0004
2026-06-15,Panaji,coastal,2.7,1.5,3.0,4.6,4.6,3.81,0.1514,0.0027,0.0001
2026-06-15,Chennai,coastal,1.7,25.4,29.86,34.6,34.6,14.18,0.5539,0.0459,0.0026
2026-06-15,Visakhapatnam,coastal,3.5,0.0,0.0,0.0,0.0,1.15,0.0774,0.0009,0.0
2026-06-15,Puri,coastal,14.0,0.0,0.0,0.0,0.0,1.15,0.0774,0.0009,0.0
2026-06-15,Kolkata,coastal,15.1,0.2,0.8,1.7,1.7,2.15,0.0888,0.0011,0.0
2026-06-15,Surat,coastal,2.4,0.0,0.0,0.0,0.0,1.15,0.0774,0.0009,0.0
2026-06-15,Mahabaleshwar,orographic,4.9,0.7,1.8,0.8,0.8,2.97,0.0939,0.0028,0.0003
2026-06-15,Munnar,orographic,2.4,7.9,10.9,10.1,10.1,13.77,0.2882,0.0212,0.003
2026-06-15,Madikeri,orographic,2.8,3.9,6.2,4.6,4.6,9.24,0.1985,0.0103,0.0013
2026-06-15,Ooty,orographic,0.1,9.9,13.2,12.83,12.83,12.52,0.3236,0.0271,0.0041
2026-06-15,Lonavala,orographic,5.2,1.7,3.2,1.9,1.9,4.64,0.1317,0.005,0.0005
2026-06-15,Wayanad,orographic,0.2,12.4,15.8,15.9,15.9,12.07,0.3619,0.0346,0.0055
2026-06-15,Shimla,orographic,4.6,4.9,7.5,5.9,5.9,2.52,0.224,0.0129,0.0017
2026-06-15,Dehradun,orographic,2.2,0.0,0.0,0.0,0.0,0.15,0.0627,0.0015,0.0001
2026-06-15,Srinagar,orographic,1.2,1.8,3.3,1.9,1.9,1.51,0.1351,0.0052,0.0006
2026-06-15,Gangtok,orographic,11.5,6.4,9.2,8.1,8.1,5.67,0.2581,0.017,0.0023
2026-06-15,Guwahati,orographic,11.8,17.3,21.1,23.3,23.3,8.67,0.423,0.0499,0.0087
2026-06-15,Cherrapunji,orographic,3.4,8.9,12.1,11.4,11.4,6.54,0.3065,0.0241,0.0036
2026-06-15,Imphal,orographic,0.9,5.3,8.0,6.5,6.5,6.35,0.2335,0.014,0.0018
2026-06-15,Agartala,orographic,0.4,8.3,11.5,10.5,10.5,6.66,0.2957,0.0224,0.0033
2026-06-15,Lucknow,normal,0.0,0.0,0.0,0.0,0.0,0.59,0.047,0.0003,0.0
2026-06-15,Patna,normal,0.0,0.0,0.0,0.0,0.0,0.44,0.047,0.0003,0.0
2026-06-15,Varanasi,normal,0.0,0.2,0.8,0.8,0.8,0.61,0.0542,0.0004,0.0
2026-06-15,Delhi,normal,1.3,1.4,2.8,2.9,2.9,2.22,0.0921,0.001,0.0001
2026-06-15,Kanpur,normal,0.1,0.0,0.0,0.0,0.0,0.59,0.047,0.0003,0.0
2026-06-15,Ranchi,normal,0.2,0.0,0.0,0.0,0.0,0.14,0.047,0.0003,0.0
2026-06-15,Jodhpur,normal,0.5,0.0,0.0,0.0,0.0,0.0,0.047,0.0003,0.0
2026-06-15,Bikaner,normal,0.1,0.0,0.0,0.0,0.0,0.29,0.047,0.0003,0.0
2026-06-15,Jaisalmer,normal,0.0,0.0,0.0,0.0,0.0,0.0,0.047,0.0003,0.0
2026-06-15,Hyderabad,normal,0.0,0.2,0.8,0.8,0.8,1.28,0.0542,0.0004,0.0
2026-06-15,Bengaluru,normal,0.0,3.8,6.0,6.1,6.1,4.73,0.1522,0.0023,0.0002
2026-06-15,Pune,normal,1.7,0.0,0.0,0.0,0.0,0.57,0.047,0.0003,0.0
2026-06-15,Kurnool,normal,0.0,0.0,0.0,0.0,0.0,0.57,0.047,0.0003,0.0
2026-06-15,Madurai,normal,0.6,3.1,5.1,5.24,5.24,3.41,0.1362,0.0019,0.0002
2026-06-16,Nagpur,normal,2.1,1.5,3.0,3.1,3.1,2.97,0.095,0.001,0.0001
2026-06-16,Bhopal,normal,7.3,0.1,0.6,0.6,0.6,1.58,0.0507,0.0004,0.0
2026-06-16,Raipur,normal,2.9,1.0,2.2,2.3,2.3,3.01,0.0803,0.0008,0.0001
2026-06-16,Jabalpur,normal,2.2,1.5,3.0,3.1,3.1,3.25,0.095,0.001,0.0001
2026-06-16,Akola,normal,0.3,0.0,0.0,0.0,0.0,0.81,0.047,0.0003,0.0
2026-06-16,Amravati,normal,4.9,0.7,1.7,1.7,1.7,1.99,0.071,0.0006,0.0
2026-06-16,Aurangabad,normal,0.1,0.0,0.0,0.0,0.0,0.81,0.047,0.0003,0.0
2026-06-16,Bhubaneswar,normal,1.4,0.0,0.0,0.0,0.0,0.81,0.047,0.0003,0.0
2026-06-16,Mumbai,coastal,0.9,0.6,1.6,2.72,2.72,3.02,0.1099,0.0015,0.0
2026-06-16,Thiruvananthapuram,coastal,8.2,0.9,2.0,3.2,3.2,3.33,0.1246,0.0019,0.0001
2026-06-16,Kochi,coastal,10.3,6.2,9.0,11.4,11.4,11.26,0.2988,0.0097,0.0004
2026-06-16,Mangaluru,coastal,3.2,1.5,3.0,4.6,4.6,5.66,0.1514,0.0027,0.0001
2026-06-16,Panaji,coastal,1.4,0.4,1.2,2.27,2.27,3.05,0.0996,0.0013,0.0
2026-06-16,Chennai,coastal,1.0,2.4,4.2,6.4,6.4,6.65,0.1868,0.0039,0.0001
2026-06-16,Visakhapatnam,coastal,0.2,5.0,7.6,10.4,10.4,6.37,0.2683,0.0078,0.0003
2026-06-16,Puri,coastal,0.1,0.0,0.0,0.0,0.0,1.41,0.0774,0.0009,0.0
2026-06-16,Kolkata,coastal,4.1,0.0,0.0,0.0,0.0,1.53,0.0774,0.0009,0.0
2026-06-16,Surat,coastal,3.5,0.0,0.0,0.0,0.0,1.41,0.0774,0.0009,0.0
2026-06-16,Mahabaleshwar,orographic,1.5,0.0,0.0,0.0,0.0,1.9,0.0627,0.0015,0.0001
2026-06-16,Munnar,orographic,4.0,7.7,10.7,9.8,9.8,15.36,0.2844,0.0207,0.0029
2026-06-16,Madikeri,orographic,3.3,1.7,3.2,1.9,1.9,6.02,0.1317,0.005,0.0005
2026-06-16,Ooty,orographic,0.0,8.1,11.2,10.4,10.4,15.36,0.292,0.0218,0.0031
2026-06-16,Lonavala,orographic,1.1,0.8,1.9,0.9,0.9,4.07,0.098,0.0031,0.0003
2026-06-16,Wayanad,orographic,1.3,3.2,5.3,3.7,3.7,8.26,0.1791,0.0086,0.001
2026-06-16,Shimla,orographic,4.3,0.5,1.4,0.5,0.5,1.93,0.0855,0.0024,0.0002
2026-06-16,Dehradun,orographic,0.0,0.0,0.0,0.0,0.0,0.25,0.0627,0.0015,0.0001
2026-06-16,Srinagar,orographic,0.6,6.6,9.4,8.3,8.3,4.45,0.2623,0.0176,0.0024
2026-06-16,Gangtok,orographic,15.1,8.8,12.0,11.24,11.24,5.91,0.3047,0.0238,0.0035
2026-06-16,Guwahati,orographic,16.1,21.8,25.5,29.91,29.91,9.7,0.4676,0.0643,0.012
2026-06-16,Cherrapunji,orographic,3.0,17.8,21.61,23.8,23.8,9.42,0.4284,0.0515,0.0091
2026-06-16,Imphal,orographic,9.1,2.6,4.5,3.0,3.0,5.2,0.1612,0.0071,0.0008
2026-06-16,Agartala,orographic,1.6,4.3,6.7,5.1,5.1,5.82,0.209,0.0114,0.0014
2026-06-16,Lucknow,normal,0.0,0.0,0.0,0.0,0.0,0.26,0.047,0.0003,0.0
2026-06-16,Patna,normal,0.0,1.4,2.8,2.9,2.9,1.65,0.0921,0.001,0.0001
2026-06-16,Varanasi,normal,0.0,0.0,0.0,0.0,0.0,0.54,0.047,0.0003,0.0
2026-06-16,Delhi,normal,0.6,0.0,0.0,0.0,0.0,0.75,0.047,0.0003,0.0
2026-06-16,Kanpur,normal,0.0,0.2,0.8,0.8,0.8,0.78,0.0542,0.0004,0.0
2026-06-16,Ranchi,normal,0.1,0.0,0.0,0.0,0.0,0.26,0.047,0.0003,0.0
2026-06-16,Jodhpur,normal,0.3,0.0,0.0,0.0,0.0,0.2,0.047,0.0003,0.0
2026-06-16,Bikaner,normal,0.0,0.3,1.0,1.0,1.0,0.68,0.0577,0.0005,0.0
2026-06-16,Jaisalmer,normal,0.2,0.0,0.0,0.0,0.0,0.2,0.047,0.0003,0.0
2026-06-16,Hyderabad,normal,0.0,0.4,1.2,1.2,1.2,2.27,0.0611,0.0005,0.0
2026-06-16,Bengaluru,normal,0.4,0.0,0.0,0.0,0.0,1.83,0.047,0.0003,0.0
2026-06-16,Pune,normal,0.6,0.0,0.0,0.0,0.0,0.76,0.047,0.0003,0.0
2026-06-16,Kurnool,normal,0.0,1.3,2.7,2.8,2.8,2.66,0.0892,0.0009,0.0001
2026-06-16,Madurai,normal,0.3,17.3,21.1,20.7,20.7,7.06,0.3508,0.0116,0.0014
2026-06-17,Nagpur,normal,0.9,0.0,0.0,0.0,0.0,1.35,0.047,0.0003,0.0
2026-06-17,Bhopal,normal,1.9,0.0,0.0,0.0,0.0,0.89,0.047,0.0003,0.0
2026-06-17,Raipur,normal,0.4,0.5,1.4,1.4,1.4,2.42,0.0645,0.0005,0.0
2026-06-17,Jabalpur,normal,1.8,2.1,3.8,4.0,4.0,3.63,0.1113,0.0013,0.0001
2026-06-17,Akola,normal,0.0,0.0,0.0,0.0,0.0,0.62,0.047,0.0003,0.0
2026-06-17,Amravati,normal,17.8,0.1,0.6,0.6,0.6,1.91,0.0507,0.0004,0.0
2026-06-17,Aurangabad,normal,0.0,0.0,0.0,0.0,0.0,0.62,0.047,0.0003,0.0
2026-06-17,Bhubaneswar,normal,0.2,0.0,0.0,0.0,0.0,0.62,0.047,0.0003,0.0
2026-06-17,Mumbai,coastal,0.7,0.1,0.6,1.3,1.3,2.26,0.0832,0.001,0.0
2026-06-17,Thiruvananthapuram,coastal,2.2,0.1,0.6,1.3,1.3,2.52,0.0832,0.001,0.0
2026-06-17,Kochi,coastal,5.2,4.2,6.6,9.4,9.4,7.31,0.2458,0.0065,0.0002
2026-06-17,Mangaluru,coastal,3.8,0.9,2.0,3.4,3.4,3.42,0.1246,0.0019,0.0001
2026-06-17,Panaji,coastal,0.7,0.1,0.6,1.3,1.3,2.19,0.0832,0.001,0.0
2026-06-17,Chennai,coastal,0.1,3.1,5.1,7.9,7.9,4.78,0.2114,0.0049,0.0002
2026-06-17,Visakhapatnam,coastal,10.6,2.7,4.6,7.0,7.0,5.87,0.1976,0.0043,0.0001
2026-06-17,Puri,coastal,0.4,0.0,0.0,0.0,0.0,1.15,0.0774,0.0009,0.0
2026-06-17,Kolkata,coastal,1.4,0.0,0.0,0.0,0.0,1.15,0.0774,0.0009,0.0
2026-06-17,Surat,coastal,2.6,0.0,0.0,0.0,0.0,1.15,0.0774,0.0009,0.0
2026-06-17,Mahabaleshwar,orographic,0.9,0.0,0.0,0.0,0.0,1.15,0.0627,0.0015,0.0001
2026-06-17,Munnar,orographic,12.6,9.0,12.2,11.5,11.5,16.75,0.3083,0.0244,0.0036
2026-06-17,Madikeri,orographic,4.7,0.9,2.0,1.0,1.0,3.83,0.102,0.0033,0.0003
2026-06-17,Ooty,orographic,5.3,12.3,15.7,15.8,15.8,16.83,0.3605,0.0343,0.0055
2026-06-17,Lonavala,orographic,2.9,0.1,0.6,0.1,0.1,2.8,0.0675,0.0017,0.0001
2026-06-17,Wayanad,orographic,2.7,4.0,6.3,4.76,4.76,7.35,0.2012,0.0106,0.0013
2026-06-17,Shimla,orographic,4.4,0.7,1.7,0.7,0.7,0.93,0.0939,0.0028,0.0003
2026-06-17,Dehradun,orographic,0.6,0.0,0.0,0.0,0.0,0.15,0.0627,0.0015,0.0001
2026-06-17,Srinagar,orographic,1.9,0.0,0.0,0.0,0.0,0.93,0.0627,0.0015,0.0001
2026-06-17,Gangtok,orographic,10.7,5.1,7.7,6.2,6.2,5.46,0.2288,0.0135,0.0018
2026-06-17,Guwahati,orographic,5.5,10.5,13.9,13.8,13.8,7.6,0.3333,0.0289,0.0044
2026-06-17,Cherrapunji,orographic,19.2,6.9,9.9,8.8,8.8,6.61,0.2685,0.0184,0.0026
2026-06-17,Imphal,orographic,4.2,0.8,1.9,0.9,0.9,2.85,0.098,0.0031,0.0003
2026-06-17,Agartala,orographic,3.6,0.2,0.8,0.2,0.2,2.32,0.0722,0.0019,0.0002
2026-06-17,Lucknow,normal,0.2,0.0,0.0,0.0,0.0,0.14,0.047,0.0003,0.0
2026-06-17,Patna,normal,0.4,0.0,0.0,0.0,0.0,0.59,0.047,0.0003,0.0
2026-06-17,Varanasi,normal,1.3,0.0,0.0,0.0,0.0,0.14,0.047,0.0003,0.0
2026-06-17,Delhi,normal,0.0,1.0,2.2,2.3,2.3,1.4,0.0803,0.0008,0.0001
2026-06-17,Kanpur,normal,0.5,0.0,0.0,0.0,0.0,0.4,0.047,0.0003,0.0
2026-06-17,Ranchi,normal,0.1,0.1,0.6,0.6,0.6,0.61,0.0507,0.0004,0.0
2026-06-17,Jodhpur,normal,0.5,0.0,0.0,0.0,0.0,0.0,0.047,0.0003,0.0
2026-06-17,Bikaner,normal,0.1,0.1,0.6,0.6,0.6,0.75,0.0507,0.0004,0.0
2026-06-17,Jaisalmer,normal,0.0,0.0,0.0,0.0,0.0,0.0,0.047,0.0003,0.0
2026-06-17,Hyderabad,normal,1.2,0.6,1.6,1.6,1.6,2.24,0.0677,0.0006,0.0
2026-06-17,Bengaluru,normal,1.7,0.0,0.0,0.0,0.0,0.57,0.047,0.0003,0.0
2026-06-17,Pune,normal,2.8,0.0,0.0,0.0,0.0,0.57,0.047,0.0003,0.0
2026-06-17,Kurnool,normal,0.1,0.0,0.0,0.0,0.0,1.19,0.047,0.0003,0.0
2026-06-17,Madurai,normal,1.9,23.8,27.8,26.6,26.6,7.41,0.4097,0.0167,0.0022
2026-06-18,Nagpur,normal,2.4,0.0,0.0,0.0,0.0,0.62,0.047,0.0003,0.0
2026-06-18,Bhopal,normal,0.2,0.0,0.0,0.0,0.0,0.62,0.047,0.0003,0.0
2026-06-18,Raipur,normal,0.7,0.0,0.0,0.0,0.0,0.97,0.047,0.0003,0.0
2026-06-18,Jabalpur,normal,1.9,0.6,1.6,1.6,1.6,2.47,0.0677,0.0006,0.0
2026-06-18,Akola,normal,0.0,0.0,0.0,0.0,0.0,0.62,0.047,0.0003,0.0
2026-06-18,Amravati,normal,1.2,0.0,0.0,0.0,0.0,0.89,0.047,0.0003,0.0
2026-06-18,Aurangabad,normal,0.0,0.0,0.0,0.0,0.0,0.62,0.047,0.0003,0.0
2026-06-18,Bhubaneswar,normal,2.7,0.0,0.0,0.0,0.0,0.62,0.047,0.0003,0.0
2026-06-18,Mumbai,coastal,0.5,0.2,0.8,1.7,1.7,2.15,0.0888,0.0011,0.0
2026-06-18,Thiruvananthapuram,coastal,8.1,1.3,2.7,4.21,4.21,2.98,0.1427,0.0024,0.0001
2026-06-18,Kochi,coastal,5.9,4.7,7.2,10.0,10.0,6.56,0.2601,0.0073,0.0003
2026-06-18,Mangaluru,coastal,0.9,0.6,1.6,2.72,2.72,2.9,0.1099,0.0015,0.0
2026-06-18,Panaji,coastal,0.3,0.1,0.6,1.3,1.3,2.15,0.0832,0.001,0.0
2026-06-18,Chennai,coastal,4.6,1.0,2.2,3.6,3.6,3.71,0.1292,0.002,0.0001
2026-06-18,Visakhapatnam,coastal,5.6,0.0,0.0,0.0,0.0,1.83,0.0774,0.0009,0.0
2026-06-18,Puri,coastal,0.2,0.0,0.0,0.0,0.0,1.15,0.0774,0.0009,0.0
2026-06-18,Kolkata,coastal,4.4,0.0,0.0,0.0,0.0,1.15,0.0774,0.0009,0.0
2026-06-18,Surat,coastal,3.5,0.0,0.0,0.0,0.0,1.15,0.0774,0.0009,0.0
2026-06-18,Mahabaleshwar,orographic,0.8,0.0,0.0,0.0,0.0,1.15,0.0627,0.0015,0.0001
2026-06-18,Munnar,orographic,8.0,8.1,11.2,10.4,10.4,13.94,0.292,0.0218,0.0031
2026-06-18,Madikeri,orographic,14.9,0.0,0.0,0.0,0.0,1.76,0.0627,0.0015,0.0001
2026-06-18,Ooty,orographic,25.9,17.7,21.5,23.7,23.7,19.13,0.4273,0.0512,0.009
2026-06-18,Lonavala,orographic,1.2,0.3,1.0,0.3,0.3,2.47,0.0767,0.002,0.0002
2026-06-18,Wayanad,orographic,6.4,3.5,5.6,4.1,4.1,6.87,0.1876,0.0093,0.0011
2026-06-18,Shimla,orographic,4.0,0.7,1.7,0.7,0.7,0.97,0.0939,0.0028,0.0003
2026-06-18,Dehradun,orographic,1.2,0.0,0.0,0.0,0.0,0.15,0.0627,0.0015,0.0001
2026-06-18,Srinagar,orographic,2.6,0.1,0.6,0.1,0.1,0.54,0.0675,0.0017,0.0001
2026-06-18,Gangtok,orographic,13.9,8.6,11.8,10.9,10.9,5.37,0.3012,0.0233,0.0034
2026-06-18,Guwahati,orographic,18.0,13.0,16.47,17.02,17.02,7.7,0.3702,0.0364,0.0059
2026-06-18,Cherrapunji,orographic,3.0,7.6,10.6,9.7,9.7,6.46,0.2824,0.0204,0.0029
2026-06-18,Imphal,orographic,0.4,0.1,0.6,0.1,0.1,1.93,0.0675,0.0017,0.0001
2026-06-18,Agartala,orographic,4.2,7.8,10.9,10.0,10.0,3.74,0.2863,0.021,0.003
2026-06-18,Lucknow,normal,0.7,0.0,0.0,0.0,0.0,0.14,0.047,0.0003,0.0
2026-06-18,Patna,normal,0.9,0.4,1.2,1.2,1.2,0.69,0.0611,0.0005,0.0
2026-06-18,Varanasi,normal,2.7,0.1,0.6,0.6,0.6,0.61,0.0507,0.0004,0.0
2026-06-18,Delhi,normal,0.1,0.0,0.0,0.0,0.0,0.59,0.047,0.0003,0.0
2026-06-18,Kanpur,normal,2.0,0.0,0.0,0.0,0.0,0.14,0.047,0.0003,0.0
2026-06-18,Ranchi,normal,5.4,1.7,3.2,3.4,3.4,2.01,0.1006,0.0011,0.0001
2026-06-18,Jodhpur,normal,0.4,0.0,0.0,0.0,0.0,0.0,0.047,0.0003,0.0
2026-06-18,Bikaner,normal,7.6,0.0,0.0,0.0,0.0,0.23,0.047,0.0003,0.0
2026-06-18,Jaisalmer,normal,0.0,0.0,0.0,0.0,0.0,0.0,0.047,0.0003,0.0
2026-06-18,Hyderabad,normal,0.2,1.6,3.1,3.2,3.2,2.9,0.0978,0.0011,0.0001
2026-06-18,Bengaluru,normal,6.0,0.3,1.0,1.0,1.0,1.34,0.0577,0.0005,0.0
2026-06-18,Pune,normal,2.3,0.0,0.0,0.0,0.0,0.57,0.047,0.0003,0.0
2026-06-18,Kurnool,normal,0.2,0.0,0.0,0.0,0.0,0.57,0.047,0.0003,0.0
2026-06-18,Madurai,normal,1.0,0.1,0.6,0.6,0.6,2.87,0.0507,0.0004,0.0
2026-06-19,Nagpur,normal,0.0,0.0,0.0,0.0,0.0,0.53,0.047,0.0003,0.0
2026-06-19,Bhopal,normal,0.1,0.0,0.0,0.0,0.0,0.53,0.047,0.0003,0.0
2026-06-19,Raipur,normal,3.3,0.2,0.8,0.8,0.8,1.18,0.0542,0.0004,0.0
2026-06-19,Jabalpur,normal,1.8,0.0,0.0,0.0,0.0,0.9,0.047,0.0003,0.0
2026-06-19,Akola,normal,0.3,0.0,0.0,0.0,0.0,0.53,0.047,0.0003,0.0
2026-06-19,Amravati,normal,0.4,0.0,0.0,0.0,0.0,0.53,0.047,0.0003,0.0
2026-06-19,Aurangabad,normal,0.0,0.0,0.0,0.0,0.0,0.53,0.047,0.0003,0.0
2026-06-19,Bhubaneswar,normal,8.4,0.0,0.0,0.0,0.0,0.53,0.047,0.0003,0.0
2026-06-19,Mumbai,coastal,0.0,1.0,2.2,3.6,3.6,2.8,0.1292,0.002,0.0001
2026-06-19,Thiruvananthapuram,coastal,0.7,0.1,0.6,1.3,1.3,2.33,0.0832,0.001,0.0
2026-06-19,Kochi,coastal,6.7,5.1,7.7,10.4,10.4,9.25,0.271,0.0079,0.0003
2026-06-19,Mangaluru,coastal,7.2,0.6,1.5,2.7,2.7,2.48,0.1099,0.0015,0.0
2026-06-19,Panaji,coastal,0.4,1.1,2.4,3.9,3.9,2.76,0.1338,0.0022,0.0001
2026-06-19,Chennai,coastal,5.8,7.9,10.9,13.6,13.6,6.92,0.3366,0.0125,0.0005
2026-06-19,Visakhapatnam,coastal,10.8,0.0,0.0,0.0,0.0,1.03,0.0774,0.0009,0.0
2026-06-19,Puri,coastal,1.6,0.0,0.0,0.0,0.0,1.03,0.0774,0.0009,0.0
2026-06-19,Kolkata,coastal,45.6,0.0,0.0,0.0,0.0,1.03,0.0774,0.0009,0.0
2026-06-19,Surat,coastal,1.7,0.8,1.9,3.1,3.1,2.36,0.1198,0.0018,0.0001
2026-06-19,Mahabaleshwar,orographic,3.7,0.0,0.0,0.0,0.0,1.03,0.0627,0.0015,0.0001
2026-06-19,Munnar,orographic,11.1,7.4,10.4,9.5,9.5,13.12,0.2785,0.0198,0.0028
2026-06-19,Madikeri,orographic,2.9,3.9,6.2,4.6,4.6,4.83,0.1985,0.0103,0.0013
2026-06-19,Ooty,orographic,8.9,12.4,15.8,15.9,15.9,15.82,0.3619,0.0346,0.0055
2026-06-19,Lonavala,orographic,1.6,0.0,0.0,0.0,0.0,1.36,0.0627,0.0015,0.0001
2026-06-19,Wayanad,orographic,3.9,6.6,9.4,8.3,8.3,9.64,0.2623,0.0176,0.0024
2026-06-19,Shimla,orographic,5.0,0.2,0.8,0.2,0.2,0.72,0.0722,0.0019,0.0002
2026-06-19,Dehradun,orographic,0.4,0.0,0.0,0.0,0.0,0.0,0.0627,0.0015,0.0001
2026-06-19,Srinagar,orographic,2.6,3.5,5.6,4.1,4.1,1.97,0.1876,0.0093,0.0011
2026-06-19,Gangtok,orographic,51.7,5.4,8.1,6.7,6.7,5.11,0.2358,0.0143,0.0019
2026-06-19,Guwahati,orographic,10.5,8.7,11.9,11.0,11.0,6.14,0.303,0.0235,0.0035
2026-06-19,Cherrapunji,orographic,4.8,25.7,30.1,36.7,36.7,9.36,0.5001,0.077,0.0151
2026-06-19,Imphal,orographic,2.4,3.6,5.8,4.2,4.2,2.65,0.1904,0.0096,0.0012
2026-06-19,Agartala,orographic,1.2,3.2,5.3,3.7,3.7,4.38,0.1791,0.0086,0.001
2026-06-19,Lucknow,normal,1.7,0.6,1.6,1.6,1.6,0.77,0.0677,0.0006,0.0
2026-06-19,Patna,normal,2.5,0.1,0.6,0.6,0.6,0.91,0.0507,0.0004,0.0
2026-06-19,Varanasi,normal,0.3,0.1,0.6,0.6,0.6,0.82,0.0507,0.0004,0.0
2026-06-19,Delhi,normal,0.0,1.7,3.2,3.3,3.3,1.47,0.1006,0.0011,0.0001
2026-06-19,Kanpur,normal,0.3,0.1,0.6,0.6,0.6,0.52,0.0507,0.0004,0.0
2026-06-19,Ranchi,normal,1.1,0.4,1.2,1.2,1.2,1.2,0.0611,0.0005,0.0
2026-06-19,Jodhpur,normal,1.1,0.0,0.0,0.0,0.0,0.0,0.047,0.0003,0.0
2026-06-19,Bikaner,normal,0.0,1.7,3.2,3.3,3.3,1.14,0.1006,0.0011,0.0001
2026-06-19,Jaisalmer,normal,0.0,0.0,0.0,0.0,0.0,0.0,0.047,0.0003,0.0
2026-06-19,Hyderabad,normal,0.2,0.0,0.0,0.0,0.0,1.24,0.047,0.0003,0.0
2026-06-19,Bengaluru,normal,3.4,9.4,12.6,12.5,12.5,4.47,0.2534,0.0058,0.0006
2026-06-19,Pune,normal,1.6,0.0,0.0,0.0,0.0,0.49,0.047,0.0003,0.0
2026-06-19,Kurnool,normal,0.0,0.0,0.0,0.0,0.0,0.49,0.047,0.0003,0.0
2026-06-19,Madurai,normal,3.1,0.8,1.9,2.0,2.0,2.09,0.0741,0.0007,0.0
2026-06-20,Nagpur,normal,0.0,0.5,1.4,1.4,1.4,1.81,0.0645,0.0005,0.0
2026-06-20,Bhopal,normal,1.6,0.0,0.0,0.0,0.0,0.74,0.047,0.0003,0.0
2026-06-20,Raipur,normal,0.1,1.2,2.5,2.7,2.7,2.87,0.0863,0.0009,0.0001
2026-06-20,Jabalpur,normal,0.2,0.8,1.9,2.0,2.0,2.13,0.0741,0.0007,0.0
2026-06-20,Akola,normal,2.0,0.0,0.0,0.0,0.0,0.74,0.047,0.0003,0.0
2026-06-20,Amravati,normal,0.0,0.0,0.0,0.0,0.0,0.74,0.047,0.0003,0.0
2026-06-20,Aurangabad,normal,2.1,0.0,0.0,0.0,0.0,0.74,0.047,0.0003,0.0
2026-06-20,Bhubaneswar,normal,2.6,1.8,3.4,3.5,3.5,2.96,0.1033,0.0012,0.0001
2026-06-20,Mumbai,coastal,0.0,0.6,1.5,2.7,2.7,3.21,0.1099,0.0015,0.0
2026-06-20,Thiruvananthapuram,coastal,0.7,0.0,0.0,0.0,0.0,1.42,0.0774,0.0009,0.0
2026-06-20,Kochi,coastal,6.4,0.9,2.0,3.4,3.4,4.83,0.1246,0.0019,0.0001
2026-06-20,Mangaluru,coastal,2.0,1.3,2.7,4.21,4.21,3.34,0.1427,0.0024,0.0001
2026-06-20,Panaji,coastal,0.4,0.5,1.4,2.5,2.5,3.21,0.1048,0.0014,0.0
2026-06-20,Chennai,coastal,4.0,1.1,2.4,3.9,3.9,4.78,0.1338,0.0022,0.0001
2026-06-20,Visakhapatnam,coastal,14.1,2.3,4.0,6.2,6.2,4.25,0.1831,0.0037,0.0001
2026-06-20,Puri,coastal,4.5,0.8,1.8,3.0,3.0,2.83,0.1198,0.0018,0.0001
2026-06-20,Kolkata,coastal,1.2,0.0,0.0,0.0,0.0,1.32,0.0774,0.0009,0.0
2026-06-20,Surat,coastal,1.8,0.0,0.0,0.0,0.0,1.75,0.0774,0.0009,0.0
2026-06-20,Mahabaleshwar,orographic,1.6,0.0,0.0,0.0,0.0,1.31,0.0627,0.0015,0.0001
2026-06-20,Munnar,orographic,0.5,6.0,8.8,7.5,7.5,14.82,0.2494,0.0159,0.0021
2026-06-20,Madikeri,orographic,1.2,0.4,1.2,0.4,0.4,3.47,0.0811,0.0022,0.0002
2026-06-20,Ooty,orographic,1.6,24.1,28.3,34.3,34.3,21.51,0.4874,0.0718,0.0138
2026-06-20,Lonavala,orographic,1.2,0.5,1.4,0.5,0.5,2.64,0.0855,0.0024,0.0002
2026-06-20,Wayanad,orographic,0.3,0.0,0.0,0.0,0.0,3.33,0.0627,0.0015,0.0001
2026-06-20,Shimla,orographic,0.4,0.0,0.0,0.0,0.0,0.33,0.0627,0.0015,0.0001
2026-06-20,Dehradun,orographic,0.0,0.0,0.0,0.0,0.0,0.21,0.0627,0.0015,0.0001
2026-06-20,Srinagar,orographic,11.5,0.2,0.8,0.2,0.2,1.18,0.0722,0.0019,0.0002
2026-06-20,Gangtok,orographic,56.0,16.3,19.72,21.42,21.42,6.93,0.4117,0.0467,0.0081
2026-06-20,Guwahati,orographic,8.9,16.1,19.6,21.2,21.2,8.81,0.4094,0.0461,0.0079
2026-06-20,Cherrapunji,orographic,6.9,118.9,117.61,127.83,127.83,19.29,0.775,0.3446,0.1227
2026-06-20,Imphal,orographic,1.1,8.0,11.1,10.2,10.2,5.65,0.2901,0.0215,0.0031
2026-06-20,Agartala,orographic,9.8,3.6,5.8,4.2,4.2,4.22,0.1904,0.0096,0.0012
2026-06-20,Lucknow,normal,0.2,0.4,1.2,1.2,1.2,1.31,0.0611,0.0005,0.0
2026-06-20,Patna,normal,0.1,0.1,0.6,0.6,0.6,1.05,0.0507,0.0004,0.0
2026-06-20,Varanasi,normal,0.1,0.2,0.8,0.8,0.8,1.05,0.0542,0.0004,0.0
2026-06-20,Delhi,normal,0.5,0.0,0.0,0.0,0.0,0.83,0.047,0.0003,0.0
2026-06-20,Kanpur,normal,0.0,0.0,0.0,0.0,0.0,0.43,0.047,0.0003,0.0
2026-06-20,Ranchi,normal,6.4,0.7,1.7,1.7,1.7,1.54,0.071,0.0006,0.0
2026-06-20,Jodhpur,normal,0.0,0.5,1.4,1.4,1.4,0.8,0.0645,0.0005,0.0
2026-06-20,Bikaner,normal,0.9,0.6,1.5,1.5,1.5,1.39,0.0677,0.0006,0.0
2026-06-20,Jaisalmer,normal,0.0,0.0,0.0,0.0,0.0,0.16,0.047,0.0003,0.0
2026-06-20,Hyderabad,normal,1.1,0.1,0.6,0.6,0.6,1.46,0.0507,0.0004,0.0
2026-06-20,Bengaluru,normal,2.5,62.7,72.1,61.81,61.81,12.3,0.6014,0.0512,0.0089
2026-06-20,Pune,normal,0.6,0.0,0.0,0.0,0.0,0.7,0.047,0.0003,0.0
2026-06-20,Kurnool,normal,0.0,1.0,2.2,2.3,2.3,2.53,0.0803,0.0008,0.0001
2026-06-20,Madurai,normal,0.1,0.0,0.0,0.0,0.0,1.36,0.047,0.0003,0.0
2026-06-21,Nagpur,normal,1.2,0.0,0.0,0.0,0.0,0.97,0.047,0.0003,0.0
2026-06-21,Bhopal,normal,3.1,0.0,0.0,0.0,0.0,0.62,0.047,0.0003,0.0
2026-06-21,Raipur,normal,0.0,0.7,1.7,1.7,1.7,2.52,0.071,0.0006,0.0
2026-06-21,Jabalpur,normal,4.0,0.0,0.0,0.0,0.0,1.17,0.047,0.0003,0.0
2026-06-21,Akola,normal,0.5,0.0,0.0,0.0,0.0,0.62,0.047,0.0003,0.0
2026-06-21,Amravati,normal,2.4,0.0,0.0,0.0,0.0,0.62,0.047,0.0003,0.0
2026-06-21,Aurangabad,normal,0.1,0.0,0.0,0.0,0.0,0.62,0.047,0.0003,0.0
2026-06-21,Bhubaneswar,normal,19.6,0.0,0.0,0.0,0.0,1.35,0.047,0.0003,0.0
2026-06-21,Mumbai,coastal,0.5,3.1,5.1,7.9,7.9,4.09,0.2114,0.0049,0.0002
2026-06-21,Thiruvananthapuram,coastal,10.3,3.3,5.4,8.19,8.19,4.02,0.218,0.0052,0.0002
2026-06-21,Kochi,coastal,17.4,5.6,8.3,10.8,10.8,7.32,0.284,0.0087,0.0003
2026-06-21,Mangaluru,coastal,14.6,8.0,11.1,13.68,13.68,7.38,0.3386,0.0127,0.0005
2026-06-21,Panaji,coastal,8.3,5.1,7.7,10.4,10.4,6.72,0.271,0.0079,0.0003
2026-06-21,Chennai,coastal,3.8,2.1,3.8,5.9,5.9,4.53,0.1755,0.0035,0.0001
2026-06-21,Visakhapatnam,coastal,3.6,0.4,1.1,2.1,2.1,2.62,0.0996,0.0013,0.0
2026-06-21,Puri,coastal,1.0,0.6,1.6,2.72,2.72,2.9,0.1099,0.0015,0.0
2026-06-21,Kolkata,coastal,13.3,0.0,0.0,0.0,0.0,1.15,0.0774,0.0009,0.0
2026-06-21,Surat,coastal,0.8,3.0,5.0,7.65,7.65,3.86,0.208,0.0047,0.0002
2026-06-21,Mahabaleshwar,orographic,7.2,0.3,1.0,0.3,0.3,2.05,0.0767,0.002,0.0002
2026-06-21,Munnar,orographic,10.0,4.7,7.2,5.6,5.6,10.21,0.2191,0.0124,0.0016
2026-06-21,Madikeri,orographic,3.9,1.0,2.2,1.1,1.1,3.39,0.1059,0.0035,0.0003
2026-06-21,Ooty,orographic,34.5,29.4,34.9,45.36,45.36,21.16,0.5268,0.0891,0.0183
2026-06-21,Lonavala,orographic,5.6,1.4,2.8,1.5,1.5,3.39,0.121,0.0043,0.0004
2026-06-21,Wayanad,orographic,8.7,0.6,1.5,0.6,0.6,2.39,0.0897,0.0026,0.0002
2026-06-21,Shimla,orographic,0.1,0.7,1.7,0.7,0.7,0.7,0.0939,0.0028,0.0003
2026-06-21,Dehradun,orographic,0.3,0.0,0.0,0.0,0.0,0.15,0.0627,0.0015,0.0001
2026-06-21,Srinagar,orographic,0.3,0.6,1.5,0.6,0.6,0.88,0.0897,0.0026,0.0002
2026-06-21,Gangtok,orographic,60.4,12.2,15.6,15.7,15.7,6.6,0.359,0.034,0.0054
2026-06-21,Guwahati,orographic,23.6,62.4,71.85,91.11,91.11,18.48,0.6709,0.194,0.052
2026-06-21,Cherrapunji,orographic,25.7,218.0,227.51,211.0,211.0,21.68,0.8498,0.5238,0.2533
2026-06-21,Imphal,orographic,5.7,14.9,18.6,19.32,19.32,8.13,0.395,0.0423,0.0071
2026-06-21,Agartala,orographic,4.1,17.0,20.8,23.02,23.02,7.02,0.4196,0.0489,0.0085
2026-06-21,Lucknow,normal,0.0,0.0,0.0,0.0,0.0,0.44,0.047,0.0003,0.0
2026-06-21,Patna,normal,0.0,1.1,2.4,2.5,2.5,1.54,0.0833,0.0008,0.0001
2026-06-21,Varanasi,normal,0.3,0.0,0.0,0.0,0.0,0.4,0.047,0.0003,0.0
2026-06-21,Delhi,normal,0.0,0.3,1.0,1.0,1.0,0.65,0.0577,0.0005,0.0
2026-06-21,Kanpur,normal,0.0,0.0,0.0,0.0,0.0,0.14,0.047,0.0003,0.0
2026-06-21,Ranchi,normal,1.6,0.6,1.6,1.6,1.6,1.4,0.0677,0.0006,0.0
2026-06-21,Jodhpur,normal,0.3,0.0,0.0,0.0,0.0,0.29,0.047,0.0003,0.0
2026-06-21,Bikaner,normal,0.0,0.0,0.0,0.0,0.0,0.29,0.047,0.0003,0.0
2026-06-21,Jaisalmer,normal,0.0,0.0,0.0,0.0,0.0,0.0,0.047,0.0003,0.0
2026-06-21,Hyderabad,normal,2.3,0.4,1.1,1.1,1.1,1.82,0.0611,0.0005,0.0
2026-06-21,Bengaluru,normal,1.8,4.0,6.3,6.39,6.39,5.39,0.1566,0.0024,0.0002
2026-06-21,Pune,normal,2.8,0.0,0.0,0.0,0.0,0.57,0.047,0.0003,0.0
2026-06-21,Kurnool,normal,0.0,2.6,4.5,4.7,4.7,3.41,0.1241,0.0016,0.0001
2026-06-21,Madurai,normal,0.9,1.9,3.5,3.7,3.7,2.54,0.106,0.0012,0.0001
2026-06-22,Nagpur,normal,5.1,0.3,1.0,1.0,1.0,1.37,0.0577,0.0005,0.0
2026-06-22,Bhopal,normal,9.1,0.0,0.0,0.0,0.0,0.62,0.047,0.0003,0.0
2026-06-22,Raipur,normal,5.1,1.1,2.4,2.5,2.5,2.67,0.0833,0.0008,0.0001
2026-06-22,Jabalpur,normal,2.9,0.0,0.0,0.0,0.0,0.62,0.047,0.0003,0.0
2026-06-22,Akola,normal,11.4,0.6,1.6,1.6,1.6,1.6,0.0677,0.0006,0.0
2026-06-22,Amravati,normal,16.0,0.0,0.0,0.0,0.0,0.62,0.047,0.0003,0.0
2026-06-22,Aurangabad,normal,8.2,0.0,0.0,0.0,0.0,0.62,0.047,0.0003,0.0
2026-06-22,Bhubaneswar,normal,8.5,0.2,0.8,0.8,0.8,1.31,0.0542,0.0004,0.0
2026-06-22,Mumbai,coastal,12.4,12.4,15.8,17.9,17.9,10.12,0.4154,0.0205,0.001
2026-06-22,Thiruvananthapuram,coastal,5.4,3.1,5.1,7.9,7.9,4.97,0.2114,0.0049,0.0002
2026-06-22,Kochi,coastal,6.7,6.2,9.0,11.4,11.4,10.11,0.2988,0.0097,0.0004
2026-06-22,Mangaluru,coastal,35.1,23.3,27.2,31.3,31.3,13.46,0.537,0.0416,0.0023
2026-06-22,Panaji,coastal,38.0,11.7,15.2,17.3,17.3,11.41,0.4047,0.0192,0.0009
2026-06-22,Chennai,coastal,1.7,1.9,3.5,5.5,5.5,4.41,0.1677,0.0032,0.0001
2026-06-22,Visakhapatnam,coastal,1.7,0.3,1.0,2.0,2.0,2.27,0.0943,0.0012,0.0
2026-06-22,Puri,coastal,21.7,1.2,2.5,4.1,4.1,3.11,0.1383,0.0023,0.0001
2026-06-22,Kolkata,coastal,27.0,0.0,0.0,0.0,0.0,1.15,0.0774,0.0009,0.0
2026-06-22,Surat,coastal,4.8,0.3,1.0,2.0,2.0,2.66,0.0943,0.0012,0.0
2026-06-22,Mahabaleshwar,orographic,14.0,1.7,3.2,1.8,1.8,3.84,0.1317,0.005,0.0005
2026-06-22,Munnar,orographic,10.3,11.9,15.3,15.3,15.3,15.45,0.3547,0.0331,0.0052
2026-06-22,Madikeri,orographic,11.2,10.3,13.6,13.48,13.48,10.71,0.3301,0.0283,0.0043
2026-06-22,Ooty,orographic,23.3,16.4,19.9,21.67,21.67,19.52,0.4129,0.047,0.0081
2026-06-22,Lonavala,orographic,11.3,1.8,3.4,2.0,2.0,4.64,0.1351,0.0052,0.0006
2026-06-22,Wayanad,orographic,9.1,4.5,7.0,5.4,5.4,6.32,0.2141,0.0119,0.0015
2026-06-22,Shimla,orographic,1.4,0.1,0.6,0.1,0.1,0.81,0.0675,0.0017,0.0001
2026-06-22,Dehradun,orographic,0.1,0.1,0.6,0.1,0.1,0.54,0.0675,0.0017,0.0001
2026-06-22,Srinagar,orographic,10.2,0.2,0.8,0.2,0.2,0.74,0.0722,0.0019,0.0002
2026-06-22,Gangtok,orographic,50.6,14.6,18.3,19.0,19.0,6.58,0.3912,0.0414,0.0069
2026-06-22,Guwahati,orographic,4.7,18.0,21.8,24.1,24.1,10.27,0.4305,0.0521,0.0092
2026-06-22,Cherrapunji,orographic,13.2,206.9,216.4,211.0,211.0,21.68,0.8442,0.5079,0.2391
2026-06-22,Imphal,orographic,7.8,19.0,22.9,25.4,25.4,8.72,0.4409,0.0553,0.01
2026-06-22,Agartala,orographic,4.9,2.2,3.9,2.5,2.5,4.86,0.1485,0.0062,0.0007
2026-06-22,Lucknow,normal,0.0,0.0,0.0,0.0,0.0,0.14,0.047,0.0003,0.0
2026-06-22,Patna,normal,0.3,0.3,1.0,1.0,1.0,1.25,0.0577,0.0005,0.0
2026-06-22,Varanasi,normal,2.8,0.2,0.8,0.8,0.8,0.61,0.0542,0.0004,0.0
2026-06-22,Delhi,normal,0.4,0.4,1.2,1.2,1.2,1.12,0.0611,0.0005,0.0
2026-06-22,Kanpur,normal,0.0,0.0,0.0,0.0,0.0,0.14,0.047,0.0003,0.0
2026-06-22,Ranchi,normal,8.7,0.5,1.4,1.4,1.4,1.4,0.0645,0.0005,0.0
2026-06-22,Jodhpur,normal,0.9,0.2,0.8,0.8,0.8,0.48,0.0542,0.0004,0.0
2026-06-22,Bikaner,normal,0.1,0.0,0.0,0.0,0.0,0.0,0.047,0.0003,0.0
2026-06-22,Jaisalmer,normal,0.0,0.0,0.0,0.0,0.0,0.0,0.047,0.0003,0.0
2026-06-22,Hyderabad,normal,0.0,19.4,23.3,22.5,22.5,5.29,0.3715,0.0132,0.0017
2026-06-22,Bengaluru,normal,2.1,13.1,16.6,16.2,16.2,6.07,0.3036,0.0084,0.001
2026-06-22,Pune,normal,6.9,0.0,0.0,0.0,0.0,0.57,0.047,0.0003,0.0
2026-06-22,Kurnool,normal,0.1,3.4,5.5,5.6,5.6,4.12,0.1432,0.002,0.0002
2026-06-22,Madurai,normal,4.5,0.0,0.0,0.0,0.0,1.37,0.047,0.0003,0.0
2026-06-23,Nagpur,normal,6.5,1.2,2.5,2.7,2.7,4.07,0.0863,0.0009,0.0001
2026-06-23,Bhopal,normal,14.7,0.0,0.0,0.0,0.0,1.34,0.047,0.0003,0.0
2026-06-23,Raipur,normal,0.7,0.2,0.8,0.8,0.8,3.41,0.0542,0.0004,0.0
2026-06-23,Jabalpur,normal,3.9,0.0,0.0,0.0,0.0,1.34,0.047,0.0003,0.0
2026-06-23,Akola,normal,10.3,9.7,12.9,12.7,12.7,7.92,0.2578,0.006,0.0007
2026-06-23,Amravati,normal,4.0,1.0,2.2,2.3,2.3,3.63,0.0803,0.0008,0.0001
2026-06-23,Aurangabad,normal,20.4,4.2,6.6,6.8,6.8,5.35,0.1609,0.0025,0.0002
2026-06-23,Bhubaneswar,normal,3.3,0.0,0.0,0.0,0.0,1.82,0.047,0.0003,0.0
2026-06-23,Mumbai,coastal,51.6,5.0,7.6,10.4,10.4,10.12,0.2683,0.0078,0.0003
2026-06-23,Thiruvananthapuram,coastal,1.9,0.2,0.8,1.7,1.7,3.64,0.0888,0.0011,0.0
2026-06-23,Kochi,coastal,3.3,6.7,9.6,12.03,12.03,11.45,0.3105,0.0105,0.0004
2026-06-23,Mangaluru,depression,29.5,104.2,99.7,78.08,174.29,33.81,0.8626,0.2125,0.0341
2026-06-23,Panaji,depression,68.1,94.5,93.5,75.1,103.43,33.38,0.8529,0.1933,0.0297
2026-06-23,Chennai,coastal,1.7,1.8,3.4,5.2,5.2,5.83,0.1637,0.0031,0.0001
2026-06-23,Visakhapatnam,coastal,22.7,2.9,4.9,7.5,7.5,5.51,0.2046,0.0046,0.0002
2026-06-23,Puri,coastal,5.7,0.0,0.0,0.0,0.0,2.34,0.0774,0.0009,0.0
2026-06-23,Kolkata,coastal,14.5,0.0,0.0,0.0,0.0,1.79,0.0774,0.0009,0.0
2026-06-23,Surat,coastal,3.2,0.1,0.6,1.3,1.3,3.13,0.0832,0.001,0.0
2026-06-23,Mahabaleshwar,orographic,62.5,12.7,16.1,16.6,16.6,15.52,0.3661,0.0355,0.0057
2026-06-23,Munnar,orographic,4.8,1.9,3.5,2.1,2.1,8.66,0.1386,0.0055,0.0006
2026-06-23,Madikeri,orographic,12.5,36.6,43.4,57.0,57.0,31.73,0.5701,0.1126,0.0248
2026-06-23,Ooty,orographic,2.3,2.2,3.9,2.5,2.5,9.35,0.1485,0.0062,0.0007
2026-06-23,Lonavala,orographic,19.8,6.0,8.8,7.5,7.5,12.65,0.2494,0.0159,0.0021
2026-06-23,Wayanad,orographic,2.3,6.2,9.0,7.9,7.9,15.69,0.2538,0.0165,0.0022
2026-06-23,Shimla,orographic,0.4,0.1,0.6,0.1,0.1,0.86,0.0675,0.0017,0.0001
2026-06-23,Dehradun,orographic,1.4,0.0,0.0,0.0,0.0,0.41,0.0627,0.0015,0.0001
2026-06-23,Srinagar,orographic,0.0,0.0,0.0,0.0,0.0,0.44,0.0627,0.0015,0.0001
2026-06-23,Gangtok,orographic,39.3,11.5,15.0,14.9,14.9,7.06,0.3488,0.0319,0.005
2026-06-23,Guwahati,orographic,8.2,46.2,56.3,73.87,73.87,16.77,0.6153,0.1436,0.0343
2026-06-23,Cherrapunji,orographic,8.0,235.3,227.51,211.0,211.0,23.93,0.8576,0.547,0.275
2026-06-23,Imphal,orographic,10.5,9.4,12.6,12.0,12.0,8.42,0.3152,0.0256,0.0038
2026-06-23,Agartala,orographic,3.8,0.0,0.0,0.0,0.0,1.8,0.0627,0.0015,0.0001
2026-06-23,Lucknow,normal,0.0,0.0,0.0,0.0,0.0,0.48,0.047,0.0003,0.0
2026-06-23,Patna,normal,0.0,0.0,0.0,0.0,0.0,0.91,0.047,0.0003,0.0
2026-06-23,Varanasi,normal,0.0,0.0,0.0,0.0,0.0,0.84,0.047,0.0003,0.0
2026-06-23,Delhi,normal,1.4,0.3,1.0,1.0,1.0,1.69,0.0577,0.0005,0.0
2026-06-23,Kanpur,normal,0.0,0.0,0.0,0.0,0.0,0.48,0.047,0.0003,0.0
2026-06-23,Ranchi,normal,0.9,0.2,0.8,0.8,0.8,1.62,0.0542,0.0004,0.0
2026-06-23,Jodhpur,normal,0.3,0.6,1.5,1.5,1.5,1.33,0.0677,0.0006,0.0
2026-06-23,Bikaner,normal,4.2,0.0,0.0,0.0,0.0,0.29,0.047,0.0003,0.0
2026-06-23,Jaisalmer,normal,0.0,0.0,0.0,0.0,0.0,0.29,0.047,0.0003,0.0
2026-06-23,Hyderabad,normal,2.7,3.4,5.6,5.7,5.7,5.71,0.1432,0.002,0.0002
2026-06-23,Bengaluru,normal,0.7,0.8,1.9,2.0,2.0,4.26,0.0741,0.0007,0.0
2026-06-23,Pune,normal,19.5,1.4,2.8,2.9,2.9,3.08,0.0921,0.001,0.0001
2026-06-23,Kurnool,normal,0.2,2.8,4.8,5.0,5.0,4.99,0.129,0.0017,0.0001
2026-06-23,Madurai,normal,0.0,0.0,0.0,0.0,0.0,1.03,0.047,0.0003,0.0
2026-06-24,Nagpur,normal,9.5,0.9,2.0,2.2,2.2,5.04,0.0773,0.0007,0.0001
2026-06-24,Bhopal,normal,20.4,0.0,0.0,0.0,0.0,1.54,0.047,0.0003,0.0
2026-06-24,Raipur,normal,1.4,2.5,4.3,4.6,4.6,5.64,0.1216,0.0015,0.0001
2026-06-24,Jabalpur,normal,6.9,0.7,1.7,1.7,1.7,3.17,0.071,0.0006,0.0
2026-06-24,Akola,normal,27.8,4.4,6.9,7.0,7.0,7.94,0.1652,0.0026,0.0002
2026-06-24,Amravati,normal,18.2,4.6,7.1,7.2,7.2,7.01,0.1693,0.0027,0.0003
2026-06-24,Aurangabad,normal,13.8,17.7,21.5,20.9,20.9,10.53,0.3549,0.0119,0.0015
2026-06-24,Bhubaneswar,normal,1.0,0.5,1.4,1.4,1.4,3.06,0.0645,0.0005,0.0
2026-06-24,Mumbai,coastal,29.0,7.9,10.9,13.6,13.6,11.82,0.3366,0.0125,0.0005
2026-06-24,Thiruvananthapuram,coastal,4.8,1.2,2.5,4.1,4.1,4.65,0.1383,0.0023,0.0001
2026-06-24,Kochi,coastal,8.2,3.6,5.8,8.6,8.6,9.2,0.2276,0.0056,0.0002
2026-06-24,Mangaluru,coastal,18.7,16.3,19.72,22.79,22.79,17.66,0.4672,0.0279,0.0014
2026-06-24,Panaji,depression,36.7,25.3,29.7,10.47,34.2,21.41,0.6673,0.047,0.0046
2026-06-24,Chennai,coastal,0.9,4.6,7.1,9.9,9.9,8.55,0.2573,0.0071,0.0003
2026-06-24,Visakhapatnam,coastal,0.2,0.0,0.0,0.0,0.0,2.89,0.0774,0.0009,0.0
2026-06-24,Puri,coastal,0.7,0.1,0.6,1.3,1.3,3.04,0.0832,0.001,0.0
2026-06-24,Kolkata,coastal,5.5,0.0,0.0,0.0,0.0,1.99,0.0774,0.0009,0.0
2026-06-24,Surat,coastal,6.5,0.8,1.9,3.1,3.1,4.21,0.1198,0.0018,0.0001
2026-06-24,Mahabaleshwar,orographic,10.5,5.1,7.7,6.2,6.2,17.21,0.2288,0.0135,0.0018
2026-06-24,Munnar,orographic,15.8,3.3,5.4,3.8,3.8,8.53,0.182,0.0088,0.001
2026-06-24,Madikeri,orographic,9.9,2.2,3.9,2.5,2.5,11.37,0.1485,0.0062,0.0007
2026-06-24,Ooty,orographic,3.3,2.0,3.6,2.3,2.3,7.63,0.1419,0.0057,0.0006
2026-06-24,Lonavala,orographic,16.0,8.8,12.0,11.24,11.24,17.09,0.3047,0.0238,0.0035
2026-06-24,Wayanad,orographic,5.7,4.5,7.0,5.4,5.4,13.42,0.2141,0.0119,0.0015
2026-06-24,Shimla,orographic,3.3,0.2,0.8,0.2,0.2,1.06,0.0722,0.0019,0.0002
2026-06-24,Dehradun,orographic,2.8,0.0,0.0,0.0,0.0,0.38,0.0627,0.0015,0.0001
2026-06-24,Srinagar,orographic,0.7,1.1,2.4,1.2,1.2,1.49,0.1098,0.0037,0.0004
2026-06-24,Gangtok,orographic,6.9,6.6,9.4,8.3,8.3,6.14,0.2623,0.0176,0.0024
2026-06-24,Guwahati,orographic,8.9,31.3,36.51,47.5,47.5,12.72,0.5392,0.0953,0.0199
2026-06-24,Cherrapunji,orographic,7.3,66.9,76.05,93.5,93.5,26.43,0.6833,0.2075,0.0572
2026-06-24,Imphal,orographic,16.0,13.6,17.2,17.7,17.7,8.82,0.3783,0.0383,0.0063
2026-06-24,Agartala,orographic,6.4,5.0,7.6,6.1,6.1,4.14,0.2264,0.0132,0.0017
2026-06-24,Lucknow,normal,0.1,0.0,0.0,0.0,0.0,0.56,0.047,0.0003,0.0
2026-06-24,Patna,normal,0.2,0.0,0.0,0.0,0.0,0.56,0.047,0.0003,0.0
2026-06-24,Varanasi,normal,0.0,0.0,0.0,0.0,0.0,0.56,0.047,0.0003,0.0
2026-06-24,Delhi,normal,0.6,1.1,2.4,2.5,2.5,2.75,0.0833,0.0008,0.0001
2026-06-24,Kanpur,normal,0.1,0.0,0.0,0.0,0.0,0.56,0.047,0.0003,0.0
2026-06-24,Ranchi,normal,4.1,0.0,0.0,0.0,0.0,0.99,0.047,0.0003,0.0
2026-06-24,Jodhpur,normal,0.0,0.0,0.0,0.0,0.0,0.73,0.047,0.0003,0.0
2026-06-24,Bikaner,normal,0.5,0.0,0.0,0.0,0.0,0.38,0.047,0.0003,0.0
2026-06-24,Jaisalmer,normal,0.0,0.0,0.0,0.0,0.0,0.38,0.047,0.0003,0.0
2026-06-24,Hyderabad,normal,0.4,11.3,14.8,14.4,14.4,7.56,0.2804,0.0071,0.0008
2026-06-24,Bengaluru,normal,1.6,1.0,2.2,2.3,2.3,4.36,0.0803,0.0008,0.0001
2026-06-24,Pune,normal,9.0,6.2,9.0,8.8,8.8,5.9,0.2005,0.0037,0.0004
2026-06-24,Kurnool,normal,0.7,0.7,1.7,1.7,1.7,4.15,0.071,0.0006,0.0
2026-06-24,Madurai,normal,2.9,0.0,0.0,0.0,0.0,1.14,0.047,0.0003,0.0
2026-06-25,Nagpur,normal,9.8,2.7,4.6,4.8,4.8,5.74,0.1266,0.0016,0.0001
2026-06-25,Bhopal,normal,0.5,1.9,3.5,3.7,3.7,4.35,0.106,0.0012,0.0001
2026-06-25,Raipur,normal,3.1,1.7,3.2,3.3,3.3,5.58,0.1006,0.0011,0.0001
2026-06-25,Jabalpur,normal,1.8,2.0,3.6,3.8,3.8,5.01,0.1087,0.0013,0.0001
2026-06-25,Akola,normal,4.8,1.5,3.0,3.1,3.1,5.81,0.095,0.001,0.0001
2026-06-25,Amravati,normal,11.5,3.5,5.6,5.8,5.8,7.46,0.1455,0.0021,0.0002
2026-06-25,Aurangabad,normal,4.8,3.9,6.2,6.2,6.2,7.56,0.1544,0.0023,0.0002
2026-06-25,Bhubaneswar,normal,5.2,0.0,0.0,0.0,0.0,2.03,0.047,0.0003,0.0
2026-06-25,Mumbai,coastal,6.7,9.3,12.5,15.0,15.0,13.77,0.3639,0.0149,0.0007
2026-06-25,Thiruvananthapuram,coastal,2.2,0.0,0.0,0.0,0.0,2.43,0.0774,0.0009,0.0
2026-06-25,Kochi,coastal,0.7,3.6,5.8,8.6,8.6,8.25,0.2276,0.0056,0.0002
2026-06-25,Mangaluru,coastal,16.8,17.0,20.8,23.2,23.2,15.53,0.4753,0.0292,0.0015
2026-06-25,Panaji,coastal,27.5,37.1,43.75,55.36,55.36,23.92,0.6268,0.0701,0.0045
2026-06-25,Chennai,coastal,2.6,0.0,0.0,0.0,0.0,3.02,0.0774,0.0009,0.0
2026-06-25,Visakhapatnam,coastal,1.3,1.7,3.2,5.0,5.0,4.5,0.1597,0.0029,0.0001
2026-06-25,Puri,coastal,7.1,0.1,0.6,1.3,1.3,3.11,0.0832,0.001,0.0
2026-06-25,Kolkata,coastal,3.1,0.5,1.4,2.5,2.5,3.42,0.1048,0.0014,0.0
2026-06-25,Surat,coastal,1.0,7.0,10.0,12.6,12.6,9.61,0.3173,0.011,0.0005
2026-06-25,Mahabaleshwar,orographic,6.1,2.7,4.6,3.1,3.1,9.99,0.1643,0.0073,0.0008
2026-06-25,Munnar,orographic,2.0,0.0,0.0,0.0,0.0,3.3,0.0627,0.0015,0.0001
2026-06-25,Madikeri,orographic,10.5,1.9,3.5,2.1,2.1,7.09,0.1386,0.0055,0.0006
2026-06-25,Ooty,orographic,1.4,1.7,3.2,1.8,1.8,6.54,0.1317,0.005,0.0005
2026-06-25,Lonavala,orographic,1.8,6.1,8.9,7.75,7.75,17.31,0.2516,0.0162,0.0022
2026-06-25,Wayanad,orographic,2.9,3.0,5.0,3.5,3.5,9.59,0.1733,0.0081,0.0009
2026-06-25,Shimla,orographic,5.2,3.0,5.0,3.5,3.5,2.02,0.1733,0.0081,0.0009
2026-06-25,Dehradun,orographic,1.8,0.6,1.5,0.6,0.6,0.85,0.0897,0.0026,0.0002
2026-06-25,Srinagar,orographic,0.3,3.8,6.0,4.5,4.5,2.88,0.1958,0.0101,0.0012
2026-06-25,Gangtok,orographic,7.5,3.7,5.9,4.3,4.3,4.4,0.1931,0.0098,0.0012
2026-06-25,Guwahati,orographic,6.5,24.0,28.2,33.92,33.92,11.25,0.4866,0.0715,0.0138
2026-06-25,Cherrapunji,orographic,3.4,7.9,10.9,10.1,10.1,8.7,0.2882,0.0212,0.003
2026-06-25,Imphal,orographic,9.7,13.6,17.2,17.7,17.7,9.0,0.3783,0.0383,0.0063
2026-06-25,Agartala,orographic,8.9,0.9,2.0,1.0,1.0,5.11,0.102,0.0033,0.0003
2026-06-25,Lucknow,normal,0.2,0.2,0.8,0.8,0.8,1.07,0.0542,0.0004,0.0
2026-06-25,Patna,normal,0.4,0.4,1.2,1.2,1.2,1.17,0.0611,0.0005,0.0
2026-06-25,Varanasi,normal,4.4,0.6,1.5,1.5,1.5,1.41,0.0677,0.0006,0.0
2026-06-25,Delhi,normal,0.8,1.3,2.7,2.8,2.8,2.76,0.0892,0.0009,0.0001
2026-06-25,Kanpur,normal,0.0,0.0,0.0,0.0,0.0,0.5,0.047,0.0003,0.0
2026-06-25,Ranchi,normal,3.4,1.1,2.4,2.5,2.5,2.09,0.0833,0.0008,0.0001
2026-06-25,Jodhpur,normal,3.2,0.0,0.0,0.0,0.0,0.3,0.047,0.0003,0.0
2026-06-25,Bikaner,normal,0.2,0.0,0.0,0.0,0.0,0.3,0.047,0.0003,0.0
2026-06-25,Jaisalmer,normal,0.0,0.0,0.0,0.0,0.0,0.3,0.047,0.0003,0.0
2026-06-25,Hyderabad,normal,1.8,2.3,4.0,4.3,4.3,5.37,0.1165,0.0014,0.0001
2026-06-25,Bengaluru,normal,3.9,1.3,2.6,2.8,2.8,4.08,0.0892,0.0009,0.0001
2026-06-25,Pune,normal,0.9,1.3,2.6,2.8,2.8,4.68,0.0892,0.0009,0.0001
2026-06-25,Kurnool,normal,0.7,0.4,1.2,1.2,1.2,2.95,0.0611,0.0005,0.0
2026-06-25,Madurai,normal,0.5,0.0,0.0,0.0,0.0,1.05,0.047,0.0003,0.0
2026-06-26,Nagpur,normal,5.0,13.5,17.1,16.6,16.6,10.26,0.3085,0.0087,0.001
2026-06-26,Bhopal,normal,4.8,1.3,2.7,2.8,2.8,5.64,0.0892,0.0009,0.0001
2026-06-26,Raipur,normal,9.8,0.5,1.4,1.4,1.4,4.81,0.0645,0.0005,0.0
2026-06-26,Jabalpur,normal,3.1,4.2,6.6,6.8,6.8,7.68,0.1609,0.0025,0.0002
2026-06-26,Akola,normal,7.9,4.5,7.0,7.1,7.1,7.52,0.1673,0.0027,0.0002
2026-06-26,Amravati,normal,21.0,4.5,7.0,7.1,7.1,8.01,0.1673,0.0027,0.0002
2026-06-26,Aurangabad,normal,1.3,3.4,5.6,5.7,5.7,7.99,0.1432,0.002,0.0002
2026-06-26,Bhubaneswar,normal,5.7,2.0,3.6,3.8,3.8,4.87,0.1087,0.0013,0.0001
2026-06-26,Mumbai,coastal,5.8,6.2,9.0,11.4,11.4,12.46,0.2988,0.0097,0.0004
2026-06-26,Thiruvananthapuram,coastal,11.1,1.2,2.5,4.1,4.1,4.48,0.1383,0.0023,0.0001
2026-06-26,Kochi,coastal,7.3,22.0,25.7,29.16,29.16,15.38,0.5258,0.039,0.0022
2026-06-26,Mangaluru,coastal,9.0,36.8,43.6,55.1,55.1,24.08,0.6253,0.0695,0.0045
2026-06-26,Panaji,depression,6.5,39.1,46.2,24.83,60.7,27.59,0.7395,0.0764,0.0085
2026-06-26,Chennai,coastal,0.0,0.0,0.0,0.0,0.0,2.08,0.0774,0.0009,0.0
2026-06-26,Visakhapatnam,coastal,9.8,1.3,2.7,4.21,4.21,5.43,0.1427,0.0024,0.0001
2026-06-26,Puri,coastal,2.0,1.3,2.7,4.21,4.21,4.67,0.1427,0.0024,0.0001
2026-06-26,Kolkata,coastal,6.2,0.7,1.7,2.9,2.9,4.44,0.1149,0.0017,0.0
2026-06-26,Surat,coastal,0.1,2.7,4.6,7.0,7.0,8.22,0.1976,0.0043,0.0001
2026-06-26,Mahabaleshwar,orographic,3.0,0.3,1.0,0.3,0.3,5.14,0.0767,0.002,0.0002
2026-06-26,Munnar,orographic,6.9,5.0,7.6,6.1,6.1,9.93,0.2264,0.0132,0.0017
2026-06-26,Madikeri,orographic,9.3,7.8,10.8,10.0,10.0,13.95,0.2863,0.021,0.003
2026-06-26,Ooty,orographic,2.5,4.4,6.9,5.3,5.3,10.26,0.2116,0.0116,0.0015
2026-06-26,Lonavala,orographic,1.5,4.4,6.9,5.3,5.3,13.58,0.2116,0.0116,0.0015
2026-06-26,Wayanad,orographic,2.2,2.1,3.8,2.4,2.4,8.95,0.1452,0.0059,0.0006
2026-06-26,Shimla,orographic,6.9,8.2,11.4,10.5,10.5,4.98,0.2938,0.0221,0.0032
2026-06-26,Dehradun,orographic,0.7,0.0,0.0,0.0,0.0,0.7,0.0627,0.0015,0.0001
2026-06-26,Srinagar,orographic,0.1,0.2,0.8,0.2,0.2,1.71,0.0722,0.0019,0.0002
2026-06-26,Gangtok,orographic,6.2,8.1,11.2,10.4,10.4,5.2,0.292,0.0218,0.0031
2026-06-26,Guwahati,orographic,1.6,23.4,27.3,32.8,32.8,11.02,0.4816,0.0695,0.0133
2026-06-26,Cherrapunji,orographic,5.6,6.2,9.0,7.9,7.9,8.05,0.2538,0.0165,0.0022
2026-06-26,Imphal,orographic,3.4,17.8,21.61,23.8,23.8,10.47,0.4284,0.0515,0.0091
2026-06-26,Agartala,orographic,3.2,0.3,1.0,0.3,0.3,2.89,0.0767,0.002,0.0002
2026-06-26,Lucknow,normal,0.4,0.1,0.6,0.6,0.6,1.87,0.0507,0.0004,0.0
2026-06-26,Patna,normal,0.4,0.0,0.0,0.0,0.0,1.14,0.047,0.0003,0.0
2026-06-26,Varanasi,normal,1.3,0.0,0.0,0.0,0.0,1.14,0.047,0.0003,0.0
2026-06-26,Delhi,normal,1.2,2.9,4.9,5.0,5.0,4.15,0.1314,0.0018,0.0001
2026-06-26,Kanpur,normal,0.3,0.2,0.8,0.8,0.8,1.22,0.0542,0.0004,0.0
2026-06-26,Ranchi,normal,4.0,0.2,0.8,0.8,0.8,2.15,0.0542,0.0004,0.0
2026-06-26,Jodhpur,normal,10.3,0.0,0.0,0.0,0.0,0.42,0.047,0.0003,0.0
2026-06-26,Bikaner,normal,0.4,0.0,0.0,0.0,0.0,0.42,0.047,0.0003,0.0
2026-06-26,Jaisalmer,normal,0.0,0.0,0.0,0.0,0.0,0.42,0.047,0.0003,0.0
2026-06-26,Hyderabad,normal,1.2,9.4,12.6,12.5,12.5,7.36,0.2534,0.0058,0.0006
2026-06-26,Bengaluru,normal,3.9,0.0,0.0,0.0,0.0,2.14,0.047,0.0003,0.0
2026-06-26,Pune,normal,0.1,1.5,3.0,3.1,3.1,4.74,0.095,0.001,0.0001
2026-06-26,Kurnool,normal,0.0,2.1,3.8,4.0,4.0,4.81,0.1113,0.0013,0.0001
2026-06-26,Madurai,normal,0.8,0.5,1.4,1.4,1.4,2.6,0.0645,0.0005,0.0
2026-06-27,Nagpur,normal,5.1,17.0,20.8,20.4,20.4,10.78,0.3477,0.0113,0.0014
2026-06-27,Bhopal,normal,8.6,7.5,10.5,10.32,10.32,7.64,0.2233,0.0046,0.0005
2026-06-27,Raipur,normal,10.8,6.3,9.1,8.9,8.9,7.18,0.2023,0.0038,0.0004
2026-06-27,Jabalpur,normal,3.0,0.2,0.8,0.8,0.8,4.12,0.0542,0.0004,0.0
2026-06-27,Akola,normal,5.5,2.1,3.8,4.0,4.0,6.86,0.1113,0.0013,0.0001
2026-06-27,Amravati,normal,5.5,1.4,2.8,2.9,2.9,5.7,0.0921,0.001,0.0001
2026-06-27,Aurangabad,normal,4.2,1.6,3.1,3.2,3.2,5.85,0.0978,0.0011,0.0001
2026-06-27,Bhubaneswar,normal,12.1,0.7,1.7,1.7,1.7,4.68,0.071,0.0006,0.0
2026-06-27,Mumbai,coastal,0.8,8.8,12.0,14.6,14.6,11.38,0.3545,0.0141,0.0006
2026-06-27,Thiruvananthapuram,coastal,3.9,0.0,0.0,0.0,0.0,2.44,0.0774,0.0009,0.0
2026-06-27,Kochi,coastal,6.8,14.0,17.6,20.7,20.7,13.83,0.4381,0.0235,0.0011
2026-06-27,Mangaluru,coastal,8.8,21.4,25.2,28.8,28.8,16.4,0.5203,0.0378,0.0021
2026-06-27,Panaji,coastal,27.1,30.1,35.4,41.8,41.8,18.05,0.587,0.0555,0.0033
2026-06-27,Chennai,coastal,6.6,0.0,0.0,0.0,0.0,1.84,0.0774,0.0009,0.0
2026-06-27,Visakhapatnam,coastal,7.4,0.3,1.0,2.0,2.0,3.68,0.0943,0.0012,0.0
2026-06-27,Puri,coastal,16.3,0.0,0.0,0.0,0.0,2.44,0.0774,0.0009,0.0
2026-06-27,Kolkata,coastal,2.0,0.0,0.0,0.0,0.0,2.29,0.0774,0.0009,0.0
2026-06-27,Surat,coastal,0.0,6.1,8.8,11.2,11.2,10.72,0.2964,0.0095,0.0004
2026-06-27,Mahabaleshwar,orographic,5.5,0.5,1.4,0.5,0.5,4.73,0.0855,0.0024,0.0002
2026-06-27,Munnar,orographic,2.8,6.4,9.2,8.1,8.1,16.59,0.2581,0.017,0.0023
2026-06-27,Madikeri,orographic,7.3,7.8,10.8,10.0,10.0,16.79,0.2863,0.021,0.003
2026-06-27,Ooty,orographic,1.9,6.6,9.5,8.4,8.4,15.84,0.2623,0.0176,0.0024
2026-06-27,Lonavala,orographic,3.3,3.3,5.4,3.8,3.8,10.21,0.182,0.0088,0.001
2026-06-27,Wayanad,orographic,3.7,6.0,8.8,7.5,7.5,12.98,0.2494,0.0159,0.0021
2026-06-27,Shimla,orographic,1.5,0.0,0.0,0.0,0.0,1.17,0.0627,0.0015,0.0001
2026-06-27,Dehradun,orographic,0.1,0.0,0.0,0.0,0.0,0.3,0.0627,0.0015,0.0001
2026-06-27,Srinagar,orographic,0.0,3.9,6.2,4.6,4.6,2.57,0.1985,0.0103,0.0013
2026-06-27,Gangtok,orographic,29.0,9.9,13.2,12.83,12.83,6.62,0.3236,0.0271,0.0041
2026-06-27,Guwahati,orographic,3.3,28.6,34.1,43.91,43.91,11.46,0.5213,0.0865,0.0176
2026-06-27,Cherrapunji,orographic,10.9,14.9,18.6,19.32,19.32,9.27,0.395,0.0423,0.0071
2026-06-27,Imphal,orographic,1.1,3.5,5.6,4.1,4.1,6.8,0.1876,0.0093,0.0011
2026-06-27,Agartala,orographic,2.1,7.4,10.4,9.5,9.5,4.65,0.2785,0.0198,0.0028
2026-06-27,Lucknow,normal,0.5,0.0,0.0,0.0,0.0,0.85,0.047,0.0003,0.0
2026-06-27,Patna,normal,1.4,1.3,2.7,2.8,2.8,2.21,0.0892,0.0009,0.0001
2026-06-27,Varanasi,normal,0.5,0.6,1.6,1.6,1.6,1.46,0.0677,0.0006,0.0
2026-06-27,Delhi,normal,1.0,0.6,1.5,1.5,1.5,2.64,0.0677,0.0006,0.0
2026-06-27,Kanpur,normal,1.8,0.0,0.0,0.0,0.0,0.94,0.047,0.0003,0.0
2026-06-27,Ranchi,normal,2.6,0.4,1.1,1.1,1.1,1.88,0.0611,0.0005,0.0
2026-06-27,Jodhpur,normal,0.5,0.0,0.0,0.0,0.0,0.3,0.047,0.0003,0.0
2026-06-27,Bikaner,normal,0.0,0.0,0.0,0.0,0.0,0.3,0.047,0.0003,0.0
2026-06-27,Jaisalmer,normal,0.0,0.0,0.0,0.0,0.0,0.3,0.047,0.0003,0.0
2026-06-27,Hyderabad,normal,4.2,7.0,10.0,9.7,9.7,6.46,0.2147,0.0042,0.0004
2026-06-27,Bengaluru,normal,5.3,3.6,5.8,5.9,5.9,4.06,0.1478,0.0021,0.0002
2026-06-27,Pune,normal,1.6,0.8,1.9,2.0,2.0,3.91,0.0741,0.0007,0.0
2026-06-27,Kurnool,normal,4.5,4.9,7.5,7.6,7.6,5.63,0.1755,0.0029,0.0003
2026-06-27,Madurai,normal,1.5,2.6,4.5,4.8,4.8,4.32,0.1241,0.0016,0.0001
2026-06-28,Nagpur,normal,1.0,1.6,3.1,3.2,3.2,5.89,0.0978,0.0011,0.0001
2026-06-28,Bhopal,normal,6.9,1.5,3.0,3.1,3.1,5.95,0.095,0.001,0.0001
2026-06-28,Raipur,normal,13.3,1.1,2.4,2.5,2.5,5.42,0.0833,0.0008,0.0001
2026-06-28,Jabalpur,normal,0.4,4.1,6.4,6.6,6.6,6.18,0.1588,0.0024,0.0002
2026-06-28,Akola,normal,3.7,0.8,1.9,2.0,2.0,4.56,0.0741,0.0007,0.0
2026-06-28,Amravati,normal,4.6,1.5,3.0,3.1,3.1,5.09,0.095,0.001,0.0001
2026-06-28,Aurangabad,normal,3.8,6.5,9.3,9.0,9.0,8.45,0.2059,0.0039,0.0004
2026-06-28,Bhubaneswar,normal,23.3,0.0,0.0,0.0,0.0,2.16,0.047,0.0003,0.0
2026-06-28,Mumbai,coastal,11.5,7.7,10.7,13.23,13.23,12.08,0.3324,0.0122,0.0005
2026-06-28,Thiruvananthapuram,coastal,12.2,0.0,0.0,0.0,0.0,1.86,0.0774,0.0009,0.0
2026-06-28,Kochi,coastal,30.7,37.8,44.8,58.26,58.26,23.46,0.6303,0.0716,0.0046
2026-06-28,Mangaluru,coastal,117.2,30.3,35.5,41.92,15.4,18.16,0.5883,0.0559,0.0034
2026-06-28,Panaji,coastal,75.5,41.6,49.3,64.6,64.6,25.33,0.6481,0.0796,0.0053
2026-06-28,Chennai,coastal,24.5,0.4,1.2,2.27,2.27,3.01,0.0996,0.0013,0.0
2026-06-28,Visakhapatnam,coastal,4.8,0.6,1.6,2.72,2.72,3.83,0.1099,0.0015,0.0
2026-06-28,Puri,coastal,16.9,0.0,0.0,0.0,0.0,1.86,0.0774,0.0009,0.0
2026-06-28,Kolkata,coastal,12.6,0.0,0.0,0.0,0.0,1.86,0.0774,0.0009,0.0
2026-06-28,Surat,coastal,0.0,0.0,0.0,0.0,0.0,3.02,0.0774,0.0009,0.0
2026-06-28,Mahabaleshwar,orographic,27.4,1.3,2.7,1.4,1.4,5.09,0.1173,0.0041,0.0004
2026-06-28,Munnar,orographic,12.5,8.8,12.0,11.24,11.24,17.46,0.3047,0.0238,0.0035
2026-06-28,Madikeri,orographic,37.9,5.3,8.0,6.5,6.5,17.33,0.2335,0.014,0.0018
2026-06-28,Ooty,orographic,9.8,31.2,36.4,47.5,47.5,26.1,0.5386,0.095,0.0198
2026-06-28,Lonavala,orographic,17.2,2.7,4.6,3.1,3.1,8.08,0.1643,0.0073,0.0008
2026-06-28,Wayanad,orographic,6.4,5.0,7.6,6.1,6.1,15.04,0.2264,0.0132,0.0017
2026-06-28,Shimla,orographic,4.5,2.0,3.6,2.3,2.3,1.7,0.1419,0.0057,0.0006
2026-06-28,Dehradun,orographic,4.0,0.0,0.0,0.0,0.0,0.3,0.0627,0.0015,0.0001
2026-06-28,Srinagar,orographic,0.0,1.4,2.8,1.5,1.5,2.05,0.121,0.0043,0.0004
2026-06-28,Gangtok,orographic,119.4,17.0,20.8,23.02,23.02,7.49,0.4196,0.0489,0.0085
2026-06-28,Guwahati,orographic,12.4,14.7,18.4,19.1,19.1,9.92,0.3925,0.0417,0.007
2026-06-28,Cherrapunji,orographic,27.9,19.2,23.1,25.8,25.8,10.16,0.4429,0.0559,0.0101
2026-06-28,Imphal,orographic,1.8,0.8,1.9,0.9,0.9,3.66,0.098,0.0031,0.0003
2026-06-28,Agartala,orographic,3.6,0.6,1.6,0.7,0.7,4.22,0.0897,0.0026,0.0002
2026-06-28,Lucknow,normal,3.0,5.5,8.2,8.28,8.28,4.58,0.1873,0.0033,0.0003
2026-06-28,Patna,normal,7.5,0.9,2.0,2.2,2.2,2.76,0.0773,0.0007,0.0001
2026-06-28,Varanasi,normal,0.7,2.2,3.9,4.2,4.2,3.56,0.1139,0.0014,0.0001
2026-06-28,Delhi,normal,1.0,0.2,0.8,0.8,0.8,1.66,0.0542,0.0004,0.0
2026-06-28,Kanpur,normal,1.0,2.4,4.2,4.5,4.5,2.92,0.1191,0.0015,0.0001
2026-06-28,Ranchi,normal,1.1,0.2,0.8,0.8,0.8,1.66,0.0542,0.0004,0.0
2026-06-28,Jodhpur,normal,0.1,0.0,0.0,0.0,0.0,0.3,0.047,0.0003,0.0
2026-06-28,Bikaner,normal,0.0,0.0,0.0,0.0,0.0,0.3,0.047,0.0003,0.0
2026-06-28,Jaisalmer,normal,0.0,0.0,0.0,0.0,0.0,0.3,0.047,0.0003,0.0
2026-06-28,Hyderabad,normal,14.6,0.8,1.9,2.0,2.0,4.26,0.0741,0.0007,0.0
2026-06-28,Bengaluru,normal,3.2,1.6,3.1,3.2,3.2,4.84,0.0978,0.0011,0.0001
2026-06-28,Pune,normal,11.7,0.3,1.0,1.0,1.0,3.11,0.0577,0.0005,0.0
2026-06-28,Kurnool,normal,8.6,1.4,2.8,2.9,2.9,4.7,0.0921,0.001,0.0001
2026-06-28,Madurai,normal,3.0,0.1,0.6,0.6,0.6,3.2,0.0507,0.0004,0.0
2026-06-29,Nagpur,normal,21.3,0.3,1.0,1.0,1.0,3.98,0.0577,0.0005,0.0
2026-06-29,Bhopal,normal,2.6,2.1,3.8,4.0,4.0,6.18,0.1113,0.0013,0.0001
2026-06-29,Raipur,normal,0.4,15.6,19.2,19.1,19.1,9.27,0.3328,0.0103,0.0012
2026-06-29,Jabalpur,normal,3.4,0.2,0.8,0.8,0.8,4.12,0.0542,0.0004,0.0
2026-06-29,Akola,normal,4.1,7.6,10.6,10.4,10.4,7.64,0.2249,0.0046,0.0005
2026-06-29,Amravati,normal,4.7,6.9,9.9,9.6,9.6,8.26,0.213,0.0042,0.0004
2026-06-29,Aurangabad,normal,8.7,4.3,6.7,6.9,6.9,7.75,0.1631,0.0026,0.0002
2026-06-29,Bhubaneswar,normal,9.3,1.5,3.0,3.1,3.1,4.39,0.095,0.001,0.0001
2026-06-29,Mumbai,coastal,26.4,8.5,11.7,14.18,14.18,11.59,0.3487,0.0136,0.0006
2026-06-29,Thiruvananthapuram,coastal,3.3,9.2,12.4,14.98,14.98,9.67,0.3621,0.0148,0.0007
2026-06-29,Kochi,depression,23.0,36.0,42.7,21.36,53.16,25.7,0.7265,0.0697,0.0075
2026-06-29,Mangaluru,coastal,63.4,29.0,34.6,40.2,14.56,17.77,0.5798,0.0533,0.0032
2026-06-29,Panaji,coastal,42.3,21.1,24.9,28.1,28.1,16.4,0.5176,0.0372,0.002
2026-06-29,Chennai,coastal,1.7,0.0,0.0,0.0,0.0,2.21,0.0774,0.0009,0.0
2026-06-29,Visakhapatnam,coastal,0.7,0.0,0.0,0.0,0.0,2.23,0.0774,0.0009,0.0
2026-06-29,Puri,coastal,0.8,1.6,3.1,4.8,4.8,4.57,0.1555,0.0028,0.0001
2026-06-29,Kolkata,coastal,24.5,0.0,0.0,0.0,0.0,1.84,0.0774,0.0009,0.0
2026-06-29,Surat,coastal,3.5,4.6,7.1,9.9,9.9,6.83,0.2573,0.0071,0.0003
2026-06-29,Mahabaleshwar,orographic,38.4,1.6,3.1,1.7,1.7,6.27,0.1282,0.0048,0.0005
2026-06-29,Munnar,orographic,18.4,11.4,14.9,14.7,14.7,19.61,0.3473,0.0316,0.005
2026-06-29,Madikeri,orographic,18.4,8.2,11.4,10.5,10.5,16.83,0.2938,0.0221,0.0032
2026-06-29,Ooty,orographic,1.0,4.0,6.3,4.76,4.76,13.49,0.2012,0.0106,0.0013
2026-06-29,Lonavala,orographic,13.8,5.1,7.7,6.2,6.2,13.55,0.2288,0.0135,0.0018
2026-06-29,Wayanad,orographic,2.9,6.0,8.8,7.5,7.5,16.59,0.2494,0.0159,0.0021
2026-06-29,Shimla,orographic,12.2,0.6,1.5,0.6,0.6,1.56,0.0897,0.0026,0.0002
2026-06-29,Dehradun,orographic,5.5,0.0,0.0,0.0,0.0,0.32,0.0627,0.0015,0.0001
2026-06-29,Srinagar,orographic,0.0,0.8,1.9,0.9,0.9,1.48,0.098,0.0031,0.0003
2026-06-29,Gangtok,orographic,44.7,15.5,19.1,19.97,19.97,7.07,0.4023,0.0442,0.0075
2026-06-29,Guwahati,orographic,40.4,5.6,8.3,7.0,7.0,7.57,0.2404,0.0148,0.002
2026-06-29,Cherrapunji,orographic,28.3,17.8,21.61,23.8,23.8,10.29,0.4284,0.0515,0.0091
2026-06-29,Imphal,orographic,4.2,0.3,1.0,0.3,0.3,2.75,0.0767,0.002,0.0002
2026-06-29,Agartala,orographic,6.6,0.6,1.5,0.6,0.6,2.93,0.0897,0.0026,0.0002
2026-06-29,Lucknow,normal,6.1,4.6,7.1,7.2,7.2,5.39,0.1693,0.0027,0.0003
2026-06-29,Patna,normal,4.7,3.4,5.6,5.7,5.7,4.37,0.1432,0.002,0.0002
2026-06-29,Varanasi,normal,2.9,2.1,3.8,4.0,4.0,4.24,0.1113,0.0013,0.0001
2026-06-29,Delhi,normal,1.4,0.2,0.8,0.8,0.8,1.76,0.0542,0.0004,0.0
2026-06-29,Kanpur,normal,4.5,7.4,10.4,10.3,10.3,5.77,0.2216,0.0045,0.0005
2026-06-29,Ranchi,normal,6.4,10.1,13.4,12.9,12.9,5.79,0.2637,0.0063,0.0007
2026-06-29,Jodhpur,normal,0.0,0.0,0.0,0.0,0.0,0.32,0.047,0.0003,0.0
2026-06-29,Bikaner,normal,0.0,0.0,0.0,0.0,0.0,0.32,0.047,0.0003,0.0
2026-06-29,Jaisalmer,normal,0.0,0.0,0.0,0.0,0.0,0.32,0.047,0.0003,0.0
2026-06-29,Hyderabad,normal,0.9,0.1,0.6,0.6,0.6,3.05,0.0507,0.0004,0.0
2026-06-29,Bengaluru,normal,8.4,0.7,1.8,1.8,1.8,3.84,0.071,0.0006,0.0
2026-06-29,Pune,normal,4.0,1.9,3.5,3.7,3.7,4.15,0.106,0.0012,0.0001
2026-06-29,Kurnool,normal,1.5,0.0,0.0,0.0,0.0,1.88,0.047,0.0003,0.0
2026-06-29,Madurai,normal,2.7,1.7,3.2,3.3,3.3,3.65,0.1006,0.0011,0.0001
2026-06-30,Nagpur,normal,19.5,12.8,16.2,15.9,14.82,8.57,0.2999,0.0082,0.001
2026-06-30,Bhopal,normal,6.1,0.4,1.1,1.1,1.67,4.08,0.0611,0.0005,0.0
2026-06-30,Raipur,normal,11.7,3.9,6.2,6.2,6.2,7.84,0.1544,0.0023,0.0002
2026-06-30,Jabalpur,normal,20.2,0.2,0.8,0.8,1.3,3.38,0.0542,0.0004,0.0
2026-06-30,Akola,normal,7.4,2.0,3.6,3.8,4.35,6.46,0.1087,0.0013,0.0001
2026-06-30,Amravati,normal,2.6,4.4,6.9,7.0,6.79,7.8,0.1652,0.0026,0.0002
2026-06-30,Aurangabad,normal,17.8,6.1,8.9,8.8,8.64,9.02,0.1986,0.0037,0.0004
2026-06-30,Bhubaneswar,normal,33.9,5.0,7.6,7.7,0.0,7.74,0.1775,0.003,0.0003
2026-06-30,Mumbai,coastal,57.5,25.0,29.3,33.61,33.61,15.5,0.5508,0.0451,0.0026
2026-06-30,Thiruvananthapuram,coastal,5.0,0.2,0.8,1.7,1.7,4.26,0.0888,0.0011,0.0
2026-06-30,Kochi,coastal,9.0,16.0,19.5,22.31,22.31,15.58,0.4636,0.0273,0.0014
2026-06-30,Mangaluru,depression,57.4,46.8,57.35,36.3,36.3,31.69,0.7663,0.0931,0.011
2026-06-30,Panaji,coastal,55.8,35.4,41.8,52.31,52.31,20.66,0.618,0.0666,0.0042
2026-06-30,Chennai,coastal,2.9,0.3,1.0,2.0,2.0,2.95,0.0943,0.0012,0.0
2026-06-30,Visakhapatnam,coastal,4.4,0.6,1.6,2.72,2.72,3.41,0.1099,0.0015,0.0
2026-06-30,Puri,coastal,22.8,9.1,12.3,14.83,14.83,11.54,0.3602,0.0146,0.0006
2026-06-30,Kolkata,coastal,10.2,4.8,7.4,10.14,10.14,7.3,0.2629,0.0075,0.0003
2026-06-30,Surat,coastal,21.6,12.9,16.4,18.7,18.7,13.43,0.4227,0.0214,0.001
2026-06-30,Mahabaleshwar,orographic,51.2,9.4,12.6,12.0,12.0,15.3,0.3152,0.0256,0.0038
2026-06-30,Munnar,orographic,11.7,4.3,6.7,5.1,5.1,12.58,0.209,0.0114,0.0014
2026-06-30,Madikeri,orographic,22.6,9.3,12.5,11.8,11.8,19.8,0.3135,0.0253,0.0038
2026-06-30,Ooty,orographic,7.6,5.2,7.9,6.4,6.4,13.79,0.2312,0.0137,0.0018
2026-06-30,Lonavala,orographic,35.3,7.0,10.0,8.9,8.9,16.47,0.2705,0.0187,0.0026
2026-06-30,Wayanad,orographic,8.0,1.8,3.4,2.0,2.0,9.5,0.1351,0.0052,0.0006
2026-06-30,Shimla,orographic,13.1,0.0,0.0,0.0,0.0,0.56,0.0627,0.0015,0.0001
2026-06-30,Dehradun,orographic,9.9,0.0,0.0,0.0,0.0,0.3,0.0627,0.0015,0.0001
2026-06-30,Srinagar,orographic,0.0,0.0,0.0,0.0,0.0,0.67,0.0627,0.0015,0.0001
2026-06-30,Gangtok,orographic,9.6,4.5,7.0,5.4,5.4,4.63,0.2141,0.0119,0.0015
2026-06-30,Guwahati,orographic,23.4,11.1,14.6,14.3,14.3,8.76,0.3427,0.0307,0.0048
2026-06-30,Cherrapunji,orographic,3.7,5.9,8.6,7.35,7.35,7.98,0.2472,0.0156,0.0021
2026-06-30,Imphal,orographic,21.9,2.6,4.5,3.0,3.0,3.71,0.1612,0.0071,0.0008
2026-06-30,Agartala,orographic,4.8,1.3,2.7,1.4,1.4,3.22,0.1173,0.0041,0.0004
2026-06-30,Lucknow,normal,0.1,0.4,1.1,1.1,1.67,2.54,0.0611,0.0005,0.0
2026-06-30,Patna,normal,2.0,4.3,6.7,6.9,6.69,5.01,0.1631,0.0026,0.0002
2026-06-30,Varanasi,normal,3.3,1.9,3.5,3.7,4.3,3.88,0.106,0.0012,0.0001
2026-06-30,Delhi,normal,4.4,2.0,3.6,3.8,4.35,3.21,0.1087,0.0013,0.0001
2026-06-30,Kanpur,normal,5.7,4.0,6.3,6.39,6.29,5.39,0.1566,0.0024,0.0002
2026-06-30,Ranchi,normal,8.8,11.5,15.0,14.62,14.7,7.47,0.2831,0.0073,0.0008
2026-06-30,Jodhpur,normal,0.0,0.0,0.0,0.0,0.0,0.3,0.047,0.0003,0.0
2026-06-30,Bikaner,normal,0.0,0.0,0.0,0.0,0.0,0.3,0.047,0.0003,0.0
2026-06-30,Jaisalmer,normal,0.0,0.0,0.0,0.0,0.0,0.3,0.047,0.0003,0.0
2026-06-30,Hyderabad,normal,1.8,0.1,0.6,0.6,0.88,2.52,0.0507,0.0004,0.0
2026-06-30,Bengaluru,normal,1.4,0.1,0.6,0.6,0.88,2.87,0.0507,0.0004,0.0
2026-06-30,Pune,normal,18.9,2.3,4.0,4.3,4.8,5.02,0.1165,0.0014,0.0001
2026-06-30,Kurnool,normal,0.7,0.1,0.6,0.6,0.88,1.86,0.0507,0.0004,0.0
2026-06-30,Madurai,normal,8.5,3.8,6.0,6.1,6.15,5.15,0.1522,0.0023,0.0002
2026-07-01,Nagpur,normal,30.0,0.2,0.8,0.8,0.8,3.31,0.0542,0.0004,0.0
2026-07-01,Bhopal,normal,3.6,4.4,6.9,7.0,7.0,5.03,0.1652,0.0026,0.0002
2026-07-01,Raipur,normal,23.2,25.0,29.3,27.4,27.4,9.28,0.4191,0.0177,0.0024
2026-07-01,Jabalpur,normal,8.3,6.9,9.9,9.6,9.6,5.97,0.213,0.0042,0.0004
2026-07-01,Akola,normal,14.2,0.5,1.4,1.4,1.4,3.07,0.0645,0.0005,0.0
2026-07-01,Amravati,normal,9.7,3.8,6.0,6.1,6.1,6.13,0.1522,0.0023,0.0002
2026-07-01,Aurangabad,normal,21.4,0.3,1.0,1.0,1.0,3.24,0.0577,0.0005,0.0
2026-07-01,Bhubaneswar,normal,48.8,8.2,11.4,11.0,0.0,8.16,0.2348,0.005,0.0005
2026-07-01,Mumbai,coastal,86.6,30.6,35.8,42.91,15.55,17.34,0.5902,0.0566,0.0034
2026-07-01,Thiruvananthapuram,coastal,1.7,0.0,0.0,0.0,0.0,1.69,0.0774,0.0009,0.0
2026-07-01,Kochi,coastal,4.1,6.6,9.4,11.73,11.73,11.42,0.3082,0.0103,0.0004
2026-07-01,Mangaluru,coastal,89.0,33.8,39.3,49.31,18.22,26.34,0.6092,0.0632,0.0039
2026-07-01,Panaji,coastal,66.9,37.3,44.1,56.21,56.21,25.27,0.6278,0.0705,0.0045
2026-07-01,Chennai,coastal,0.3,2.0,3.6,5.7,5.7,4.65,0.1717,0.0033,0.0001
2026-07-01,Visakhapatnam,coastal,1.9,1.1,2.4,3.9,3.9,3.81,0.1338,0.0022,0.0001
2026-07-01,Puri,coastal,35.3,12.1,15.5,17.6,0.2,13.54,0.4109,0.02,0.0009
2026-07-01,Kolkata,coastal,5.0,8.7,12.0,14.53,14.53,11.39,0.3526,0.0139,0.0006
2026-07-01,Surat,coastal,30.8,23.1,27.0,31.16,31.16,15.2,0.5353,0.0412,0.0023
2026-07-01,Mahabaleshwar,orographic,65.9,20.6,24.4,28.41,28.41,22.33,0.4566,0.0604,0.0111
2026-07-01,Munnar,orographic,9.1,2.9,4.9,3.32,3.32,6.58,0.1703,0.0078,0.0009
2026-07-01,Madikeri,orographic,19.8,6.1,8.9,7.75,7.75,15.42,0.2516,0.0162,0.0022
2026-07-01,Ooty,orographic,3.9,0.8,1.9,0.9,0.9,6.04,0.098,0.0031,0.0003
2026-07-01,Lonavala,orographic,79.8,28.8,34.36,44.5,44.5,23.49,0.5227,0.0871,0.0178
2026-07-01,Wayanad,orographic,12.4,1.0,2.2,1.1,1.1,4.65,0.1059,0.0035,0.0003
2026-07-01,Shimla,orographic,32.1,0.2,0.8,0.2,0.2,0.85,0.0722,0.0019,0.0002
2026-07-01,Dehradun,orographic,16.8,0.0,0.0,0.0,0.0,0.38,0.0627,0.0015,0.0001
2026-07-01,Srinagar,orographic,2.5,4.8,7.3,5.7,5.7,3.23,0.2215,0.0127,0.0016
2026-07-01,Gangtok,orographic,22.9,8.7,11.9,11.0,11.0,5.77,0.303,0.0235,0.0035
2026-07-01,Guwahati,orographic,25.7,1.0,2.2,1.1,1.1,4.49,0.1059,0.0035,0.0003
2026-07-01,Cherrapunji,orographic,6.6,7.6,10.6,9.7,9.7,7.04,0.2824,0.0204,0.0029
2026-07-01,Imphal,orographic,10.0,8.1,11.2,10.4,10.4,5.55,0.292,0.0218,0.0031
2026-07-01,Agartala,orographic,4.7,3.8,6.0,4.5,4.5,3.62,0.1958,0.0101,0.0012
2026-07-01,Lucknow,normal,11.7,3.7,5.9,6.0,6.0,3.74,0.15,0.0022,0.0002
2026-07-01,Patna,normal,7.0,14.7,18.4,18.0,18.0,7.06,0.3227,0.0096,0.0011
2026-07-01,Varanasi,normal,18.0,4.3,6.7,6.9,6.9,4.31,0.1631,0.0026,0.0002
2026-07-01,Delhi,normal,1.8,1.4,2.8,2.9,2.9,2.64,0.0921,0.001,0.0001
2026-07-01,Kanpur,normal,4.8,0.7,1.7,1.7,1.7,2.28,0.071,0.0006,0.0
2026-07-01,Ranchi,normal,9.0,20.9,24.8,23.7,23.7,8.45,0.3852,0.0144,0.0019
2026-07-01,Jodhpur,normal,0.0,0.0,0.0,0.0,0.0,0.44,0.047,0.0003,0.0
2026-07-01,Bikaner,normal,0.0,0.0,0.0,0.0,0.0,0.44,0.047,0.0003,0.0
2026-07-01,Jaisalmer,normal,0.0,0.0,0.0,0.0,0.0,0.44,0.047,0.0003,0.0
2026-07-01,Hyderabad,normal,4.0,1.9,3.5,3.7,3.7,3.32,0.106,0.0012,0.0001
2026-07-01,Bengaluru,normal,1.1,0.1,0.6,0.6,0.6,2.14,0.0507,0.0004,0.0
2026-07-01,Pune,normal,26.6,1.1,2.4,2.5,2.5,3.56,0.0833,0.0008,0.0001
2026-07-01,Kurnool,normal,0.8,0.1,0.6,0.6,0.6,2.14,0.0507,0.0004,0.0
2026-07-01,Madurai,normal,0.6,0.3,1.0,1.0,1.0,2.7,0.0577,0.0005,0.0
2026-07-02,Nagpur,normal,24.5,23.6,27.5,26.3,9.19,10.14,0.4081,0.0165,0.0022
2026-07-02,Bhopal,normal,24.0,3.8,6.0,6.1,6.15,8.54,0.1522,0.0023,0.0002
2026-07-02,Raipur,depression,30.5,31.9,37.4,16.07,34.7,15.8,0.7069,0.061,0.0064
2026-07-02,Jabalpur,normal,29.6,39.8,46.85,43.8,39.0,15.66,0.5112,0.0303,0.0047
2026-07-02,Akola,normal,12.8,3.3,5.4,5.4,5.79,6.4,0.1409,0.002,0.0002
2026-07-02,Amravati,normal,9.7,5.8,8.5,8.5,8.24,9.74,0.193,0.0035,0.0003
2026-07-02,Aurangabad,normal,2.0,7.4,10.4,10.3,10.49,7.79,0.2216,0.0045,0.0005
2026-07-02,Bhubaneswar,normal,36.6,30.8,36.0,32.4,15.6,13.75,0.46,0.0225,0.0032
2026-07-02,Mumbai,depression,55.7,56.1,64.1,45.52,45.52,39.31,0.7915,0.1132,0.0142
2026-07-02,Thiruvananthapuram,coastal,3.2,0.0,0.0,0.0,0.0,2.05,0.0774,0.0009,0.0
2026-07-02,Kochi,coastal,11.9,6.3,9.1,11.5,11.5,12.29,0.3012,0.0099,0.0004
2026-07-02,Mangaluru,depression,58.8,33.2,38.9,17.67,17.67,27.58,0.7134,0.0637,0.0067
2026-07-02,Panaji,depression,45.4,40.7,47.61,26.7,61.73,30.85,0.7456,0.0799,0.009
2026-07-02,Chennai,coastal,0.1,0.0,0.0,0.0,0.0,2.94,0.0774,0.0009,0.0
2026-07-02,Visakhapatnam,coastal,10.6,0.4,1.2,2.27,2.27,4.19,0.0996,0.0013,0.0
2026-07-02,Puri,coastal,41.3,5.4,8.1,10.6,0.0,12.38,0.2789,0.0084,0.0003
2026-07-02,Kolkata,coastal,11.5,11.3,14.8,17.0,17.0,14.15,0.3984,0.0185,0.0009
2026-07-02,Surat,depression,39.8,45.4,55.2,35.1,35.1,31.37,0.7619,0.09,0.0105
2026-07-02,Mahabaleshwar,orographic,26.2,18.5,22.3,24.8,24.8,30.74,0.4358,0.0537,0.0096
2026-07-02,Munnar,orographic,21.4,0.9,2.0,1.0,1.0,7.43,0.102,0.0033,0.0003
2026-07-02,Madikeri,orographic,22.1,5.8,8.5,7.2,7.2,19.38,0.245,0.0154,0.0021
2026-07-02,Ooty,orographic,5.5,1.7,3.2,1.8,1.8,7.07,0.1317,0.005,0.0005
2026-07-02,Lonavala,orographic,18.9,33.0,38.7,50.51,50.51,37.56,0.5497,0.1009,0.0215
2026-07-02,Wayanad,orographic,11.8,1.8,3.3,1.9,1.9,7.67,0.1351,0.0052,0.0006
2026-07-02,Shimla,orographic,4.8,4.9,7.5,5.9,5.9,3.35,0.224,0.0129,0.0017
2026-07-02,Dehradun,orographic,2.0,25.6,30.0,36.66,36.66,5.28,0.4993,0.0767,0.0151
2026-07-02,Srinagar,orographic,8.2,2.0,3.6,2.3,2.3,3.8,0.1419,0.0057,0.0006
2026-07-02,Gangtok,orographic,19.0,10.0,13.3,12.98,12.98,7.28,0.3253,0.0274,0.0042
2026-07-02,Guwahati,orographic,31.0,19.9,23.8,27.4,27.4,7.53,0.4499,0.0582,0.0106
2026-07-02,Cherrapunji,orographic,3.1,6.4,9.2,8.1,8.1,8.24,0.2581,0.017,0.0023
2026-07-02,Imphal,orographic,5.9,13.5,17.1,17.62,17.62,9.45,0.377,0.038,0.0062
2026-07-02,Agartala,orographic,5.1,1.5,3.0,1.6,1.6,5.01,0.1246,0.0046,0.0005
2026-07-02,Lucknow,normal,8.1,1.8,3.4,3.5,4.01,4.45,0.1033,0.0012,0.0001
2026-07-02,Patna,normal,3.4,6.7,9.6,9.3,9.4,6.58,0.2095,0.004,0.0004
2026-07-02,Varanasi,normal,9.2,41.9,49.61,44.7,39.14,10.81,0.5215,0.0322,0.005
2026-07-02,Delhi,normal,6.8,2.3,4.0,4.3,4.8,4.18,0.1165,0.0014,0.0001
2026-07-02,Kanpur,normal,4.0,1.9,3.5,3.7,4.3,3.72,0.106,0.0012,0.0001
2026-07-02,Ranchi,normal,9.8,18.3,22.2,21.46,19.26,8.78,0.3609,0.0123,0.0016
2026-07-02,Jodhpur,normal,2.2,0.0,0.0,0.0,0.0,0.52,0.047,0.0003,0.0
2026-07-02,Bikaner,normal,0.6,0.0,0.0,0.0,0.0,0.52,0.047,0.0003,0.0
2026-07-02,Jaisalmer,normal,0.0,0.0,0.0,0.0,0.0,0.52,0.047,0.0003,0.0
2026-07-02,Hyderabad,normal,6.9,2.7,4.6,4.8,5.0,5.83,0.1266,0.0016,0.0001
2026-07-02,Bengaluru,normal,1.2,0.4,1.2,1.2,1.7,3.29,0.0611,0.0005,0.0
2026-07-02,Pune,normal,9.4,3.4,5.6,5.7,6.0,5.71,0.1432,0.002,0.0002
2026-07-02,Kurnool,normal,8.2,0.3,1.0,1.0,1.5,3.21,0.0577,0.0005,0.0
2026-07-02,Madurai,normal,0.1,0.0,0.0,0.0,0.0,2.07,0.047,0.0003,0.0
2026-07-03,Nagpur,normal,42.0,11.7,15.2,14.92,14.7,9.96,0.2857,0.0074,0.0008
2026-07-03,Bhopal,normal,6.1,11.0,14.5,13.9,14.6,9.02,0.2763,0.0069,0.0008
2026-07-03,Raipur,normal,28.3,18.7,22.6,22.1,19.31,10.73,0.3648,0.0126,0.0016
2026-07-03,Jabalpur,normal,16.6,13.6,17.2,16.6,15.84,10.24,0.3097,0.0088,0.001
2026-07-03,Akola,normal,29.7,4.9,7.5,7.6,0.0,7.0,0.1755,0.0029,0.0003
2026-07-03,Amravati,normal,23.5,7.2,10.2,10.0,10.3,8.43,0.2182,0.0044,0.0004
2026-07-03,Aurangabad,normal,17.3,2.6,4.5,4.7,5.0,5.75,0.1241,0.0016,0.0001
2026-07-03,Bhubaneswar,normal,38.4,3.0,5.0,5.2,0.0,5.7,0.1338,0.0018,0.0002
2026-07-03,Mumbai,depression,51.8,55.4,63.9,45.52,45.52,39.07,0.7898,0.1117,0.0139
2026-07-03,Thiruvananthapuram,coastal,13.5,0.0,0.0,0.0,0.0,1.72,0.0774,0.0009,0.0
2026-07-03,Kochi,coastal,42.4,1.2,2.6,4.1,4.1,5.4,0.1383,0.0023,0.0001
2026-07-03,Mangaluru,coastal,85.6,9.5,12.7,15.18,15.18,14.06,0.3676,0.0153,0.0007
2026-07-03,Panaji,coastal,44.9,24.7,29.06,33.3,33.3,17.13,0.5485,0.0445,0.0025
2026-07-03,Chennai,coastal,1.0,0.0,0.0,0.0,0.0,1.72,0.0774,0.0009,0.0
2026-07-03,Visakhapatnam,coastal,22.3,3.4,5.5,8.3,8.3,6.47,0.2212,0.0053,0.0002
2026-07-03,Puri,coastal,42.3,16.8,20.6,23.1,3.65,15.33,0.473,0.0288,0.0015
2026-07-03,Kolkata,coastal,4.2,0.9,2.0,3.4,3.4,5.48,0.1246,0.0019,0.0001
2026-07-03,Surat,coastal,74.0,34.3,39.9,50.8,18.77,22.15,0.612,0.0643,0.004
2026-07-03,Mahabaleshwar,orographic,103.2,8.8,12.0,11.24,11.24,16.37,0.3047,0.0238,0.0035
2026-07-03,Munnar,orographic,60.9,2.1,3.8,2.4,2.4,6.26,0.1452,0.0059,0.0006
2026-07-03,Madikeri,orographic,40.5,3.0,5.0,3.5,3.5,9.1,0.1733,0.0081,0.0009
2026-07-03,Ooty,orographic,10.3,1.0,2.2,1.1,1.1,4.81,0.1059,0.0035,0.0003
2026-07-03,Lonavala,orographic,60.8,26.1,30.6,37.6,37.6,24.87,0.5032,0.0783,0.0155
2026-07-03,Wayanad,orographic,15.8,0.0,0.0,0.0,0.0,2.54,0.0627,0.0015,0.0001
2026-07-03,Shimla,orographic,16.2,40.8,47.81,63.1,63.1,9.2,0.5913,0.1262,0.0289
2026-07-03,Dehradun,orographic,3.2,18.8,22.8,25.2,25.2,6.4,0.4389,0.0547,0.0098
2026-07-03,Srinagar,orographic,6.7,0.0,0.0,0.0,0.0,0.5,0.0627,0.0015,0.0001
2026-07-03,Gangtok,orographic,12.8,12.1,15.5,15.6,15.6,6.43,0.3576,0.0337,0.0054
2026-07-03,Guwahati,orographic,7.9,18.9,22.9,25.36,25.36,9.79,0.4399,0.055,0.0099
2026-07-03,Cherrapunji,orographic,4.4,20.1,24.0,27.6,27.6,9.84,0.4518,0.0588,0.0108
2026-07-03,Imphal,orographic,5.3,8.5,11.7,10.8,10.8,7.22,0.2993,0.023,0.0034
2026-07-03,Agartala,orographic,8.9,14.4,18.1,18.87,18.87,6.81,0.3887,0.0408,0.0068
2026-07-03,Lucknow,normal,8.7,8.7,12.0,11.8,12.5,5.33,0.2427,0.0053,0.0006
2026-07-03,Patna,normal,0.4,0.9,2.0,2.2,2.4,3.11,0.0773,0.0007,0.0001
2026-07-03,Varanasi,normal,6.3,9.9,13.2,12.8,13.03,7.18,0.2608,0.0062,0.0007
2026-07-03,Delhi,normal,0.5,36.3,43.0,38.7,38.41,8.82,0.4927,0.0272,0.0041
2026-07-03,Kanpur,normal,8.5,27.0,31.96,29.2,30.0,7.16,0.4341,0.0193,0.0027
2026-07-03,Ranchi,normal,4.7,13.3,16.8,16.4,15.5,7.72,0.3061,0.0086,0.001
2026-07-03,Jodhpur,normal,10.4,0.0,0.0,0.0,0.0,0.21,0.047,0.0003,0.0
2026-07-03,Bikaner,normal,2.3,0.3,1.0,1.0,1.5,0.69,0.0577,0.0005,0.0
2026-07-03,Jaisalmer,normal,0.0,0.0,0.0,0.0,0.0,0.21,0.047,0.0003,0.0
2026-07-03,Hyderabad,normal,7.1,1.3,2.7,2.8,3.0,3.98,0.0892,0.0009,0.0001
2026-07-03,Bengaluru,normal,2.9,0.0,0.0,0.0,0.0,1.42,0.047,0.0003,0.0
2026-07-03,Pune,normal,23.4,2.1,3.8,4.0,4.6,4.56,0.1113,0.0013,0.0001
2026-07-03,Kurnool,normal,3.3,0.0,0.0,0.0,0.0,1.42,0.047,0.0003,0.0
2026-07-03,Madurai,normal,1.3,0.0,0.0,0.0,0.0,0.91,0.047,0.0003,0.0
2026-07-04,Nagpur,normal,16.6,1.5,3.0,3.1,3.4,4.56,0.095,0.001,0.0001
2026-07-04,Bhopal,normal,18.1,5.3,8.0,8.0,7.5,7.68,0.1834,0.0032,0.0003
2026-07-04,Raipur,normal,24.3,9.6,12.8,12.7,0.0,8.87,0.2564,0.006,0.0006
2026-07-04,Jabalpur,normal,7.9,9.6,12.8,12.7,12.93,8.66,0.2564,0.006,0.0006
2026-07-04,Akola,normal,40.0,0.2,0.8,0.8,1.3,3.06,0.0542,0.0004,0.0
2026-07-04,Amravati,normal,18.9,1.3,2.7,2.8,3.0,4.22,0.0892,0.0009,0.0001
2026-07-04,Aurangabad,normal,15.1,3.4,5.5,5.6,6.0,5.29,0.1432,0.002,0.0002
2026-07-04,Bhubaneswar,normal,234.8,9.9,13.2,12.8,0.0,7.95,0.2608,0.0062,0.0007
2026-07-04,Mumbai,depression,78.1,57.7,65.8,47.65,47.65,38.76,0.7953,0.1166,0.0148
2026-07-04,Thiruvananthapuram,coastal,14.9,3.7,5.9,8.8,8.8,5.72,0.2307,0.0058,0.0002
2026-07-04,Kochi,coastal,18.7,17.2,21.0,23.26,23.26,11.18,0.4776,0.0296,0.0015
2026-07-04,Mangaluru,coastal,32.2,27.5,32.6,37.4,37.4,16.33,0.5695,0.0502,0.0029
2026-07-04,Panaji,coastal,58.1,27.0,31.96,36.3,36.3,16.66,0.5659,0.0492,0.0029
2026-07-04,Chennai,coastal,5.8,0.0,0.0,0.0,0.0,1.52,0.0774,0.0009,0.0
2026-07-04,Visakhapatnam,coastal,20.1,26.2,30.8,35.7,35.7,13.56,0.56,0.0475,0.0027
2026-07-04,Puri,coastal,65.6,12.7,16.1,18.3,1.6,13.15,0.4198,0.0211,0.001
2026-07-04,Kolkata,coastal,7.7,18.0,21.8,23.96,23.96,11.18,0.4865,0.0311,0.0016
2026-07-04,Surat,depression,33.9,62.2,71.8,50.56,50.56,34.04,0.805,0.1263,0.0164
2026-07-04,Mahabaleshwar,orographic,183.3,33.4,39.0,50.95,50.95,27.15,0.5521,0.1022,0.0218
2026-07-04,Munnar,orographic,46.8,0.6,1.6,0.7,0.7,3.71,0.0897,0.0026,0.0002
2026-07-04,Madikeri,orographic,30.5,8.2,11.4,10.5,10.5,11.51,0.2938,0.0221,0.0032
2026-07-04,Ooty,orographic,11.7,0.0,0.0,0.0,0.0,2.0,0.0627,0.0015,0.0001
2026-07-04,Lonavala,orographic,85.5,70.9,78.1,94.0,94.0,40.19,0.6934,0.2193,0.0619
2026-07-04,Wayanad,orographic,20.2,0.0,0.0,0.0,0.0,1.5,0.0627,0.0015,0.0001
2026-07-04,Shimla,orographic,12.1,9.7,12.9,12.3,12.3,7.37,0.3203,0.0265,0.004
2026-07-04,Dehradun,orographic,3.9,20.5,24.3,28.3,28.3,7.39,0.4556,0.0601,0.0111
2026-07-04,Srinagar,orographic,2.0,1.0,2.2,1.1,1.1,1.39,0.1059,0.0035,0.0003
2026-07-04,Gangtok,orographic,10.5,19.1,23.0,25.61,25.61,7.14,0.4419,0.0556,0.01
2026-07-04,Guwahati,orographic,1.8,10.6,14.0,13.9,13.9,8.04,0.3349,0.0292,0.0045
2026-07-04,Cherrapunji,orographic,7.1,13.4,17.0,17.5,17.5,8.11,0.3757,0.0377,0.0062
2026-07-04,Imphal,orographic,17.6,5.3,8.0,6.5,6.5,6.62,0.2335,0.014,0.0018
2026-07-04,Agartala,orographic,10.4,7.9,10.9,10.04,10.04,6.74,0.2882,0.0212,0.003
2026-07-04,Lucknow,normal,3.2,13.2,16.7,16.31,15.26,7.54,0.3049,0.0085,0.001
2026-07-04,Patna,normal,0.6,0.8,1.9,2.0,2.3,2.15,0.0741,0.0007,0.0
2026-07-04,Varanasi,normal,0.0,9.9,13.2,12.8,13.03,7.26,0.2608,0.0062,0.0007
2026-07-04,Delhi,normal,1.4,0.4,1.2,1.2,1.7,2.63,0.0611,0.0005,0.0
2026-07-04,Kanpur,normal,2.3,18.6,22.5,21.9,19.3,7.94,0.3638,0.0126,0.0016
2026-07-04,Ranchi,normal,4.1,3.6,5.8,5.9,6.1,4.75,0.1478,0.0021,0.0002
2026-07-04,Jodhpur,normal,4.3,0.0,0.0,0.0,0.0,0.39,0.047,0.0003,0.0
2026-07-04,Bikaner,normal,0.1,0.0,0.0,0.0,0.0,0.62,0.047,0.0003,0.0
2026-07-04,Jaisalmer,normal,0.0,0.0,0.0,0.0,0.0,0.39,0.047,0.0003,0.0
2026-07-04,Hyderabad,normal,10.7,0.7,1.8,1.8,2.2,2.79,0.071,0.0006,0.0
2026-07-04,Bengaluru,normal,3.9,0.0,0.0,0.0,0.0,0.78,0.047,0.0003,0.0
2026-07-04,Pune,normal,27.4,4.1,6.4,6.6,6.39,4.43,0.1588,0.0024,0.0002
2026-07-04,Kurnool,normal,2.1,0.0,0.0,0.0,0.0,0.78,0.047,0.0003,0.0
2026-07-04,Madurai,normal,3.0,0.0,0.0,0.0,0.0,0.78,0.047,0.0003,0.0
2026-07-05,Nagpur,normal,12.3,3.5,5.7,5.9,5.9,5.19,0.1455,0.0021,0.0002
2026-07-05,Bhopal,normal,10.5,3.0,5.0,5.2,5.2,5.44,0.1338,0.0018,0.0002
2026-07-05,Raipur,normal,62.9,23.7,27.6,26.41,9.19,10.12,0.4089,0.0166,0.0022
2026-07-05,Jabalpur,normal,11.1,5.2,7.9,7.9,7.9,8.09,0.1815,0.0031,0.0003
2026-07-05,Akola,normal,3.2,0.3,1.0,1.0,1.0,2.54,0.0577,0.0005,0.0
2026-07-05,Amravati,normal,5.1,1.4,2.8,2.9,2.9,3.6,0.0921,0.001,0.0001
2026-07-05,Aurangabad,normal,6.6,3.2,5.3,5.3,5.3,4.84,0.1386,0.0019,0.0002
2026-07-05,Bhubaneswar,normal,47.9,4.0,6.3,6.39,0.0,6.48,0.1566,0.0024,0.0002
2026-07-05,Mumbai,depression,136.9,164.4,163.0,136.99,136.99,39.52,0.9011,0.3197,0.0643
2026-07-05,Thiruvananthapuram,coastal,4.5,1.0,2.2,3.6,3.6,4.47,0.1292,0.002,0.0001
2026-07-05,Kochi,coastal,3.3,9.7,12.9,15.4,15.4,13.25,0.3712,0.0157,0.0007
2026-07-05,Mangaluru,coastal,14.1,17.0,20.8,23.2,23.2,15.1,0.4753,0.0292,0.0015
2026-07-05,Panaji,coastal,48.0,34.2,39.8,50.42,50.42,21.08,0.6115,0.0641,0.004
2026-07-05,Chennai,coastal,0.0,0.0,0.0,0.0,0.0,1.64,0.0774,0.0009,0.0
2026-07-05,Visakhapatnam,coastal,6.4,0.9,2.0,3.2,3.2,5.19,0.1246,0.0019,0.0001
2026-07-05,Puri,coastal,16.8,5.2,7.9,10.5,0.0,11.52,0.2736,0.0081,0.0003
2026-07-05,Kolkata,coastal,13.1,5.3,8.0,10.6,10.6,11.72,0.2763,0.0082,0.0003
2026-07-05,Surat,depression,22.9,41.8,49.51,29.74,29.74,31.6,0.7497,0.0823,0.0093
2026-07-05,Mahabaleshwar,orographic,250.8,193.1,205.0,205.0,205.0,42.59,0.8367,0.4868,0.2212
2026-07-05,Munnar,orographic,17.3,1.4,2.8,1.5,1.5,4.28,0.121,0.0043,0.0004
2026-07-05,Madikeri,orographic,8.6,6.2,9.0,7.9,7.9,15.57,0.2538,0.0165,0.0022
2026-07-05,Ooty,orographic,3.0,0.0,0.0,0.0,0.0,1.62,0.0627,0.0015,0.0001
2026-07-05,Lonavala,orographic,169.2,212.2,216.4,211.0,211.0,48.15,0.847,0.5156,0.2459
2026-07-05,Wayanad,orographic,6.5,0.6,1.6,0.7,0.7,3.13,0.0897,0.0026,0.0002
2026-07-05,Shimla,orographic,2.3,9.7,12.9,12.3,12.3,6.81,0.3203,0.0265,0.004
2026-07-05,Dehradun,orographic,3.6,30.5,35.76,46.16,46.16,8.36,0.5341,0.0927,0.0192
2026-07-05,Srinagar,orographic,0.0,0.0,0.0,0.0,0.0,0.64,0.0627,0.0015,0.0001
2026-07-05,Gangtok,orographic,21.3,8.3,11.5,10.5,10.5,6.04,0.2957,0.0224,0.0033
2026-07-05,Guwahati,orographic,1.5,16.2,19.7,21.2,21.2,9.15,0.4106,0.0464,0.008
2026-07-05,Cherrapunji,orographic,26.6,9.1,12.3,11.5,11.5,7.88,0.31,0.0247,0.0037
2026-07-05,Imphal,orographic,13.6,5.7,8.5,7.1,7.1,6.97,0.2427,0.0151,0.002
2026-07-05,Agartala,orographic,18.5,8.2,11.4,10.5,10.5,7.1,0.2938,0.0221,0.0032
2026-07-05,Lucknow,normal,3.1,6.6,9.5,9.2,9.2,6.53,0.2077,0.004,0.0004
2026-07-05,Patna,normal,4.2,0.5,1.4,1.4,1.4,2.09,0.0645,0.0005,0.0
2026-07-05,Varanasi,normal,6.3,4.1,6.5,6.7,6.7,5.23,0.1588,0.0024,0.0002
2026-07-05,Delhi,normal,3.7,0.4,1.2,1.2,1.2,1.68,0.0611,0.0005,0.0
2026-07-05,Kanpur,normal,8.1,3.1,5.1,5.24,5.24,4.55,0.1362,0.0019,0.0002
2026-07-05,Ranchi,normal,5.9,18.2,22.1,21.4,21.4,7.42,0.3599,0.0123,0.0015
2026-07-05,Jodhpur,normal,2.0,0.0,0.0,0.0,0.0,0.45,0.047,0.0003,0.0
2026-07-05,Bikaner,normal,1.5,0.8,1.8,1.9,1.9,1.48,0.0741,0.0007,0.0
2026-07-05,Jaisalmer,normal,0.0,0.0,0.0,0.0,0.0,0.45,0.047,0.0003,0.0
2026-07-05,Hyderabad,normal,4.5,0.1,0.6,0.6,0.6,2.4,0.0507,0.0004,0.0
2026-07-05,Bengaluru,normal,1.2,0.0,0.0,0.0,0.0,0.87,0.047,0.0003,0.0
2026-07-05,Pune,normal,87.7,26.9,31.8,29.2,29.2,7.76,0.4333,0.0192,0.0027
2026-07-05,Kurnool,normal,0.2,0.0,0.0,0.0,0.0,0.87,0.047,0.0003,0.0
2026-07-05,Madurai,normal,0.0,0.0,0.0,0.0,0.0,0.87,0.047,0.0003,0.0
2026-07-06,Nagpur,active,2.4,10.5,13.9,13.97,13.3,12.05,0.3183,0.0118,0.0017
2026-07-06,Bhopal,depression,11.6,62.0,71.8,50.56,61.3,17.65,0.8046,0.1258,0.0164
2026-07-06,Raipur,depression,48.3,16.1,19.5,2.4,2.4,17.23,0.5845,0.0283,0.0024
2026-07-06,Jabalpur,depression,16.2,20.3,24.01,6.08,23.11,15.38,0.6277,0.0367,0.0034
2026-07-06,Akola,depression,0.4,79.1,84.7,59.5,79.5,14.1,0.8338,0.1619,0.0231
2026-07-06,Amravati,depression,1.2,81.1,86.9,61.74,80.0,15.45,0.8366,0.1661,0.024
2026-07-06,Aurangabad,depression,19.3,28.7,34.21,14.36,30.7,14.86,0.6891,0.0542,0.0055
2026-07-06,Bhubaneswar,active,18.2,2.9,4.9,5.35,0.0,7.84,0.1609,0.0032,0.0004
2026-07-06,Mumbai,depression,131.8,182.3,205.0,136.99,136.99,43.65,0.9084,0.3477,0.074
2026-07-06,Thiruvananthapuram,coastal,0.3,3.1,5.1,7.9,7.9,6.56,0.2114,0.0049,0.0002
2026-07-06,Kochi,coastal,0.6,12.3,15.7,17.7,17.7,15.29,0.4139,0.0203,0.001
2026-07-06,Mangaluru,depression,20.3,31.8,37.0,15.97,44.8,23.96,0.7063,0.0608,0.0063
2026-07-06,Panaji,depression,41.7,48.1,57.7,36.4,77.4,37.56,0.7703,0.0959,0.0114
2026-07-06,Chennai,coastal,0.0,0.0,0.0,0.0,0.0,2.29,0.0774,0.0009,0.0
2026-07-06,Visakhapatnam,coastal,0.3,0.5,1.4,2.5,2.5,4.69,0.1048,0.0014,0.0
2026-07-06,Puri,coastal,1.6,0.0,0.0,0.0,0.0,3.53,0.0774,0.0009,0.0
2026-07-06,Kolkata,coastal,15.7,0.6,1.6,2.72,2.72,5.34,0.1099,0.0015,0.0
2026-07-06,Surat,depression,59.8,14.3,18.0,1.7,1.7,20.1,0.5621,0.0248,0.0021
2026-07-06,Mahabaleshwar,orographic,204.1,162.7,163.0,149.41,149.41,74.46,0.8166,0.435,0.1811
2026-07-06,Munnar,orographic,10.4,4.7,7.2,5.6,5.6,11.58,0.2191,0.0124,0.0016
2026-07-06,Madikeri,orographic,19.6,15.6,19.2,20.22,20.22,33.47,0.4035,0.0445,0.0076
2026-07-06,Ooty,orographic,2.8,2.6,4.5,3.0,3.0,7.95,0.1612,0.0071,0.0008
2026-07-06,Lonavala,orographic,219.6,258.5,312.81,231.35,231.35,74.46,0.8668,0.5752,0.3033
2026-07-06,Wayanad,orographic,9.9,4.6,7.1,5.5,5.5,11.13,0.2166,0.0121,0.0015
2026-07-06,Shimla,orographic,6.8,28.9,34.46,44.51,44.51,9.87,0.5234,0.0874,0.0178
2026-07-06,Dehradun,orographic,3.1,28.3,33.7,43.51,43.51,11.12,0.5192,0.0855,0.0173
2026-07-06,Srinagar,orographic,0.0,0.0,0.0,0.0,0.0,0.79,0.0627,0.0015,0.0001
2026-07-06,Gangtok,orographic,44.8,7.6,10.6,9.7,9.7,7.11,0.2824,0.0204,0.0029
2026-07-06,Guwahati,orographic,20.1,10.6,14.0,13.9,13.9,15.29,0.3349,0.0292,0.0045
2026-07-06,Cherrapunji,orographic,53.6,14.1,17.7,18.4,18.4,14.1,0.3849,0.0398,0.0066
2026-07-06,Imphal,orographic,21.9,13.5,17.1,17.62,17.62,13.13,0.377,0.038,0.0062
2026-07-06,Agartala,orographic,26.8,1.2,2.6,1.3,1.3,7.89,0.1136,0.0039,0.0004
2026-07-06,Lucknow,active,1.2,8.1,11.2,11.5,11.0,7.19,0.278,0.0089,0.0012
2026-07-06,Patna,active,4.4,0.1,0.6,0.88,0.6,2.44,0.0633,0.0007,0.0001
2026-07-06,Varanasi,active,10.2,1.0,2.2,2.5,2.3,3.86,0.0996,0.0014,0.0001
2026-07-06,Delhi,active,0.5,8.9,12.1,12.53,12.0,5.55,0.2922,0.0098,0.0014
2026-07-06,Kanpur,active,4.3,4.8,7.3,7.0,7.5,5.99,0.21,0.0051,0.0006
2026-07-06,Ranchi,active,16.5,1.9,3.5,4.3,3.7,5.81,0.1306,0.0022,0.0002
2026-07-06,Jodhpur,active,1.7,1.1,2.4,2.7,2.5,2.73,0.1033,0.0015,0.0001
2026-07-06,Bikaner,active,0.0,0.2,0.8,1.3,0.8,2.35,0.0677,0.0007,0.0001
2026-07-06,Jaisalmer,active,0.0,0.0,0.0,0.0,0.0,1.21,0.0588,0.0006,0.0
2026-07-06,Hyderabad,active,1.8,0.2,0.8,1.3,0.8,3.52,0.0677,0.0007,0.0001
2026-07-06,Bengaluru,active,1.1,0.7,1.8,2.2,1.8,3.59,0.0882,0.0011,0.0001
2026-07-06,Pune,active,44.2,110.5,106.75,103.67,80.2,16.62,0.7519,0.1615,0.0463
2026-07-06,Kurnool,active,1.3,0.0,0.0,0.0,0.0,1.92,0.0588,0.0006,0.0
2026-07-06,Madurai,active,0.0,0.0,0.0,0.0,0.0,1.92,0.0588,0.0006,0.0
2026-07-07,Nagpur,normal,3.2,7.1,10.1,9.88,9.88,8.61,0.2165,0.0043,0.0004
2026-07-07,Bhopal,normal,15.2,19.2,23.1,22.5,22.5,11.99,0.3696,0.013,0.0017
2026-07-07,Raipur,normal,2.5,0.5,1.4,1.4,1.4,4.04,0.0645,0.0005,0.0
2026-07-07,Jabalpur,normal,18.5,6.9,9.9,9.6,9.6,8.79,0.213,0.0042,0.0004
2026-07-07,Akola,normal,8.4,4.0,6.3,6.39,6.39,7.58,0.1566,0.0024,0.0002
2026-07-07,Amravati,normal,6.1,5.5,8.2,8.28,8.28,9.15,0.1873,0.0033,0.0003
2026-07-07,Aurangabad,normal,17.0,16.1,19.6,19.46,19.46,10.65,0.3382,0.0107,0.0013
2026-07-07,Bhubaneswar,normal,6.1,0.6,1.6,1.6,1.6,3.46,0.0677,0.0006,0.0
2026-07-07,Mumbai,depression,55.4,107.4,105.4,83.43,83.43,38.39,0.8655,0.2187,0.0356
2026-07-07,Thiruvananthapuram,coastal,1.9,8.2,11.4,13.8,13.8,10.34,0.3427,0.013,0.0006
2026-07-07,Kochi,coastal,2.8,38.1,45.2,58.5,58.5,23.56,0.6318,0.0722,0.0047
2026-07-07,Mangaluru,coastal,34.0,38.1,45.2,58.5,58.5,24.38,0.6318,0.0722,0.0047
2026-07-07,Panaji,depression,35.4,63.0,72.25,50.92,100.1,38.85,0.8066,0.128,0.0167
2026-07-07,Chennai,coastal,0.5,0.0,0.0,0.0,0.0,1.79,0.0774,0.0009,0.0
2026-07-07,Visakhapatnam,coastal,0.5,3.6,5.8,8.6,8.6,6.54,0.2276,0.0056,0.0002
2026-07-07,Puri,coastal,2.3,2.1,3.8,5.9,5.9,5.3,0.1755,0.0035,0.0001
2026-07-07,Kolkata,coastal,30.4,1.1,2.4,3.9,3.9,4.13,0.1338,0.0022,0.0001
2026-07-07,Surat,depression,47.5,77.2,83.41,59.32,59.32,34.31,0.831,0.158,0.0223
2026-07-07,Mahabaleshwar,orographic,142.4,97.2,93.7,106.04,106.04,47.01,0.7451,0.2916,0.0945
2026-07-07,Munnar,orographic,14.3,4.8,7.3,5.7,5.7,13.81,0.2215,0.0127,0.0016
2026-07-07,Madikeri,orographic,19.0,19.6,23.5,26.9,26.9,22.33,0.4469,0.0572,0.0104
2026-07-07,Ooty,orographic,4.0,3.0,5.0,3.5,3.5,7.0,0.1733,0.0081,0.0009
2026-07-07,Lonavala,orographic,75.9,142.0,145.6,146.51,146.51,47.01,0.7993,0.3948,0.1535
2026-07-07,Wayanad,orographic,15.1,11.9,15.3,15.3,15.3,18.38,0.3547,0.0331,0.0052
2026-07-07,Shimla,orographic,8.9,7.5,10.5,9.5,9.5,6.46,0.2805,0.0201,0.0028
2026-07-07,Dehradun,orographic,3.7,11.1,14.6,14.3,14.3,7.51,0.3427,0.0307,0.0048
2026-07-07,Srinagar,orographic,4.5,0.4,1.2,0.4,0.4,1.0,0.0811,0.0022,0.0002
2026-07-07,Gangtok,orographic,37.1,12.7,16.1,16.6,16.6,7.65,0.3661,0.0355,0.0057
2026-07-07,Guwahati,orographic,36.5,17.0,20.8,23.02,23.02,9.78,0.4196,0.0489,0.0085
2026-07-07,Cherrapunji,orographic,28.2,21.0,24.9,29.01,29.01,10.02,0.4603,0.0617,0.0114
2026-07-07,Imphal,orographic,20.4,15.4,19.0,19.8,19.8,9.48,0.4011,0.0439,0.0075
2026-07-07,Agartala,orographic,25.5,10.4,13.8,13.6,13.6,5.63,0.3317,0.0286,0.0044
2026-07-07,Lucknow,normal,28.1,0.0,0.0,0.0,0.0,1.66,0.047,0.0003,0.0
2026-07-07,Patna,normal,3.2,1.9,3.5,3.7,3.7,3.02,0.106,0.0012,0.0001
2026-07-07,Varanasi,normal,23.8,1.1,2.4,2.5,2.5,2.71,0.0833,0.0008,0.0001
2026-07-07,Delhi,normal,8.4,0.5,1.4,1.4,1.4,2.81,0.0645,0.0005,0.0
2026-07-07,Kanpur,normal,12.1,0.0,0.0,0.0,0.0,1.64,0.047,0.0003,0.0
2026-07-07,Ranchi,normal,11.5,0.2,0.8,0.8,0.8,1.9,0.0542,0.0004,0.0
2026-07-07,Jodhpur,normal,4.4,34.7,40.45,37.3,37.3,7.37,0.4837,0.0259,0.0038
2026-07-07,Bikaner,normal,2.4,0.3,1.0,1.0,1.0,1.47,0.0577,0.0005,0.0
2026-07-07,Jaisalmer,normal,0.0,0.0,0.0,0.0,0.0,0.54,0.047,0.0003,0.0
2026-07-07,Hyderabad,normal,2.2,0.4,1.2,1.2,1.2,2.63,0.0611,0.0005,0.0
2026-07-07,Bengaluru,normal,0.9,1.4,2.8,2.9,2.9,3.55,0.0921,0.001,0.0001
2026-07-07,Pune,normal,15.4,37.4,44.2,40.51,40.51,13.77,0.4987,0.0282,0.0043
2026-07-07,Kurnool,normal,1.6,0.3,1.0,1.0,1.0,1.97,0.0577,0.0005,0.0
2026-07-07,Madurai,normal,0.0,0.0,0.0,0.0,0.0,1.0,0.047,0.0003,0.0
2026-07-08,Nagpur,break,2.2,0.5,1.4,1.6,1.4,3.09,0.0718,0.0007,0.0
2026-07-08,Bhopal,break,10.2,7.0,10.0,11.37,9.7,7.6,0.2348,0.0055,0.0002
2026-07-08,Raipur,break,0.8,4.2,6.6,8.2,6.8,4.57,0.1771,0.0032,0.0001
2026-07-08,Jabalpur,break,18.7,3.5,5.6,7.4,5.8,5.49,0.1604,0.0027,0.0001
2026-07-08,Akola,break,1.7,1.8,3.4,4.5,3.5,3.93,0.1145,0.0015,0.0
2026-07-08,Amravati,break,1.1,2.7,4.6,6.34,4.8,4.77,0.1399,0.0021,0.0001
2026-07-08,Aurangabad,break,23.5,8.5,11.7,12.62,11.5,7.59,0.2612,0.0068,0.0003
2026-07-08,Bhubaneswar,break,0.1,0.0,0.0,0.0,0.0,1.19,0.0525,0.0004,0.0
2026-07-08,Mumbai,depression,25.9,57.9,65.8,47.85,92.31,40.29,0.7957,0.117,0.0148
2026-07-08,Thiruvananthapuram,coastal,7.3,14.2,17.9,21.0,21.0,13.03,0.4408,0.0239,0.0012
2026-07-08,Kochi,coastal,31.0,50.0,59.3,77.65,77.65,32.94,0.6811,0.0973,0.0069
2026-07-08,Mangaluru,coastal,38.5,36.0,42.7,53.16,53.16,25.71,0.6212,0.0678,0.0043
2026-07-08,Panaji,depression,40.5,44.7,53.41,34.78,72.4,34.32,0.7596,0.0885,0.0103
2026-07-08,Chennai,coastal,0.2,0.1,0.6,1.3,1.3,2.36,0.0832,0.001,0.0
2026-07-08,Visakhapatnam,coastal,0.2,1.1,2.4,3.9,3.9,4.14,0.1338,0.0022,0.0001
2026-07-08,Puri,coastal,0.6,7.0,10.0,12.6,12.6,8.95,0.3173,0.011,0.0005
2026-07-08,Kolkata,coastal,9.7,3.3,5.4,8.19,8.19,5.15,0.218,0.0052,0.0002
2026-07-08,Surat,depression,30.6,38.3,45.6,24.31,58.85,31.27,0.7362,0.0747,0.0082
2026-07-08,Mahabaleshwar,orographic,100.9,24.8,29.1,35.4,35.4,27.24,0.493,0.0741,0.0144
2026-07-08,Munnar,orographic,37.8,3.8,6.0,4.5,4.5,9.66,0.1958,0.0101,0.0012
2026-07-08,Madikeri,orographic,23.9,19.5,23.3,26.61,26.61,21.07,0.4459,0.0569,0.0103
2026-07-08,Ooty,orographic,16.0,2.2,3.9,2.5,2.5,6.11,0.1485,0.0062,0.0007
2026-07-08,Lonavala,orographic,92.7,57.3,65.0,88.81,88.81,49.32,0.6555,0.1785,0.0462
2026-07-08,Wayanad,orographic,23.0,7.2,10.2,9.2,9.2,14.87,0.2746,0.0192,0.0027
2026-07-08,Shimla,orographic,9.0,7.7,10.7,9.8,9.8,5.45,0.2844,0.0207,0.0029
2026-07-08,Dehradun,orographic,16.2,16.8,20.6,22.5,22.5,6.57,0.4174,0.0483,0.0084
2026-07-08,Srinagar,orographic,2.1,0.0,0.0,0.0,0.0,0.36,0.0627,0.0015,0.0001
2026-07-08,Gangtok,orographic,12.3,2.7,4.6,3.1,3.1,3.26,0.1643,0.0073,0.0008
2026-07-08,Guwahati,orographic,25.0,20.7,24.6,28.72,28.72,9.3,0.4575,0.0608,0.0112
2026-07-08,Cherrapunji,orographic,75.9,56.5,64.7,88.6,88.6,19.15,0.6529,0.176,0.0453
2026-07-08,Imphal,orographic,14.0,14.7,18.4,19.1,19.1,8.5,0.3925,0.0417,0.007
2026-07-08,Agartala,orographic,52.6,4.9,7.5,5.9,5.9,5.85,0.224,0.0129,0.0017
2026-07-08,Lucknow,break,25.5,0.3,1.0,1.1,1.0,1.01,0.0643,0.0006,0.0
2026-07-08,Patna,break,2.1,2.2,3.9,5.3,4.2,3.37,0.1261,0.0018,0.0001
2026-07-08,Varanasi,break,2.6,1.6,3.1,4.2,3.2,2.58,0.1084,0.0014,0.0
2026-07-08,Delhi,break,11.8,0.6,1.6,2.01,1.6,1.78,0.0754,0.0008,0.0
2026-07-08,Kanpur,break,23.9,2.1,3.8,4.9,4.0,2.8,0.1233,0.0017,0.0001
2026-07-08,Ranchi,break,2.7,0.2,0.8,1.0,0.8,1.32,0.0605,0.0005,0.0
2026-07-08,Jodhpur,break,2.3,0.9,2.0,3.0,2.1,3.4,0.0859,0.0009,0.0
2026-07-08,Bikaner,break,0.7,5.1,7.7,9.28,7.8,4.27,0.1971,0.0039,0.0001
2026-07-08,Jaisalmer,break,0.0,0.0,0.0,0.0,0.0,0.43,0.0525,0.0004,0.0
2026-07-08,Hyderabad,break,0.8,0.0,0.0,0.0,0.0,1.14,0.0525,0.0004,0.0
2026-07-08,Bengaluru,break,2.3,0.0,0.0,0.0,0.0,1.25,0.0525,0.0004,0.0
2026-07-08,Pune,break,45.2,10.3,13.6,15.2,13.1,8.38,0.2896,0.0084,0.0004
2026-07-08,Kurnool,break,2.3,0.1,0.6,0.7,0.6,2.09,0.0565,0.0005,0.0
2026-07-08,Madurai,break,1.3,0.0,0.0,0.0,0.0,0.79,0.0525,0.0004,0.0
2026-07-09,Nagpur,normal,0.5,1.9,3.5,3.7,4.54,3.34,0.106,0.0012,0.0001
2026-07-09,Bhopal,normal,13.8,1.6,3.1,3.2,4.2,4.19,0.0978,0.0011,0.0001
2026-07-09,Raipur,normal,5.3,1.1,2.4,2.5,3.4,3.5,0.0833,0.0008,0.0001
2026-07-09,Jabalpur,normal,10.4,6.4,9.2,9.0,10.57,6.49,0.2041,0.0038,0.0004
2026-07-09,Akola,normal,0.4,8.9,12.1,12.0,13.07,6.26,0.2458,0.0055,0.0006
2026-07-09,Amravati,normal,0.1,3.5,5.6,5.8,7.4,4.9,0.1455,0.0021,0.0002
2026-07-09,Aurangabad,normal,0.4,0.7,1.7,1.7,2.3,3.25,0.071,0.0006,0.0
2026-07-09,Bhubaneswar,normal,1.7,15.0,18.7,18.4,20.63,6.43,0.3261,0.0098,0.0012
2026-07-09,Mumbai,coastal,4.0,10.3,13.6,16.0,16.0,14.29,0.3818,0.0167,0.0008
2026-07-09,Thiruvananthapuram,coastal,1.7,1.8,3.4,5.2,5.2,5.52,0.1637,0.0031,0.0001
2026-07-09,Kochi,coastal,27.1,9.1,12.3,14.83,14.83,13.91,0.3602,0.0146,0.0006
2026-07-09,Mangaluru,coastal,30.9,28.3,33.7,39.0,39.0,17.46,0.575,0.0518,0.0031
2026-07-09,Panaji,coastal,15.0,18.7,22.6,24.7,24.7,15.06,0.4939,0.0325,0.0017
2026-07-09,Chennai,coastal,5.2,0.7,1.7,2.9,2.9,2.86,0.1149,0.0017,0.0
2026-07-09,Visakhapatnam,coastal,0.8,0.8,1.9,3.1,3.1,3.22,0.1198,0.0018,0.0001
2026-07-09,Puri,coastal,0.4,10.0,13.3,15.8,15.8,11.72,0.3766,0.0162,0.0007
2026-07-09,Kolkata,coastal,40.9,10.1,13.4,15.8,0.0,10.16,0.3783,0.0164,0.0007
2026-07-09,Surat,coastal,1.4,9.3,12.5,15.0,15.0,13.32,0.3639,0.0149,0.0007
2026-07-09,Mahabaleshwar,orographic,21.0,4.2,6.6,5.0,5.0,9.94,0.2064,0.0111,0.0014
2026-07-09,Munnar,orographic,20.0,0.6,1.6,0.7,0.7,3.61,0.0897,0.0026,0.0002
2026-07-09,Madikeri,orographic,15.5,3.9,6.2,4.6,4.6,9.14,0.1985,0.0103,0.0013
2026-07-09,Ooty,orographic,8.6,3.8,6.0,4.5,4.5,6.55,0.1958,0.0101,0.0012
2026-07-09,Lonavala,orographic,12.3,9.9,13.2,12.83,12.83,19.39,0.3236,0.0271,0.0041
2026-07-09,Wayanad,orographic,4.1,1.2,2.6,1.3,1.3,5.84,0.1136,0.0039,0.0004
2026-07-09,Shimla,orographic,47.8,21.6,25.4,29.86,29.86,6.93,0.4658,0.0637,0.0119
2026-07-09,Dehradun,orographic,65.6,17.7,21.5,23.7,23.7,6.67,0.4273,0.0512,0.009
2026-07-09,Srinagar,orographic,0.4,1.2,2.5,1.3,1.3,1.24,0.1136,0.0039,0.0004
2026-07-09,Gangtok,orographic,16.3,31.1,36.3,47.32,47.32,5.61,0.5379,0.0946,0.0198
2026-07-09,Guwahati,orographic,30.2,20.0,23.8,27.5,27.5,8.48,0.4508,0.0585,0.0107
2026-07-09,Cherrapunji,orographic,94.0,28.5,34.0,43.71,43.71,13.15,0.5206,0.0861,0.0175
2026-07-09,Imphal,orographic,3.2,6.9,9.9,8.8,8.8,6.21,0.2685,0.0184,0.0026
2026-07-09,Agartala,orographic,17.9,5.0,7.6,6.1,6.1,5.54,0.2264,0.0132,0.0017
2026-07-09,Lucknow,normal,19.8,4.9,7.5,7.6,9.03,3.69,0.1755,0.0029,0.0003
2026-07-09,Patna,normal,15.1,13.9,17.5,17.0,19.71,5.89,0.3133,0.009,0.0011
2026-07-09,Varanasi,normal,27.7,3.3,5.5,5.5,7.17,3.51,0.1409,0.002,0.0002
2026-07-09,Delhi,normal,99.8,1.5,3.0,3.1,4.05,2.31,0.095,0.001,0.0001
2026-07-09,Kanpur,normal,45.1,4.5,7.0,7.1,8.58,3.86,0.1673,0.0027,0.0002
2026-07-09,Ranchi,normal,9.4,4.8,7.3,7.5,8.88,3.69,0.1734,0.0029,0.0003
2026-07-09,Jodhpur,normal,0.3,0.7,1.8,1.8,2.4,1.48,0.071,0.0006,0.0
2026-07-09,Bikaner,normal,6.5,6.2,9.0,8.8,10.42,6.12,0.2005,0.0037,0.0004
2026-07-09,Jaisalmer,normal,0.1,1.2,2.5,2.7,3.5,1.5,0.0863,0.0009,0.0001
2026-07-09,Hyderabad,normal,0.6,0.1,0.6,0.6,0.7,1.42,0.0507,0.0004,0.0
2026-07-09,Bengaluru,normal,0.8,0.0,0.0,0.0,0.0,0.67,0.047,0.0003,0.0
2026-07-09,Pune,normal,0.6,0.3,1.0,1.0,1.1,2.73,0.0577,0.0005,0.0
2026-07-09,Kurnool,normal,0.3,0.0,0.0,0.0,0.0,0.93,0.047,0.0003,0.0
2026-07-09,Madurai,normal,1.2,0.0,0.0,0.0,0.0,0.67,0.047,0.0003,0.0
2026-07-10,Nagpur,normal,1.5,9.4,12.6,12.5,14.1,9.79,0.2534,0.0058,0.0006
2026-07-10,Bhopal,normal,0.4,21.3,25.1,24.0,26.54,10.99,0.3887,0.0147,0.0019
2026-07-10,Raipur,normal,1.7,19.1,23.0,22.4,25.51,10.15,0.3686,0.013,0.0017
2026-07-10,Jabalpur,normal,10.2,32.2,37.7,34.7,33.22,12.94,0.4688,0.0237,0.0034
2026-07-10,Akola,normal,0.3,0.3,1.0,1.0,1.1,4.45,0.0577,0.0005,0.0
2026-07-10,Amravati,normal,0.9,2.8,4.7,4.9,6.5,6.86,0.129,0.0017,0.0001
2026-07-10,Aurangabad,normal,0.0,0.6,1.6,1.6,2.01,4.46,0.0677,0.0006,0.0
2026-07-10,Bhubaneswar,normal,10.6,8.4,11.5,11.4,12.62,9.5,0.238,0.0051,0.0005
2026-07-10,Mumbai,coastal,3.2,2.7,4.6,7.0,7.0,7.75,0.1976,0.0043,0.0001
2026-07-10,Thiruvananthapuram,coastal,2.9,0.0,0.0,0.0,0.0,2.77,0.0774,0.0009,0.0
2026-07-10,Kochi,coastal,17.6,1.4,2.8,4.4,4.4,5.91,0.1471,0.0025,0.0001
2026-07-10,Mangaluru,coastal,7.3,19.8,23.7,26.6,26.6,15.37,0.5051,0.0347,0.0019
2026-07-10,Panaji,coastal,5.6,6.6,9.4,11.73,11.73,11.83,0.3082,0.0103,0.0004
2026-07-10,Chennai,coastal,2.9,0.6,1.5,2.7,2.7,4.37,0.1099,0.0015,0.0
2026-07-10,Visakhapatnam,coastal,6.8,1.0,2.2,3.6,3.6,4.97,0.1292,0.002,0.0001
2026-07-10,Puri,coastal,10.5,9.6,12.8,15.3,15.3,13.2,0.3694,0.0155,0.0007
2026-07-10,Kolkata,coastal,41.1,0.2,0.8,1.7,0.0,4.37,0.0888,0.0011,0.0
2026-07-10,Surat,coastal,2.7,1.8,3.4,5.2,5.2,7.17,0.1637,0.0031,0.0001
2026-07-10,Mahabaleshwar,orographic,10.0,6.1,8.9,7.75,7.75,14.21,0.2516,0.0162,0.0022
2026-07-10,Munnar,orographic,11.3,1.4,2.8,1.5,1.5,5.85,0.121,0.0043,0.0004
2026-07-10,Madikeri,orographic,12.4,3.0,5.0,3.5,3.5,8.86,0.1733,0.0081,0.0009
2026-07-10,Ooty,orographic,5.2,5.1,7.7,6.2,6.2,14.22,0.2288,0.0135,0.0018
2026-07-10,Lonavala,orographic,10.5,10.1,13.4,13.08,13.08,20.22,0.3269,0.0277,0.0042
2026-07-10,Wayanad,orographic,12.0,0.1,0.6,0.1,0.1,4.63,0.0675,0.0017,0.0001
2026-07-10,Shimla,orographic,47.1,18.1,22.0,24.4,24.4,7.4,0.4316,0.0524,0.0093
2026-07-10,Dehradun,orographic,18.7,28.8,34.36,44.5,44.5,8.18,0.5227,0.0871,0.0178
2026-07-10,Srinagar,orographic,0.0,0.9,2.0,1.0,1.0,1.76,0.102,0.0033,0.0003
2026-07-10,Gangtok,orographic,13.0,10.1,13.4,13.08,13.08,6.92,0.3269,0.0277,0.0042
2026-07-10,Guwahati,orographic,11.2,14.5,18.2,19.0,19.0,9.63,0.39,0.0411,0.0069
2026-07-10,Cherrapunji,orographic,51.8,23.0,26.81,32.26,32.26,10.77,0.4782,0.0682,0.013
2026-07-10,Imphal,orographic,10.8,1.1,2.4,1.2,1.2,5.36,0.1098,0.0037,0.0004
2026-07-10,Agartala,orographic,23.2,0.6,1.6,0.7,0.7,4.43,0.0897,0.0026,0.0002
2026-07-10,Lucknow,normal,24.9,1.3,2.7,2.8,3.7,3.5,0.0892,0.0009,0.0001
2026-07-10,Patna,normal,26.6,21.3,25.1,24.0,26.54,8.1,0.3887,0.0147,0.0019
2026-07-10,Varanasi,normal,2.1,1.8,3.4,3.5,4.5,4.1,0.1033,0.0012,0.0001
2026-07-10,Delhi,normal,0.6,5.5,8.2,8.28,9.88,5.4,0.1873,0.0033,0.0003
2026-07-10,Kanpur,normal,12.5,2.5,4.3,4.6,5.94,4.71,0.1216,0.0015,0.0001
2026-07-10,Ranchi,normal,9.2,15.5,19.1,19.0,21.12,7.64,0.3317,0.0102,0.0012
2026-07-10,Jodhpur,normal,0.0,0.0,0.0,0.0,0.0,0.8,0.047,0.0003,0.0
2026-07-10,Bikaner,normal,0.0,0.0,0.0,0.0,0.0,1.3,0.047,0.0003,0.0
2026-07-10,Jaisalmer,normal,0.0,0.0,0.0,0.0,0.0,0.83,0.047,0.0003,0.0
2026-07-10,Hyderabad,normal,0.0,0.0,0.0,0.0,0.0,1.64,0.047,0.0003,0.0
2026-07-10,Bengaluru,normal,3.3,0.0,0.0,0.0,0.0,1.18,0.047,0.0003,0.0
2026-07-10,Pune,normal,0.0,0.2,0.8,0.8,1.0,3.07,0.0542,0.0004,0.0
2026-07-10,Kurnool,normal,0.0,0.1,0.6,0.6,0.7,2.08,0.0507,0.0004,0.0
2026-07-10,Madurai,normal,5.1,0.0,0.0,0.0,0.0,1.18,0.047,0.0003,0.0
2026-07-11,Nagpur,normal,0.0,1.8,3.4,3.5,4.5,5.21,0.1033,0.0012,0.0001
2026-07-11,Bhopal,normal,0.0,1.1,2.4,2.5,3.4,4.82,0.0833,0.0008,0.0001
2026-07-11,Raipur,normal,1.3,9.2,12.4,12.2,13.9,9.62,0.2504,0.0057,0.0006
2026-07-11,Jabalpur,normal,0.8,13.1,16.6,16.2,18.51,10.24,0.3036,0.0084,0.001
2026-07-11,Akola,normal,0.2,7.3,10.38,10.2,11.7,6.33,0.2199,0.0044,0.0005
2026-07-11,Amravati,normal,0.0,4.9,7.5,7.6,9.03,7.0,0.1755,0.0029,0.0003
2026-07-11,Aurangabad,normal,0.2,0.0,0.0,0.0,0.0,1.56,0.047,0.0003,0.0
2026-07-11,Bhubaneswar,normal,3.2,36.5,43.2,38.7,38.61,12.75,0.4938,0.0274,0.0041
2026-07-11,Mumbai,coastal,7.6,1.6,3.1,4.8,4.8,5.28,0.1555,0.0028,0.0001
2026-07-11,Thiruvananthapuram,coastal,2.2,0.0,0.0,0.0,0.0,1.72,0.0774,0.0009,0.0
2026-07-11,Kochi,coastal,9.7,0.4,1.2,2.27,2.27,3.32,0.0996,0.0013,0.0
2026-07-11,Mangaluru,coastal,3.9,6.3,9.1,11.5,11.5,12.3,0.3012,0.0099,0.0004
2026-07-11,Panaji,coastal,5.4,3.2,5.3,8.0,8.0,7.11,0.2147,0.005,0.0002
2026-07-11,Chennai,coastal,0.5,0.0,0.0,0.0,0.0,1.92,0.0774,0.0009,0.0
2026-07-11,Visakhapatnam,coastal,1.2,0.0,0.0,0.0,0.0,2.09,0.0774,0.0009,0.0
2026-07-11,Puri,coastal,2.8,29.9,35.3,41.8,41.8,17.73,0.5857,0.0551,0.0033
2026-07-11,Kolkata,coastal,38.9,4.0,6.3,9.14,0.0,6.76,0.2399,0.0062,0.0002
2026-07-11,Surat,coastal,3.0,2.1,3.8,5.9,5.9,6.0,0.1755,0.0035,0.0001
2026-07-11,Mahabaleshwar,orographic,11.1,5.3,8.0,6.5,6.5,16.13,0.2335,0.014,0.0018
2026-07-11,Munnar,orographic,5.3,0.0,0.0,0.0,0.0,2.31,0.0627,0.0015,0.0001
2026-07-11,Madikeri,orographic,11.0,2.0,3.6,2.3,2.3,6.45,0.1419,0.0057,0.0006
2026-07-11,Ooty,orographic,4.0,1.4,2.8,1.5,1.5,6.98,0.121,0.0043,0.0004
2026-07-11,Lonavala,orographic,8.9,7.3,10.3,9.3,9.3,16.24,0.2766,0.0195,0.0028
2026-07-11,Wayanad,orographic,2.2,0.0,0.0,0.0,0.0,2.02,0.0627,0.0015,0.0001
2026-07-11,Shimla,orographic,3.8,11.7,15.2,15.1,15.1,6.42,0.3517,0.0325,0.0051
2026-07-11,Dehradun,orographic,5.5,38.3,45.6,58.7,58.7,8.65,0.579,0.1181,0.0264
2026-07-11,Srinagar,orographic,0.5,7.7,10.7,9.8,9.8,3.38,0.2844,0.0207,0.0029
2026-07-11,Gangtok,orographic,25.2,22.4,26.1,31.32,31.32,6.89,0.473,0.0663,0.0125
2026-07-11,Guwahati,orographic,54.2,21.2,25.0,29.1,29.1,9.87,0.4622,0.0624,0.0116
2026-07-11,Cherrapunji,orographic,66.2,14.3,18.0,18.7,18.7,9.2,0.3874,0.0405,0.0067
2026-07-11,Imphal,orographic,3.2,5.5,8.2,6.9,6.9,4.59,0.2381,0.0145,0.0019
2026-07-11,Agartala,orographic,43.1,1.7,3.2,1.8,1.8,2.99,0.1317,0.005,0.0005
2026-07-11,Lucknow,normal,14.1,2.6,4.5,4.7,6.2,3.31,0.1241,0.0016,0.0001
2026-07-11,Patna,normal,11.8,32.8,38.56,35.7,33.57,9.34,0.4725,0.0242,0.0035
2026-07-11,Varanasi,normal,6.9,1.0,2.2,2.3,3.25,2.55,0.0803,0.0008,0.0001
2026-07-11,Delhi,normal,0.3,3.5,5.6,5.8,7.4,4.84,0.1455,0.0021,0.0002
2026-07-11,Kanpur,normal,6.7,15.1,18.7,18.5,20.78,6.78,0.3272,0.0099,0.0012
2026-07-11,Ranchi,normal,7.0,2.2,3.9,4.2,5.3,4.35,0.1139,0.0014,0.0001
2026-07-11,Jodhpur,normal,0.0,0.0,0.0,0.0,0.0,0.21,0.047,0.0003,0.0
2026-07-11,Bikaner,normal,0.0,0.0,0.0,0.0,0.0,0.21,0.047,0.0003,0.0
2026-07-11,Jaisalmer,normal,0.0,0.0,0.0,0.0,0.0,0.21,0.047,0.0003,0.0
2026-07-11,Hyderabad,normal,0.8,0.0,0.0,0.0,0.0,0.91,0.047,0.0003,0.0
2026-07-11,Bengaluru,normal,0.0,0.0,0.0,0.0,0.0,0.91,0.047,0.0003,0.0
2026-07-11,Pune,normal,0.2,0.0,0.0,0.0,0.0,1.34,0.047,0.0003,0.0
2026-07-11,Kurnool,normal,0.0,0.0,0.0,0.0,0.0,1.26,0.047,0.0003,0.0
2026-07-11,Madurai,normal,0.8,0.0,0.0,0.0,0.0,0.91,0.047,0.0003,0.0
2026-07-12,Nagpur,break,0.0,0.1,0.6,0.7,0.7,3.49,0.0565,0.0005,0.0
2026-07-12,Bhopal,break,0.1,2.8,4.7,6.5,6.5,5.28,0.1425,0.0022,0.0001
2026-07-12,Raipur,break,0.6,5.7,8.5,10.0,10.0,9.08,0.2096,0.0044,0.0002
2026-07-12,Jabalpur,break,0.5,0.7,1.7,2.3,2.3,4.38,0.079,0.0008,0.0
2026-07-12,Akola,break,0.0,0.0,0.0,0.0,0.0,2.76,0.0525,0.0004,0.0
2026-07-12,Amravati,break,0.2,0.0,0.0,0.0,0.0,2.85,0.0525,0.0004,0.0
2026-07-12,Aurangabad,break,0.0,0.0,0.0,0.0,0.0,1.52,0.0525,0.0004,0.0
2026-07-12,Bhubaneswar,break,0.6,0.7,1.7,2.3,2.3,4.75,0.079,0.0008,0.0
2026-07-12,Mumbai,coastal,7.6,0.8,1.9,3.1,3.1,5.23,0.1198,0.0018,0.0001
2026-07-12,Thiruvananthapuram,coastal,1.3,0.0,0.0,0.0,0.0,2.61,0.0774,0.0009,0.0
2026-07-12,Kochi,coastal,3.4,1.7,3.2,5.1,5.1,6.43,0.1597,0.0029,0.0001
2026-07-12,Mangaluru,coastal,3.3,2.5,4.3,6.7,6.7,8.92,0.1905,0.004,0.0001
2026-07-12,Panaji,coastal,3.1,2.1,3.8,5.9,5.9,7.93,0.1755,0.0035,0.0001
2026-07-12,Chennai,coastal,0.0,0.0,0.0,0.0,0.0,2.61,0.0774,0.0009,0.0
2026-07-12,Visakhapatnam,coastal,0.4,0.2,0.8,1.7,1.7,4.0,0.0888,0.0011,0.0
2026-07-12,Puri,coastal,2.9,0.0,0.0,0.0,0.0,4.28,0.0774,0.0009,0.0
2026-07-12,Kolkata,coastal,4.6,1.1,2.4,3.9,3.9,6.12,0.1338,0.0022,0.0001
2026-07-12,Surat,coastal,1.3,2.0,3.6,5.7,5.7,7.08,0.1717,0.0033,0.0001
2026-07-12,Mahabaleshwar,orographic,9.8,4.3,6.7,5.1,5.1,14.7,0.209,0.0114,0.0014
2026-07-12,Munnar,orographic,2.5,0.0,0.0,0.0,0.0,2.52,0.0627,0.0015,0.0001
2026-07-12,Madikeri,orographic,3.4,3.4,5.6,4.0,4.0,9.79,0.1848,0.0091,0.0011
2026-07-12,Ooty,orographic,0.0,0.0,0.0,0.0,0.0,3.24,0.0627,0.0015,0.0001
2026-07-12,Lonavala,orographic,7.4,5.0,7.6,6.1,6.1,17.69,0.2264,0.0132,0.0017
2026-07-12,Wayanad,orographic,0.9,0.0,0.0,0.0,0.0,2.52,0.0627,0.0015,0.0001
2026-07-12,Shimla,orographic,1.3,23.5,27.4,32.96,32.96,8.41,0.4824,0.0698,0.0134
2026-07-12,Dehradun,orographic,2.8,41.8,49.51,64.51,64.51,12.44,0.596,0.1295,0.0299
2026-07-12,Srinagar,orographic,13.0,2.9,4.9,3.32,3.32,4.1,0.1703,0.0078,0.0009
2026-07-12,Gangtok,orographic,38.2,7.8,10.8,10.0,10.0,6.93,0.2863,0.021,0.003
2026-07-12,Guwahati,orographic,40.2,57.1,64.9,88.81,88.81,21.93,0.6549,0.1778,0.046
2026-07-12,Cherrapunji,orographic,65.2,12.3,15.7,15.8,15.8,9.38,0.3605,0.0343,0.0055
2026-07-12,Imphal,orographic,9.4,19.3,23.2,26.2,26.2,10.52,0.4439,0.0563,0.0102
2026-07-12,Agartala,orographic,49.8,2.4,4.2,2.8,2.8,4.16,0.1549,0.0066,0.0007
2026-07-12,Lucknow,break,0.9,11.4,14.9,15.66,15.66,8.02,0.3056,0.0094,0.0004
2026-07-12,Patna,break,0.9,16.4,20.0,21.7,21.7,10.07,0.3678,0.0141,0.0007
2026-07-12,Varanasi,break,0.1,3.0,5.0,6.98,6.98,4.21,0.1478,0.0024,0.0001
2026-07-12,Delhi,break,1.5,0.2,0.8,1.0,1.0,2.47,0.0605,0.0005,0.0
2026-07-12,Kanpur,break,0.3,21.3,25.1,26.54,26.54,9.66,0.4164,0.019,0.001
2026-07-12,Ranchi,break,1.7,2.5,4.3,5.94,5.94,4.45,0.1345,0.002,0.0001
2026-07-12,Jodhpur,break,0.3,0.0,0.0,0.0,0.0,0.8,0.0525,0.0004,0.0
2026-07-12,Bikaner,break,0.0,0.0,0.0,0.0,0.0,0.8,0.0525,0.0004,0.0
2026-07-12,Jaisalmer,break,0.0,0.0,0.0,0.0,0.0,0.8,0.0525,0.0004,0.0
2026-07-12,Hyderabad,break,0.0,0.0,0.0,0.0,0.0,1.45,0.0525,0.0004,0.0
2026-07-12,Bengaluru,break,0.0,0.0,0.0,0.0,0.0,1.45,0.0525,0.0004,0.0
2026-07-12,Pune,break,0.0,0.0,0.0,0.0,0.0,1.45,0.0525,0.0004,0.0
2026-07-12,Kurnool,break,0.0,0.0,0.0,0.0,0.0,1.45,0.0525,0.0004,0.0
2026-07-12,Madurai,break,0.1,0.0,0.0,0.0,0.0,1.45,0.0525,0.0004,0.0
2026-07-13,Nagpur,break,0.0,0.1,0.6,0.7,0.7,3.13,0.0565,0.0005,0.0
2026-07-13,Bhopal,break,0.0,0.0,0.0,0.0,0.0,2.45,0.0525,0.0004,0.0
2026-07-13,Raipur,break,0.7,4.0,6.3,7.98,7.98,7.43,0.1724,0.0031,0.0001
2026-07-13,Jabalpur,break,1.1,0.0,0.0,0.0,0.0,2.04,0.0525,0.0004,0.0
2026-07-13,Akola,break,0.0,0.0,0.0,0.0,0.0,1.52,0.0525,0.0004,0.0
2026-07-13,Amravati,break,0.0,0.0,0.0,0.0,0.0,1.52,0.0525,0.0004,0.0
2026-07-13,Aurangabad,break,0.0,0.0,0.0,0.0,0.0,1.52,0.0525,0.0004,0.0
2026-07-13,Bhubaneswar,break,0.7,5.9,8.6,10.2,10.2,7.35,0.2136,0.0046,0.0002
2026-07-13,Mumbai,coastal,0.9,0.0,0.0,0.0,0.0,3.01,0.0774,0.0009,0.0
2026-07-13,Thiruvananthapuram,coastal,1.0,0.0,0.0,0.0,0.0,2.61,0.0774,0.0009,0.0
2026-07-13,Kochi,coastal,1.1,1.6,3.1,4.8,4.8,6.29,0.1555,0.0028,0.0001
2026-07-13,Mangaluru,coastal,5.7,1.6,3.1,4.8,4.8,6.77,0.1555,0.0028,0.0001
2026-07-13,Panaji,coastal,0.6,1.6,3.1,4.8,4.8,6.53,0.1555,0.0028,0.0001
2026-07-13,Chennai,coastal,0.0,0.0,0.0,0.0,0.0,2.61,0.0774,0.0009,0.0
2026-07-13,Visakhapatnam,coastal,2.9,0.6,1.6,2.72,2.72,4.6,0.1099,0.0015,0.0
2026-07-13,Puri,coastal,2.4,6.9,9.9,12.5,12.5,10.94,0.315,0.0108,0.0004
2026-07-13,Kolkata,coastal,22.2,24.1,28.3,32.9,32.9,15.95,0.5437,0.0433,0.0024
2026-07-13,Surat,coastal,0.5,0.8,1.9,3.1,3.1,5.32,0.1198,0.0018,0.0001
2026-07-13,Mahabaleshwar,orographic,4.5,1.3,2.7,1.4,1.4,6.73,0.1173,0.0041,0.0004
2026-07-13,Munnar,orographic,0.9,0.1,0.6,0.1,0.1,3.88,0.0675,0.0017,0.0001
2026-07-13,Madikeri,orographic,4.8,1.6,3.1,1.7,1.7,7.43,0.1282,0.0048,0.0005
2026-07-13,Ooty,orographic,0.0,0.0,0.0,0.0,0.0,2.52,0.0627,0.0015,0.0001
2026-07-13,Lonavala,orographic,3.0,1.7,3.2,1.9,1.9,10.48,0.1317,0.005,0.0005
2026-07-13,Wayanad,orographic,0.8,0.1,0.6,0.1,0.1,3.88,0.0675,0.0017,0.0001
2026-07-13,Shimla,orographic,2.3,5.1,7.8,6.3,6.3,7.04,0.2288,0.0135,0.0018
2026-07-13,Dehradun,orographic,0.5,3.3,5.4,3.8,3.8,4.73,0.182,0.0088,0.001
2026-07-13,Srinagar,orographic,0.0,0.0,0.0,0.0,0.0,1.03,0.0627,0.0015,0.0001
2026-07-13,Gangtok,orographic,90.5,17.0,20.8,23.02,23.02,8.0,0.4196,0.0489,0.0085
2026-07-13,Guwahati,orographic,38.0,32.1,37.51,49.25,49.25,17.23,0.5442,0.0979,0.0207
2026-07-13,Cherrapunji,orographic,51.2,1.3,2.7,1.4,1.4,5.25,0.1173,0.0041,0.0004
2026-07-13,Imphal,orographic,6.4,9.8,13.0,12.6,12.6,9.12,0.322,0.0268,0.004
2026-07-13,Agartala,orographic,6.2,0.1,0.6,0.1,0.1,3.02,0.0675,0.0017,0.0001
2026-07-13,Lucknow,break,0.2,6.9,9.9,11.32,11.32,7.65,0.2329,0.0054,0.0002
2026-07-13,Patna,break,4.8,25.9,30.3,28.4,28.4,10.09,0.4544,0.0238,0.0013
2026-07-13,Varanasi,break,0.3,0.4,1.2,1.36,1.36,2.58,0.0681,0.0007,0.0
2026-07-13,Delhi,break,0.1,0.0,0.0,0.0,0.0,1.17,0.0525,0.0004,0.0
2026-07-13,Kanpur,break,0.0,0.3,1.0,1.1,1.1,3.1,0.0643,0.0006,0.0
2026-07-13,Ranchi,break,0.3,6.9,9.9,11.32,11.32,6.99,0.2329,0.0054,0.0002
2026-07-13,Jodhpur,break,0.0,0.0,0.0,0.0,0.0,0.8,0.0525,0.0004,0.0
2026-07-13,Bikaner,break,0.6,0.0,0.0,0.0,0.0,0.8,0.0525,0.0004,0.0
2026-07-13,Jaisalmer,break,0.0,0.0,0.0,0.0,0.0,0.8,0.0525,0.0004,0.0
2026-07-13,Hyderabad,break,0.9,0.0,0.0,0.0,0.0,1.45,0.0525,0.0004,0.0
2026-07-13,Bengaluru,break,0.0,0.0,0.0,0.0,0.0,1.45,0.0525,0.0004,0.0
2026-07-13,Pune,break,0.0,0.0,0.0,0.0,0.0,1.45,0.0525,0.0004,0.0
2026-07-13,Kurnool,break,0.0,0.0,0.0,0.0,0.0,1.45,0.0525,0.0004,0.0
2026-07-13,Madurai,break,0.0,0.0,0.0,0.0,0.0,1.45,0.0525,0.0004,0.0
2026-07-14,Nagpur,break,0.0,0.0,0.0,0.0,0.0,1.85,0.0525,0.0004,0.0
2026-07-14,Bhopal,break,0.0,0.0,0.0,0.0,0.0,1.52,0.0525,0.0004,0.0
2026-07-14,Raipur,break,0.2,0.0,0.0,0.0,0.0,2.53,0.0525,0.0004,0.0
2026-07-14,Jabalpur,break,2.3,0.0,0.0,0.0,0.0,1.52,0.0525,0.0004,0.0
2026-07-14,Akola,break,0.0,0.0,0.0,0.0,0.0,1.52,0.0525,0.0004,0.0
2026-07-14,Amravati,break,0.0,0.0,0.0,0.0,0.0,1.52,0.0525,0.0004,0.0
2026-07-14,Aurangabad,break,0.0,0.0,0.0,0.0,0.0,1.52,0.0525,0.0004,0.0
2026-07-14,Bhubaneswar,break,6.5,5.8,8.5,10.05,10.05,9.24,0.2116,0.0045,0.0002
2026-07-14,Mumbai,coastal,1.3,4.5,7.0,9.7,9.7,8.87,0.2545,0.007,0.0003
2026-07-14,Thiruvananthapuram,coastal,0.4,0.0,0.0,0.0,0.0,2.61,0.0774,0.0009,0.0
2026-07-14,Kochi,coastal,0.5,1.0,2.2,3.6,3.6,5.62,0.1292,0.002,0.0001
2026-07-14,Mangaluru,coastal,0.8,0.7,1.8,3.0,3.0,4.98,0.1149,0.0017,0.0
2026-07-14,Panaji,coastal,0.7,1.5,3.0,4.6,4.6,6.29,0.1514,0.0027,0.0001
2026-07-14,Chennai,coastal,0.0,0.0,0.0,0.0,0.0,2.61,0.0774,0.0009,0.0
2026-07-14,Visakhapatnam,coastal,0.0,0.0,0.0,0.0,0.0,2.82,0.0774,0.0009,0.0
2026-07-14,Puri,coastal,10.2,4.8,7.3,10.1,10.1,13.02,0.2629,0.0075,0.0003
2026-07-14,Kolkata,coastal,7.8,13.4,17.0,19.5,19.5,17.73,0.4299,0.0224,0.0011
2026-07-14,Surat,coastal,3.7,1.3,2.7,4.21,4.21,5.53,0.1427,0.0024,0.0001
2026-07-14,Mahabaleshwar,orographic,3.2,3.2,5.3,3.7,3.7,7.82,0.1791,0.0086,0.001
2026-07-14,Munnar,orographic,0.0,0.0,0.0,0.0,0.0,2.87,0.0627,0.0015,0.0001
2026-07-14,Madikeri,orographic,0.8,0.1,0.6,0.1,0.1,4.93,0.0675,0.0017,0.0001
2026-07-14,Ooty,orographic,0.0,0.0,0.0,0.0,0.0,2.52,0.0627,0.0015,0.0001
2026-07-14,Lonavala,orographic,3.4,6.8,9.7,8.6,8.6,14.3,0.2664,0.0181,0.0025
2026-07-14,Wayanad,orographic,0.0,0.0,0.0,0.0,0.0,2.87,0.0627,0.0015,0.0001
2026-07-14,Shimla,orographic,4.0,0.7,1.7,0.7,0.7,2.28,0.0939,0.0028,0.0003
2026-07-14,Dehradun,orographic,2.6,0.1,0.6,0.1,0.1,1.64,0.0675,0.0017,0.0001
2026-07-14,Srinagar,orographic,0.2,0.0,0.0,0.0,0.0,0.6,0.0627,0.0015,0.0001
2026-07-14,Gangtok,orographic,21.2,6.6,9.4,8.3,8.3,6.88,0.2623,0.0176,0.0024
2026-07-14,Guwahati,orographic,18.7,13.8,17.4,18.1,18.1,10.66,0.381,0.0389,0.0064
2026-07-14,Cherrapunji,orographic,5.1,6.6,9.4,8.3,8.3,5.27,0.2623,0.0176,0.0024
2026-07-14,Imphal,orographic,1.4,5.8,8.5,7.2,7.2,8.15,0.245,0.0154,0.0021
2026-07-14,Agartala,orographic,1.1,0.0,0.0,0.0,0.0,1.51,0.0627,0.0015,0.0001
2026-07-14,Lucknow,break,0.1,0.0,0.0,0.0,0.0,1.96,0.0525,0.0004,0.0
2026-07-14,Patna,break,0.8,2.1,3.8,4.9,4.9,5.31,0.1233,0.0017,0.0001
2026-07-14,Varanasi,break,0.0,1.8,3.4,4.5,4.5,3.66,0.1145,0.0015,0.0
2026-07-14,Delhi,break,2.3,0.0,0.0,0.0,0.0,0.87,0.0525,0.0004,0.0
2026-07-14,Kanpur,break,1.5,0.0,0.0,0.0,0.0,1.24,0.0525,0.0004,0.0
2026-07-14,Ranchi,break,1.8,5.5,8.2,9.88,9.88,7.47,0.2055,0.0043,0.0002
2026-07-14,Jodhpur,break,0.0,0.0,0.0,0.0,0.0,0.8,0.0525,0.0004,0.0
2026-07-14,Bikaner,break,0.0,0.0,0.0,0.0,0.0,0.8,0.0525,0.0004,0.0
2026-07-14,Jaisalmer,break,0.0,0.0,0.0,0.0,0.0,0.8,0.0525,0.0004,0.0
2026-07-14,Hyderabad,break,0.0,0.0,0.0,0.0,0.0,1.45,0.0525,0.0004,0.0
2026-07-14,Bengaluru,break,0.0,0.0,0.0,0.0,0.0,1.45,0.0525,0.0004,0.0
2026-07-14,Pune,break,0.0,0.0,0.0,0.0,0.0,1.45,0.0525,0.0004,0.0
2026-07-14,Kurnool,break,0.0,0.0,0.0,0.0,0.0,1.45,0.0525,0.0004,0.0
2026-07-14,Madurai,break,0.0,0.0,0.0,0.0,0.0,1.45,0.0525,0.0004,0.0
2026-07-15,Nagpur,break,1.5,0.0,0.0,0.0,0.0,1.52,0.0525,0.0004,0.0
2026-07-15,Bhopal,break,1.0,0.0,0.0,0.0,0.0,1.52,0.0525,0.0004,0.0
2026-07-15,Raipur,break,1.2,0.6,1.6,2.01,2.01,2.86,0.0754,0.0008,0.0
2026-07-15,Jabalpur,break,1.1,0.0,0.0,0.0,0.0,1.52,0.0525,0.0004,0.0
2026-07-15,Akola,break,1.5,1.2,2.6,3.6,3.6,3.96,0.0958,0.0011,0.0
2026-07-15,Amravati,break,0.8,0.0,0.0,0.0,0.0,1.52,0.0525,0.0004,0.0
2026-07-15,Aurangabad,break,2.2,0.0,0.0,0.0,0.0,1.52,0.0525,0.0004,0.0
2026-07-15,Bhubaneswar,break,36.7,0.0,0.0,0.0,0.0,2.77,0.0525,0.0004,0.0
2026-07-15,Mumbai,coastal,15.9,2.7,4.6,7.0,7.0,9.1,0.1976,0.0043,0.0001
2026-07-15,Thiruvananthapuram,coastal,1.6,0.0,0.0,0.0,0.0,2.61,0.0774,0.0009,0.0
2026-07-15,Kochi,coastal,1.3,1.0,2.2,3.6,3.6,5.53,0.1292,0.002,0.0001
2026-07-15,Mangaluru,coastal,1.2,1.0,2.2,3.6,3.6,5.32,0.1292,0.002,0.0001
2026-07-15,Panaji,coastal,6.7,2.4,4.2,6.4,6.4,7.38,0.1868,0.0039,0.0001
2026-07-15,Chennai,coastal,0.0,0.0,0.0,0.0,0.0,2.61,0.0774,0.0009,0.0
2026-07-15,Visakhapatnam,coastal,1.4,0.6,1.5,2.7,2.7,4.36,0.1099,0.0015,0.0
2026-07-15,Puri,coastal,39.3,0.4,1.2,2.27,0.0,5.61,0.0996,0.0013,0.0
2026-07-15,Kolkata,coastal,2.0,7.6,10.6,13.1,13.1,15.24,0.3303,0.012,0.0005
2026-07-15,Surat,coastal,6.5,1.4,2.8,4.4,4.4,5.53,0.1471,0.0025,0.0001
2026-07-15,Mahabaleshwar,orographic,13.0,4.9,7.5,5.9,5.9,13.68,0.224,0.0129,0.0017
2026-07-15,Munnar,orographic,0.2,0.0,0.0,0.0,0.0,2.52,0.0627,0.0015,0.0001
2026-07-15,Madikeri,orographic,1.9,0.8,1.9,0.9,0.9,5.2,0.098,0.0031,0.0003
2026-07-15,Ooty,orographic,0.0,0.0,0.0,0.0,0.0,2.52,0.0627,0.0015,0.0001
2026-07-15,Lonavala,orographic,7.3,6.1,8.8,7.6,7.6,20.23,0.2516,0.0162,0.0022
2026-07-15,Wayanad,orographic,0.1,0.0,0.0,0.0,0.0,2.52,0.0627,0.0015,0.0001
2026-07-15,Shimla,orographic,0.1,20.5,24.3,28.3,28.3,5.55,0.4556,0.0601,0.0111
2026-07-15,Dehradun,orographic,2.5,0.0,0.0,0.0,0.0,0.71,0.0627,0.0015,0.0001
2026-07-15,Srinagar,orographic,0.0,0.6,1.5,0.6,0.6,1.21,0.0897,0.0026,0.0002
2026-07-15,Gangtok,orographic,8.2,10.2,13.5,13.28,13.28,7.36,0.3285,0.028,0.0043
2026-07-15,Guwahati,orographic,35.5,21.9,25.6,30.2,30.2,10.75,0.4685,0.0646,0.0121
2026-07-15,Cherrapunji,orographic,7.8,9.0,12.2,11.5,11.5,8.87,0.3083,0.0244,0.0036
2026-07-15,Imphal,orographic,10.9,11.7,15.2,15.1,15.1,9.07,0.3517,0.0325,0.0051
2026-07-15,Agartala,orographic,2.4,6.2,9.0,7.9,7.9,5.15,0.2538,0.0165,0.0022
2026-07-15,Lucknow,break,1.4,0.0,0.0,0.0,0.0,0.87,0.0525,0.0004,0.0
2026-07-15,Patna,break,10.6,0.4,1.2,1.36,1.36,2.48,0.0681,0.0007,0.0
2026-07-15,Varanasi,break,1.6,0.7,1.7,2.3,2.3,2.72,0.079,0.0008,0.0
2026-07-15,Delhi,break,3.4,0.0,0.0,0.0,0.0,0.87,0.0525,0.0004,0.0
2026-07-15,Kanpur,break,1.4,0.0,0.0,0.0,0.0,0.87,0.0525,0.0004,0.0
2026-07-15,Ranchi,break,8.3,0.4,1.2,1.36,1.36,3.08,0.0681,0.0007,0.0
2026-07-15,Jodhpur,break,0.1,0.3,1.0,1.1,1.1,1.52,0.0643,0.0006,0.0
2026-07-15,Bikaner,break,0.0,0.0,0.0,0.0,0.0,0.8,0.0525,0.0004,0.0
2026-07-15,Jaisalmer,break,0.0,0.0,0.0,0.0,0.0,0.8,0.0525,0.0004,0.0
2026-07-15,Hyderabad,break,0.7,0.0,0.0,0.0,0.0,1.45,0.0525,0.0004,0.0
2026-07-15,Bengaluru,break,0.0,0.0,0.0,0.0,0.0,1.45,0.0525,0.0004,0.0
2026-07-15,Pune,break,2.4,0.0,0.0,0.0,0.0,1.45,0.0525,0.0004,0.0
2026-07-15,Kurnool,break,0.0,0.0,0.0,0.0,0.0,1.45,0.0525,0.0004,0.0
2026-07-15,Madurai,break,1.4,0.0,0.0,0.0,0.0,1.45,0.0525,0.0004,0.0
2026-07-16,Nagpur,break,0.4,0.0,0.0,0.0,0.0,1.52,0.0525,0.0004,0.0
2026-07-16,Bhopal,break,2.7,0.0,0.0,0.0,0.0,1.52,0.0525,0.0004,0.0
2026-07-16,Raipur,break,31.2,0.0,0.0,0.0,0.0,1.99,0.0525,0.0004,0.0
2026-07-16,Jabalpur,break,6.0,0.0,0.0,0.0,0.0,1.52,0.0525,0.0004,0.0
2026-07-16,Akola,break,0.7,0.0,0.0,0.0,0.0,2.14,0.0525,0.0004,0.0
2026-07-16,Amravati,break,0.0,0.0,0.0,0.0,0.0,1.52,0.0525,0.0004,0.0
2026-07-16,Aurangabad,break,0.8,0.0,0.0,0.0,0.0,1.52,0.0525,0.0004,0.0
2026-07-16,Bhubaneswar,break,237.4,3.8,6.0,7.53,0.0,5.65,0.1677,0.0029,0.0001
2026-07-16,Mumbai,coastal,8.7,4.0,6.3,9.14,9.14,9.84,0.2399,0.0062,0.0002
2026-07-16,Thiruvananthapuram,coastal,0.3,0.0,0.0,0.0,0.0,2.61,0.0774,0.0009,0.0
2026-07-16,Kochi,coastal,0.8,0.9,2.0,3.4,3.4,5.53,0.1246,0.0019,0.0001
2026-07-16,Mangaluru,coastal,11.1,0.6,1.6,2.72,2.72,4.83,0.1099,0.0015,0.0
2026-07-16,Panaji,coastal,12.5,3.4,5.5,8.3,8.3,9.11,0.2212,0.0053,0.0002
2026-07-16,Chennai,coastal,0.1,0.0,0.0,0.0,0.0,2.61,0.0774,0.0009,0.0
2026-07-16,Visakhapatnam,coastal,0.9,0.0,0.0,0.0,0.0,2.8,0.0774,0.0009,0.0
2026-07-16,Puri,coastal,227.2,4.7,7.2,10.0,0.0,8.96,0.2601,0.0073,0.0003
2026-07-16,Kolkata,coastal,6.2,5.0,7.6,10.4,10.4,13.33,0.2683,0.0078,0.0003
2026-07-16,Surat,coastal,5.2,1.1,2.4,3.9,3.9,5.53,0.1338,0.0022,0.0001
2026-07-16,Mahabaleshwar,orographic,8.3,1.9,3.5,2.1,2.1,10.48,0.1386,0.0055,0.0006
2026-07-16,Munnar,orographic,2.2,0.2,0.8,0.2,0.2,3.88,0.0722,0.0019,0.0002
2026-07-16,Madikeri,orographic,4.5,0.9,2.0,1.0,1.0,5.97,0.102,0.0033,0.0003
2026-07-16,Ooty,orographic,0.1,0.0,0.0,0.0,0.0,2.52,0.0627,0.0015,0.0001
2026-07-16,Lonavala,orographic,6.6,1.9,3.5,2.1,2.1,10.52,0.1386,0.0055,0.0006
2026-07-16,Wayanad,orographic,1.4,0.0,0.0,0.0,0.0,2.52,0.0627,0.0015,0.0001
2026-07-16,Shimla,orographic,0.0,0.0,0.0,0.0,0.0,1.62,0.0627,0.0015,0.0001
2026-07-16,Dehradun,orographic,1.0,0.0,0.0,0.0,0.0,0.6,0.0627,0.0015,0.0001
2026-07-16,Srinagar,orographic,0.0,0.1,0.6,0.1,0.1,1.37,0.0675,0.0017,0.0001
2026-07-16,Gangtok,orographic,8.0,9.4,12.6,12.0,12.0,7.46,0.3152,0.0256,0.0038
2026-07-16,Guwahati,orographic,11.4,19.3,23.2,26.2,26.2,10.52,0.4439,0.0563,0.0102
2026-07-16,Cherrapunji,orographic,14.2,11.2,14.7,14.4,14.4,9.1,0.3442,0.031,0.0048
2026-07-16,Imphal,orographic,13.1,4.1,6.4,4.9,4.9,6.71,0.2038,0.0108,0.0013
2026-07-16,Agartala,orographic,1.7,9.7,12.9,12.3,12.3,8.87,0.3203,0.0265,0.004
2026-07-16,Lucknow,break,10.8,0.2,0.8,1.0,1.3,1.64,0.0605,0.0005,0.0
2026-07-16,Patna,break,3.9,3.8,6.0,7.53,6.15,4.58,0.1677,0.0029,0.0001
2026-07-16,Varanasi,break,4.7,0.1,0.6,0.7,0.88,2.22,0.0565,0.0005,0.0
2026-07-16,Delhi,break,0.0,0.1,0.6,0.7,0.88,1.64,0.0565,0.0005,0.0
2026-07-16,Kanpur,break,1.0,0.1,0.6,0.7,0.88,1.64,0.0565,0.0005,0.0
2026-07-16,Ranchi,break,10.1,6.7,9.6,11.15,9.4,5.89,0.2292,0.0052,0.0002
2026-07-16,Jodhpur,break,0.0,0.1,0.6,0.7,0.88,1.77,0.0565,0.0005,0.0
2026-07-16,Bikaner,break,0.0,0.0,0.0,0.0,0.0,0.8,0.0525,0.0004,0.0
2026-07-16,Jaisalmer,break,0.0,0.0,0.0,0.0,0.0,0.8,0.0525,0.0004,0.0
2026-07-16,Hyderabad,break,1.0,0.0,0.0,0.0,0.0,1.45,0.0525,0.0004,0.0
2026-07-16,Bengaluru,break,0.0,0.0,0.0,0.0,0.0,1.45,0.0525,0.0004,0.0
2026-07-16,Pune,break,4.2,0.0,0.0,0.0,0.0,1.45,0.0525,0.0004,0.0
2026-07-16,Kurnool,break,0.0,0.0,0.0,0.0,0.0,1.45,0.0525,0.0004,0.0
2026-07-16,Madurai,break,0.2,0.0,0.0,0.0,0.0,1.45,0.0525,0.0004,0.0
2026-07-17,Nagpur,normal,10.5,12.4,15.8,15.4,15.4,6.92,0.2948,0.0079,0.0009
2026-07-17,Bhopal,normal,0.9,0.0,0.0,0.0,0.0,0.95,0.047,0.0003,0.0
2026-07-17,Raipur,normal,24.1,8.0,11.1,10.9,10.9,5.7,0.2315,0.0049,0.0005
2026-07-17,Jabalpur,normal,17.5,4.5,7.0,7.1,7.1,4.85,0.1673,0.0027,0.0002
2026-07-17,Akola,normal,0.1,0.5,1.4,1.4,1.4,2.13,0.0645,0.0005,0.0
2026-07-17,Amravati,normal,1.0,0.0,0.0,0.0,0.0,0.95,0.047,0.0003,0.0
2026-07-17,Aurangabad,normal,6.3,0.0,0.0,0.0,0.0,0.95,0.047,0.0003,0.0
2026-07-17,Bhubaneswar,normal,23.4,15.2,18.8,18.6,2.4,8.25,0.3283,0.01,0.0012
2026-07-17,Mumbai,coastal,16.4,4.4,6.9,9.6,9.6,7.08,0.2516,0.0068,0.0003
2026-07-17,Thiruvananthapuram,coastal,3.4,0.0,0.0,0.0,0.0,1.52,0.0774,0.0009,0.0
2026-07-17,Kochi,coastal,4.5,1.2,2.5,4.1,4.1,3.78,0.1383,0.0023,0.0001
2026-07-17,Mangaluru,coastal,36.6,14.6,18.3,21.47,21.47,9.79,0.4461,0.0246,0.0012
2026-07-17,Panaji,coastal,19.3,2.5,4.3,6.7,6.7,5.54,0.1905,0.004,0.0001
2026-07-17,Chennai,coastal,4.0,0.1,0.6,1.3,1.3,2.48,0.0832,0.001,0.0
2026-07-17,Visakhapatnam,coastal,4.2,4.5,7.0,9.7,9.7,6.18,0.2545,0.007,0.0003
2026-07-17,Puri,coastal,19.9,11.8,15.2,17.32,0.2,12.46,0.4063,0.0194,0.0009
2026-07-17,Kolkata,coastal,7.1,8.7,11.9,14.43,14.43,10.93,0.3526,0.0139,0.0006
2026-07-17,Surat,coastal,6.4,0.9,2.0,3.4,3.4,3.78,0.1246,0.0019,0.0001
2026-07-17,Mahabaleshwar,orographic,12.0,1.7,3.2,1.9,1.9,5.44,0.1317,0.005,0.0005
2026-07-17,Munnar,orographic,4.8,0.8,1.9,0.9,0.9,3.7,0.098,0.0031,0.0003
2026-07-17,Madikeri,orographic,33.0,3.0,5.0,3.5,3.5,5.58,0.1733,0.0081,0.0009
2026-07-17,Ooty,orographic,2.4,2.3,4.0,2.7,2.7,5.07,0.1517,0.0064,0.0007
2026-07-17,Lonavala,orographic,13.0,3.0,5.0,3.5,3.5,5.89,0.1733,0.0081,0.0009
2026-07-17,Wayanad,orographic,5.6,3.1,5.1,3.6,3.6,5.07,0.1762,0.0083,0.001
2026-07-17,Shimla,orographic,1.0,0.0,0.0,0.0,0.0,0.33,0.0627,0.0015,0.0001
2026-07-17,Dehradun,orographic,3.3,0.0,0.0,0.0,0.0,0.33,0.0627,0.0015,0.0001
2026-07-17,Srinagar,orographic,0.0,0.0,0.0,0.0,0.0,0.42,0.0627,0.0015,0.0001
2026-07-17,Gangtok,orographic,8.3,2.3,4.0,2.7,2.7,3.45,0.1517,0.0064,0.0007
2026-07-17,Guwahati,orographic,18.7,13.9,17.5,18.1,18.1,8.11,0.3823,0.0392,0.0065
2026-07-17,Cherrapunji,orographic,89.9,18.3,22.2,24.7,24.7,8.92,0.4337,0.0531,0.0095
2026-07-17,Imphal,orographic,8.8,17.2,21.0,23.2,23.2,7.33,0.4219,0.0496,0.0087
2026-07-17,Agartala,orographic,7.1,7.9,10.9,10.1,10.1,6.73,0.2882,0.0212,0.003
2026-07-17,Lucknow,normal,6.3,0.0,0.0,0.0,0.0,0.69,0.047,0.0003,0.0
2026-07-17,Patna,normal,5.2,22.3,26.01,24.96,24.96,7.24,0.3973,0.0155,0.002
2026-07-17,Varanasi,normal,8.1,1.6,3.1,3.2,3.2,2.34,0.0978,0.0011,0.0001
2026-07-17,Delhi,normal,0.3,0.0,0.0,0.0,0.0,0.63,0.047,0.0003,0.0
2026-07-17,Kanpur,normal,1.7,0.0,0.0,0.0,0.0,0.63,0.047,0.0003,0.0
2026-07-17,Ranchi,normal,15.2,32.1,37.51,34.6,34.6,9.28,0.4682,0.0236,0.0034
2026-07-17,Jodhpur,normal,0.0,0.0,0.0,0.0,0.0,0.54,0.047,0.0003,0.0
2026-07-17,Bikaner,normal,0.0,0.0,0.0,0.0,0.0,0.39,0.047,0.0003,0.0
2026-07-17,Jaisalmer,normal,0.0,0.0,0.0,0.0,0.0,0.39,0.047,0.0003,0.0
2026-07-17,Hyderabad,normal,13.6,0.9,2.0,2.1,2.1,2.46,0.0773,0.0007,0.0001
2026-07-17,Bengaluru,normal,9.8,0.0,0.0,0.0,0.0,0.78,0.047,0.0003,0.0
2026-07-17,Pune,normal,2.9,0.2,0.8,0.8,0.8,1.58,0.0542,0.0004,0.0
2026-07-17,Kurnool,normal,12.2,0.3,1.0,1.0,1.0,1.65,0.0577,0.0005,0.0
2026-07-17,Madurai,normal,0.0,0.0,0.0,0.0,0.0,0.78,0.047,0.0003,0.0
2026-07-18,Nagpur,normal,13.4,8.6,11.8,11.7,11.7,7.94,0.2411,0.0053,0.0006
2026-07-18,Bhopal,normal,0.7,0.4,1.1,1.1,1.1,1.85,0.0611,0.0005,0.0
2026-07-18,Raipur,normal,16.6,20.4,24.2,23.2,23.2,9.74,0.3807,0.014,0.0018
2026-07-18,Jabalpur,normal,11.1,4.9,7.5,7.6,7.6,7.12,0.1755,0.0029,0.0003
2026-07-18,Akola,normal,5.3,4.0,6.3,6.39,6.39,4.86,0.1566,0.0024,0.0002
2026-07-18,Amravati,normal,11.4,1.4,2.8,2.9,2.9,3.0,0.0921,0.001,0.0001
2026-07-18,Aurangabad,normal,8.8,0.2,0.8,0.8,0.8,1.76,0.0542,0.0004,0.0
2026-07-18,Bhubaneswar,normal,27.9,30.0,35.3,31.71,31.71,10.71,0.4548,0.0218,0.0031
2026-07-18,Mumbai,coastal,16.2,7.7,10.7,13.23,13.23,10.85,0.3324,0.0122,0.0005
2026-07-18,Thiruvananthapuram,coastal,1.4,0.0,0.0,0.0,0.0,1.47,0.0774,0.0009,0.0
2026-07-18,Kochi,coastal,4.9,5.3,8.0,10.6,10.6,8.22,0.2763,0.0082,0.0003
2026-07-18,Mangaluru,coastal,12.6,11.8,15.2,17.32,17.32,12.62,0.4063,0.0194,0.0009
2026-07-18,Panaji,coastal,34.5,8.7,11.9,14.43,14.43,9.48,0.3526,0.0139,0.0006
2026-07-18,Chennai,coastal,2.3,2.9,4.9,7.5,7.5,4.79,0.2046,0.0046,0.0002
2026-07-18,Visakhapatnam,coastal,3.1,1.7,3.2,5.0,5.0,5.47,0.1597,0.0029,0.0001
2026-07-18,Puri,coastal,36.5,18.3,22.2,24.1,24.1,14.13,0.4897,0.0317,0.0017
2026-07-18,Kolkata,coastal,11.5,11.4,14.9,17.1,17.1,12.59,0.4,0.0187,0.0009
2026-07-18,Surat,coastal,7.3,2.8,4.8,7.4,7.4,5.08,0.2011,0.0045,0.0002
2026-07-18,Mahabaleshwar,orographic,33.1,4.2,6.6,5.0,5.0,7.45,0.2064,0.0111,0.0014
2026-07-18,Munnar,orographic,6.6,2.4,4.2,2.8,2.8,5.61,0.1549,0.0066,0.0007
2026-07-18,Madikeri,orographic,12.3,1.7,3.2,1.8,1.8,5.31,0.1317,0.005,0.0005
2026-07-18,Ooty,orographic,0.6,3.7,5.9,4.3,4.3,7.08,0.1931,0.0098,0.0012
2026-07-18,Lonavala,orographic,15.0,5.2,7.9,6.4,6.4,11.4,0.2312,0.0137,0.0018
2026-07-18,Wayanad,orographic,1.9,0.9,2.0,1.0,1.0,4.72,0.102,0.0033,0.0003
2026-07-18,Shimla,orographic,2.4,0.2,0.8,0.2,0.2,0.5,0.0722,0.0019,0.0002
2026-07-18,Dehradun,orographic,13.2,7.7,10.7,9.8,9.8,2.95,0.2844,0.0207,0.0029
2026-07-18,Srinagar,orographic,0.0,0.1,0.6,0.1,0.1,0.5,0.0675,0.0017,0.0001
2026-07-18,Gangtok,orographic,11.9,8.3,11.5,10.5,10.5,3.71,0.2957,0.0224,0.0033
2026-07-18,Guwahati,orographic,16.2,16.7,20.4,22.4,22.4,8.57,0.4163,0.048,0.0083
2026-07-18,Cherrapunji,orographic,61.2,7.9,10.9,10.1,10.1,6.62,0.2882,0.0212,0.003
2026-07-18,Imphal,orographic,0.9,14.0,17.6,18.2,18.2,7.75,0.3836,0.0395,0.0065
2026-07-18,Agartala,orographic,2.8,4.9,7.5,5.9,5.9,5.74,0.224,0.0129,0.0017
2026-07-18,Lucknow,normal,2.9,1.0,2.2,2.3,2.3,1.89,0.0803,0.0008,0.0001
2026-07-18,Patna,normal,30.2,24.2,28.4,27.0,27.0,8.27,0.4129,0.017,0.0023
2026-07-18,Varanasi,normal,14.3,1.8,3.4,3.5,3.5,3.0,0.1033,0.0012,0.0001
2026-07-18,Delhi,normal,0.0,0.0,0.0,0.0,0.0,0.37,0.047,0.0003,0.0
2026-07-18,Kanpur,normal,1.2,13.6,17.2,16.6,16.6,5.52,0.3097,0.0088,0.001
2026-07-18,Ranchi,normal,16.2,52.2,61.0,57.7,57.7,12.55,0.5654,0.0415,0.0069
2026-07-18,Jodhpur,normal,0.0,0.0,0.0,0.0,0.0,0.2,0.047,0.0003,0.0
2026-07-18,Bikaner,normal,0.0,0.0,0.0,0.0,0.0,0.2,0.047,0.0003,0.0
2026-07-18,Jaisalmer,normal,0.0,0.0,0.0,0.0,0.0,0.2,0.047,0.0003,0.0
2026-07-18,Hyderabad,normal,8.2,0.5,1.4,1.4,1.4,2.79,0.0645,0.0005,0.0
2026-07-18,Bengaluru,normal,6.0,1.6,3.1,3.2,3.2,2.85,0.0978,0.0011,0.0001
2026-07-18,Pune,normal,6.5,0.0,0.0,0.0,0.0,1.17,0.047,0.0003,0.0
2026-07-18,Kurnool,normal,5.0,0.9,2.0,2.2,2.2,3.1,0.0773,0.0007,0.0001
2026-07-18,Madurai,normal,1.7,0.3,1.0,1.0,1.0,1.63,0.0577,0.0005,0.0
2026-07-19,Nagpur,normal,5.4,4.3,6.7,6.9,8.2,8.02,0.1631,0.0026,0.0002
2026-07-19,Bhopal,normal,5.2,3.7,5.9,6.0,7.5,6.81,0.15,0.0022,0.0002
2026-07-19,Raipur,normal,10.6,45.7,55.3,52.31,42.71,15.42,0.5389,0.0356,0.0057
2026-07-19,Jabalpur,normal,9.6,15.8,19.3,19.3,21.12,11.24,0.335,0.0104,0.0013
2026-07-19,Akola,normal,3.7,0.6,1.6,1.6,2.01,4.68,0.0677,0.0006,0.0
2026-07-19,Amravati,normal,0.2,1.1,2.4,2.5,3.4,5.17,0.0833,0.0008,0.0001
2026-07-19,Aurangabad,normal,8.9,0.0,0.0,0.0,0.0,2.18,0.047,0.0003,0.0
2026-07-19,Bhubaneswar,normal,11.9,20.7,24.6,23.31,26.54,12.23,0.3834,0.0142,0.0018
2026-07-19,Mumbai,coastal,33.1,30.7,35.81,43.01,43.01,17.6,0.5908,0.0568,0.0034
2026-07-19,Thiruvananthapuram,coastal,7.3,0.0,0.0,0.0,0.0,2.0,0.0774,0.0009,0.0
2026-07-19,Kochi,coastal,5.3,4.6,7.1,9.9,9.9,9.33,0.2573,0.0071,0.0003
2026-07-19,Mangaluru,coastal,13.2,11.7,15.2,17.3,17.3,13.63,0.4047,0.0192,0.0009
2026-07-19,Panaji,coastal,21.4,24.6,29.0,33.26,33.26,16.1,0.5477,0.0443,0.0025
2026-07-19,Chennai,coastal,4.9,0.3,1.0,2.0,2.0,3.85,0.0943,0.0012,0.0
2026-07-19,Visakhapatnam,coastal,6.0,0.0,0.0,0.0,0.0,2.63,0.0774,0.0009,0.0
2026-07-19,Puri,coastal,5.0,4.8,7.3,10.1,10.1,10.54,0.2629,0.0075,0.0003
2026-07-19,Kolkata,coastal,17.3,5.6,8.3,10.8,10.8,11.49,0.284,0.0087,0.0003
2026-07-19,Surat,coastal,9.0,8.2,11.4,13.8,13.8,10.8,0.3427,0.013,0.0006
2026-07-19,Mahabaleshwar,orographic,25.0,7.2,10.2,9.2,9.2,14.11,0.2746,0.0192,0.0027
2026-07-19,Munnar,orographic,2.9,4.3,6.7,5.1,5.1,10.33,0.209,0.0114,0.0014
2026-07-19,Madikeri,orographic,12.3,1.0,2.2,1.1,1.1,6.18,0.1059,0.0035,0.0003
2026-07-19,Ooty,orographic,2.5,3.2,5.3,3.7,3.7,8.86,0.1791,0.0086,0.001
2026-07-19,Lonavala,orographic,13.7,17.4,21.2,23.3,23.3,23.77,0.4241,0.0502,0.0088
2026-07-19,Wayanad,orographic,4.6,0.1,0.6,0.1,0.1,4.41,0.0675,0.0017,0.0001
2026-07-19,Shimla,orographic,4.5,1.1,2.4,1.2,1.2,1.63,0.1098,0.0037,0.0004
2026-07-19,Dehradun,orographic,35.5,27.7,32.91,42.21,42.21,8.17,0.515,0.0835,0.0168
2026-07-19,Srinagar,orographic,10.2,7.0,10.0,8.9,8.9,3.75,0.2705,0.0187,0.0026
2026-07-19,Gangtok,orographic,36.4,8.8,12.0,11.24,11.24,5.93,0.3047,0.0238,0.0035
2026-07-19,Guwahati,orographic,25.4,12.8,16.2,16.7,16.7,9.06,0.3675,0.0358,0.0058
2026-07-19,Cherrapunji,orographic,126.4,20.1,24.0,27.6,27.6,10.11,0.4518,0.0588,0.0108
2026-07-19,Imphal,orographic,14.0,10.5,13.9,13.8,13.8,8.59,0.3333,0.0289,0.0044
2026-07-19,Agartala,orographic,17.9,8.2,11.4,10.5,10.5,7.5,0.2938,0.0221,0.0032
2026-07-19,Lucknow,normal,4.8,85.0,89.1,80.0,62.72,10.71,0.659,0.0723,0.0138
2026-07-19,Patna,normal,27.6,28.2,33.5,30.1,30.29,8.53,0.4426,0.0203,0.0029
2026-07-19,Varanasi,normal,25.4,24.4,28.8,27.1,28.01,7.66,0.4145,0.0172,0.0023
2026-07-19,Delhi,normal,3.7,0.3,1.0,1.0,1.1,1.22,0.0577,0.0005,0.0
2026-07-19,Kanpur,normal,6.7,10.4,13.8,13.22,15.3,7.29,0.2679,0.0065,0.0007
2026-07-19,Ranchi,normal,15.3,44.9,54.65,51.11,42.71,13.83,0.5354,0.0349,0.0055
2026-07-19,Jodhpur,normal,0.0,0.1,0.6,0.6,0.7,0.85,0.0507,0.0004,0.0
2026-07-19,Bikaner,normal,0.0,0.0,0.0,0.0,0.0,0.39,0.047,0.0003,0.0
2026-07-19,Jaisalmer,normal,0.0,0.0,0.0,0.0,0.0,0.39,0.047,0.0003,0.0
2026-07-19,Hyderabad,normal,2.4,0.7,1.8,1.8,2.4,3.66,0.071,0.0006,0.0
2026-07-19,Bengaluru,normal,1.0,0.1,0.6,0.6,0.7,3.21,0.0507,0.0004,0.0
2026-07-19,Pune,normal,1.9,0.8,1.9,2.0,2.75,2.89,0.0741,0.0007,0.0
2026-07-19,Kurnool,normal,6.9,1.1,2.4,2.5,3.4,4.31,0.0833,0.0008,0.0001
2026-07-19,Madurai,normal,2.6,0.0,0.0,0.0,0.0,1.78,0.047,0.0003,0.0
2026-07-20,Nagpur,normal,9.9,1.9,3.5,3.7,3.7,4.46,0.106,0.0012,0.0001
2026-07-20,Bhopal,normal,12.5,16.4,20.0,19.8,19.8,8.91,0.3414,0.0109,0.0013
2026-07-20,Raipur,normal,18.2,3.0,5.0,5.2,5.2,5.96,0.1338,0.0018,0.0002
2026-07-20,Jabalpur,normal,20.4,17.9,21.7,21.16,21.16,10.05,0.3569,0.012,0.0015
2026-07-20,Akola,normal,11.1,4.9,7.5,7.6,7.6,5.48,0.1755,0.0029,0.0003
2026-07-20,Amravati,normal,10.5,2.3,4.0,4.3,4.3,4.35,0.1165,0.0014,0.0001
2026-07-20,Aurangabad,normal,7.3,0.1,0.6,0.6,0.6,1.89,0.0507,0.0004,0.0
2026-07-20,Bhubaneswar,normal,24.7,3.7,5.9,6.0,0.0,6.34,0.15,0.0022,0.0002
2026-07-20,Mumbai,coastal,52.9,27.9,33.1,37.9,37.9,19.2,0.5723,0.051,0.003
2026-07-20,Thiruvananthapuram,coastal,2.4,0.0,0.0,0.0,0.0,1.61,0.0774,0.0009,0.0
2026-07-20,Kochi,coastal,9.0,1.1,2.4,3.9,3.9,5.07,0.1338,0.0022,0.0001
2026-07-20,Mangaluru,coastal,10.9,9.0,12.2,14.7,14.7,13.0,0.3583,0.0144,0.0006
2026-07-20,Panaji,coastal,31.0,33.1,38.8,47.41,47.41,18.9,0.6052,0.0618,0.0038
2026-07-20,Chennai,coastal,10.7,0.0,0.0,0.0,0.0,1.75,0.0774,0.0009,0.0
2026-07-20,Visakhapatnam,coastal,27.2,0.9,2.0,3.4,3.4,3.67,0.1246,0.0019,0.0001
2026-07-20,Puri,coastal,13.6,5.3,8.0,10.6,10.6,11.4,0.2763,0.0082,0.0003
2026-07-20,Kolkata,coastal,11.0,21.9,25.6,29.11,29.11,15.29,0.5249,0.0388,0.0021
2026-07-20,Surat,coastal,17.9,12.9,16.4,18.7,1.6,13.54,0.4227,0.0214,0.001
2026-07-20,Mahabaleshwar,orographic,34.0,12.8,16.2,16.7,16.7,18.86,0.3675,0.0358,0.0058
2026-07-20,Munnar,orographic,6.3,2.6,4.5,3.0,3.0,6.58,0.1612,0.0071,0.0008
2026-07-20,Madikeri,orographic,11.9,2.0,3.6,2.3,2.3,5.39,0.1419,0.0057,0.0006
2026-07-20,Ooty,orographic,3.2,3.1,5.1,3.6,3.6,6.5,0.1762,0.0083,0.001
2026-07-20,Lonavala,orographic,28.7,24.0,28.2,33.92,33.92,22.95,0.4866,0.0715,0.0138
2026-07-20,Wayanad,orographic,3.0,0.7,1.7,0.7,0.7,3.61,0.0939,0.0028,0.0003
2026-07-20,Shimla,orographic,10.4,17.8,21.61,23.8,23.8,5.12,0.4284,0.0515,0.0091
2026-07-20,Dehradun,orographic,25.4,27.2,32.3,40.6,40.6,8.14,0.5113,0.0819,0.0164
2026-07-20,Srinagar,orographic,6.8,6.8,9.7,8.6,8.6,6.01,0.2664,0.0181,0.0025
2026-07-20,Gangtok,orographic,34.9,8.2,11.4,10.5,10.5,5.97,0.2938,0.0221,0.0032
2026-07-20,Guwahati,orographic,47.0,8.4,11.5,10.6,10.6,7.05,0.2975,0.0227,0.0033
2026-07-20,Cherrapunji,orographic,77.2,76.3,83.3,94.53,94.53,19.72,0.7059,0.2349,0.0684
2026-07-20,Imphal,orographic,4.2,21.6,25.4,29.86,29.86,9.57,0.4658,0.0637,0.0119
2026-07-20,Agartala,orographic,28.5,5.9,8.6,7.35,7.35,7.14,0.2472,0.0156,0.0021
2026-07-20,Lucknow,normal,12.8,16.0,19.5,19.4,19.4,9.76,0.3371,0.0106,0.0013
2026-07-20,Patna,normal,20.0,59.7,67.8,60.11,60.11,12.93,0.5919,0.0484,0.0083
2026-07-20,Varanasi,normal,25.2,17.0,20.8,20.4,20.4,8.29,0.3477,0.0113,0.0014
2026-07-20,Delhi,normal,31.9,3.3,5.5,5.5,5.5,3.74,0.1409,0.002,0.0002
2026-07-20,Kanpur,normal,33.3,17.1,20.9,20.5,20.5,8.19,0.3488,0.0114,0.0014
2026-07-20,Ranchi,normal,19.7,47.2,57.5,54.91,54.91,14.17,0.5454,0.0369,0.0059
2026-07-20,Jodhpur,normal,0.4,0.0,0.0,0.0,0.0,0.6,0.047,0.0003,0.0
2026-07-20,Bikaner,normal,0.0,0.0,0.0,0.0,0.0,0.44,0.047,0.0003,0.0
2026-07-20,Jaisalmer,normal,0.0,0.0,0.0,0.0,0.0,0.44,0.047,0.0003,0.0
2026-07-20,Hyderabad,normal,5.0,0.0,0.0,0.0,0.0,1.34,0.047,0.0003,0.0
2026-07-20,Bengaluru,normal,8.3,0.9,2.0,2.2,2.2,2.99,0.0773,0.0007,0.0001
2026-07-20,Pune,normal,4.5,2.2,3.9,4.2,4.2,3.87,0.1139,0.0014,0.0001
2026-07-20,Kurnool,normal,9.5,0.0,0.0,0.0,0.0,1.42,0.047,0.0003,0.0
2026-07-20,Madurai,normal,0.2,0.2,0.8,0.8,0.8,1.68,0.0542,0.0004,0.0
2026-07-21,Nagpur,normal,31.1,20.3,24.01,23.11,19.73,8.87,0.3798,0.0139,0.0018
2026-07-21,Bhopal,normal,48.1,21.2,25.0,23.91,6.38,10.02,0.3878,0.0146,0.0019
2026-07-21,Raipur,normal,30.6,7.6,10.6,10.4,10.8,7.34,0.2249,0.0046,0.0005
2026-07-21,Jabalpur,normal,28.5,16.0,19.5,19.4,17.97,9.9,0.3371,0.0106,0.0013
2026-07-21,Akola,normal,12.5,1.8,3.4,3.5,4.01,4.94,0.1033,0.0012,0.0001
2026-07-21,Amravati,normal,15.6,6.0,8.8,8.7,8.47,7.08,0.1968,0.0036,0.0004
2026-07-21,Aurangabad,normal,22.9,0.8,1.9,2.0,2.3,3.08,0.0741,0.0007,0.0
2026-07-21,Bhubaneswar,normal,37.1,1.8,3.4,3.5,0.0,4.52,0.1033,0.0012,0.0001
2026-07-21,Mumbai,coastal,25.2,29.2,34.7,40.31,40.31,17.23,0.5811,0.0537,0.0032
2026-07-21,Thiruvananthapuram,coastal,0.7,0.0,0.0,0.0,0.0,1.59,0.0774,0.0009,0.0
2026-07-21,Kochi,coastal,0.6,0.0,0.0,0.0,0.0,1.95,0.0774,0.0009,0.0
2026-07-21,Mangaluru,coastal,13.2,1.2,2.5,4.1,4.1,5.12,0.1383,0.0023,0.0001
2026-07-21,Panaji,coastal,20.9,26.5,31.3,35.76,35.76,17.54,0.5622,0.0481,0.0028
2026-07-21,Chennai,coastal,0.6,0.0,0.0,0.0,0.0,1.59,0.0774,0.0009,0.0
2026-07-21,Visakhapatnam,coastal,12.5,0.4,1.2,2.27,2.27,3.13,0.0996,0.0013,0.0
2026-07-21,Puri,coastal,40.1,11.9,15.3,17.4,0.2,13.05,0.4078,0.0196,0.0009
2026-07-21,Kolkata,coastal,22.8,15.6,19.2,22.2,22.2,14.68,0.4588,0.0265,0.0013
2026-07-21,Surat,coastal,81.7,26.2,30.8,35.7,11.8,16.83,0.56,0.0475,0.0027
2026-07-21,Mahabaleshwar,orographic,50.3,9.0,12.2,11.5,11.5,18.22,0.3083,0.0244,0.0036
2026-07-21,Munnar,orographic,0.7,1.7,3.2,1.9,1.9,6.11,0.1317,0.005,0.0005
2026-07-21,Madikeri,orographic,7.0,0.9,2.0,1.0,1.0,4.73,0.102,0.0033,0.0003
2026-07-21,Ooty,orographic,0.4,0.4,1.2,0.4,0.4,3.65,0.0811,0.0022,0.0002
2026-07-21,Lonavala,orographic,38.4,32.7,38.46,50.2,50.2,25.51,0.5479,0.0999,0.0212
2026-07-21,Wayanad,orographic,2.0,0.0,0.0,0.0,0.0,2.07,0.0627,0.0015,0.0001
2026-07-21,Shimla,orographic,12.1,73.7,80.0,94.3,94.3,11.64,0.7,0.2274,0.0652
2026-07-21,Dehradun,orographic,34.9,84.7,89.1,99.75,99.75,11.06,0.7232,0.2583,0.0787
2026-07-21,Srinagar,orographic,29.2,9.4,12.6,12.0,12.0,6.49,0.3152,0.0256,0.0038
2026-07-21,Gangtok,orographic,51.4,6.9,9.9,8.8,8.8,5.66,0.2685,0.0184,0.0026
2026-07-21,Guwahati,orographic,5.7,22.9,26.76,31.96,31.96,9.37,0.4773,0.0679,0.0129
2026-07-21,Cherrapunji,orographic,6.5,20.3,24.01,28.01,28.01,11.0,0.4537,0.0595,0.0109
2026-07-21,Imphal,orographic,9.3,9.4,12.6,12.0,12.0,7.83,0.3152,0.0256,0.0038
2026-07-21,Agartala,orographic,5.1,10.0,13.3,12.98,12.98,7.84,0.3253,0.0274,0.0042
2026-07-21,Lucknow,normal,20.2,7.9,10.9,10.7,11.5,6.41,0.2299,0.0048,0.0005
2026-07-21,Patna,normal,10.0,32.5,38.3,35.1,34.7,10.89,0.4706,0.024,0.0035
2026-07-21,Varanasi,normal,15.0,6.0,8.8,8.7,8.47,6.52,0.1968,0.0036,0.0004
2026-07-21,Delhi,normal,14.7,25.0,29.3,27.4,26.31,7.4,0.4191,0.0177,0.0024
2026-07-21,Kanpur,normal,11.7,6.5,9.3,9.0,9.17,6.52,0.2059,0.0039,0.0004
2026-07-21,Ranchi,normal,17.7,65.4,74.2,63.6,72.05,14.33,0.6096,0.0537,0.0095
2026-07-21,Jodhpur,normal,3.4,0.2,0.8,0.8,1.3,0.75,0.0542,0.0004,0.0
2026-07-21,Bikaner,normal,6.9,0.3,1.0,1.0,1.5,0.8,0.0577,0.0005,0.0
2026-07-21,Jaisalmer,normal,0.0,0.0,0.0,0.0,0.0,0.29,0.047,0.0003,0.0
2026-07-21,Hyderabad,normal,13.9,0.0,0.0,0.0,0.0,0.83,0.047,0.0003,0.0
2026-07-21,Bengaluru,normal,0.7,0.0,0.0,0.0,0.0,1.44,0.047,0.0003,0.0
2026-07-21,Pune,normal,11.5,1.4,2.8,2.9,3.2,3.61,0.0921,0.001,0.0001
2026-07-21,Kurnool,normal,2.7,0.0,0.0,0.0,0.0,0.83,0.047,0.0003,0.0
2026-07-21,Madurai,normal,0.1,0.0,0.0,0.0,0.0,1.24,0.047,0.0003,0.0
2026-07-22,Nagpur,normal,21.4,12.5,15.9,15.6,14.8,10.0,0.2961,0.008,0.0009
2026-07-22,Bhopal,normal,39.8,17.7,21.5,20.9,3.94,10.48,0.3549,0.0119,0.0015
2026-07-22,Raipur,normal,26.9,6.8,9.7,9.4,9.53,8.6,0.2112,0.0041,0.0004
2026-07-22,Jabalpur,normal,40.8,7.9,10.9,10.7,11.5,8.53,0.2299,0.0048,0.0005
2026-07-22,Akola,normal,21.9,4.1,6.4,6.6,6.39,5.89,0.1588,0.0024,0.0002
2026-07-22,Amravati,normal,14.9,5.4,8.1,8.1,7.81,8.48,0.1854,0.0032,0.0003
2026-07-22,Aurangabad,normal,25.1,8.4,11.5,11.4,0.0,6.71,0.238,0.0051,0.0005
2026-07-22,Bhubaneswar,normal,18.0,5.2,7.9,7.9,7.4,7.37,0.1815,0.0031,0.0003
2026-07-22,Mumbai,coastal,71.0,37.7,44.7,58.01,24.0,23.31,0.6298,0.0714,0.0046
2026-07-22,Thiruvananthapuram,coastal,0.2,0.0,0.0,0.0,0.0,1.67,0.0774,0.0009,0.0
2026-07-22,Kochi,coastal,1.0,0.4,1.2,2.27,2.27,2.82,0.0996,0.0013,0.0
2026-07-22,Mangaluru,coastal,21.5,1.5,3.0,4.6,4.6,4.72,0.1514,0.0027,0.0001
2026-07-22,Panaji,coastal,50.6,37.3,44.1,56.21,56.21,23.31,0.6278,0.0705,0.0045
2026-07-22,Chennai,coastal,10.0,0.0,0.0,0.0,0.0,1.67,0.0774,0.0009,0.0
2026-07-22,Visakhapatnam,coastal,0.4,0.0,0.0,0.0,0.0,1.87,0.0774,0.0009,0.0
2026-07-22,Puri,coastal,22.1,2.3,4.1,6.2,0.0,6.92,0.1831,0.0037,0.0001
2026-07-22,Kolkata,coastal,28.0,1.0,2.2,3.6,3.6,5.37,0.1292,0.002,0.0001
2026-07-22,Surat,coastal,43.6,43.6,51.8,66.91,32.39,25.49,0.6566,0.0838,0.0057
2026-07-22,Mahabaleshwar,orographic,65.4,26.0,30.41,37.41,37.41,24.29,0.5024,0.078,0.0154
2026-07-22,Munnar,orographic,2.0,1.9,3.5,2.1,2.1,5.76,0.1386,0.0055,0.0006
2026-07-22,Madikeri,orographic,12.5,0.6,1.6,0.7,0.7,4.03,0.0897,0.0026,0.0002
2026-07-22,Ooty,orographic,0.9,0.9,2.0,0.9,0.9,4.22,0.102,0.0033,0.0003
2026-07-22,Lonavala,orographic,49.3,52.2,61.0,84.71,84.71,40.88,0.6383,0.1626,0.0406
2026-07-22,Wayanad,orographic,6.3,0.3,1.0,0.3,0.3,2.76,0.0767,0.002,0.0002
2026-07-22,Shimla,orographic,25.1,19.0,22.9,25.4,25.4,8.38,0.4409,0.0553,0.01
2026-07-22,Dehradun,orographic,5.8,23.9,28.0,33.8,33.8,8.79,0.4857,0.0711,0.0137
2026-07-22,Srinagar,orographic,31.3,19.9,23.8,27.4,27.4,7.6,0.4499,0.0582,0.0106
2026-07-22,Gangtok,orographic,42.0,12.1,15.5,15.6,15.6,7.39,0.3576,0.0337,0.0054
2026-07-22,Guwahati,orographic,25.9,17.9,21.7,23.97,23.97,9.73,0.4295,0.0518,0.0092
2026-07-22,Cherrapunji,orographic,28.6,27.6,32.8,41.92,41.92,10.98,0.5142,0.0832,0.0167
2026-07-22,Imphal,orographic,21.1,12.3,15.7,15.8,15.8,8.58,0.3605,0.0343,0.0055
2026-07-22,Agartala,orographic,14.3,4.0,6.3,4.76,4.76,5.94,0.2012,0.0106,0.0013
2026-07-22,Lucknow,normal,3.0,5.7,8.5,8.5,8.24,6.62,0.1911,0.0034,0.0003
2026-07-22,Patna,normal,10.8,10.7,14.1,13.5,14.52,8.21,0.2722,0.0067,0.0007
2026-07-22,Varanasi,normal,5.7,3.3,5.4,5.4,5.79,4.76,0.1409,0.002,0.0002
2026-07-22,Delhi,normal,5.7,5.9,8.6,8.6,8.24,6.88,0.1949,0.0035,0.0003
2026-07-22,Kanpur,normal,1.4,15.2,18.8,18.6,17.6,8.22,0.3283,0.01,0.0012
2026-07-22,Ranchi,normal,6.4,10.3,13.6,13.1,13.3,8.73,0.2665,0.0064,0.0007
2026-07-22,Jodhpur,normal,27.1,0.0,0.0,0.0,0.0,0.64,0.047,0.0003,0.0
2026-07-22,Bikaner,normal,27.3,3.1,5.1,5.24,5.6,2.77,0.1362,0.0019,0.0002
2026-07-22,Jaisalmer,normal,3.1,0.1,0.6,0.6,0.88,0.94,0.0507,0.0004,0.0
2026-07-22,Hyderabad,normal,12.3,0.0,0.0,0.0,0.0,0.91,0.047,0.0003,0.0
2026-07-22,Bengaluru,normal,8.9,0.1,0.6,0.6,0.88,1.77,0.0507,0.0004,0.0
2026-07-22,Pune,normal,11.1,4.2,6.6,6.8,6.6,4.69,0.1609,0.0025,0.0002
2026-07-22,Kurnool,normal,5.9,0.0,0.0,0.0,0.0,0.91,0.047,0.0003,0.0
2026-07-22,Madurai,normal,1.0,0.0,0.0,0.0,0.0,0.91,0.047,0.0003,0.0
2026-07-23,Nagpur,normal,4.2,3.2,5.3,5.3,5.3,7.21,0.1386,0.0019,0.0002
2026-07-23,Bhopal,normal,13.1,3.6,5.8,5.9,5.9,8.14,0.1478,0.0021,0.0002
2026-07-23,Raipur,normal,5.2,1.0,2.2,2.3,2.3,6.04,0.0803,0.0008,0.0001
2026-07-23,Jabalpur,normal,16.8,37.1,43.75,39.01,39.01,14.38,0.4971,0.0279,0.0042
2026-07-23,Akola,normal,10.5,19.0,22.9,22.4,22.4,11.55,0.3677,0.0129,0.0016
2026-07-23,Amravati,normal,8.9,15.4,19.0,18.9,18.9,11.67,0.3306,0.0101,0.0012
2026-07-23,Aurangabad,normal,20.0,0.3,1.0,1.0,1.0,4.36,0.0577,0.0005,0.0
2026-07-23,Bhubaneswar,normal,13.1,3.9,6.2,6.2,6.2,8.19,0.1544,0.0023,0.0002
2026-07-23,Mumbai,coastal,107.0,25.6,30.0,34.96,10.57,17.21,0.5555,0.0463,0.0027
2026-07-23,Thiruvananthapuram,coastal,0.9,0.0,0.0,0.0,0.0,2.0,0.0774,0.0009,0.0
2026-07-23,Kochi,coastal,2.7,0.5,1.4,2.5,2.5,4.25,0.1048,0.0014,0.0
2026-07-23,Mangaluru,coastal,32.1,2.1,3.8,5.9,5.9,6.78,0.1755,0.0035,0.0001
2026-07-23,Panaji,coastal,16.9,32.5,38.3,46.71,46.71,19.61,0.6017,0.0605,0.0037
2026-07-23,Chennai,coastal,1.0,0.5,1.4,2.5,2.5,3.81,0.1048,0.0014,0.0
2026-07-23,Visakhapatnam,coastal,3.6,0.0,0.0,0.0,0.0,2.0,0.0774,0.0009,0.0
2026-07-23,Puri,coastal,4.6,2.7,4.6,7.0,7.0,7.03,0.1976,0.0043,0.0001
2026-07-23,Kolkata,coastal,21.4,5.1,7.7,10.4,0.0,9.63,0.271,0.0079,0.0003
2026-07-23,Surat,coastal,130.6,33.6,39.1,48.46,18.12,21.66,0.6081,0.0628,0.0039
2026-07-23,Mahabaleshwar,orographic,63.8,18.5,22.3,24.8,24.8,24.86,0.4358,0.0537,0.0096
2026-07-23,Munnar,orographic,1.3,2.9,4.9,3.4,3.4,8.58,0.1703,0.0078,0.0009
2026-07-23,Madikeri,orographic,22.5,0.4,1.2,0.4,0.4,4.65,0.0811,0.0022,0.0002
2026-07-23,Ooty,orographic,0.2,1.8,3.4,2.0,2.0,7.56,0.1351,0.0052,0.0006
2026-07-23,Lonavala,orographic,77.3,12.8,16.2,16.7,16.7,23.12,0.3675,0.0358,0.0058
2026-07-23,Wayanad,orographic,1.2,0.0,0.0,0.0,0.0,2.92,0.0627,0.0015,0.0001
2026-07-23,Shimla,orographic,11.3,7.3,10.3,9.3,9.3,5.94,0.2766,0.0195,0.0028
2026-07-23,Dehradun,orographic,7.0,9.9,13.2,12.83,12.83,6.79,0.3236,0.0271,0.0041
2026-07-23,Srinagar,orographic,8.1,2.5,4.3,2.9,2.9,3.81,0.1581,0.0069,0.0008
2026-07-23,Gangtok,orographic,4.4,9.1,12.3,11.5,11.5,6.76,0.31,0.0247,0.0037
2026-07-23,Guwahati,orographic,24.0,42.3,50.5,65.36,65.36,17.03,0.5983,0.1311,0.0304
2026-07-23,Cherrapunji,orographic,21.8,24.2,28.4,34.46,34.46,10.77,0.4882,0.0721,0.0139
2026-07-23,Imphal,orographic,13.8,20.1,24.0,27.6,27.6,10.19,0.4518,0.0588,0.0108
2026-07-23,Agartala,orographic,23.5,6.2,9.0,7.9,7.9,6.33,0.2538,0.0165,0.0022
2026-07-23,Lucknow,normal,8.3,12.1,15.5,15.12,15.12,7.67,0.291,0.0077,0.0009
2026-07-23,Patna,normal,13.5,11.8,15.2,15.0,15.0,7.49,0.2871,0.0075,0.0009
2026-07-23,Varanasi,normal,8.4,9.3,12.5,12.4,12.4,6.82,0.2519,0.0058,0.0006
2026-07-23,Delhi,normal,9.8,9.6,12.8,12.7,12.7,7.25,0.2564,0.006,0.0006
2026-07-23,Kanpur,normal,10.4,37.0,43.7,39.01,39.01,10.59,0.4965,0.0279,0.0042
2026-07-23,Ranchi,normal,5.0,2.4,4.2,4.5,4.5,4.66,0.1191,0.0015,0.0001
2026-07-23,Jodhpur,normal,6.3,3.8,6.0,6.1,6.1,2.89,0.1522,0.0023,0.0002
2026-07-23,Bikaner,normal,5.5,5.9,8.6,8.6,8.6,5.08,0.1949,0.0035,0.0003
2026-07-23,Jaisalmer,normal,6.9,5.6,8.3,8.33,8.33,3.98,0.1892,0.0033,0.0003
2026-07-23,Hyderabad,normal,1.2,0.3,1.0,1.0,1.0,2.18,0.0577,0.0005,0.0
2026-07-23,Bengaluru,normal,1.3,0.0,0.0,0.0,0.0,1.55,0.047,0.0003,0.0
2026-07-23,Pune,normal,15.4,0.5,1.4,1.4,1.4,3.96,0.0645,0.0005,0.0
2026-07-23,Kurnool,normal,0.7,0.0,0.0,0.0,0.0,1.16,0.047,0.0003,0.0
2026-07-23,Madurai,normal,0.1,0.1,0.6,0.6,0.6,2.1,0.0507,0.0004,0.0
2026-07-24,Nagpur,break,3.4,3.6,5.8,7.4,7.4,4.71,0.1629,0.0028,0.0001
2026-07-24,Bhopal,break,1.4,2.9,4.9,6.8,6.8,4.11,0.1452,0.0023,0.0001
2026-07-24,Raipur,break,1.3,2.2,3.9,5.3,5.3,3.79,0.1261,0.0018,0.0001
2026-07-24,Jabalpur,break,1.1,1.5,3.0,4.05,4.05,4.82,0.1054,0.0013,0.0
2026-07-24,Akola,break,10.2,5.5,8.2,9.88,9.88,7.2,0.2055,0.0043,0.0002
2026-07-24,Amravati,break,17.7,2.4,4.2,5.7,5.7,4.76,0.1317,0.0019,0.0001
2026-07-24,Aurangabad,break,5.6,1.0,2.2,3.25,3.25,2.92,0.0893,0.001,0.0
2026-07-24,Bhubaneswar,break,14.8,4.6,7.1,8.8,0.0,5.14,0.1862,0.0036,0.0001
2026-07-24,Mumbai,coastal,46.0,37.0,43.7,55.1,23.56,21.67,0.6263,0.0699,0.0045
2026-07-24,Thiruvananthapuram,coastal,1.2,0.0,0.0,0.0,0.0,1.52,0.0774,0.0009,0.0
2026-07-24,Kochi,coastal,1.8,0.0,0.0,0.0,0.0,1.65,0.0774,0.0009,0.0
2026-07-24,Mangaluru,coastal,20.9,1.2,2.6,4.1,4.1,3.77,0.1383,0.0023,0.0001
2026-07-24,Panaji,coastal,26.0,5.9,8.6,11.1,11.1,12.5,0.2915,0.0092,0.0004
2026-07-24,Chennai,coastal,7.5,0.9,2.0,3.4,3.4,3.38,0.1246,0.0019,0.0001
2026-07-24,Visakhapatnam,coastal,11.5,0.1,0.6,1.3,1.3,2.49,0.0832,0.001,0.0
2026-07-24,Puri,coastal,5.8,0.6,1.5,2.7,2.7,3.2,0.1099,0.0015,0.0
2026-07-24,Kolkata,coastal,56.2,0.0,0.0,0.0,0.0,2.59,0.0774,0.0009,0.0
2026-07-24,Surat,coastal,21.0,37.1,43.75,55.36,23.56,24.86,0.6268,0.0701,0.0045
2026-07-24,Mahabaleshwar,orographic,84.1,11.8,15.2,15.2,15.2,17.34,0.3532,0.0328,0.0052
2026-07-24,Munnar,orographic,3.6,0.3,1.0,0.3,0.3,3.39,0.0767,0.002,0.0002
2026-07-24,Madikeri,orographic,10.2,0.2,0.8,0.2,0.2,2.93,0.0722,0.0019,0.0002
2026-07-24,Ooty,orographic,6.3,0.6,1.6,0.7,0.7,3.49,0.0897,0.0026,0.0002
2026-07-24,Lonavala,orographic,69.9,22.8,26.7,31.9,31.9,20.96,0.4764,0.0676,0.0128
2026-07-24,Wayanad,orographic,4.5,0.0,0.0,0.0,0.0,1.5,0.0627,0.0015,0.0001
2026-07-24,Shimla,orographic,9.5,13.5,17.1,17.62,17.62,6.03,0.377,0.038,0.0062
2026-07-24,Dehradun,orographic,10.9,18.4,22.2,24.8,24.8,6.33,0.4347,0.0534,0.0095
2026-07-24,Srinagar,orographic,12.6,5.8,8.5,7.2,7.2,4.17,0.245,0.0154,0.0021
2026-07-24,Gangtok,orographic,3.5,7.2,10.2,9.2,9.2,5.1,0.2746,0.0192,0.0027
2026-07-24,Guwahati,orographic,6.7,12.9,16.4,16.9,16.9,9.36,0.3689,0.0361,0.0059
2026-07-24,Cherrapunji,orographic,12.8,10.0,13.3,12.98,12.98,7.55,0.3253,0.0274,0.0042
2026-07-24,Imphal,orographic,1.4,5.7,8.5,7.1,7.1,6.49,0.2427,0.0151,0.002
2026-07-24,Agartala,orographic,2.5,7.0,10.0,8.9,8.9,6.27,0.2705,0.0187,0.0026
2026-07-24,Lucknow,break,19.7,1.9,3.5,4.54,4.54,3.75,0.1174,0.0016,0.0
2026-07-24,Patna,break,2.3,9.5,12.7,14.1,14.1,6.83,0.2774,0.0076,0.0003
2026-07-24,Varanasi,break,9.6,0.6,1.6,2.01,2.01,2.29,0.0754,0.0008,0.0
2026-07-24,Delhi,break,8.5,0.0,0.0,0.0,0.0,1.42,0.0525,0.0004,0.0
2026-07-24,Kanpur,break,4.2,3.3,5.4,7.1,7.1,4.94,0.1554,0.0026,0.0001
2026-07-24,Ranchi,break,15.8,5.7,8.5,10.0,10.0,4.87,0.2096,0.0044,0.0002
2026-07-24,Jodhpur,break,26.7,32.1,37.51,32.82,32.82,7.24,0.4969,0.0305,0.0017
2026-07-24,Bikaner,break,2.9,10.2,13.5,14.97,14.97,6.46,0.2881,0.0083,0.0004
2026-07-24,Jaisalmer,break,2.8,10.3,13.6,15.2,15.2,6.46,0.2896,0.0084,0.0004
2026-07-24,Hyderabad,break,0.2,0.0,0.0,0.0,0.0,1.23,0.0525,0.0004,0.0
2026-07-24,Bengaluru,break,8.2,0.4,1.2,1.36,1.36,1.79,0.0681,0.0007,0.0
2026-07-24,Pune,break,12.0,1.6,3.1,4.2,4.2,3.07,0.1084,0.0014,0.0
2026-07-24,Kurnool,break,0.1,0.0,0.0,0.0,0.0,0.86,0.0525,0.0004,0.0
2026-07-24,Madurai,break,1.0,0.0,0.0,0.0,0.0,1.09,0.0525,0.0004,0.0
2026-07-25,Nagpur,break,2.2,3.0,5.0,6.98,5.2,5.45,0.1478,0.0024,0.0001
2026-07-25,Bhopal,break,1.6,3.0,5.0,6.98,5.2,5.38,0.1478,0.0024,0.0001
2026-07-25,Raipur,break,1.1,0.0,0.0,0.0,0.0,2.24,0.0525,0.0004,0.0
2026-07-25,Jabalpur,break,1.3,1.2,2.5,3.5,2.7,4.18,0.0958,0.0011,0.0
2026-07-25,Akola,break,7.2,3.8,6.0,7.53,6.1,6.87,0.1677,0.0029,0.0001
2026-07-25,Amravati,break,2.5,3.8,6.0,7.53,6.1,5.98,0.1677,0.0029,0.0001
2026-07-25,Aurangabad,break,2.2,4.6,7.1,8.76,7.2,6.26,0.1862,0.0036,0.0001
2026-07-25,Bhubaneswar,break,42.6,2.5,4.3,5.94,0.0,5.97,0.1345,0.002,0.0001
2026-07-25,Mumbai,coastal,20.6,30.3,35.5,41.92,41.92,21.74,0.5883,0.0559,0.0034
2026-07-25,Thiruvananthapuram,coastal,0.3,0.0,0.0,0.0,0.0,2.19,0.0774,0.0009,0.0
2026-07-25,Kochi,coastal,0.5,0.0,0.0,0.0,0.0,2.19,0.0774,0.0009,0.0
2026-07-25,Mangaluru,coastal,10.2,1.2,2.6,4.1,4.1,4.76,0.1383,0.0023,0.0001
2026-07-25,Panaji,coastal,23.9,27.6,32.8,37.4,37.4,19.02,0.5702,0.0504,0.003
2026-07-25,Chennai,coastal,4.4,0.0,0.0,0.0,0.0,2.54,0.0774,0.0009,0.0
2026-07-25,Visakhapatnam,coastal,0.4,0.0,0.0,0.0,0.0,2.25,0.0774,0.0009,0.0
2026-07-25,Puri,coastal,65.0,0.2,0.8,1.7,0.0,3.62,0.0888,0.0011,0.0
2026-07-25,Kolkata,coastal,9.3,3.0,5.0,7.65,7.65,5.85,0.208,0.0047,0.0002
2026-07-25,Surat,coastal,23.9,9.2,12.4,14.98,14.98,17.07,0.3621,0.0148,0.0007
2026-07-25,Mahabaleshwar,orographic,44.2,11.7,15.2,15.1,15.1,21.3,0.3517,0.0325,0.0051
2026-07-25,Munnar,orographic,1.3,0.7,1.7,0.7,0.7,4.34,0.0939,0.0028,0.0003
2026-07-25,Madikeri,orographic,15.9,0.6,1.6,0.7,0.7,4.27,0.0897,0.0026,0.0002
2026-07-25,Ooty,orographic,2.7,3.0,5.0,3.5,3.5,6.54,0.1733,0.0081,0.0009
2026-07-25,Lonavala,orographic,35.7,40.7,47.61,61.55,61.55,36.34,0.5908,0.1259,0.0288
2026-07-25,Wayanad,orographic,3.9,0.0,0.0,0.0,0.0,2.11,0.0627,0.0015,0.0001
2026-07-25,Shimla,orographic,6.5,24.4,28.8,35.21,35.21,8.58,0.4898,0.0728,0.0141
2026-07-25,Dehradun,orographic,12.1,6.6,9.4,8.3,8.3,6.93,0.2623,0.0176,0.0024
2026-07-25,Srinagar,orographic,19.8,4.1,6.4,4.9,4.9,5.13,0.2038,0.0108,0.0013
2026-07-25,Gangtok,orographic,11.5,3.0,5.0,3.5,3.5,4.03,0.1733,0.0081,0.0009
2026-07-25,Guwahati,orographic,4.0,3.3,5.4,3.8,3.8,6.02,0.182,0.0088,0.001
2026-07-25,Cherrapunji,orographic,3.3,4.0,6.3,4.76,4.76,6.49,0.2012,0.0106,0.0013
2026-07-25,Imphal,orographic,1.6,11.5,15.0,14.9,14.9,9.27,0.3488,0.0319,0.005
2026-07-25,Agartala,orographic,1.4,1.2,2.6,1.3,1.3,5.0,0.1136,0.0039,0.0004
2026-07-25,Lucknow,break,9.4,0.0,0.0,0.0,0.0,1.46,0.0525,0.0004,0.0
2026-07-25,Patna,break,0.9,5.5,8.2,9.88,8.28,7.19,0.2055,0.0043,0.0002
2026-07-25,Varanasi,break,1.8,0.0,0.0,0.0,0.0,1.17,0.0525,0.0004,0.0
2026-07-25,Delhi,break,2.3,0.5,1.4,1.6,1.4,1.8,0.0718,0.0007,0.0
2026-07-25,Kanpur,break,1.3,0.0,0.0,0.0,0.0,1.56,0.0525,0.0004,0.0
2026-07-25,Ranchi,break,3.8,11.6,15.1,15.9,14.8,8.56,0.3084,0.0095,0.0004
2026-07-25,Jodhpur,break,9.7,8.9,12.1,13.07,12.0,7.74,0.2678,0.0071,0.0003
2026-07-25,Bikaner,break,0.5,7.5,10.5,11.82,10.32,7.18,0.2439,0.0059,0.0002
2026-07-25,Jaisalmer,break,22.6,28.1,33.36,29.74,30.0,9.47,0.4705,0.0262,0.0014
2026-07-25,Hyderabad,break,0.0,0.0,0.0,0.0,0.0,1.37,0.0525,0.0004,0.0
2026-07-25,Bengaluru,break,2.9,0.1,0.6,0.7,0.6,3.09,0.0565,0.0005,0.0
2026-07-25,Pune,break,5.2,5.1,7.7,9.28,7.8,6.45,0.1971,0.0039,0.0001
2026-07-25,Kurnool,break,0.8,0.0,0.0,0.0,0.0,1.37,0.0525,0.0004,0.0
2026-07-25,Madurai,break,2.5,0.0,0.0,0.0,0.0,1.37,0.0525,0.0004,0.0
2026-07-26,Nagpur,break,1.1,3.3,5.4,7.1,5.4,4.39,0.1554,0.0026,0.0001
2026-07-26,Bhopal,break,0.8,5.0,7.6,9.13,7.7,5.91,0.1949,0.0039,0.0001
2026-07-26,Raipur,break,6.0,0.6,1.5,1.86,1.5,2.04,0.0754,0.0008,0.0
2026-07-26,Jabalpur,break,2.5,2.3,4.0,5.5,4.3,3.94,0.1289,0.0019,0.0001
2026-07-26,Akola,break,3.4,9.7,12.9,14.25,12.7,7.27,0.2805,0.0078,0.0003
2026-07-26,Amravati,break,1.5,4.9,7.5,9.03,7.6,5.99,0.1928,0.0038,0.0001
2026-07-26,Aurangabad,break,3.8,1.0,2.2,3.25,2.3,3.86,0.0893,0.001,0.0
2026-07-26,Bhubaneswar,break,137.5,0.8,1.9,2.75,0.0,3.12,0.0824,0.0009,0.0
2026-07-26,Mumbai,coastal,32.1,18.0,21.8,23.96,23.96,15.4,0.4865,0.0311,0.0016
2026-07-26,Thiruvananthapuram,coastal,1.5,0.0,0.0,0.0,0.0,1.42,0.0774,0.0009,0.0
2026-07-26,Kochi,coastal,3.8,0.1,0.6,1.3,1.3,2.36,0.0832,0.001,0.0
2026-07-26,Mangaluru,coastal,24.8,13.4,17.0,19.5,19.5,10.04,0.4299,0.0224,0.0011
2026-07-26,Panaji,coastal,27.6,22.5,26.3,29.92,29.92,15.26,0.5302,0.04,0.0022
2026-07-26,Chennai,coastal,1.4,0.4,1.1,2.1,2.1,2.47,0.0996,0.0013,0.0
2026-07-26,Visakhapatnam,coastal,1.0,0.4,1.2,2.27,2.27,2.47,0.0996,0.0013,0.0
2026-07-26,Puri,coastal,117.9,1.4,2.8,4.4,0.0,3.52,0.1471,0.0025,0.0001
2026-07-26,Kolkata,coastal,4.9,4.1,6.5,9.2,9.2,6.88,0.2429,0.0064,0.0002
2026-07-26,Surat,coastal,21.3,9.4,12.6,15.08,15.08,12.48,0.3658,0.0151,0.0007
2026-07-26,Mahabaleshwar,orographic,39.4,7.7,10.7,9.8,9.8,15.19,0.2844,0.0207,0.0029
2026-07-26,Munnar,orographic,2.6,0.1,0.6,0.1,0.1,2.87,0.0675,0.0017,0.0001
2026-07-26,Madikeri,orographic,11.9,1.1,2.4,1.2,1.2,3.96,0.1098,0.0037,0.0004
2026-07-26,Ooty,orographic,0.3,2.2,3.9,2.5,2.5,6.11,0.1485,0.0062,0.0007
2026-07-26,Lonavala,orographic,22.5,20.5,24.3,28.3,28.3,24.98,0.4556,0.0601,0.0111
2026-07-26,Wayanad,orographic,2.0,0.0,0.0,0.0,0.0,1.41,0.0627,0.0015,0.0001
2026-07-26,Shimla,orographic,3.5,13.4,17.0,17.5,17.5,6.49,0.3757,0.0377,0.0062
2026-07-26,Dehradun,orographic,3.4,26.1,30.6,37.6,37.6,7.09,0.5032,0.0783,0.0155
2026-07-26,Srinagar,orographic,13.4,2.6,4.5,3.0,3.0,2.42,0.1612,0.0071,0.0008
2026-07-26,Gangtok,orographic,4.5,4.4,6.9,5.3,5.3,3.15,0.2116,0.0116,0.0015
2026-07-26,Guwahati,orographic,5.1,5.9,8.6,7.35,7.35,5.22,0.2472,0.0156,0.0021
2026-07-26,Cherrapunji,orographic,6.5,4.8,7.3,5.7,5.7,4.69,0.2215,0.0127,0.0016
2026-07-26,Imphal,orographic,2.2,3.1,5.1,3.6,3.6,4.89,0.1762,0.0083,0.001
2026-07-26,Agartala,orographic,1.6,0.0,0.0,0.0,0.0,1.17,0.0627,0.0015,0.0001
2026-07-26,Lucknow,break,1.9,0.0,0.0,0.0,0.0,0.39,0.0525,0.0004,0.0
2026-07-26,Patna,break,0.0,3.2,5.3,7.1,5.3,4.09,0.1529,0.0025,0.0001
2026-07-26,Varanasi,break,0.2,0.1,0.6,0.7,0.6,0.96,0.0565,0.0005,0.0
2026-07-26,Delhi,break,1.4,1.6,3.1,4.2,3.2,2.44,0.1084,0.0014,0.0
2026-07-26,Kanpur,break,1.6,0.0,0.0,0.0,0.0,0.39,0.0525,0.0004,0.0
2026-07-26,Ranchi,break,0.8,19.1,23.0,25.51,22.4,7.82,0.3958,0.0168,0.0008
2026-07-26,Jodhpur,break,5.5,2.0,3.6,4.64,3.8,3.48,0.1204,0.0017,0.0001
2026-07-26,Bikaner,break,0.8,1.9,3.5,4.54,3.7,3.55,0.1174,0.0016,0.0
2026-07-26,Jaisalmer,break,1.6,1.1,2.4,3.4,2.5,2.97,0.0926,0.0011,0.0
2026-07-26,Hyderabad,break,6.2,0.1,0.6,0.7,0.6,1.59,0.0565,0.0005,0.0
2026-07-26,Bengaluru,break,3.1,0.2,0.8,1.0,0.8,1.95,0.0605,0.0005,0.0
2026-07-26,Pune,break,2.4,3.5,5.6,7.4,5.8,4.94,0.1604,0.0027,0.0001
2026-07-26,Kurnool,break,3.1,0.2,0.8,1.0,0.8,1.59,0.0605,0.0005,0.0
2026-07-26,Madurai,break,0.0,0.9,2.0,3.1,2.2,2.81,0.0859,0.0009,0.0
2026-07-27,Nagpur,normal,16.3,18.3,22.2,21.46,21.46,11.14,0.3609,0.0123,0.0016
2026-07-27,Bhopal,normal,5.2,18.5,22.3,21.8,21.8,11.53,0.3628,0.0125,0.0016
2026-07-27,Raipur,normal,19.2,13.2,16.7,16.31,16.31,9.24,0.3049,0.0085,0.001
2026-07-27,Jabalpur,normal,13.5,21.4,25.2,24.2,24.2,11.13,0.3896,0.0148,0.0019
2026-07-27,Akola,normal,8.5,9.8,13.0,12.7,12.7,10.51,0.2593,0.0061,0.0007
2026-07-27,Amravati,normal,6.8,10.6,14.0,13.42,13.42,10.9,0.2708,0.0066,0.0007
2026-07-27,Aurangabad,normal,13.1,2.5,4.3,4.6,4.6,6.24,0.1216,0.0015,0.0001
2026-07-27,Bhubaneswar,normal,19.8,1.8,3.4,3.5,0.0,5.77,0.1033,0.0012,0.0001
2026-07-27,Mumbai,coastal,42.9,30.0,35.3,41.8,41.8,17.81,0.5863,0.0553,0.0033
2026-07-27,Thiruvananthapuram,coastal,3.2,0.0,0.0,0.0,0.0,2.05,0.0774,0.0009,0.0
2026-07-27,Kochi,coastal,5.6,0.1,0.6,1.3,1.3,3.49,0.0832,0.001,0.0
2026-07-27,Mangaluru,coastal,27.2,21.1,24.9,28.1,28.1,15.8,0.5176,0.0372,0.002
2026-07-27,Panaji,coastal,42.1,32.9,38.6,46.71,46.71,19.41,0.6041,0.0613,0.0038
2026-07-27,Chennai,coastal,1.6,0.1,0.6,1.3,1.3,3.64,0.0832,0.001,0.0
2026-07-27,Visakhapatnam,coastal,8.3,0.8,1.9,3.1,3.1,4.46,0.1198,0.0018,0.0001
2026-07-27,Puri,coastal,14.6,1.4,2.8,4.4,0.0,4.97,0.1471,0.0025,0.0001
2026-07-27,Kolkata,coastal,43.0,9.9,13.2,15.7,15.7,12.76,0.3748,0.016,0.0007
2026-07-27,Surat,coastal,17.6,23.0,26.81,30.9,30.9,15.72,0.5345,0.041,0.0023
2026-07-27,Mahabaleshwar,orographic,37.4,8.7,12.0,11.1,11.1,17.82,0.303,0.0235,0.0035
2026-07-27,Munnar,orographic,13.2,0.6,1.5,0.6,0.6,5.0,0.0897,0.0026,0.0002
2026-07-27,Madikeri,orographic,14.6,4.6,7.1,5.5,5.5,10.02,0.2166,0.0121,0.0015
2026-07-27,Ooty,orographic,1.4,1.5,3.0,1.6,1.6,7.26,0.1246,0.0046,0.0005
2026-07-27,Lonavala,orographic,42.1,27.4,32.4,41.4,41.4,26.56,0.5128,0.0825,0.0166
2026-07-27,Wayanad,orographic,7.1,0.1,0.6,0.1,0.1,3.45,0.0675,0.0017,0.0001
2026-07-27,Shimla,orographic,5.3,15.6,19.2,20.22,20.22,7.33,0.4035,0.0445,0.0076
2026-07-27,Dehradun,orographic,14.7,18.6,22.5,24.9,24.9,7.24,0.4368,0.054,0.0097
2026-07-27,Srinagar,orographic,0.2,3.7,5.9,4.3,4.3,3.67,0.1931,0.0098,0.0012
2026-07-27,Gangtok,orographic,2.7,16.1,19.6,21.2,21.2,7.11,0.4094,0.0461,0.0079
2026-07-27,Guwahati,orographic,1.9,22.5,26.3,31.56,31.56,10.26,0.4738,0.0666,0.0126
2026-07-27,Cherrapunji,orographic,4.2,7.8,10.9,10.0,10.0,7.6,0.2863,0.021,0.003
2026-07-27,Imphal,orographic,6.9,21.3,25.1,29.51,29.51,8.26,0.4631,0.0627,0.0117
2026-07-27,Agartala,orographic,2.1,0.3,1.0,0.3,0.3,1.82,0.0767,0.002,0.0002
2026-07-27,Lucknow,normal,4.0,5.7,8.4,8.4,8.4,4.79,0.1911,0.0034,0.0003
2026-07-27,Patna,normal,6.0,0.1,0.6,0.6,0.6,2.23,0.0507,0.0004,0.0
2026-07-27,Varanasi,normal,3.9,9.0,12.2,12.1,12.1,5.95,0.2473,0.0055,0.0006
2026-07-27,Delhi,normal,0.6,1.8,3.4,3.5,3.5,3.83,0.1033,0.0012,0.0001
2026-07-27,Kanpur,normal,14.3,2.9,4.9,5.0,5.0,3.27,0.1314,0.0018,0.0001
2026-07-27,Ranchi,normal,9.6,25.8,30.2,27.8,27.8,8.69,0.4252,0.0183,0.0025
2026-07-27,Jodhpur,normal,3.7,0.0,0.0,0.0,0.0,0.96,0.047,0.0003,0.0
2026-07-27,Bikaner,normal,0.6,0.0,0.0,0.0,0.0,0.96,0.047,0.0003,0.0
2026-07-27,Jaisalmer,normal,1.4,0.0,0.0,0.0,0.0,0.85,0.047,0.0003,0.0
2026-07-27,Hyderabad,normal,16.5,0.7,1.8,1.8,1.8,3.47,0.071,0.0006,0.0
2026-07-27,Bengaluru,normal,1.1,0.0,0.0,0.0,0.0,1.79,0.047,0.0003,0.0
2026-07-27,Pune,normal,9.7,3.0,5.0,5.2,5.2,5.51,0.1338,0.0018,0.0002
2026-07-27,Kurnool,normal,5.6,0.8,1.9,2.0,2.0,3.75,0.0741,0.0007,0.0
2026-07-27,Madurai,normal,1.5,0.0,0.0,0.0,0.0,2.04,0.047,0.0003,0.0
2026-07-28,Nagpur,depression,21.7,40.0,47.11,25.91,39.0,20.64,0.743,0.0784,0.0088
2026-07-28,Bhopal,active,10.3,9.0,12.2,12.53,12.53,13.64,0.2939,0.0099,0.0014
2026-07-28,Raipur,depression,29.4,70.8,78.1,54.95,54.95,19.43,0.8209,0.1445,0.0198
2026-07-28,Jabalpur,active,17.5,20.9,24.8,21.01,21.01,15.18,0.4425,0.0255,0.0044
2026-07-28,Akola,active,51.9,15.1,18.7,17.6,17.6,13.23,0.3812,0.0177,0.0028
2026-07-28,Amravati,active,23.0,22.3,26.01,22.24,22.24,14.41,0.4551,0.0275,0.0048
2026-07-28,Aurangabad,active,3.8,5.1,7.7,7.29,7.29,11.02,0.2169,0.0054,0.0007
2026-07-28,Bhubaneswar,active,65.9,0.9,2.0,2.4,0.0,6.96,0.0959,0.0013,0.0001
2026-07-28,Mumbai,coastal,9.2,10.7,14.1,16.37,16.37,18.7,0.3886,0.0174,0.0008
2026-07-28,Thiruvananthapuram,coastal,5.0,0.0,0.0,0.0,0.0,2.79,0.0774,0.0009,0.0
2026-07-28,Kochi,coastal,18.4,5.3,8.0,10.6,10.6,10.81,0.2763,0.0082,0.0003
2026-07-28,Mangaluru,depression,25.2,30.9,36.2,15.75,43.1,25.67,0.7016,0.0588,0.0061
2026-07-28,Panaji,depression,41.6,38.0,45.0,24.11,58.5,35.39,0.735,0.0741,0.0081
2026-07-28,Chennai,coastal,0.1,1.1,2.4,3.9,3.9,5.57,0.1338,0.0022,0.0001
2026-07-28,Visakhapatnam,coastal,11.5,1.6,3.1,4.8,4.8,6.73,0.1555,0.0028,0.0001
2026-07-28,Puri,coastal,27.5,0.9,2.0,3.4,3.4,6.16,0.1246,0.0019,0.0001
2026-07-28,Kolkata,coastal,8.8,6.9,9.9,12.5,12.5,14.33,0.315,0.0108,0.0004
2026-07-28,Surat,coastal,2.1,1.8,3.4,5.2,5.2,9.29,0.1637,0.0031,0.0001
2026-07-28,Mahabaleshwar,orographic,39.7,9.6,12.8,12.3,12.3,30.55,0.3186,0.0262,0.0039
2026-07-28,Munnar,orographic,29.1,2.7,4.6,3.1,3.1,9.36,0.1643,0.0073,0.0008
2026-07-28,Madikeri,orographic,11.8,8.3,11.5,10.5,10.5,24.03,0.2957,0.0224,0.0033
2026-07-28,Ooty,orographic,0.9,0.6,1.6,0.7,0.7,7.48,0.0897,0.0026,0.0002
2026-07-28,Lonavala,orographic,25.6,21.9,25.6,30.2,30.2,41.82,0.4685,0.0646,0.0121
2026-07-28,Wayanad,orographic,7.3,1.4,2.8,1.5,1.5,7.12,0.121,0.0043,0.0004
2026-07-28,Shimla,orographic,3.1,16.3,19.72,21.42,21.42,9.29,0.4117,0.0467,0.0081
2026-07-28,Dehradun,orographic,50.7,44.1,52.3,66.64,66.64,13.39,0.6063,0.1369,0.0322
2026-07-28,Srinagar,orographic,5.0,3.2,5.3,3.7,3.7,4.06,0.1791,0.0086,0.001
2026-07-28,Gangtok,orographic,11.5,11.0,14.5,14.2,14.2,9.34,0.3412,0.0303,0.0047
2026-07-28,Guwahati,orographic,10.9,72.5,79.2,94.0,94.0,25.71,0.6972,0.2239,0.0638
2026-07-28,Cherrapunji,orographic,6.3,10.1,13.4,13.08,13.08,11.69,0.3269,0.0277,0.0042
2026-07-28,Imphal,orographic,3.9,49.1,58.65,79.56,79.56,25.96,0.6268,0.1528,0.0373
2026-07-28,Agartala,orographic,9.0,4.2,6.6,5.0,5.0,5.56,0.2064,0.0111,0.0014
2026-07-28,Lucknow,active,2.8,10.5,13.9,13.97,13.97,8.74,0.3183,0.0118,0.0017
2026-07-28,Patna,active,2.2,0.1,0.6,0.88,0.88,2.6,0.0633,0.0007,0.0001
2026-07-28,Varanasi,active,14.8,5.9,8.6,8.24,8.24,7.87,0.2347,0.0063,0.0008
2026-07-28,Delhi,active,19.5,73.0,79.65,72.05,72.05,11.58,0.6838,0.1044,0.0259
2026-07-28,Kanpur,active,4.8,20.7,24.6,20.82,20.82,9.21,0.4406,0.0253,0.0044
2026-07-28,Ranchi,active,24.9,12.6,16.0,14.82,14.82,9.11,0.349,0.0144,0.0022
2026-07-28,Jodhpur,active,6.3,0.0,0.0,0.0,0.0,1.31,0.0588,0.0006,0.0
2026-07-28,Bikaner,active,0.4,0.0,0.0,0.0,0.0,1.31,0.0588,0.0006,0.0
2026-07-28,Jaisalmer,active,0.0,0.0,0.0,0.0,0.0,1.31,0.0588,0.0006,0.0
2026-07-28,Hyderabad,active,8.0,0.3,1.0,1.5,1.5,4.47,0.072,0.0008,0.0001
2026-07-28,Bengaluru,active,1.9,0.0,0.0,0.0,0.0,2.23,0.0588,0.0006,0.0
2026-07-28,Pune,active,5.0,1.6,3.1,3.6,3.6,6.35,0.1207,0.0019,0.0002
2026-07-28,Kurnool,active,4.1,0.6,1.6,2.0,2.0,5.02,0.0843,0.0011,0.0001
2026-07-28,Madurai,active,1.5,0.0,0.0,0.0,0.0,2.23,0.0588,0.0006,0.0
2026-07-29,Nagpur,depression,35.0,66.1,75.56,52.54,52.54,20.81,0.8126,0.1346,0.0179
2026-07-29,Bhopal,normal,23.8,26.4,31.2,28.71,26.68,13.75,0.4297,0.0188,0.0026
2026-07-29,Raipur,normal,56.3,10.6,14.0,13.42,0.0,14.59,0.2708,0.0066,0.0007
2026-07-29,Jabalpur,normal,26.1,24.3,28.6,27.05,24.73,13.69,0.4137,0.0171,0.0023
2026-07-29,Akola,normal,6.8,10.6,14.0,13.42,14.12,11.67,0.2708,0.0066,0.0007
2026-07-29,Amravati,normal,9.8,9.7,12.9,12.7,12.98,11.89,0.2578,0.006,0.0007
2026-07-29,Aurangabad,normal,13.2,8.0,11.1,10.9,11.5,9.98,0.2315,0.0049,0.0005
2026-07-29,Bhubaneswar,normal,13.5,1.0,2.2,2.3,0.0,5.53,0.0803,0.0008,0.0001
2026-07-29,Mumbai,coastal,12.1,4.3,6.7,9.44,9.44,9.61,0.2487,0.0067,0.0002
2026-07-29,Thiruvananthapuram,coastal,4.0,0.4,1.2,2.27,2.27,3.38,0.0996,0.0013,0.0
2026-07-29,Kochi,coastal,12.2,10.0,13.3,15.8,15.8,14.19,0.3766,0.0162,0.0007
2026-07-29,Mangaluru,coastal,36.2,20.9,24.8,27.43,27.43,18.76,0.5157,0.0368,0.002
2026-07-29,Panaji,coastal,20.6,19.8,23.7,26.6,26.6,18.04,0.5051,0.0347,0.0019
2026-07-29,Chennai,coastal,1.5,0.1,0.6,1.3,1.3,4.04,0.0832,0.001,0.0
2026-07-29,Visakhapatnam,coastal,10.7,1.1,2.4,3.9,3.9,5.44,0.1338,0.0022,0.0001
2026-07-29,Puri,coastal,1.5,0.8,1.9,3.1,3.1,4.83,0.1198,0.0018,0.0001
2026-07-29,Kolkata,coastal,21.2,3.0,5.0,7.65,7.65,8.11,0.208,0.0047,0.0002
2026-07-29,Surat,coastal,4.1,2.3,4.1,6.2,6.2,7.3,0.1831,0.0037,0.0001
2026-07-29,Mahabaleshwar,orographic,50.5,7.2,10.2,9.2,9.2,19.27,0.2746,0.0192,0.0027
2026-07-29,Munnar,orographic,53.9,2.5,4.3,2.9,2.9,9.53,0.1581,0.0069,0.0008
2026-07-29,Madikeri,orographic,22.0,5.9,8.6,7.35,7.35,19.4,0.2472,0.0156,0.0021
2026-07-29,Ooty,orographic,1.1,0.4,1.2,0.4,0.4,4.98,0.0811,0.0022,0.0002
2026-07-29,Lonavala,orographic,32.9,15.2,18.8,19.6,19.6,28.11,0.3987,0.0433,0.0073
2026-07-29,Wayanad,orographic,11.2,0.3,1.0,0.3,0.3,5.08,0.0767,0.002,0.0002
2026-07-29,Shimla,orographic,9.1,15.0,18.7,19.4,19.4,7.92,0.3962,0.0426,0.0072
2026-07-29,Dehradun,orographic,1.3,27.3,32.3,40.63,40.63,9.05,0.5121,0.0822,0.0165
2026-07-29,Srinagar,orographic,1.0,1.1,2.4,1.2,1.2,2.37,0.1098,0.0037,0.0004
2026-07-29,Gangtok,orographic,10.1,28.0,33.2,42.81,42.81,8.7,0.5171,0.0845,0.0171
2026-07-29,Guwahati,orographic,54.2,18.1,22.0,24.4,24.4,14.08,0.4316,0.0524,0.0093
2026-07-29,Cherrapunji,orographic,13.8,35.1,41.4,55.15,55.15,15.21,0.5619,0.1077,0.0234
2026-07-29,Imphal,orographic,8.9,8.0,11.1,10.2,10.2,10.16,0.2901,0.0215,0.0031
2026-07-29,Agartala,orographic,12.7,5.8,8.5,7.2,7.2,6.7,0.245,0.0154,0.0021
2026-07-29,Lucknow,normal,0.3,1.8,3.4,3.5,4.01,4.62,0.1033,0.0012,0.0001
2026-07-29,Patna,normal,0.5,0.3,1.0,1.0,1.5,2.01,0.0577,0.0005,0.0
2026-07-29,Varanasi,normal,2.2,0.0,0.0,0.0,0.0,1.8,0.047,0.0003,0.0
2026-07-29,Delhi,normal,5.6,15.0,18.7,18.4,17.6,9.46,0.3261,0.0098,0.0012
2026-07-29,Kanpur,normal,0.1,14.5,18.2,17.81,17.32,8.33,0.3204,0.0095,0.0011
2026-07-29,Ranchi,normal,7.7,3.5,5.6,5.8,6.0,5.78,0.1455,0.0021,0.0002
2026-07-29,Jodhpur,normal,0.2,0.0,0.0,0.0,0.0,0.52,0.047,0.0003,0.0
2026-07-29,Bikaner,normal,0.2,0.0,0.0,0.0,0.0,0.52,0.047,0.0003,0.0
2026-07-29,Jaisalmer,normal,0.0,0.0,0.0,0.0,0.0,0.52,0.047,0.0003,0.0
2026-07-29,Hyderabad,normal,19.3,1.1,2.4,2.5,2.7,4.48,0.0833,0.0008,0.0001
2026-07-29,Bengaluru,normal,3.3,0.0,0.0,0.0,0.0,1.32,0.047,0.0003,0.0
2026-07-29,Pune,normal,5.3,1.4,2.8,2.9,3.2,5.01,0.0921,0.001,0.0001
2026-07-29,Kurnool,normal,8.2,0.0,0.0,0.0,0.0,2.13,0.047,0.0003,0.0
2026-07-29,Madurai,normal,1.6,0.0,0.0,0.0,0.0,1.32,0.047,0.0003,0.0
2026-07-30,Nagpur,depression,36.1,28.3,33.7,13.92,31.68,25.91,0.6867,0.0533,0.0054
2026-07-30,Bhopal,depression,14.3,15.8,19.3,2.4,17.82,17.95,0.581,0.0277,0.0024
2026-07-30,Raipur,active,10.2,4.8,7.3,7.0,7.0,11.44,0.21,0.0051,0.0006
2026-07-30,Jabalpur,depression,1.3,13.5,17.1,1.6,15.67,17.37,0.5512,0.0232,0.0019
2026-07-30,Akola,depression,65.1,267.9,324.18,395.5,395.5,21.1,0.9315,0.4602,0.1231
2026-07-30,Amravati,depression,80.2,46.6,57.05,35.87,35.87,20.87,0.7657,0.0926,0.0109
2026-07-30,Aurangabad,depression,27.3,39.8,46.85,25.5,25.5,20.19,0.7422,0.0779,0.0087
2026-07-30,Bhubaneswar,active,1.5,0.0,0.0,0.0,0.0,3.37,0.0588,0.0006,0.0
2026-07-30,Mumbai,depression,9.8,17.5,21.3,3.8,23.7,17.48,0.6002,0.0311,0.0027
2026-07-30,Thiruvananthapuram,coastal,7.7,1.4,2.8,4.4,4.4,5.11,0.1471,0.0025,0.0001
2026-07-30,Kochi,depression,16.2,21.1,24.9,6.28,28.1,19.86,0.6347,0.0383,0.0036
2026-07-30,Mangaluru,depression,29.0,22.9,26.76,9.07,30.9,22.96,0.6496,0.042,0.004
2026-07-30,Panaji,depression,14.7,27.1,32.1,12.38,36.8,25.23,0.6793,0.0508,0.005
2026-07-30,Chennai,coastal,1.1,0.0,0.0,0.0,0.0,2.54,0.0774,0.0009,0.0
2026-07-30,Visakhapatnam,coastal,1.3,0.4,1.2,2.27,2.27,4.63,0.0996,0.0013,0.0
2026-07-30,Puri,coastal,2.9,1.3,2.7,4.21,4.21,5.45,0.1427,0.0024,0.0001
2026-07-30,Kolkata,coastal,8.8,4.1,6.4,9.2,9.2,9.06,0.2429,0.0064,0.0002
2026-07-30,Surat,coastal,2.0,2.3,4.1,6.2,6.2,7.44,0.1831,0.0037,0.0001
2026-07-30,Mahabaleshwar,orographic,45.9,29.2,34.7,44.71,44.71,39.12,0.5254,0.0884,0.0181
2026-07-30,Munnar,orographic,31.4,1.2,2.6,1.3,1.3,8.56,0.1136,0.0039,0.0004
2026-07-30,Madikeri,orographic,23.2,7.4,10.4,9.5,9.5,24.36,0.2785,0.0198,0.0028
2026-07-30,Ooty,orographic,0.3,0.0,0.0,0.0,0.0,3.86,0.0627,0.0015,0.0001
2026-07-30,Lonavala,orographic,38.1,23.6,27.5,33.2,33.2,40.13,0.4832,0.0702,0.0134
2026-07-30,Wayanad,orographic,8.9,0.5,1.4,0.5,0.5,6.33,0.0855,0.0024,0.0002
2026-07-30,Shimla,orographic,9.2,12.5,15.9,16.1,16.1,9.54,0.3633,0.0349,0.0056
2026-07-30,Dehradun,orographic,6.4,13.9,17.5,18.1,18.1,9.63,0.3823,0.0392,0.0065
2026-07-30,Srinagar,orographic,0.3,4.3,6.7,5.1,5.1,3.76,0.209,0.0114,0.0014
2026-07-30,Gangtok,orographic,11.7,51.0,60.35,83.2,83.2,13.41,0.634,0.1588,0.0394
2026-07-30,Guwahati,orographic,38.1,31.3,36.51,47.5,47.5,20.98,0.5392,0.0953,0.0199
2026-07-30,Cherrapunji,orographic,23.5,154.5,157.6,146.51,146.51,33.05,0.8102,0.4196,0.1702
2026-07-30,Imphal,orographic,19.1,14.2,17.9,18.7,18.7,14.7,0.3862,0.0401,0.0067
2026-07-30,Agartala,orographic,14.8,2.8,4.7,3.2,3.2,8.83,0.1673,0.0076,0.0009
2026-07-30,Lucknow,active,1.4,0.1,0.6,0.88,0.88,2.89,0.0633,0.0007,0.0001
2026-07-30,Patna,active,8.8,0.5,1.4,1.9,1.9,2.95,0.0803,0.001,0.0001
2026-07-30,Varanasi,active,2.4,1.1,2.4,2.7,2.7,3.17,0.1033,0.0015,0.0001
2026-07-30,Delhi,active,10.8,7.0,10.0,10.08,10.08,8.27,0.2572,0.0076,0.001
2026-07-30,Kanpur,active,0.9,0.7,1.7,2.16,2.16,4.19,0.0882,0.0011,0.0001
2026-07-30,Ranchi,active,4.2,6.5,9.3,9.17,9.17,7.13,0.2472,0.007,0.0009
2026-07-30,Jodhpur,active,0.3,0.0,0.0,0.0,0.0,1.3,0.0588,0.0006,0.0
2026-07-30,Bikaner,active,0.0,0.0,0.0,0.0,0.0,1.3,0.0588,0.0006,0.0
2026-07-30,Jaisalmer,active,0.0,0.0,0.0,0.0,0.0,1.3,0.0588,0.0006,0.0
2026-07-30,Hyderabad,active,15.1,3.3,5.4,5.79,5.79,5.69,0.172,0.0036,0.0004
2026-07-30,Bengaluru,active,3.1,0.0,0.0,0.0,0.0,2.04,0.0588,0.0006,0.0
2026-07-30,Pune,active,5.8,5.3,8.0,7.5,7.5,7.02,0.2215,0.0057,0.0007
2026-07-30,Kurnool,active,3.0,0.0,0.0,0.0,0.0,2.04,0.0588,0.0006,0.0
2026-07-30,Madurai,active,0.4,0.0,0.0,0.0,0.0,2.04,0.0588,0.0006,0.0
2026-07-31,Nagpur,normal,4.5,8.3,11.5,11.2,11.9,7.97,0.2364,0.0051,0.0005
2026-07-31,Bhopal,normal,7.6,2.3,4.0,4.3,4.8,5.2,0.1165,0.0014,0.0001
2026-07-31,Raipur,normal,1.1,0.7,1.8,1.8,2.2,3.49,0.071,0.0006,0.0
2026-07-31,Jabalpur,normal,1.2,0.3,1.0,1.0,1.5,3.16,0.0577,0.0005,0.0
2026-07-31,Akola,normal,47.4,3.2,5.3,5.3,0.0,6.17,0.1386,0.0019,0.0002
2026-07-31,Amravati,normal,43.6,2.1,3.8,4.0,0.0,6.2,0.1113,0.0013,0.0001
2026-07-31,Aurangabad,normal,81.8,22.9,26.76,25.5,9.07,11.05,0.4024,0.016,0.0021
2026-07-31,Bhubaneswar,normal,1.7,1.3,2.7,2.8,3.0,3.03,0.0892,0.0009,0.0001
2026-07-31,Mumbai,coastal,14.7,44.7,53.41,72.4,72.4,23.83,0.6611,0.0861,0.0059
2026-07-31,Thiruvananthapuram,coastal,21.0,7.3,10.3,12.9,12.9,8.12,0.3239,0.0115,0.0005
2026-07-31,Kochi,coastal,49.7,32.3,37.71,46.55,16.57,18.16,0.6006,0.0601,0.0037
2026-07-31,Mangaluru,coastal,85.0,47.0,57.4,77.4,36.34,29.96,0.6701,0.091,0.0063
2026-07-31,Panaji,coastal,76.0,52.5,61.5,86.11,86.11,29.95,0.6896,0.1026,0.0074
2026-07-31,Chennai,coastal,0.8,0.1,0.6,1.3,1.3,2.48,0.0832,0.001,0.0
2026-07-31,Visakhapatnam,coastal,1.2,1.0,2.2,3.6,3.6,3.6,0.1292,0.002,0.0001
2026-07-31,Puri,coastal,1.7,2.0,3.6,5.7,5.7,4.66,0.1717,0.0033,0.0001
2026-07-31,Kolkata,coastal,8.9,2.9,4.9,7.5,7.5,5.61,0.2046,0.0046,0.0002
2026-07-31,Surat,coastal,130.3,47.8,57.7,77.4,36.4,22.98,0.6731,0.0927,0.0065
2026-07-31,Mahabaleshwar,orographic,93.8,30.4,35.7,46.1,46.1,23.1,0.5334,0.0924,0.0191
2026-07-31,Munnar,orographic,23.9,3.2,5.3,3.7,3.7,5.58,0.1791,0.0086,0.001
2026-07-31,Madikeri,orographic,35.4,23.7,27.6,33.26,33.26,21.82,0.4841,0.0705,0.0135
2026-07-31,Ooty,orographic,3.4,1.5,3.0,1.6,1.6,4.28,0.1246,0.0046,0.0005
2026-07-31,Lonavala,orographic,57.2,52.0,61.0,84.71,84.71,39.93,0.6376,0.162,0.0404
2026-07-31,Wayanad,orographic,14.3,8.5,11.7,10.8,10.8,9.42,0.2993,0.023,0.0034
2026-07-31,Shimla,orographic,12.1,3.1,5.1,3.6,3.6,3.52,0.1762,0.0083,0.001
2026-07-31,Dehradun,orographic,2.5,1.3,2.7,1.4,1.4,2.54,0.1173,0.0041,0.0004
2026-07-31,Srinagar,orographic,0.5,13.6,17.2,17.7,17.7,5.58,0.3783,0.0383,0.0063
2026-07-31,Gangtok,orographic,17.0,31.1,36.3,47.32,47.32,10.48,0.5379,0.0946,0.0198
2026-07-31,Guwahati,orographic,30.6,35.2,41.7,55.46,55.46,14.91,0.5624,0.108,0.0235
2026-07-31,Cherrapunji,orographic,8.6,9.7,12.9,12.3,12.3,9.58,0.3203,0.0265,0.004
2026-07-31,Imphal,orographic,7.1,14.1,17.7,18.4,18.4,8.35,0.3849,0.0398,0.0066
2026-07-31,Agartala,orographic,2.2,2.9,4.9,3.32,3.32,3.75,0.1703,0.0078,0.0009
2026-07-31,Lucknow,normal,1.6,3.3,5.5,5.5,5.9,3.45,0.1409,0.002,0.0002
2026-07-31,Patna,normal,4.0,4.9,7.5,7.6,7.08,4.01,0.1755,0.0029,0.0003
2026-07-31,Varanasi,normal,1.6,6.0,8.8,8.7,8.47,4.94,0.1968,0.0036,0.0004
2026-07-31,Delhi,normal,4.9,0.0,0.0,0.0,0.0,1.37,0.047,0.0003,0.0
2026-07-31,Kanpur,normal,2.3,1.4,2.8,2.9,3.2,2.24,0.0921,0.001,0.0001
2026-07-31,Ranchi,normal,5.1,0.8,1.9,2.0,2.3,2.77,0.0741,0.0007,0.0
2026-07-31,Jodhpur,normal,1.1,7.6,10.6,10.4,10.8,3.94,0.2249,0.0046,0.0005
2026-07-31,Bikaner,normal,0.2,6.6,9.4,9.1,9.3,3.9,0.2077,0.004,0.0004
2026-07-31,Jaisalmer,normal,1.0,1.1,2.4,2.5,2.7,1.66,0.0833,0.0008,0.0001
2026-07-31,Hyderabad,normal,2.7,0.0,0.0,0.0,0.0,1.61,0.047,0.0003,0.0
2026-07-31,Bengaluru,normal,2.6,0.0,0.0,0.0,0.0,0.78,0.047,0.0003,0.0
2026-07-31,Pune,normal,17.3,12.1,15.5,15.12,14.72,7.4,0.291,0.0077,0.0009
2026-07-31,Kurnool,normal,4.6,0.4,1.2,1.2,1.7,1.67,0.0611,0.0005,0.0
2026-07-31,Madurai,normal,7.0,1.7,3.2,3.3,3.7,2.88,0.1006,0.0011,0.0001
2026-08-01,Nagpur,break,2.7,1.4,2.8,3.85,2.9,4.78,0.1022,0.0013,0.0
2026-08-01,Bhopal,break,4.1,2.5,4.3,5.94,4.6,5.17,0.1345,0.002,0.0001
2026-08-01,Raipur,break,1.3,0.1,0.6,0.7,0.6,2.91,0.0565,0.0005,0.0
2026-08-01,Jabalpur,break,0.7,0.2,0.8,1.0,0.8,2.82,0.0605,0.0005,0.0
2026-08-01,Akola,break,5.5,1.5,3.0,4.05,3.1,4.71,0.1054,0.0013,0.0
2026-08-01,Amravati,break,3.7,1.6,3.1,4.2,3.2,4.66,0.1084,0.0014,0.0
2026-08-01,Aurangabad,break,6.7,0.1,0.6,0.7,0.6,3.69,0.0565,0.0005,0.0
2026-08-01,Bhubaneswar,break,12.0,1.8,3.4,4.5,3.5,4.63,0.1145,0.0015,0.0
2026-08-01,Mumbai,coastal,9.0,18.5,22.3,24.4,24.4,17.42,0.4918,0.0321,0.0017
2026-08-01,Thiruvananthapuram,coastal,37.1,2.8,4.7,7.3,0.0,7.49,0.2011,0.0045,0.0002
2026-08-01,Kochi,coastal,92.1,16.6,20.3,23.0,3.44,17.42,0.4707,0.0284,0.0015
2026-08-01,Mangaluru,coastal,79.3,35.7,42.4,53.01,20.9,28.03,0.6196,0.0672,0.0043
2026-08-01,Panaji,coastal,44.7,33.5,39.1,48.3,48.3,28.03,0.6075,0.0626,0.0039
2026-08-01,Chennai,coastal,8.2,0.0,0.0,0.0,0.0,2.08,0.0774,0.0009,0.0
2026-08-01,Visakhapatnam,coastal,4.8,0.1,0.6,1.3,1.3,3.62,0.0832,0.001,0.0
2026-08-01,Puri,coastal,2.2,2.4,4.2,6.4,6.4,6.59,0.1868,0.0039,0.0001
2026-08-01,Kolkata,coastal,20.9,6.5,9.3,11.7,11.7,11.17,0.3059,0.0102,0.0004
2026-08-01,Surat,coastal,42.0,0.6,1.5,2.7,0.0,5.56,0.1099,0.0015,0.0
2026-08-01,Mahabaleshwar,orographic,59.2,8.0,11.1,10.2,10.2,15.08,0.2901,0.0215,0.0031
2026-08-01,Munnar,orographic,140.8,2.6,4.5,3.0,3.0,7.09,0.1612,0.0071,0.0008
2026-08-01,Madikeri,orographic,35.6,8.4,11.5,10.6,10.6,14.55,0.2975,0.0227,0.0033
2026-08-01,Ooty,orographic,30.3,4.1,6.4,4.9,4.9,8.37,0.2038,0.0108,0.0013
2026-08-01,Lonavala,orographic,46.6,20.1,24.0,27.6,27.6,23.61,0.4518,0.0588,0.0108
2026-08-01,Wayanad,orographic,35.0,1.2,2.5,1.3,1.3,6.38,0.1136,0.0039,0.0004
2026-08-01,Shimla,orographic,10.8,9.4,12.6,12.0,12.0,5.96,0.3152,0.0256,0.0038
2026-08-01,Dehradun,orographic,9.7,25.2,29.6,36.12,36.12,6.14,0.4962,0.0754,0.0147
2026-08-01,Srinagar,orographic,3.7,6.9,9.9,8.8,8.8,6.7,0.2685,0.0184,0.0026
2026-08-01,Gangtok,orographic,29.9,3.5,5.6,4.1,4.1,5.19,0.1876,0.0093,0.0011
2026-08-01,Guwahati,orographic,17.9,11.5,15.0,14.9,14.9,10.9,0.3488,0.0319,0.005
2026-08-01,Cherrapunji,orographic,10.3,10.8,14.2,14.0,14.0,9.49,0.3381,0.0297,0.0046
2026-08-01,Imphal,orographic,4.8,2.7,4.6,3.1,3.1,6.03,0.1643,0.0073,0.0008
2026-08-01,Agartala,orographic,6.0,3.9,6.2,4.6,4.6,5.14,0.1985,0.0103,0.0013
2026-08-01,Lucknow,break,6.1,4.1,6.4,8.08,6.6,5.71,0.1748,0.0032,0.0001
2026-08-01,Patna,break,4.3,3.3,5.5,7.17,5.5,5.99,0.1554,0.0026,0.0001
2026-08-01,Varanasi,break,5.4,2.8,4.7,6.5,4.9,5.25,0.1425,0.0022,0.0001
2026-08-01,Delhi,break,5.5,2.3,4.0,5.5,4.3,3.87,0.1289,0.0019,0.0001
2026-08-01,Kanpur,break,1.6,0.2,0.8,1.0,0.8,2.21,0.0605,0.0005,0.0
2026-08-01,Ranchi,break,7.7,0.0,0.0,0.0,0.0,1.29,0.0525,0.0004,0.0
2026-08-01,Jodhpur,break,4.5,4.1,6.4,8.08,6.6,5.84,0.1748,0.0032,0.0001
2026-08-01,Bikaner,break,7.9,0.0,0.0,0.0,0.0,1.55,0.0525,0.0004,0.0
2026-08-01,Jaisalmer,break,1.2,2.9,4.9,6.8,5.0,3.74,0.1452,0.0023,0.0001
2026-08-01,Hyderabad,break,2.0,0.0,0.0,0.0,0.0,1.18,0.0525,0.0004,0.0
2026-08-01,Bengaluru,break,17.0,0.0,0.0,0.0,0.0,1.18,0.0525,0.0004,0.0
2026-08-01,Pune,break,4.6,2.5,4.3,5.94,4.6,5.55,0.1345,0.002,0.0001
2026-08-01,Kurnool,break,0.3,0.2,0.8,1.0,0.8,2.77,0.0605,0.0005,0.0
2026-08-01,Madurai,break,8.1,0.6,1.5,1.86,1.5,3.51,0.0754,0.0008,0.0
2026-08-02,Nagpur,break,0.8,1.2,2.6,3.6,3.6,2.95,0.0958,0.0011,0.0
2026-08-02,Bhopal,break,2.2,0.3,1.0,1.1,1.1,2.12,0.0643,0.0006,0.0
2026-08-02,Raipur,break,1.2,0.1,0.6,0.7,0.7,1.86,0.0565,0.0005,0.0
2026-08-02,Jabalpur,break,1.2,0.0,0.0,0.0,0.0,1.02,0.0525,0.0004,0.0
2026-08-02,Akola,break,2.3,2.8,4.7,6.5,6.5,3.7,0.1425,0.0022,0.0001
2026-08-02,Amravati,break,0.9,0.7,1.7,2.3,2.3,2.62,0.079,0.0008,0.0
2026-08-02,Aurangabad,break,3.6,0.5,1.4,1.6,1.6,2.29,0.0718,0.0007,0.0
2026-08-02,Bhubaneswar,break,14.4,1.7,3.2,4.3,4.3,3.39,0.1115,0.0015,0.0
2026-08-02,Mumbai,coastal,25.3,9.4,12.6,15.08,15.08,11.07,0.3658,0.0151,0.0007
2026-08-02,Thiruvananthapuram,coastal,19.7,2.0,3.6,5.7,5.7,4.68,0.1717,0.0033,0.0001
2026-08-02,Kochi,coastal,40.4,9.7,12.9,15.4,0.0,10.98,0.3712,0.0157,0.0007
2026-08-02,Mangaluru,coastal,42.4,33.0,38.7,46.86,46.86,18.26,0.6047,0.0616,0.0038
2026-08-02,Panaji,coastal,49.2,24.5,28.9,33.16,33.16,15.58,0.5469,0.0441,0.0025
2026-08-02,Chennai,coastal,6.2,0.0,0.0,0.0,0.0,1.33,0.0774,0.0009,0.0
2026-08-02,Visakhapatnam,coastal,8.9,0.1,0.6,1.3,1.3,2.35,0.0832,0.001,0.0
2026-08-02,Puri,coastal,24.9,1.4,2.8,4.4,4.4,3.75,0.1471,0.0025,0.0001
2026-08-02,Kolkata,coastal,23.4,11.9,15.3,17.4,17.4,10.7,0.4078,0.0196,0.0009
2026-08-02,Surat,coastal,12.5,8.0,11.1,13.68,13.68,7.0,0.3386,0.0127,0.0005
2026-08-02,Mahabaleshwar,orographic,34.3,5.4,8.1,6.7,6.7,10.97,0.2358,0.0143,0.0019
2026-08-02,Munnar,orographic,52.7,2.8,4.7,3.2,3.2,5.33,0.1673,0.0076,0.0009
2026-08-02,Madikeri,orographic,22.5,8.5,11.7,10.8,10.8,10.96,0.2993,0.023,0.0034
2026-08-02,Ooty,orographic,4.5,1.2,2.5,1.3,1.3,4.05,0.1136,0.0039,0.0004
2026-08-02,Lonavala,orographic,40.8,14.9,18.6,19.32,19.32,14.08,0.395,0.0423,0.0071
2026-08-02,Wayanad,orographic,6.5,2.2,3.9,2.5,2.5,4.81,0.1485,0.0062,0.0007
2026-08-02,Shimla,orographic,5.8,12.4,15.8,15.9,15.9,5.86,0.3619,0.0346,0.0055
2026-08-02,Dehradun,orographic,13.4,23.9,28.0,33.8,33.8,6.6,0.4857,0.0711,0.0137
2026-08-02,Srinagar,orographic,6.6,7.6,10.6,9.7,9.7,4.93,0.2824,0.0204,0.0029
2026-08-02,Gangtok,orographic,12.5,5.7,8.5,7.1,7.1,4.01,0.2427,0.0151,0.002
2026-08-02,Guwahati,orographic,16.0,6.6,9.4,8.3,8.3,6.11,0.2623,0.0176,0.0024
2026-08-02,Cherrapunji,orographic,10.9,7.2,10.2,9.2,9.2,5.97,0.2746,0.0192,0.0027
2026-08-02,Imphal,orographic,1.4,7.2,10.2,9.2,9.2,4.8,0.2746,0.0192,0.0027
2026-08-02,Agartala,orographic,9.2,3.7,5.9,4.3,4.3,3.8,0.1931,0.0098,0.0012
2026-08-02,Lucknow,break,11.3,5.5,8.2,9.88,9.88,5.11,0.2055,0.0043,0.0002
2026-08-02,Patna,break,4.0,9.4,12.6,14.1,14.1,6.11,0.2758,0.0076,0.0003
2026-08-02,Varanasi,break,5.6,1.7,3.2,4.3,4.3,2.8,0.1115,0.0015,0.0
2026-08-02,Delhi,break,4.8,0.0,0.0,0.0,0.0,0.87,0.0525,0.0004,0.0
2026-08-02,Kanpur,break,1.3,0.6,1.5,1.86,1.86,1.69,0.0754,0.0008,0.0
2026-08-02,Ranchi,break,5.9,23.0,26.81,27.4,27.4,6.18,0.4312,0.0208,0.0011
2026-08-02,Jodhpur,break,22.4,2.2,3.9,5.3,5.3,3.04,0.1261,0.0018,0.0001
2026-08-02,Bikaner,break,5.5,1.3,2.7,3.7,3.7,1.71,0.0991,0.0012,0.0
2026-08-02,Jaisalmer,break,8.0,0.0,0.0,0.0,0.0,0.79,0.0525,0.0004,0.0
2026-08-02,Hyderabad,break,1.3,0.0,0.0,0.0,0.0,0.68,0.0525,0.0004,0.0
2026-08-02,Bengaluru,break,1.1,0.1,0.6,0.7,0.7,1.44,0.0565,0.0005,0.0
2026-08-02,Pune,break,2.6,0.8,1.9,2.75,2.75,2.88,0.0824,0.0009,0.0
2026-08-02,Kurnool,break,10.0,0.1,0.6,0.7,0.7,1.88,0.0565,0.0005,0.0
2026-08-02,Madurai,break,0.9,0.2,0.8,1.0,1.0,1.91,0.0605,0.0005,0.0
2026-08-03,Nagpur,normal,0.2,2.1,3.8,4.0,4.0,3.64,0.1113,0.0013,0.0001
2026-08-03,Bhopal,normal,3.9,0.8,1.9,2.0,2.0,2.58,0.0741,0.0007,0.0
2026-08-03,Raipur,normal,4.1,9.3,12.5,12.4,12.4,5.81,0.2519,0.0058,0.0006
2026-08-03,Jabalpur,normal,1.4,1.2,2.5,2.7,2.7,2.63,0.0863,0.0009,0.0001
2026-08-03,Akola,normal,2.9,0.1,0.6,0.6,0.6,2.21,0.0507,0.0004,0.0
2026-08-03,Amravati,normal,1.3,0.5,1.4,1.4,1.4,2.37,0.0645,0.0005,0.0
2026-08-03,Aurangabad,normal,12.4,0.4,1.2,1.2,1.2,2.07,0.0611,0.0005,0.0
2026-08-03,Bhubaneswar,normal,30.0,0.1,0.6,0.6,0.6,2.18,0.0507,0.0004,0.0
2026-08-03,Mumbai,coastal,18.7,5.0,7.6,10.4,10.4,7.5,0.2683,0.0078,0.0003
2026-08-03,Thiruvananthapuram,coastal,12.9,0.4,1.2,2.27,2.27,2.59,0.0996,0.0013,0.0
2026-08-03,Kochi,coastal,37.3,9.0,12.2,14.7,14.7,9.9,0.3583,0.0144,0.0006
2026-08-03,Mangaluru,coastal,16.0,10.1,13.4,15.8,15.8,11.5,0.3783,0.0164,0.0007
2026-08-03,Panaji,coastal,23.9,8.9,12.1,14.6,14.6,8.84,0.3564,0.0143,0.0006
2026-08-03,Chennai,coastal,5.4,0.6,1.6,2.72,2.72,2.55,0.1099,0.0015,0.0
2026-08-03,Visakhapatnam,coastal,6.9,0.3,1.0,2.0,2.0,2.34,0.0943,0.0012,0.0
2026-08-03,Puri,coastal,26.1,0.0,0.0,0.0,0.0,1.52,0.0774,0.0009,0.0
2026-08-03,Kolkata,coastal,16.9,6.0,8.8,11.2,11.2,8.82,0.2939,0.0094,0.0004
2026-08-03,Surat,coastal,3.5,2.6,4.5,6.8,6.8,5.3,0.1941,0.0042,0.0001
2026-08-03,Mahabaleshwar,orographic,34.6,8.1,11.2,10.4,10.4,10.21,0.292,0.0218,0.0031
2026-08-03,Munnar,orographic,36.6,3.5,5.6,4.1,4.1,5.9,0.1876,0.0093,0.0011
2026-08-03,Madikeri,orographic,10.2,6.1,8.9,7.75,7.75,10.19,0.2516,0.0162,0.0022
2026-08-03,Ooty,orographic,5.4,1.5,3.0,1.6,1.6,3.88,0.1246,0.0046,0.0005
2026-08-03,Lonavala,orographic,32.7,12.3,15.7,15.8,15.8,12.08,0.3605,0.0343,0.0055
2026-08-03,Wayanad,orographic,8.4,4.1,6.4,4.9,4.9,6.16,0.2038,0.0108,0.0013
2026-08-03,Shimla,orographic,8.2,18.1,22.0,24.4,24.4,6.17,0.4316,0.0524,0.0093
2026-08-03,Dehradun,orographic,11.2,27.0,31.96,39.83,39.83,6.75,0.5099,0.0812,0.0162
2026-08-03,Srinagar,orographic,4.9,7.0,10.0,8.9,8.9,5.05,0.2705,0.0187,0.0026
2026-08-03,Gangtok,orographic,13.5,7.2,10.2,9.2,9.2,4.96,0.2746,0.0192,0.0027
2026-08-03,Guwahati,orographic,35.6,20.7,24.6,28.72,28.72,7.8,0.4575,0.0608,0.0112
2026-08-03,Cherrapunji,orographic,13.3,5.8,8.6,7.25,7.25,5.78,0.245,0.0154,0.0021
2026-08-03,Imphal,orographic,7.0,9.5,12.7,12.2,12.2,6.36,0.3169,0.0259,0.0039
2026-08-03,Agartala,orographic,21.8,2.9,4.9,3.32,3.32,3.32,0.1703,0.0078,0.0009
2026-08-03,Lucknow,normal,12.7,6.6,9.4,9.1,9.1,5.48,0.2077,0.004,0.0004
2026-08-03,Patna,normal,7.1,13.5,17.1,16.6,16.6,6.66,0.3085,0.0087,0.001
2026-08-03,Varanasi,normal,0.9,6.8,9.7,9.4,9.4,4.6,0.2112,0.0041,0.0004
2026-08-03,Delhi,normal,14.3,3.7,5.9,6.0,6.0,3.01,0.15,0.0022,0.0002
2026-08-03,Kanpur,normal,16.9,6.2,9.0,8.8,8.8,4.32,0.2005,0.0037,0.0004
2026-08-03,Ranchi,normal,5.4,16.2,19.7,19.5,19.5,6.82,0.3393,0.0107,0.0013
2026-08-03,Jodhpur,normal,10.3,1.0,2.2,2.3,2.3,1.88,0.0803,0.0008,0.0001
2026-08-03,Bikaner,normal,16.0,4.4,6.9,7.0,7.0,3.06,0.1652,0.0026,0.0002
2026-08-03,Jaisalmer,normal,1.3,0.0,0.0,0.0,0.0,0.27,0.047,0.0003,0.0
2026-08-03,Hyderabad,normal,2.7,0.8,1.8,1.9,1.9,1.89,0.0741,0.0007,0.0
2026-08-03,Bengaluru,normal,8.9,0.3,1.0,1.0,1.0,1.78,0.0577,0.0005,0.0
2026-08-03,Pune,normal,11.4,0.6,1.6,1.6,1.6,2.35,0.0677,0.0006,0.0
2026-08-03,Kurnool,normal,17.5,0.2,0.8,0.8,0.8,1.71,0.0542,0.0004,0.0
2026-08-03,Madurai,normal,0.2,0.7,1.7,1.7,1.7,2.23,0.071,0.0006,0.0
2026-08-04,Nagpur,normal,0.6,2.6,4.5,4.7,6.2,4.41,0.1241,0.0016,0.0001
2026-08-04,Bhopal,normal,3.7,0.4,1.2,1.2,1.36,2.55,0.0611,0.0005,0.0
2026-08-04,Raipur,normal,10.1,10.7,14.1,13.5,15.35,8.64,0.2722,0.0067,0.0007
2026-08-04,Jabalpur,normal,2.7,6.5,9.3,9.0,10.92,6.05,0.2059,0.0039,0.0004
2026-08-04,Akola,normal,1.2,1.6,3.1,3.2,4.2,3.39,0.0978,0.0011,0.0001
2026-08-04,Amravati,normal,0.7,0.4,1.2,1.2,1.36,2.41,0.0611,0.0005,0.0
2026-08-04,Aurangabad,normal,1.9,0.7,1.7,1.7,2.3,2.83,0.071,0.0006,0.0
2026-08-04,Bhubaneswar,normal,3.2,4.2,6.6,6.8,8.2,4.71,0.1609,0.0025,0.0002
2026-08-04,Mumbai,coastal,13.8,13.9,17.5,20.53,20.53,11.65,0.4368,0.0233,0.0011
2026-08-04,Thiruvananthapuram,coastal,8.4,0.1,0.6,1.3,1.3,2.66,0.0832,0.001,0.0
2026-08-04,Kochi,coastal,16.0,12.9,16.4,18.7,18.7,11.63,0.4227,0.0214,0.001
2026-08-04,Mangaluru,coastal,50.0,22.6,26.4,30.16,30.16,13.12,0.531,0.0402,0.0022
2026-08-04,Panaji,coastal,39.4,23.3,27.2,31.3,31.3,13.12,0.537,0.0416,0.0023
2026-08-04,Chennai,coastal,6.2,0.4,1.2,2.27,2.27,2.81,0.0996,0.0013,0.0
2026-08-04,Visakhapatnam,coastal,17.8,1.7,3.2,5.1,5.1,4.41,0.1597,0.0029,0.0001
2026-08-04,Puri,coastal,12.8,4.5,7.0,9.7,9.7,5.98,0.2545,0.007,0.0003
2026-08-04,Kolkata,coastal,11.2,9.5,12.7,15.18,15.18,11.12,0.3676,0.0153,0.0007
2026-08-04,Surat,coastal,6.6,1.3,2.7,4.21,4.21,4.15,0.1427,0.0024,0.0001
2026-08-04,Mahabaleshwar,orographic,32.3,7.6,10.6,9.7,9.7,11.46,0.2824,0.0204,0.0029
2026-08-04,Munnar,orographic,28.1,5.1,7.8,6.3,6.3,10.04,0.2288,0.0135,0.0018
2026-08-04,Madikeri,orographic,21.8,5.7,8.5,7.1,7.1,11.36,0.2427,0.0151,0.002
2026-08-04,Ooty,orographic,20.4,3.4,5.5,4.0,4.0,6.16,0.1848,0.0091,0.0011
2026-08-04,Lonavala,orographic,25.3,14.3,18.0,18.7,18.7,14.29,0.3874,0.0405,0.0067
2026-08-04,Wayanad,orographic,41.5,3.4,5.5,4.0,4.0,6.67,0.1848,0.0091,0.0011
2026-08-04,Shimla,orographic,9.4,12.2,15.6,15.7,15.7,6.74,0.359,0.034,0.0054
2026-08-04,Dehradun,orographic,10.7,17.2,21.0,23.2,23.2,7.02,0.4219,0.0496,0.0087
2026-08-04,Srinagar,orographic,3.1,6.8,9.7,8.6,8.6,5.62,0.2664,0.0181,0.0025
2026-08-04,Gangtok,orographic,5.5,6.4,9.2,8.1,8.1,5.95,0.2581,0.017,0.0023
2026-08-04,Guwahati,orographic,47.0,13.4,17.0,17.5,17.5,7.78,0.3757,0.0377,0.0062
2026-08-04,Cherrapunji,orographic,13.5,45.7,55.3,72.61,72.61,14.51,0.6132,0.142,0.0338
2026-08-04,Imphal,orographic,14.8,27.7,32.86,42.2,42.2,9.68,0.515,0.0835,0.0168
2026-08-04,Agartala,orographic,8.6,4.1,6.4,4.9,4.9,4.25,0.2038,0.0108,0.0013
2026-08-04,Lucknow,normal,14.7,20.1,24.0,22.9,26.5,8.04,0.378,0.0137,0.0018
2026-08-04,Patna,normal,14.1,2.7,4.6,4.8,6.34,4.22,0.1266,0.0016,0.0001
2026-08-04,Varanasi,normal,8.2,13.8,17.4,16.81,19.7,7.51,0.3121,0.0089,0.0011
2026-08-04,Delhi,normal,13.6,22.6,26.4,25.16,27.21,7.38,0.3999,0.0157,0.0021
2026-08-04,Kanpur,normal,10.4,113.7,114.9,80.2,86.95,12.65,0.7101,0.0999,0.0209
2026-08-04,Ranchi,normal,11.5,18.5,22.3,21.8,24.52,7.93,0.3628,0.0125,0.0016
2026-08-04,Jodhpur,normal,2.2,0.1,0.6,0.6,0.7,1.37,0.0507,0.0004,0.0
2026-08-04,Bikaner,normal,14.2,0.3,1.0,1.0,1.1,1.87,0.0577,0.0005,0.0
2026-08-04,Jaisalmer,normal,0.0,0.0,0.0,0.0,0.0,0.42,0.047,0.0003,0.0
2026-08-04,Hyderabad,normal,9.0,0.3,1.0,1.0,1.1,2.38,0.0577,0.0005,0.0
2026-08-04,Bengaluru,normal,18.5,0.7,1.7,1.7,2.3,2.64,0.071,0.0006,0.0
2026-08-04,Pune,normal,2.1,0.3,1.0,1.0,1.1,2.28,0.0577,0.0005,0.0
2026-08-04,Kurnool,normal,1.4,0.9,2.0,2.2,3.1,2.98,0.0773,0.0007,0.0001
2026-08-04,Madurai,normal,20.4,1.1,2.4,2.5,3.4,3.06,0.0833,0.0008,0.0001
2026-08-05,Nagpur,normal,0.2,0.1,0.6,0.6,0.6,3.66,0.0507,0.0004,0.0
2026-08-05,Bhopal,normal,2.5,0.7,1.8,1.8,1.8,4.16,0.071,0.0006,0.0
2026-08-05,Raipur,normal,10.0,11.9,15.3,15.0,15.0,9.75,0.2884,0.0076,0.0009
2026-08-05,Jabalpur,normal,5.9,2.2,3.9,4.2,4.2,6.41,0.1139,0.0014,0.0001
2026-08-05,Akola,normal,4.3,1.4,2.8,2.9,2.9,5.04,0.0921,0.001,0.0001
2026-08-05,Amravati,normal,0.4,0.0,0.0,0.0,0.0,2.12,0.047,0.0003,0.0
2026-08-05,Aurangabad,normal,3.9,2.1,3.8,4.0,4.0,5.76,0.1113,0.0013,0.0001
2026-08-05,Bhubaneswar,normal,12.7,45.7,55.3,52.31,52.31,12.92,0.5389,0.0356,0.0057
2026-08-05,Mumbai,coastal,15.1,5.7,8.5,10.9,10.9,9.95,0.2865,0.0089,0.0004
2026-08-05,Thiruvananthapuram,coastal,8.5,0.1,0.6,1.3,1.3,3.21,0.0832,0.001,0.0
2026-08-05,Kochi,coastal,8.3,4.2,6.6,9.4,9.4,8.09,0.2458,0.0065,0.0002
2026-08-05,Mangaluru,coastal,14.8,36.8,43.6,55.1,55.1,20.27,0.6253,0.0695,0.0045
2026-08-05,Panaji,coastal,32.1,23.7,27.7,31.7,31.7,13.77,0.5404,0.0425,0.0024
2026-08-05,Chennai,coastal,6.7,1.0,2.2,3.6,3.6,4.69,0.1292,0.002,0.0001
2026-08-05,Visakhapatnam,coastal,1.8,3.0,5.0,7.65,7.65,6.52,0.208,0.0047,0.0002
2026-08-05,Puri,coastal,11.1,4.3,6.7,9.44,0.0,8.12,0.2487,0.0067,0.0002
2026-08-05,Kolkata,coastal,25.3,8.8,12.0,14.6,14.6,10.07,0.3545,0.0141,0.0006
2026-08-05,Surat,coastal,5.4,0.8,1.9,3.1,3.1,4.43,0.1198,0.0018,0.0001
2026-08-05,Mahabaleshwar,orographic,39.1,6.2,9.0,7.9,7.9,12.85,0.2538,0.0165,0.0022
2026-08-05,Munnar,orographic,8.3,0.5,1.4,0.5,0.5,5.15,0.0855,0.0024,0.0002
2026-08-05,Madikeri,orographic,13.2,5.3,8.0,6.5,6.5,12.67,0.2335,0.014,0.0018
2026-08-05,Ooty,orographic,4.9,1.4,2.8,1.5,1.5,5.95,0.121,0.0043,0.0004
2026-08-05,Lonavala,orographic,30.8,11.5,15.0,14.9,14.9,14.47,0.3488,0.0319,0.005
2026-08-05,Wayanad,orographic,3.6,0.9,2.1,1.0,1.0,5.95,0.102,0.0033,0.0003
2026-08-05,Shimla,orographic,4.9,3.6,5.8,4.2,4.2,4.37,0.1904,0.0096,0.0012
2026-08-05,Dehradun,orographic,14.8,8.7,11.9,11.0,11.0,5.65,0.303,0.0235,0.0035
2026-08-05,Srinagar,orographic,0.0,4.8,7.3,5.7,5.7,4.88,0.2215,0.0127,0.0016
2026-08-05,Gangtok,orographic,37.1,13.3,16.8,17.4,17.4,6.74,0.3743,0.0374,0.0061
2026-08-05,Guwahati,orographic,20.1,35.3,41.8,55.6,55.6,12.8,0.563,0.1084,0.0236
2026-08-05,Cherrapunji,orographic,57.2,81.2,86.9,98.0,98.0,19.02,0.7163,0.2487,0.0744
2026-08-05,Imphal,orographic,24.9,28.3,33.7,43.51,43.51,10.68,0.5192,0.0855,0.0173
2026-08-05,Agartala,orographic,47.4,5.3,8.0,6.5,6.5,5.66,0.2335,0.014,0.0018
2026-08-05,Lucknow,normal,29.1,18.0,21.8,21.3,21.3,7.52,0.3579,0.0121,0.0015
2026-08-05,Patna,normal,36.8,12.3,15.7,15.4,15.4,7.14,0.2936,0.0079,0.0009
2026-08-05,Varanasi,normal,14.0,19.0,22.9,22.4,22.4,7.57,0.3677,0.0129,0.0016
2026-08-05,Delhi,normal,1.9,14.3,18.0,17.51,17.51,7.22,0.318,0.0093,0.0011
2026-08-05,Kanpur,normal,18.9,17.0,20.8,20.4,20.4,7.85,0.3477,0.0113,0.0014
2026-08-05,Ranchi,normal,23.0,18.9,22.9,22.3,22.3,7.66,0.3667,0.0128,0.0016
2026-08-05,Jodhpur,normal,0.0,0.0,0.0,0.0,0.0,0.54,0.047,0.0003,0.0
2026-08-05,Bikaner,normal,0.1,0.0,0.0,0.0,0.0,0.65,0.047,0.0003,0.0
2026-08-05,Jaisalmer,normal,0.0,0.0,0.0,0.0,0.0,0.35,0.047,0.0003,0.0
2026-08-05,Hyderabad,normal,4.5,0.0,0.0,0.0,0.0,1.68,0.047,0.0003,0.0
2026-08-05,Bengaluru,normal,9.5,1.5,3.0,3.1,3.1,4.26,0.095,0.001,0.0001
2026-08-05,Pune,normal,5.9,0.2,0.8,0.8,0.8,2.78,0.0542,0.0004,0.0
2026-08-05,Kurnool,normal,2.6,0.0,0.0,0.0,0.0,1.81,0.047,0.0003,0.0
2026-08-05,Madurai,normal,0.3,0.7,1.7,1.7,1.7,3.63,0.071,0.0006,0.0
2026-08-06,Nagpur,normal,1.3,5.8,8.5,8.5,8.5,6.18,0.193,0.0035,0.0003
2026-08-06,Bhopal,normal,1.8,2.7,4.6,4.8,4.8,4.34,0.1266,0.0016,0.0001
2026-08-06,Raipur,normal,6.1,5.9,8.6,8.6,8.6,7.88,0.1949,0.0035,0.0003
2026-08-06,Jabalpur,normal,2.7,14.2,17.9,17.4,17.4,8.42,0.3169,0.0092,0.0011
2026-08-06,Akola,normal,3.0,2.4,4.2,4.5,4.5,4.51,0.1191,0.0015,0.0001
2026-08-06,Amravati,normal,1.3,1.3,2.7,2.8,2.8,3.21,0.0892,0.0009,0.0001
2026-08-06,Aurangabad,normal,2.2,1.0,2.2,2.3,2.3,3.91,0.0803,0.0008,0.0001
2026-08-06,Bhubaneswar,normal,46.3,18.0,21.8,21.3,4.57,9.98,0.3579,0.0121,0.0015
2026-08-06,Mumbai,coastal,10.4,2.9,4.9,7.5,7.5,6.41,0.2046,0.0046,0.0002
2026-08-06,Thiruvananthapuram,coastal,12.2,0.0,0.0,0.0,0.0,1.76,0.0774,0.0009,0.0
2026-08-06,Kochi,coastal,34.5,5.4,8.1,10.6,10.6,9.51,0.2789,0.0084,0.0003
2026-08-06,Mangaluru,coastal,19.6,25.0,29.3,33.61,33.61,14.87,0.5508,0.0451,0.0026
2026-08-06,Panaji,coastal,26.6,22.7,26.6,30.31,30.31,14.09,0.5319,0.0404,0.0022
2026-08-06,Chennai,coastal,4.3,0.2,0.8,1.7,1.7,3.15,0.0888,0.0011,0.0
2026-08-06,Visakhapatnam,coastal,18.6,3.0,5.0,7.65,7.65,5.91,0.208,0.0047,0.0002
2026-08-06,Puri,coastal,61.9,42.0,50.11,64.6,29.89,19.62,0.6498,0.0804,0.0054
2026-08-06,Kolkata,coastal,3.9,27.5,32.6,37.4,37.4,15.4,0.5695,0.0502,0.0029
2026-08-06,Surat,coastal,2.5,1.6,3.1,4.8,4.8,4.68,0.1555,0.0028,0.0001
2026-08-06,Mahabaleshwar,orographic,43.6,7.2,10.2,9.2,9.2,11.99,0.2746,0.0192,0.0027
2026-08-06,Munnar,orographic,24.9,2.3,4.0,2.7,2.7,5.35,0.1517,0.0064,0.0007
2026-08-06,Madikeri,orographic,17.5,6.2,9.0,7.9,7.9,12.12,0.2538,0.0165,0.0022
2026-08-06,Ooty,orographic,0.6,2.7,4.6,3.1,3.1,5.6,0.1643,0.0073,0.0008
2026-08-06,Lonavala,orographic,25.4,13.8,17.4,18.1,18.1,14.33,0.381,0.0389,0.0064
2026-08-06,Wayanad,orographic,5.5,0.5,1.4,0.5,0.5,3.71,0.0855,0.0024,0.0002
2026-08-06,Shimla,orographic,6.4,2.8,4.8,3.3,3.3,2.27,0.1673,0.0076,0.0009
2026-08-06,Dehradun,orographic,40.3,15.7,19.3,20.4,20.4,6.14,0.4047,0.0448,0.0077
2026-08-06,Srinagar,orographic,11.2,4.8,7.4,5.8,5.8,4.23,0.2215,0.0127,0.0016
2026-08-06,Gangtok,orographic,20.9,10.6,14.0,13.9,13.9,5.98,0.3349,0.0292,0.0045
2026-08-06,Guwahati,orographic,2.0,19.6,23.5,26.9,26.9,9.47,0.4469,0.0572,0.0104
2026-08-06,Cherrapunji,orographic,8.0,6.9,9.9,8.8,8.8,7.59,0.2685,0.0184,0.0026
2026-08-06,Imphal,orographic,3.2,12.1,15.5,15.6,15.6,8.28,0.3576,0.0337,0.0054
2026-08-06,Agartala,orographic,24.6,5.8,8.5,7.2,7.2,6.84,0.245,0.0154,0.0021
2026-08-06,Lucknow,normal,30.0,13.4,17.0,16.46,16.46,7.44,0.3073,0.0086,0.001
2026-08-06,Patna,normal,13.4,64.4,73.1,63.6,63.6,12.63,0.6066,0.0528,0.0093
2026-08-06,Varanasi,normal,9.9,7.6,10.6,10.4,10.4,6.18,0.2249,0.0046,0.0005
2026-08-06,Delhi,normal,12.8,4.2,6.6,6.8,6.8,4.82,0.1609,0.0025,0.0002
2026-08-06,Kanpur,normal,18.0,14.1,17.7,17.3,17.3,7.44,0.3157,0.0092,0.0011
2026-08-06,Ranchi,normal,14.6,17.5,21.3,20.8,20.8,7.75,0.3529,0.0117,0.0015
2026-08-06,Jodhpur,normal,0.0,0.0,0.0,0.0,0.0,0.2,0.047,0.0003,0.0
2026-08-06,Bikaner,normal,6.1,0.0,0.0,0.0,0.0,0.2,0.047,0.0003,0.0
2026-08-06,Jaisalmer,normal,0.0,0.0,0.0,0.0,0.0,0.2,0.047,0.0003,0.0
2026-08-06,Hyderabad,normal,1.8,0.1,0.6,0.6,0.6,1.69,0.0507,0.0004,0.0
2026-08-06,Bengaluru,normal,16.5,0.0,0.0,0.0,0.0,1.68,0.047,0.0003,0.0
2026-08-06,Pune,normal,8.3,1.4,2.8,2.9,2.9,3.25,0.0921,0.001,0.0001
2026-08-06,Kurnool,normal,3.6,0.0,0.0,0.0,0.0,0.86,0.047,0.0003,0.0
2026-08-06,Madurai,normal,2.0,0.0,0.0,0.0,0.0,1.4,0.047,0.0003,0.0
2026-08-07,Nagpur,normal,13.2,7.3,10.3,10.1,10.1,8.76,0.2199,0.0044,0.0005
2026-08-07,Bhopal,normal,5.4,24.7,29.1,27.2,27.2,10.99,0.4168,0.0174,0.0024
2026-08-07,Raipur,normal,11.6,11.2,14.7,14.22,14.22,10.11,0.279,0.0071,0.0008
2026-08-07,Jabalpur,normal,20.3,13.9,17.5,17.0,17.0,10.14,0.3133,0.009,0.0011
2026-08-07,Akola,normal,1.1,1.3,2.7,2.8,2.8,5.41,0.0892,0.0009,0.0001
2026-08-07,Amravati,normal,3.3,4.1,6.4,6.6,6.6,6.91,0.1588,0.0024,0.0002
2026-08-07,Aurangabad,normal,1.0,0.5,1.4,1.4,1.4,4.31,0.0645,0.0005,0.0
2026-08-07,Bhubaneswar,normal,16.7,4.3,6.7,6.9,0.0,7.63,0.1631,0.0026,0.0002
2026-08-07,Mumbai,coastal,7.2,2.6,4.5,6.8,6.8,7.04,0.1941,0.0042,0.0001
2026-08-07,Thiruvananthapuram,coastal,11.8,0.2,0.8,1.7,1.7,3.05,0.0888,0.0011,0.0
2026-08-07,Kochi,coastal,24.0,23.6,27.5,31.6,31.6,13.89,0.5395,0.0423,0.0024
2026-08-07,Mangaluru,coastal,31.0,35.7,42.4,53.01,53.01,18.92,0.6196,0.0672,0.0043
2026-08-07,Panaji,coastal,16.5,19.1,23.0,25.21,25.21,13.53,0.498,0.0333,0.0018
2026-08-07,Chennai,coastal,5.6,3.1,5.1,7.9,7.9,6.17,0.2114,0.0049,0.0002
2026-08-07,Visakhapatnam,coastal,14.4,0.5,1.4,2.5,2.5,4.47,0.1048,0.0014,0.0
2026-08-07,Puri,coastal,16.9,4.8,7.3,10.1,0.0,9.13,0.2629,0.0075,0.0003
2026-08-07,Kolkata,coastal,20.9,19.5,23.3,25.7,25.7,13.53,0.5021,0.0341,0.0018
2026-08-07,Surat,coastal,2.5,1.3,2.7,4.21,4.21,5.12,0.1427,0.0024,0.0001
2026-08-07,Mahabaleshwar,orographic,24.1,6.3,9.1,8.0,8.0,12.91,0.2559,0.0167,0.0023
2026-08-07,Munnar,orographic,38.6,2.4,4.2,2.8,2.8,7.59,0.1549,0.0066,0.0007
2026-08-07,Madikeri,orographic,39.2,7.9,10.9,10.1,10.1,12.91,0.2882,0.0212,0.003
2026-08-07,Ooty,orographic,18.8,3.3,5.5,3.9,3.9,8.96,0.182,0.0088,0.001
2026-08-07,Lonavala,orographic,17.1,13.8,17.4,18.1,18.1,15.19,0.381,0.0389,0.0064
2026-08-07,Wayanad,orographic,30.4,3.6,5.8,4.2,4.2,7.85,0.1904,0.0096,0.0012
2026-08-07,Shimla,orographic,4.1,4.3,6.7,5.1,5.1,3.67,0.209,0.0114,0.0014
2026-08-07,Dehradun,orographic,0.7,2.8,4.7,3.2,3.2,3.8,0.1673,0.0076,0.0009
2026-08-07,Srinagar,orographic,0.4,1.7,3.2,1.8,1.8,3.05,0.1317,0.005,0.0005
2026-08-07,Gangtok,orographic,2.8,4.7,7.2,5.6,5.6,4.61,0.2191,0.0124,0.0016
2026-08-07,Guwahati,orographic,2.6,3.0,5.0,3.5,3.5,6.01,0.1733,0.0081,0.0009
2026-08-07,Cherrapunji,orographic,3.5,5.5,8.2,6.9,6.9,6.94,0.2381,0.0145,0.0019
2026-08-07,Imphal,orographic,2.0,2.9,4.9,3.32,3.32,5.92,0.1703,0.0078,0.0009
2026-08-07,Agartala,orographic,9.1,1.1,2.4,1.2,1.2,5.11,0.1098,0.0037,0.0004
2026-08-07,Lucknow,normal,1.3,9.5,12.7,12.6,12.6,7.03,0.2549,0.0059,0.0006
2026-08-07,Patna,normal,2.2,3.0,5.0,5.2,5.2,4.63,0.1338,0.0018,0.0002
2026-08-07,Varanasi,normal,1.9,14.7,18.4,18.0,18.0,7.61,0.3227,0.0096,0.0011
2026-08-07,Delhi,normal,58.3,11.5,15.0,14.62,14.62,7.31,0.2831,0.0073,0.0008
2026-08-07,Kanpur,normal,4.9,16.4,19.9,19.7,19.7,7.54,0.3414,0.0109,0.0013
2026-08-07,Ranchi,normal,11.4,9.2,12.4,12.2,12.2,7.12,0.2504,0.0057,0.0006
2026-08-07,Jodhpur,normal,0.0,0.0,0.0,0.0,0.0,0.41,0.047,0.0003,0.0
2026-08-07,Bikaner,normal,1.3,0.1,0.6,0.6,0.6,0.88,0.0507,0.0004,0.0
2026-08-07,Jaisalmer,normal,0.0,0.0,0.0,0.0,0.0,0.41,0.047,0.0003,0.0
2026-08-07,Hyderabad,normal,1.3,1.3,2.7,2.8,2.8,3.79,0.0892,0.0009,0.0001
2026-08-07,Bengaluru,normal,16.8,1.6,3.1,3.2,3.2,3.73,0.0978,0.0011,0.0001
2026-08-07,Pune,normal,1.9,0.7,1.8,1.8,1.8,3.76,0.071,0.0006,0.0
2026-08-07,Kurnool,normal,4.3,0.5,1.4,1.4,1.4,2.56,0.0645,0.0005,0.0
2026-08-07,Madurai,normal,0.0,0.0,0.0,0.0,0.0,1.14,0.047,0.0003,0.0
2026-08-08,Nagpur,normal,16.1,0.7,1.7,1.7,1.7,3.51,0.071,0.0006,0.0
2026-08-08,Bhopal,normal,12.8,17.0,20.8,20.4,20.4,9.33,0.3477,0.0113,0.0014
2026-08-08,Raipur,normal,26.1,0.8,1.9,2.0,2.0,3.87,0.0741,0.0007,0.0
2026-08-08,Jabalpur,normal,18.7,16.5,20.1,19.8,19.8,8.99,0.3425,0.011,0.0013
2026-08-08,Akola,normal,0.1,4.7,7.2,7.3,7.3,5.35,0.1714,0.0028,0.0003
2026-08-08,Amravati,normal,1.2,1.0,2.2,2.3,2.3,3.94,0.0803,0.0008,0.0001
2026-08-08,Aurangabad,normal,1.7,2.6,4.5,4.7,4.7,4.21,0.1241,0.0016,0.0001
2026-08-08,Bhubaneswar,normal,17.5,11.3,14.8,14.4,14.4,8.14,0.2804,0.0071,0.0008
2026-08-08,Mumbai,coastal,5.8,2.4,4.2,6.4,6.4,5.7,0.1868,0.0039,0.0001
2026-08-08,Thiruvananthapuram,coastal,8.7,0.3,1.0,2.0,2.0,2.91,0.0943,0.0012,0.0
2026-08-08,Kochi,coastal,30.3,5.5,8.2,10.7,10.7,9.82,0.2814,0.0086,0.0003
2026-08-08,Mangaluru,coastal,18.6,34.2,39.8,50.42,50.42,18.23,0.6115,0.0641,0.004
2026-08-08,Panaji,coastal,18.7,21.4,25.2,28.8,28.8,13.31,0.5203,0.0378,0.0021
2026-08-08,Chennai,coastal,4.1,0.0,0.0,0.0,0.0,2.26,0.0774,0.0009,0.0
2026-08-08,Visakhapatnam,coastal,6.6,0.7,1.8,3.0,3.0,3.39,0.1149,0.0017,0.0
2026-08-08,Puri,coastal,18.2,11.0,14.5,16.5,16.5,11.22,0.3935,0.018,0.0008
2026-08-08,Kolkata,coastal,22.6,4.2,6.6,9.4,9.4,7.64,0.2458,0.0065,0.0002
2026-08-08,Surat,coastal,4.6,2.7,4.6,7.0,7.0,5.25,0.1976,0.0043,0.0001
2026-08-08,Mahabaleshwar,orographic,19.5,5.4,8.1,6.7,6.7,11.42,0.2358,0.0143,0.0019
2026-08-08,Munnar,orographic,28.6,3.2,5.3,3.7,3.7,5.7,0.1791,0.0086,0.001
2026-08-08,Madikeri,orographic,15.9,5.0,7.6,6.1,6.1,9.94,0.2264,0.0132,0.0017
2026-08-08,Ooty,orographic,2.4,2.6,4.5,3.0,3.0,5.97,0.1612,0.0071,0.0008
2026-08-08,Lonavala,orographic,17.9,10.5,13.9,13.8,13.8,13.02,0.3333,0.0289,0.0044
2026-08-08,Wayanad,orographic,8.4,1.8,3.4,2.0,2.0,5.5,0.1351,0.0052,0.0006
2026-08-08,Shimla,orographic,6.8,9.5,12.7,12.2,12.2,5.11,0.3169,0.0259,0.0039
2026-08-08,Dehradun,orographic,4.6,25.3,29.7,36.56,36.56,5.87,0.497,0.0757,0.0148
2026-08-08,Srinagar,orographic,6.3,7.2,10.2,9.2,9.2,4.01,0.2746,0.0192,0.0027
2026-08-08,Gangtok,orographic,8.3,7.5,10.5,9.5,9.5,5.28,0.2805,0.0201,0.0028
2026-08-08,Guwahati,orographic,16.0,16.1,19.6,21.2,21.2,6.78,0.4094,0.0461,0.0079
2026-08-08,Cherrapunji,orographic,5.3,8.4,11.5,10.6,10.6,6.43,0.2975,0.0227,0.0033
2026-08-08,Imphal,orographic,12.5,15.2,18.8,19.6,19.6,6.54,0.3987,0.0433,0.0073
2026-08-08,Agartala,orographic,18.7,4.6,7.1,5.5,5.5,3.67,0.2166,0.0121,0.0015
2026-08-08,Lucknow,normal,5.0,5.7,8.5,8.5,8.5,6.0,0.1911,0.0034,0.0003
2026-08-08,Patna,normal,2.2,10.1,13.4,12.9,12.9,6.51,0.2637,0.0063,0.0007
2026-08-08,Varanasi,normal,2.7,4.7,7.1,7.2,7.2,4.98,0.1714,0.0028,0.0003
2026-08-08,Delhi,normal,28.9,2.1,3.8,4.0,4.0,4.28,0.1113,0.0013,0.0001
2026-08-08,Kanpur,normal,2.4,6.1,8.9,8.8,8.8,6.31,0.1986,0.0037,0.0004
2026-08-08,Ranchi,normal,8.0,11.5,15.0,14.62,14.62,7.27,0.2831,0.0073,0.0008
2026-08-08,Jodhpur,normal,2.2,7.9,10.9,10.7,10.7,3.69,0.2299,0.0048,0.0005
2026-08-08,Bikaner,normal,1.5,1.5,3.0,3.1,3.1,1.84,0.095,0.001,0.0001
2026-08-08,Jaisalmer,normal,1.0,0.0,0.0,0.0,0.0,0.28,0.047,0.0003,0.0
2026-08-08,Hyderabad,normal,1.0,0.2,0.8,0.8,0.8,2.56,0.0542,0.0004,0.0
2026-08-08,Bengaluru,normal,4.1,0.2,0.8,0.8,0.8,2.61,0.0542,0.0004,0.0
2026-08-08,Pune,normal,2.2,0.1,0.6,0.6,0.6,2.45,0.0507,0.0004,0.0
2026-08-08,Kurnool,normal,1.5,0.7,1.8,1.8,1.8,2.87,0.071,0.0006,0.0
2026-08-08,Madurai,normal,1.2,0.0,0.0,0.0,0.0,0.81,0.047,0.0003,0.0
2026-08-09,Nagpur,normal,18.7,2.0,3.6,3.8,3.8,3.2,0.1087,0.0013,0.0001
2026-08-09,Bhopal,normal,42.0,5.4,8.1,8.1,0.0,6.6,0.1854,0.0032,0.0003
2026-08-09,Raipur,normal,18.2,0.2,0.8,0.8,0.8,2.14,0.0542,0.0004,0.0
2026-08-09,Jabalpur,normal,33.7,3.7,5.9,6.0,6.0,5.07,0.15,0.0022,0.0002
2026-08-09,Akola,normal,0.2,1.3,2.7,2.8,2.8,3.49,0.0892,0.0009,0.0001
2026-08-09,Amravati,normal,3.5,0.1,0.6,0.6,0.6,2.14,0.0507,0.0004,0.0
2026-08-09,Aurangabad,normal,2.8,0.9,2.0,2.2,2.2,3.24,0.0773,0.0007,0.0001
2026-08-09,Bhubaneswar,normal,7.9,3.5,5.6,5.8,5.8,5.0,0.1455,0.0021,0.0002
2026-08-09,Mumbai,coastal,5.8,5.1,7.7,10.4,10.4,7.67,0.271,0.0079,0.0003
2026-08-09,Thiruvananthapuram,coastal,4.2,0.0,0.0,0.0,0.0,1.39,0.0774,0.0009,0.0
2026-08-09,Kochi,coastal,7.8,0.3,1.0,2.0,2.0,2.95,0.0943,0.0012,0.0
2026-08-09,Mangaluru,coastal,8.8,14.0,17.6,20.7,20.7,11.88,0.4381,0.0235,0.0011
2026-08-09,Panaji,coastal,14.3,5.0,7.6,10.4,10.4,7.66,0.2683,0.0078,0.0003
2026-08-09,Chennai,coastal,6.2,0.0,0.0,0.0,0.0,1.27,0.0774,0.0009,0.0
2026-08-09,Visakhapatnam,coastal,13.4,0.0,0.0,0.0,0.0,1.45,0.0774,0.0009,0.0
2026-08-09,Puri,coastal,16.4,0.1,0.6,1.3,0.0,2.95,0.0832,0.001,0.0
2026-08-09,Kolkata,coastal,13.3,0.5,1.4,2.5,2.5,2.94,0.1048,0.0014,0.0
2026-08-09,Surat,coastal,2.5,1.7,3.2,5.1,5.1,4.41,0.1597,0.0029,0.0001
2026-08-09,Mahabaleshwar,orographic,13.9,5.1,7.7,6.2,6.2,10.22,0.2288,0.0135,0.0018
2026-08-09,Munnar,orographic,10.0,3.0,5.0,3.5,3.5,5.03,0.1733,0.0081,0.0009
2026-08-09,Madikeri,orographic,13.5,4.5,7.0,5.4,5.4,7.78,0.2141,0.0119,0.0015
2026-08-09,Ooty,orographic,1.6,3.6,5.8,4.2,4.2,5.9,0.1904,0.0096,0.0012
2026-08-09,Lonavala,orographic,14.1,12.5,15.9,16.1,16.1,12.22,0.3633,0.0349,0.0056
2026-08-09,Wayanad,orographic,3.6,0.2,0.8,0.2,0.2,2.61,0.0722,0.0019,0.0002
2026-08-09,Shimla,orographic,3.7,9.4,12.6,12.0,12.0,5.56,0.3152,0.0256,0.0038
2026-08-09,Dehradun,orographic,7.1,12.6,16.0,16.3,16.3,5.96,0.3647,0.0352,0.0057
2026-08-09,Srinagar,orographic,3.3,1.4,2.8,1.5,1.5,2.08,0.121,0.0043,0.0004
2026-08-09,Gangtok,orographic,24.5,15.5,19.1,19.97,19.97,6.08,0.4023,0.0442,0.0075
2026-08-09,Guwahati,orographic,22.2,69.2,77.9,94.0,94.0,16.17,0.6892,0.2143,0.0599
2026-08-09,Cherrapunji,orographic,9.3,9.9,13.2,12.83,12.83,6.5,0.3236,0.0271,0.0041
2026-08-09,Imphal,orographic,32.5,8.3,11.5,10.5,10.5,5.7,0.2957,0.0224,0.0033
2026-08-09,Agartala,orographic,10.4,1.1,2.4,1.2,1.2,3.42,0.1098,0.0037,0.0004
2026-08-09,Lucknow,normal,2.6,3.9,6.2,6.2,6.2,4.18,0.1544,0.0023,0.0002
2026-08-09,Patna,normal,1.5,5.5,8.2,8.28,8.28,5.37,0.1873,0.0033,0.0003
2026-08-09,Varanasi,normal,2.2,5.3,8.0,8.0,8.0,5.36,0.1834,0.0032,0.0003
2026-08-09,Delhi,normal,3.0,0.2,0.8,0.8,0.8,1.44,0.0542,0.0004,0.0
2026-08-09,Kanpur,normal,4.3,17.1,20.9,20.5,20.5,6.92,0.3488,0.0114,0.0014
2026-08-09,Ranchi,normal,3.7,4.8,7.3,7.5,7.5,4.81,0.1734,0.0029,0.0003
2026-08-09,Jodhpur,normal,7.3,2.7,4.6,4.8,4.8,3.41,0.1266,0.0016,0.0001
2026-08-09,Bikaner,normal,6.2,4.4,6.9,7.0,7.0,3.17,0.1652,0.0026,0.0002
2026-08-09,Jaisalmer,normal,1.3,1.0,2.2,2.3,2.3,1.45,0.0803,0.0008,0.0001
2026-08-09,Hyderabad,normal,0.2,0.2,0.8,0.8,0.8,1.81,0.0542,0.0004,0.0
2026-08-09,Bengaluru,normal,2.0,0.9,2.0,2.2,2.2,2.58,0.0773,0.0007,0.0001
2026-08-09,Pune,normal,1.3,0.9,2.0,2.2,2.2,2.45,0.0773,0.0007,0.0001
2026-08-09,Kurnool,normal,1.0,0.4,1.2,1.2,1.2,1.96,0.0611,0.0005,0.0
2026-08-09,Madurai,normal,8.8,0.0,0.0,0.0,0.0,0.6,0.047,0.0003,0.0
2026-08-10,Nagpur,normal,3.0,6.1,8.8,8.7,8.59,6.76,0.1986,0.0037,0.0004
2026-08-10,Bhopal,normal,84.0,4.8,7.3,7.5,0.0,6.79,0.1734,0.0029,0.0003
2026-08-10,Raipur,normal,1.0,2.7,4.6,4.8,5.0,3.96,0.1266,0.0016,0.0001
2026-08-10,Jabalpur,normal,3.7,1.5,3.0,3.1,3.4,4.0,0.095,0.001,0.0001
2026-08-10,Akola,normal,0.4,0.9,2.0,2.2,2.4,3.4,0.0773,0.0007,0.0001
2026-08-10,Amravati,normal,1.0,0.1,0.6,0.6,0.88,2.23,0.0507,0.0004,0.0
2026-08-10,Aurangabad,normal,1.7,0.4,1.2,1.2,1.7,2.55,0.0611,0.0005,0.0
2026-08-10,Bhubaneswar,normal,63.2,8.0,11.1,10.9,0.0,6.95,0.2315,0.0049,0.0005
2026-08-10,Mumbai,coastal,8.1,4.3,6.7,9.44,9.44,7.35,0.2487,0.0067,0.0002
2026-08-10,Thiruvananthapuram,coastal,1.1,0.0,0.0,0.0,0.0,1.53,0.0774,0.0009,0.0
2026-08-10,Kochi,coastal,3.8,0.2,0.8,1.7,1.7,2.66,0.0888,0.0011,0.0
2026-08-10,Mangaluru,coastal,4.3,2.0,3.6,5.7,5.7,5.53,0.1717,0.0033,0.0001
2026-08-10,Panaji,coastal,14.3,3.1,5.1,7.9,7.9,6.02,0.2114,0.0049,0.0002
2026-08-10,Chennai,coastal,2.2,0.0,0.0,0.0,0.0,1.53,0.0774,0.0009,0.0
2026-08-10,Visakhapatnam,coastal,17.1,0.1,0.6,1.3,1.3,2.5,0.0832,0.001,0.0
2026-08-10,Puri,coastal,55.9,3.5,5.6,8.4,0.0,5.62,0.2244,0.0055,0.0002
2026-08-10,Kolkata,coastal,15.1,0.1,0.6,1.3,1.3,2.66,0.0832,0.001,0.0
2026-08-10,Surat,coastal,2.5,1.9,3.5,5.5,5.5,4.7,0.1677,0.0032,0.0001
2026-08-10,Mahabaleshwar,orographic,20.5,4.5,7.0,5.4,5.4,8.78,0.2141,0.0119,0.0015
2026-08-10,Munnar,orographic,5.6,2.9,4.9,3.32,3.32,5.71,0.1703,0.0078,0.0009
2026-08-10,Madikeri,orographic,12.7,2.6,4.5,3.0,3.0,6.46,0.1612,0.0071,0.0008
2026-08-10,Ooty,orographic,5.8,1.8,3.4,2.0,2.0,5.26,0.1351,0.0052,0.0006
2026-08-10,Lonavala,orographic,16.4,8.7,11.9,11.0,11.0,11.34,0.303,0.0235,0.0035
2026-08-10,Wayanad,orographic,3.6,2.0,3.6,2.3,2.3,4.54,0.1419,0.0057,0.0006
2026-08-10,Shimla,orographic,5.3,9.3,12.5,11.8,11.8,6.3,0.3135,0.0253,0.0038
2026-08-10,Dehradun,orographic,16.5,18.5,22.3,24.8,24.8,6.98,0.4358,0.0537,0.0096
2026-08-10,Srinagar,orographic,0.1,0.0,0.0,0.0,0.0,0.6,0.0627,0.0015,0.0001
2026-08-10,Gangtok,orographic,15.3,21.5,25.3,29.8,29.8,7.22,0.4649,0.0633,0.0118
2026-08-10,Guwahati,orographic,12.3,0.0,0.0,0.0,0.0,2.66,0.0627,0.0015,0.0001
2026-08-10,Cherrapunji,orographic,14.1,11.8,15.2,15.2,15.2,7.54,0.3532,0.0328,0.0052
2026-08-10,Imphal,orographic,5.8,0.3,1.0,0.3,0.3,2.94,0.0767,0.002,0.0002
2026-08-10,Agartala,orographic,14.4,3.1,5.1,3.6,3.6,3.13,0.1762,0.0083,0.001
2026-08-10,Lucknow,normal,5.8,7.5,10.5,10.32,10.7,5.71,0.2233,0.0046,0.0005
2026-08-10,Patna,normal,3.1,3.1,5.1,5.24,5.6,4.17,0.1362,0.0019,0.0002
2026-08-10,Varanasi,normal,3.6,12.8,16.2,15.9,14.82,7.54,0.2999,0.0082,0.001
2026-08-10,Delhi,normal,7.7,1.2,2.5,2.7,2.76,2.3,0.0863,0.0009,0.0001
2026-08-10,Kanpur,normal,6.0,22.1,25.71,24.8,21.43,8.15,0.3956,0.0153,0.002
2026-08-10,Ranchi,normal,6.2,16.5,20.1,19.8,18.53,7.63,0.3425,0.011,0.0013
2026-08-10,Jodhpur,normal,1.7,0.0,0.0,0.0,0.0,0.91,0.047,0.0003,0.0
2026-08-10,Bikaner,normal,0.1,0.0,0.0,0.0,0.0,1.18,0.047,0.0003,0.0
2026-08-10,Jaisalmer,normal,0.0,3.0,5.0,5.2,5.5,2.83,0.1338,0.0018,0.0002
2026-08-10,Hyderabad,normal,2.4,0.0,0.0,0.0,0.0,1.13,0.047,0.0003,0.0
2026-08-10,Bengaluru,normal,5.6,2.2,3.9,4.2,4.7,3.68,0.1139,0.0014,0.0001
2026-08-10,Pune,normal,4.6,0.5,1.4,1.4,1.9,2.73,0.0645,0.0005,0.0
2026-08-10,Kurnool,normal,1.6,0.0,0.0,0.0,0.0,1.2,0.047,0.0003,0.0
2026-08-10,Madurai,normal,4.5,2.6,4.5,4.7,5.0,3.14,0.1241,0.0016,0.0001
2026-08-11,Nagpur,normal,6.7,3.0,5.0,5.2,5.2,4.91,0.1338,0.0018,0.0002
2026-08-11,Bhopal,normal,27.2,15.5,19.1,19.0,2.4,9.05,0.3317,0.0102,0.0012
2026-08-11,Raipur,normal,0.3,1.2,2.5,2.7,2.7,3.72,0.0863,0.0009,0.0001
2026-08-11,Jabalpur,normal,9.5,1.8,3.4,3.5,3.5,3.9,0.1033,0.0012,0.0001
2026-08-11,Akola,normal,5.1,0.7,1.8,1.8,1.8,2.98,0.071,0.0006,0.0
2026-08-11,Amravati,normal,3.7,1.3,2.7,2.8,2.8,3.14,0.0892,0.0009,0.0001
2026-08-11,Aurangabad,normal,7.8,0.8,1.8,1.9,1.9,2.98,0.0741,0.0007,0.0
2026-08-11,Bhubaneswar,normal,34.8,0.9,2.0,2.2,0.0,4.1,0.0773,0.0007,0.0001
2026-08-11,Mumbai,coastal,30.6,10.1,13.4,15.8,15.8,10.25,0.3783,0.0164,0.0007
2026-08-11,Thiruvananthapuram,coastal,3.4,0.0,0.0,0.0,0.0,1.53,0.0774,0.0009,0.0
2026-08-11,Kochi,coastal,0.3,0.5,1.4,2.5,2.5,3.13,0.1048,0.0014,0.0
2026-08-11,Mangaluru,coastal,7.0,2.8,4.7,7.3,7.3,5.3,0.2011,0.0045,0.0002
2026-08-11,Panaji,coastal,22.3,9.5,12.7,15.18,15.18,10.16,0.3676,0.0153,0.0007
2026-08-11,Chennai,coastal,9.3,0.0,0.0,0.0,0.0,1.53,0.0774,0.0009,0.0
2026-08-11,Visakhapatnam,coastal,1.5,0.0,0.0,0.0,0.0,1.58,0.0774,0.0009,0.0
2026-08-11,Puri,coastal,30.4,0.5,1.4,2.5,0.0,3.4,0.1048,0.0014,0.0
2026-08-11,Kolkata,coastal,9.9,5.2,7.9,10.5,10.5,7.43,0.2736,0.0081,0.0003
2026-08-11,Surat,coastal,5.6,9.9,13.2,15.7,15.7,10.01,0.3748,0.016,0.0007
2026-08-11,Mahabaleshwar,orographic,43.5,6.0,8.8,7.5,7.5,11.26,0.2494,0.0159,0.0021
2026-08-11,Munnar,orographic,5.0,3.2,5.3,3.7,3.7,5.71,0.1791,0.0086,0.001
2026-08-11,Madikeri,orographic,8.7,2.4,4.2,2.8,2.8,5.71,0.1549,0.0066,0.0007
2026-08-11,Ooty,orographic,2.6,3.0,5.0,3.5,3.5,5.45,0.1733,0.0081,0.0009
2026-08-11,Lonavala,orographic,42.7,12.4,15.8,15.9,15.9,13.71,0.3619,0.0346,0.0055
2026-08-11,Wayanad,orographic,2.3,0.0,0.0,0.0,0.0,2.07,0.0627,0.0015,0.0001
2026-08-11,Shimla,orographic,15.0,14.4,18.1,18.87,18.87,6.68,0.3887,0.0408,0.0068
2026-08-11,Dehradun,orographic,1.3,19.5,23.3,26.61,26.61,7.02,0.4459,0.0569,0.0103
2026-08-11,Srinagar,orographic,0.0,0.1,0.6,0.1,0.1,0.81,0.0675,0.0017,0.0001
2026-08-11,Gangtok,orographic,2.2,2.5,4.3,2.9,2.9,3.46,0.1581,0.0069,0.0008
2026-08-11,Guwahati,orographic,0.5,1.7,3.2,1.9,1.9,2.6,0.1317,0.005,0.0005
2026-08-11,Cherrapunji,orographic,5.1,10.2,13.5,13.28,13.28,7.37,0.3285,0.028,0.0043
2026-08-11,Imphal,orographic,1.4,3.0,5.0,3.5,3.5,2.97,0.1733,0.0081,0.0009
2026-08-11,Agartala,orographic,18.1,0.0,0.0,0.0,0.0,1.56,0.0627,0.0015,0.0001
2026-08-11,Lucknow,normal,6.9,12.0,15.4,15.1,15.1,7.66,0.2897,0.0076,0.0009
2026-08-11,Patna,normal,3.0,7.1,10.1,9.9,9.9,5.67,0.2165,0.0043,0.0004
2026-08-11,Varanasi,normal,3.0,2.2,3.9,4.2,4.2,4.25,0.1139,0.0014,0.0001
2026-08-11,Delhi,normal,12.5,15.9,19.4,19.3,19.3,6.56,0.336,0.0105,0.0013
2026-08-11,Kanpur,normal,4.6,12.4,15.8,15.4,15.4,7.61,0.2948,0.0079,0.0009
2026-08-11,Ranchi,normal,10.2,9.3,12.5,12.4,12.4,7.19,0.2519,0.0058,0.0006
2026-08-11,Jodhpur,normal,3.1,4.1,6.4,6.6,6.6,3.07,0.1588,0.0024,0.0002
2026-08-11,Bikaner,normal,5.5,0.7,1.7,1.7,1.7,1.24,0.071,0.0006,0.0
2026-08-11,Jaisalmer,normal,0.0,0.8,1.9,2.0,2.0,2.09,0.0741,0.0007,0.0
2026-08-11,Hyderabad,normal,0.6,1.3,2.7,2.8,2.8,2.71,0.0892,0.0009,0.0001
2026-08-11,Bengaluru,normal,1.5,0.0,0.0,0.0,0.0,1.51,0.047,0.0003,0.0
2026-08-11,Pune,normal,21.3,0.1,0.6,0.6,0.6,2.17,0.0507,0.0004,0.0
2026-08-11,Kurnool,normal,1.0,0.0,0.0,0.0,0.0,0.78,0.047,0.0003,0.0
2026-08-11,Madurai,normal,6.7,0.6,1.5,1.5,1.5,2.82,0.0677,0.0006,0.0
2026-08-12,Nagpur,normal,1.1,2.0,3.6,3.8,3.8,4.05,0.1087,0.0013,0.0001
2026-08-12,Bhopal,normal,11.2,0.9,2.0,2.1,2.1,4.03,0.0773,0.0007,0.0001
2026-08-12,Raipur,normal,6.7,3.3,5.5,5.5,5.5,4.83,0.1409,0.002,0.0002
2026-08-12,Jabalpur,normal,7.8,0.8,1.9,2.0,2.0,3.23,0.0741,0.0007,0.0
2026-08-12,Akola,normal,26.2,3.6,5.8,5.9,5.9,4.65,0.1478,0.0021,0.0002
2026-08-12,Amravati,normal,3.6,1.1,2.4,2.5,2.5,3.4,0.0833,0.0008,0.0001
2026-08-12,Aurangabad,normal,2.4,0.2,0.8,0.8,0.8,2.49,0.0542,0.0004,0.0
2026-08-12,Bhubaneswar,normal,20.9,0.4,1.2,1.2,0.0,2.54,0.0611,0.0005,0.0
2026-08-12,Mumbai,coastal,12.0,27.4,32.4,37.4,37.4,15.14,0.5687,0.05,0.0029
2026-08-12,Thiruvananthapuram,coastal,2.3,0.0,0.0,0.0,0.0,1.58,0.0774,0.0009,0.0
2026-08-12,Kochi,coastal,2.5,0.0,0.0,0.0,0.0,1.71,0.0774,0.0009,0.0
2026-08-12,Mangaluru,coastal,6.4,5.6,8.4,10.8,10.8,9.02,0.284,0.0087,0.0003
2026-08-12,Panaji,coastal,27.5,8.4,11.5,14.1,14.1,10.09,0.3467,0.0134,0.0006
2026-08-12,Chennai,coastal,0.5,0.0,0.0,0.0,0.0,1.58,0.0774,0.0009,0.0
2026-08-12,Visakhapatnam,coastal,0.8,0.1,0.6,1.3,1.3,2.58,0.0832,0.001,0.0
2026-08-12,Puri,coastal,9.9,0.2,0.8,1.7,1.7,2.74,0.0888,0.0011,0.0
2026-08-12,Kolkata,coastal,25.7,0.4,1.1,2.1,2.1,3.54,0.0996,0.0013,0.0
2026-08-12,Surat,coastal,6.6,18.0,21.8,23.96,23.96,13.04,0.4865,0.0311,0.0016
2026-08-12,Mahabaleshwar,orographic,37.3,6.1,8.9,7.75,7.75,11.78,0.2516,0.0162,0.0022
2026-08-12,Munnar,orographic,3.5,1.2,2.6,1.3,1.3,4.48,0.1136,0.0039,0.0004
2026-08-12,Madikeri,orographic,11.1,1.9,3.5,2.1,2.1,5.15,0.1386,0.0055,0.0006
2026-08-12,Ooty,orographic,0.5,2.1,3.8,2.4,2.4,5.85,0.1452,0.0059,0.0006
2026-08-12,Lonavala,orographic,29.1,10.0,13.3,12.98,12.98,13.85,0.3253,0.0274,0.0042
2026-08-12,Wayanad,orographic,3.6,0.0,0.0,0.0,0.0,1.44,0.0627,0.0015,0.0001
2026-08-12,Shimla,orographic,5.8,10.6,14.0,13.9,13.9,6.66,0.3349,0.0292,0.0045
2026-08-12,Dehradun,orographic,0.1,0.0,0.0,0.0,0.0,1.14,0.0627,0.0015,0.0001
2026-08-12,Srinagar,orographic,0.6,0.7,1.7,0.7,0.7,1.17,0.0939,0.0028,0.0003
2026-08-12,Gangtok,orographic,0.5,4.6,7.1,5.5,5.5,3.47,0.2166,0.0121,0.0015
2026-08-12,Guwahati,orographic,0.4,2.5,4.3,2.9,2.9,3.51,0.1581,0.0069,0.0008
2026-08-12,Cherrapunji,orographic,2.0,12.2,15.6,15.7,15.7,7.9,0.359,0.034,0.0054
2026-08-12,Imphal,orographic,1.0,6.3,9.1,8.0,8.0,5.49,0.2559,0.0167,0.0023
2026-08-12,Agartala,orographic,14.6,3.4,5.5,4.0,4.0,3.19,0.1848,0.0091,0.0011
2026-08-12,Lucknow,normal,0.7,0.2,0.8,0.8,0.8,2.37,0.0542,0.0004,0.0
2026-08-12,Patna,normal,0.4,0.4,1.2,1.2,1.2,2.27,0.0611,0.0005,0.0
2026-08-12,Varanasi,normal,1.3,6.2,9.0,8.8,8.8,5.71,0.2005,0.0037,0.0004
2026-08-12,Delhi,normal,2.0,0.4,1.2,1.2,1.2,2.5,0.0611,0.0005,0.0
2026-08-12,Kanpur,normal,1.6,0.6,1.5,1.5,1.5,2.7,0.0677,0.0006,0.0
2026-08-12,Ranchi,normal,2.8,17.2,21.0,20.61,20.61,8.11,0.3498,0.0115,0.0014
2026-08-12,Jodhpur,normal,21.1,6.0,8.8,8.7,8.7,5.42,0.1968,0.0036,0.0004
2026-08-12,Bikaner,normal,10.6,10.8,14.2,13.7,13.7,5.1,0.2735,0.0068,0.0008
2026-08-12,Jaisalmer,normal,2.1,1.5,3.0,3.1,3.1,2.33,0.095,0.001,0.0001
2026-08-12,Hyderabad,normal,3.6,0.0,0.0,0.0,0.0,1.35,0.047,0.0003,0.0
2026-08-12,Bengaluru,normal,0.6,0.0,0.0,0.0,0.0,0.8,0.047,0.0003,0.0
2026-08-12,Pune,normal,6.9,0.1,0.6,0.6,0.6,2.06,0.0507,0.0004,0.0
2026-08-12,Kurnool,normal,4.8,0.0,0.0,0.0,0.0,0.8,0.047,0.0003,0.0
2026-08-12,Madurai,normal,0.2,0.0,0.0,0.0,0.0,1.23,0.047,0.0003,0.0
2026-08-13,Nagpur,break,2.3,1.2,2.5,3.5,2.7,4.34,0.0958,0.0011,0.0
2026-08-13,Bhopal,break,2.3,0.7,1.8,2.4,1.8,3.64,0.079,0.0008,0.0
2026-08-13,Raipur,break,7.2,0.5,1.4,1.6,1.4,3.52,0.0718,0.0007,0.0
2026-08-13,Jabalpur,break,2.2,3.4,5.5,7.3,5.6,5.81,0.1579,0.0026,0.0001
2026-08-13,Akola,break,4.1,1.6,3.1,4.2,3.2,4.7,0.1084,0.0014,0.0
2026-08-13,Amravati,break,1.7,0.6,1.5,1.86,1.5,3.52,0.0754,0.0008,0.0
2026-08-13,Aurangabad,break,6.3,0.2,0.8,1.0,0.8,2.81,0.0605,0.0005,0.0
2026-08-13,Bhubaneswar,break,27.7,0.2,0.8,1.0,0.0,2.82,0.0605,0.0005,0.0
2026-08-13,Mumbai,coastal,12.6,13.8,17.4,20.2,20.2,15.06,0.4354,0.0231,0.0011
2026-08-13,Thiruvananthapuram,coastal,3.3,0.0,0.0,0.0,0.0,2.02,0.0774,0.0009,0.0
2026-08-13,Kochi,coastal,7.4,0.0,0.0,0.0,0.0,2.02,0.0774,0.0009,0.0
2026-08-13,Mangaluru,coastal,7.8,4.7,7.2,10.0,10.0,9.46,0.2601,0.0073,0.0003
2026-08-13,Panaji,coastal,17.7,9.6,12.8,15.3,15.3,13.89,0.3694,0.0155,0.0007
2026-08-13,Chennai,coastal,0.3,0.0,0.0,0.0,0.0,2.02,0.0774,0.0009,0.0
2026-08-13,Visakhapatnam,coastal,2.8,0.1,0.6,1.3,1.3,3.33,0.0832,0.001,0.0
2026-08-13,Puri,coastal,17.2,1.6,3.1,4.8,4.8,5.14,0.1555,0.0028,0.0001
2026-08-13,Kolkata,coastal,20.3,15.1,18.7,21.83,21.83,11.41,0.4525,0.0256,0.0013
2026-08-13,Surat,coastal,21.9,6.6,9.4,11.73,11.73,12.57,0.3082,0.0103,0.0004
2026-08-13,Mahabaleshwar,orographic,27.6,5.8,8.5,7.2,7.2,14.19,0.245,0.0154,0.0021
2026-08-13,Munnar,orographic,10.3,1.2,2.5,1.3,1.3,4.94,0.1136,0.0039,0.0004
2026-08-13,Madikeri,orographic,11.3,2.0,3.6,2.3,2.3,6.27,0.1419,0.0057,0.0006
2026-08-13,Ooty,orographic,11.5,2.5,4.3,2.9,2.9,6.78,0.1581,0.0069,0.0008
2026-08-13,Lonavala,orographic,24.5,13.9,17.5,18.1,18.1,17.06,0.3823,0.0392,0.0065
2026-08-13,Wayanad,orographic,5.7,0.1,0.6,0.1,0.1,2.95,0.0675,0.0017,0.0001
2026-08-13,Shimla,orographic,6.2,8.3,11.5,10.5,10.5,6.48,0.2957,0.0224,0.0033
2026-08-13,Dehradun,orographic,0.8,11.1,14.6,14.3,14.3,5.25,0.3427,0.0307,0.0048
2026-08-13,Srinagar,orographic,0.3,3.4,5.5,4.0,4.0,3.28,0.1848,0.0091,0.0011
2026-08-13,Gangtok,orographic,10.8,13.5,17.1,17.62,17.62,7.52,0.377,0.038,0.0062
2026-08-13,Guwahati,orographic,13.9,15.0,18.7,19.4,19.4,8.24,0.3962,0.0426,0.0072
2026-08-13,Cherrapunji,orographic,7.6,9.9,13.2,12.83,12.83,9.45,0.3236,0.0271,0.0041
2026-08-13,Imphal,orographic,2.5,13.1,16.6,17.1,17.1,9.52,0.3716,0.0367,0.006
2026-08-13,Agartala,orographic,4.6,0.4,1.2,0.4,0.4,3.05,0.0811,0.0022,0.0002
2026-08-13,Lucknow,break,2.0,2.5,4.3,5.94,4.6,4.08,0.1345,0.002,0.0001
2026-08-13,Patna,break,10.4,37.6,44.7,38.84,41.01,10.34,0.5286,0.0366,0.0022
2026-08-13,Varanasi,break,9.9,8.8,12.0,13.02,11.9,7.97,0.2661,0.007,0.0003
2026-08-13,Delhi,break,2.6,0.9,2.0,3.1,2.2,3.05,0.0859,0.0009,0.0
2026-08-13,Kanpur,break,2.5,3.3,5.4,7.1,5.4,4.3,0.1554,0.0026,0.0001
2026-08-13,Ranchi,break,35.8,30.6,35.8,31.82,32.35,11.34,0.4874,0.0289,0.0016
2026-08-13,Jodhpur,break,14.2,0.8,1.9,2.75,2.0,3.15,0.0824,0.0009,0.0
2026-08-13,Bikaner,break,23.3,0.0,0.0,0.0,0.0,1.63,0.0525,0.0004,0.0
2026-08-13,Jaisalmer,break,5.2,0.0,0.0,0.0,0.0,1.25,0.0525,0.0004,0.0
2026-08-13,Hyderabad,break,0.6,0.0,0.0,0.0,0.0,1.18,0.0525,0.0004,0.0
2026-08-13,Bengaluru,break,5.6,0.0,0.0,0.0,0.0,1.18,0.0525,0.0004,0.0
2026-08-13,Pune,break,4.8,0.3,1.0,1.1,1.0,2.69,0.0643,0.0006,0.0
2026-08-13,Kurnool,break,6.3,0.0,0.0,0.0,0.0,1.18,0.0525,0.0004,0.0
2026-08-13,Madurai,break,3.6,0.0,0.0,0.0,0.0,1.18,0.0525,0.0004,0.0
2026-08-14,Nagpur,normal,2.2,2.7,4.6,4.8,4.8,4.16,0.1266,0.0016,0.0001
2026-08-14,Bhopal,normal,8.6,0.3,1.0,1.0,1.0,2.41,0.0577,0.0005,0.0
2026-08-14,Raipur,normal,4.9,4.0,6.3,6.39,6.39,4.77,0.1566,0.0024,0.0002
2026-08-14,Jabalpur,normal,14.4,3.8,6.0,6.1,6.1,5.11,0.1522,0.0023,0.0002
2026-08-14,Akola,normal,2.6,0.0,0.0,0.0,0.0,1.63,0.047,0.0003,0.0
2026-08-14,Amravati,normal,1.6,0.2,0.8,0.8,0.8,2.3,0.0542,0.0004,0.0
2026-08-14,Aurangabad,normal,0.8,0.3,1.0,1.0,1.0,2.38,0.0577,0.0005,0.0
2026-08-14,Bhubaneswar,normal,45.1,2.6,4.5,4.7,0.0,3.96,0.1241,0.0016,0.0001
2026-08-14,Mumbai,coastal,8.5,5.2,7.9,10.5,10.5,10.25,0.2736,0.0081,0.0003
2026-08-14,Thiruvananthapuram,coastal,5.3,0.0,0.0,0.0,0.0,1.58,0.0774,0.0009,0.0
2026-08-14,Kochi,coastal,19.6,0.0,0.0,0.0,0.0,1.58,0.0774,0.0009,0.0
2026-08-14,Mangaluru,coastal,10.3,6.3,9.1,11.5,11.5,10.02,0.3012,0.0099,0.0004
2026-08-14,Panaji,coastal,26.0,11.5,15.0,17.2,17.2,11.65,0.4016,0.0189,0.0009
2026-08-14,Chennai,coastal,2.6,0.0,0.0,0.0,0.0,1.58,0.0774,0.0009,0.0
2026-08-14,Visakhapatnam,coastal,6.6,0.1,0.6,1.3,1.3,2.7,0.0832,0.001,0.0
2026-08-14,Puri,coastal,34.7,2.2,3.9,6.1,0.0,5.23,0.1793,0.0036,0.0001
2026-08-14,Kolkata,coastal,11.0,12.3,15.7,17.7,17.7,12.28,0.4139,0.0203,0.001
2026-08-14,Surat,coastal,4.1,6.7,9.6,12.03,12.03,9.95,0.3105,0.0105,0.0004
2026-08-14,Mahabaleshwar,orographic,27.4,6.1,8.9,7.75,7.75,11.81,0.2516,0.0162,0.0022
2026-08-14,Munnar,orographic,14.3,3.7,5.9,4.3,4.3,6.2,0.1931,0.0098,0.0012
2026-08-14,Madikeri,orographic,12.4,2.7,4.6,3.1,3.1,5.59,0.1643,0.0073,0.0008
2026-08-14,Ooty,orographic,3.4,3.0,5.0,3.5,3.5,5.85,0.1733,0.0081,0.0009
2026-08-14,Lonavala,orographic,20.0,11.7,15.2,15.1,15.1,13.76,0.3517,0.0325,0.0051
2026-08-14,Wayanad,orographic,4.3,0.0,0.0,0.0,0.0,1.68,0.0627,0.0015,0.0001
2026-08-14,Shimla,orographic,7.9,12.0,15.4,15.5,15.5,6.58,0.3561,0.0334,0.0053
2026-08-14,Dehradun,orographic,5.2,28.9,34.46,44.51,44.51,7.45,0.5234,0.0874,0.0178
2026-08-14,Srinagar,orographic,0.5,7.5,10.5,9.5,9.5,4.48,0.2805,0.0201,0.0028
2026-08-14,Gangtok,orographic,6.8,5.5,8.2,6.9,6.9,5.71,0.2381,0.0145,0.0019
2026-08-14,Guwahati,orographic,7.9,26.2,30.9,38.3,38.3,10.23,0.5039,0.0786,0.0156
2026-08-14,Cherrapunji,orographic,1.4,14.2,17.9,18.7,18.7,8.33,0.3862,0.0401,0.0067
2026-08-14,Imphal,orographic,1.1,7.6,10.6,9.7,9.7,6.79,0.2824,0.0204,0.0029
2026-08-14,Agartala,orographic,1.6,0.3,1.0,0.3,0.3,2.03,0.0767,0.002,0.0002
2026-08-14,Lucknow,normal,7.3,24.1,28.3,27.0,27.0,7.72,0.4121,0.0169,0.0023
2026-08-14,Patna,normal,1.7,20.1,24.0,22.9,22.9,9.67,0.378,0.0137,0.0018
2026-08-14,Varanasi,normal,24.8,22.3,26.01,24.96,24.96,8.34,0.3973,0.0155,0.002
2026-08-14,Delhi,normal,11.6,4.8,7.3,7.5,7.5,4.51,0.1734,0.0029,0.0003
2026-08-14,Kanpur,normal,21.1,12.3,15.7,15.4,15.4,7.07,0.2936,0.0079,0.0009
2026-08-14,Ranchi,normal,10.1,32.9,38.6,35.7,35.7,11.11,0.4731,0.0243,0.0036
2026-08-14,Jodhpur,normal,0.9,0.0,0.0,0.0,0.0,0.77,0.047,0.0003,0.0
2026-08-14,Bikaner,normal,0.0,0.0,0.0,0.0,0.0,0.44,0.047,0.0003,0.0
2026-08-14,Jaisalmer,normal,0.0,0.0,0.0,0.0,0.0,0.44,0.047,0.0003,0.0
2026-08-14,Hyderabad,normal,3.4,0.0,0.0,0.0,0.0,0.8,0.047,0.0003,0.0
2026-08-14,Bengaluru,normal,5.3,0.0,0.0,0.0,0.0,0.8,0.047,0.0003,0.0
2026-08-14,Pune,normal,2.6,0.9,2.0,2.2,2.2,3.08,0.0773,0.0007,0.0001
2026-08-14,Kurnool,normal,8.2,0.0,0.0,0.0,0.0,0.8,0.047,0.0003,0.0
2026-08-14,Madurai,normal,3.7,0.0,0.0,0.0,0.0,0.8,0.047,0.0003,0.0
2026-08-15,Nagpur,normal,4.5,0.2,0.8,0.8,1.3,2.61,0.0542,0.0004,0.0
2026-08-15,Bhopal,normal,16.0,0.6,1.6,1.6,2.0,2.76,0.0677,0.0006,0.0
2026-08-15,Raipur,normal,12.7,7.2,10.2,10.0,10.3,6.95,0.2182,0.0044,0.0004
2026-08-15,Jabalpur,normal,67.1,6.2,9.0,8.8,8.7,7.0,0.2005,0.0037,0.0004
2026-08-15,Akola,normal,7.5,1.7,3.2,3.3,3.7,3.32,0.1006,0.0011,0.0001
2026-08-15,Amravati,normal,5.0,0.0,0.0,0.0,0.0,1.3,0.047,0.0003,0.0
2026-08-15,Aurangabad,normal,5.4,1.9,3.5,3.7,4.3,3.69,0.106,0.0012,0.0001
2026-08-15,Bhubaneswar,normal,34.9,2.9,4.9,5.0,0.0,4.59,0.1314,0.0018,0.0001
2026-08-15,Mumbai,coastal,13.5,16.3,19.72,22.79,22.79,12.6,0.4672,0.0279,0.0014
2026-08-15,Thiruvananthapuram,coastal,1.3,0.0,0.0,0.0,0.0,1.55,0.0774,0.0009,0.0
2026-08-15,Kochi,coastal,2.3,0.0,0.0,0.0,0.0,1.55,0.0774,0.0009,0.0
2026-08-15,Mangaluru,coastal,5.3,8.7,11.9,14.43,14.43,9.83,0.3526,0.0139,0.0006
2026-08-15,Panaji,coastal,19.0,15.5,19.1,22.11,22.11,12.61,0.4575,0.0263,0.0013
2026-08-15,Chennai,coastal,0.0,0.0,0.0,0.0,0.0,1.55,0.0774,0.0009,0.0
2026-08-15,Visakhapatnam,coastal,6.4,0.1,0.6,1.3,1.3,2.66,0.0832,0.001,0.0
2026-08-15,Puri,coastal,31.7,1.7,3.2,5.0,0.0,4.6,0.1597,0.0029,0.0001
2026-08-15,Kolkata,coastal,10.6,17.1,20.9,23.2,23.2,12.76,0.4765,0.0294,0.0015
2026-08-15,Surat,coastal,2.5,5.4,8.1,10.6,10.6,9.83,0.2789,0.0084,0.0003
2026-08-15,Mahabaleshwar,orographic,24.7,5.9,8.6,7.35,7.35,11.55,0.2472,0.0156,0.0021
2026-08-15,Munnar,orographic,5.1,0.0,0.0,0.0,0.0,2.28,0.0627,0.0015,0.0001
2026-08-15,Madikeri,orographic,7.6,2.9,4.9,3.4,3.4,5.77,0.1703,0.0078,0.0009
2026-08-15,Ooty,orographic,0.6,0.3,1.0,0.3,0.3,3.2,0.0767,0.002,0.0002
2026-08-15,Lonavala,orographic,19.0,16.6,20.3,22.2,22.2,15.62,0.4151,0.0477,0.0083
2026-08-15,Wayanad,orographic,1.0,0.0,0.0,0.0,0.0,1.41,0.0627,0.0015,0.0001
2026-08-15,Shimla,orographic,2.7,20.2,24.0,27.86,27.86,7.25,0.4528,0.0592,0.0108
2026-08-15,Dehradun,orographic,8.2,26.7,31.7,39.1,39.1,7.7,0.5077,0.0803,0.016
2026-08-15,Srinagar,orographic,0.6,9.7,12.9,12.3,12.3,6.49,0.3203,0.0265,0.004
2026-08-15,Gangtok,orographic,13.8,13.0,16.47,17.02,17.02,6.76,0.3702,0.0364,0.0059
2026-08-15,Guwahati,orographic,6.3,12.7,16.1,16.6,16.6,8.05,0.3661,0.0355,0.0057
2026-08-15,Cherrapunji,orographic,4.9,10.0,13.3,12.98,12.98,7.39,0.3253,0.0274,0.0042
2026-08-15,Imphal,orographic,1.7,14.0,17.6,18.2,18.2,7.84,0.3836,0.0395,0.0065
2026-08-15,Agartala,orographic,1.1,0.4,1.2,0.4,0.4,2.01,0.0811,0.0022,0.0002
2026-08-15,Lucknow,normal,7.8,42.7,50.9,46.91,41.62,11.4,0.5253,0.0329,0.0052
2026-08-15,Patna,normal,0.4,3.5,5.6,5.8,6.0,4.87,0.1455,0.0021,0.0002
2026-08-15,Varanasi,normal,17.0,28.8,34.36,30.81,33.13,8.69,0.4467,0.0208,0.0029
2026-08-15,Delhi,normal,4.5,12.0,15.4,15.1,14.72,7.62,0.2897,0.0076,0.0009
2026-08-15,Kanpur,normal,9.9,14.4,18.1,17.7,17.17,7.62,0.3192,0.0094,0.0011
2026-08-15,Ranchi,normal,4.0,8.0,11.1,10.9,11.5,6.91,0.2315,0.0049,0.0005
2026-08-15,Jodhpur,normal,0.0,0.0,0.0,0.0,0.0,0.43,0.047,0.0003,0.0
2026-08-15,Bikaner,normal,0.1,0.0,0.0,0.0,0.0,0.43,0.047,0.0003,0.0
2026-08-15,Jaisalmer,normal,0.0,0.0,0.0,0.0,0.0,0.43,0.047,0.0003,0.0
2026-08-15,Hyderabad,normal,1.0,0.1,0.6,0.6,0.88,1.6,0.0507,0.0004,0.0
2026-08-15,Bengaluru,normal,1.1,0.0,0.0,0.0,0.0,0.8,0.047,0.0003,0.0
2026-08-15,Pune,normal,2.9,0.7,1.8,1.8,2.2,2.82,0.071,0.0006,0.0
2026-08-15,Kurnool,normal,6.8,0.1,0.6,0.6,0.88,1.6,0.0507,0.0004,0.0
2026-08-15,Madurai,normal,0.1,0.3,1.0,1.0,1.5,1.67,0.0577,0.0005,0.0
2026-08-16,Nagpur,normal,5.2,3.1,5.1,5.24,5.24,3.96,0.1362,0.0019,0.0002
2026-08-16,Bhopal,normal,3.8,5.0,7.6,7.7,7.7,5.26,0.1775,0.003,0.0003
2026-08-16,Raipur,normal,28.7,4.7,7.2,7.3,7.3,6.05,0.1714,0.0028,0.0003
2026-08-16,Jabalpur,normal,22.8,10.0,13.3,12.8,12.8,8.5,0.2622,0.0062,0.0007
2026-08-16,Akola,normal,1.0,3.1,5.1,5.24,5.24,4.24,0.1362,0.0019,0.0002
2026-08-16,Amravati,normal,0.1,0.7,1.7,1.7,1.7,2.23,0.071,0.0006,0.0
2026-08-16,Aurangabad,normal,3.8,0.1,0.6,0.6,0.6,2.54,0.0507,0.0004,0.0
2026-08-16,Bhubaneswar,normal,33.6,1.2,2.5,2.7,0.0,3.72,0.0863,0.0009,0.0001
2026-08-16,Mumbai,coastal,11.3,15.2,18.8,22.0,22.0,11.76,0.4538,0.0258,0.0013
2026-08-16,Thiruvananthapuram,coastal,2.4,0.0,0.0,0.0,0.0,1.53,0.0774,0.0009,0.0
2026-08-16,Kochi,coastal,5.0,0.0,0.0,0.0,0.0,1.53,0.0774,0.0009,0.0
2026-08-16,Mangaluru,coastal,4.6,1.5,3.0,4.6,4.6,5.17,0.1514,0.0027,0.0001
2026-08-16,Panaji,coastal,15.3,24.3,28.6,33.1,33.1,13.77,0.5453,0.0437,0.0025
2026-08-16,Chennai,coastal,0.7,0.0,0.0,0.0,0.0,1.53,0.0774,0.0009,0.0
2026-08-16,Visakhapatnam,coastal,0.6,0.0,0.0,0.0,0.0,1.58,0.0774,0.0009,0.0
2026-08-16,Puri,coastal,28.2,0.5,1.4,2.5,0.0,3.36,0.1048,0.0014,0.0
2026-08-16,Kolkata,coastal,12.8,6.3,9.1,11.5,11.5,10.02,0.3012,0.0099,0.0004
2026-08-16,Surat,coastal,7.0,2.5,4.3,6.7,6.7,6.02,0.1905,0.004,0.0001
2026-08-16,Mahabaleshwar,orographic,21.5,5.7,8.5,7.1,7.1,11.4,0.2427,0.0151,0.002
2026-08-16,Munnar,orographic,2.1,0.2,0.8,0.2,0.2,2.31,0.0722,0.0019,0.0002
2026-08-16,Madikeri,orographic,8.5,2.1,3.8,2.4,2.4,5.71,0.1452,0.0059,0.0006
2026-08-16,Ooty,orographic,0.0,0.7,1.7,0.7,0.7,3.28,0.0939,0.0028,0.0003
2026-08-16,Lonavala,orographic,16.1,14.6,18.3,19.0,19.0,14.31,0.3912,0.0414,0.0069
2026-08-16,Wayanad,orographic,1.3,0.1,0.6,0.1,0.1,2.31,0.0675,0.0017,0.0001
2026-08-16,Shimla,orographic,1.0,19.9,23.8,27.4,27.4,7.02,0.4499,0.0582,0.0106
2026-08-16,Dehradun,orographic,17.3,26.4,31.2,38.56,38.56,7.63,0.5054,0.0793,0.0157
2026-08-16,Srinagar,orographic,0.2,11.4,14.9,14.7,14.7,6.61,0.3473,0.0316,0.005
2026-08-16,Gangtok,orographic,4.3,15.6,19.2,20.22,20.22,6.73,0.4035,0.0445,0.0076
2026-08-16,Guwahati,orographic,9.9,39.5,46.55,60.45,60.45,13.68,0.585,0.122,0.0276
2026-08-16,Cherrapunji,orographic,15.3,13.7,17.3,17.92,17.92,7.62,0.3797,0.0386,0.0064
2026-08-16,Imphal,orographic,6.4,23.2,27.1,32.5,32.5,8.77,0.4799,0.0689,0.0131
2026-08-16,Agartala,orographic,5.5,5.3,8.0,6.5,6.5,4.09,0.2335,0.014,0.0018
2026-08-16,Lucknow,normal,17.1,21.5,25.3,24.26,24.26,9.15,0.3905,0.0148,0.0019
2026-08-16,Patna,normal,3.3,1.6,3.1,3.2,3.2,3.11,0.0978,0.0011,0.0001
2026-08-16,Varanasi,normal,23.8,12.0,15.4,15.1,15.1,7.61,0.2897,0.0076,0.0009
2026-08-16,Delhi,normal,4.9,10.7,14.1,13.5,13.5,7.47,0.2722,0.0067,0.0007
2026-08-16,Kanpur,normal,10.0,28.6,34.1,30.7,30.7,8.51,0.4453,0.0207,0.0029
2026-08-16,Ranchi,normal,1.8,15.5,19.1,19.0,19.0,7.61,0.3317,0.0102,0.0012
2026-08-16,Jodhpur,normal,0.0,0.0,0.0,0.0,0.0,0.42,0.047,0.0003,0.0
2026-08-16,Bikaner,normal,0.0,0.0,0.0,0.0,0.0,0.42,0.047,0.0003,0.0
2026-08-16,Jaisalmer,normal,0.0,0.0,0.0,0.0,0.0,0.42,0.047,0.0003,0.0
2026-08-16,Hyderabad,normal,1.0,0.2,0.8,0.8,0.8,2.02,0.0542,0.0004,0.0
2026-08-16,Bengaluru,normal,0.2,0.0,0.0,0.0,0.0,0.78,0.047,0.0003,0.0
2026-08-16,Pune,normal,0.7,0.7,1.8,1.8,1.8,2.67,0.071,0.0006,0.0
2026-08-16,Kurnool,normal,1.2,0.1,0.6,0.6,0.6,2.02,0.0507,0.0004,0.0
2026-08-16,Madurai,normal,0.0,0.0,0.0,0.0,0.0,1.2,0.047,0.0003,0.0
2026-08-17,Nagpur,normal,5.3,2.4,4.2,4.5,4.5,4.31,0.1191,0.0015,0.0001
2026-08-17,Bhopal,normal,7.3,1.2,2.5,2.7,2.7,3.84,0.0863,0.0009,0.0001
2026-08-17,Raipur,normal,20.7,8.2,11.4,11.0,11.0,7.06,0.2348,0.005,0.0005
2026-08-17,Jabalpur,normal,8.9,3.4,5.5,5.6,5.6,5.4,0.1432,0.002,0.0002
2026-08-17,Akola,normal,5.0,1.5,3.0,3.1,3.1,3.8,0.095,0.001,0.0001
2026-08-17,Amravati,normal,7.1,0.9,2.0,2.2,2.2,3.09,0.0773,0.0007,0.0001
2026-08-17,Aurangabad,normal,0.5,0.5,1.4,1.4,1.4,2.48,0.0645,0.0005,0.0
2026-08-17,Bhubaneswar,normal,20.8,1.6,3.1,3.2,0.0,3.47,0.0978,0.0011,0.0001
2026-08-17,Mumbai,coastal,11.4,4.1,6.4,9.2,9.2,7.0,0.2429,0.0064,0.0002
2026-08-17,Thiruvananthapuram,coastal,4.3,0.0,0.0,0.0,0.0,1.42,0.0774,0.0009,0.0
2026-08-17,Kochi,coastal,8.2,0.0,0.0,0.0,0.0,1.42,0.0774,0.0009,0.0
2026-08-17,Mangaluru,coastal,5.1,1.4,2.8,4.4,4.4,3.67,0.1471,0.0025,0.0001
2026-08-17,Panaji,coastal,14.9,15.7,19.3,22.2,22.2,12.13,0.46,0.0267,0.0013
2026-08-17,Chennai,coastal,1.1,0.0,0.0,0.0,0.0,1.42,0.0774,0.0009,0.0
2026-08-17,Visakhapatnam,coastal,3.1,0.0,0.0,0.0,0.0,1.42,0.0774,0.0009,0.0
2026-08-17,Puri,coastal,23.5,0.6,1.6,2.72,0.0,2.96,0.1099,0.0015,0.0
2026-08-17,Kolkata,coastal,28.6,14.8,18.5,21.7,21.7,11.08,0.4487,0.025,0.0012
2026-08-17,Surat,coastal,5.5,1.2,2.5,4.1,4.1,3.94,0.1383,0.0023,0.0001
2026-08-17,Mahabaleshwar,orographic,23.6,5.0,7.6,6.1,6.1,9.53,0.2264,0.0132,0.0017
2026-08-17,Munnar,orographic,2.5,0.6,1.5,0.6,0.6,3.05,0.0897,0.0026,0.0002
2026-08-17,Madikeri,orographic,6.7,3.4,5.5,4.0,4.0,6.08,0.1848,0.0091,0.0011
2026-08-17,Ooty,orographic,0.2,1.1,2.4,1.2,1.2,3.57,0.1098,0.0037,0.0004
2026-08-17,Lonavala,orographic,15.0,10.7,14.1,14.0,14.0,12.54,0.3365,0.0294,0.0046
2026-08-17,Wayanad,orographic,2.2,0.1,0.6,0.1,0.1,2.53,0.0675,0.0017,0.0001
2026-08-17,Shimla,orographic,4.6,17.1,20.9,23.1,23.1,6.69,0.4208,0.0492,0.0086
2026-08-17,Dehradun,orographic,14.4,33.9,39.5,51.41,51.41,8.49,0.555,0.1038,0.0223
2026-08-17,Srinagar,orographic,0.1,13.8,17.4,18.1,18.1,6.36,0.381,0.0389,0.0064
2026-08-17,Gangtok,orographic,21.1,5.4,8.1,6.7,6.7,5.53,0.2358,0.0143,0.0019
2026-08-17,Guwahati,orographic,39.1,34.7,40.45,52.23,52.23,13.69,0.5596,0.1064,0.023
2026-08-17,Cherrapunji,orographic,101.7,25.9,30.3,37.31,37.31,9.2,0.5016,0.0776,0.0153
2026-08-17,Imphal,orographic,25.5,10.0,13.3,12.98,12.98,7.15,0.3253,0.0274,0.0042
2026-08-17,Agartala,orographic,14.1,8.1,11.2,10.4,10.4,6.15,0.292,0.0218,0.0031
2026-08-17,Lucknow,normal,17.2,60.9,69.41,61.3,61.3,12.46,0.5958,0.0495,0.0086
2026-08-17,Patna,normal,25.3,7.8,10.9,10.7,10.7,5.02,0.2282,0.0047,0.0005
2026-08-17,Varanasi,normal,48.3,108.6,105.4,80.2,80.2,12.25,0.7023,0.095,0.0196
2026-08-17,Delhi,normal,4.5,2.9,4.9,5.1,5.1,4.01,0.1314,0.0018,0.0001
2026-08-17,Kanpur,normal,12.6,21.2,25.0,23.91,23.91,7.77,0.3878,0.0146,0.0019
2026-08-17,Ranchi,normal,12.3,35.2,41.7,37.7,37.7,9.56,0.4866,0.0263,0.0039
2026-08-17,Jodhpur,normal,0.0,0.0,0.0,0.0,0.0,0.36,0.047,0.0003,0.0
2026-08-17,Bikaner,normal,0.0,0.0,0.0,0.0,0.0,0.36,0.047,0.0003,0.0
2026-08-17,Jaisalmer,normal,0.0,0.0,0.0,0.0,0.0,0.36,0.047,0.0003,0.0
2026-08-17,Hyderabad,normal,0.9,0.0,0.0,0.0,0.0,1.04,0.047,0.0003,0.0
2026-08-17,Bengaluru,normal,1.2,0.0,0.0,0.0,0.0,0.71,0.047,0.0003,0.0
2026-08-17,Pune,normal,2.1,0.2,0.8,0.8,0.8,2.11,0.0542,0.0004,0.0
2026-08-17,Kurnool,normal,0.5,0.0,0.0,0.0,0.0,0.97,0.047,0.0003,0.0
2026-08-17,Madurai,normal,0.7,0.0,0.0,0.0,0.0,0.71,0.047,0.0003,0.0
2026-08-18,Nagpur,normal,3.0,9.9,13.2,12.8,12.8,7.35,0.2608,0.0062,0.0007
2026-08-18,Bhopal,normal,1.0,2.5,4.3,4.6,4.6,3.96,0.1216,0.0015,0.0001
2026-08-18,Raipur,normal,13.0,6.7,9.6,9.3,9.3,7.15,0.2095,0.004,0.0004
2026-08-18,Jabalpur,normal,3.4,12.4,15.8,15.4,15.4,7.75,0.2948,0.0079,0.0009
2026-08-18,Akola,normal,0.6,1.5,3.0,3.1,3.1,3.55,0.095,0.001,0.0001
2026-08-18,Amravati,normal,2.4,1.1,2.4,2.5,2.5,3.23,0.0833,0.0008,0.0001
2026-08-18,Aurangabad,normal,2.5,1.6,3.1,3.2,3.2,3.31,0.0978,0.0011,0.0001
2026-08-18,Bhubaneswar,normal,16.0,6.9,9.9,9.6,9.6,6.17,0.213,0.0042,0.0004
2026-08-18,Mumbai,coastal,9.6,20.0,23.8,26.8,26.8,10.87,0.5071,0.0351,0.0019
2026-08-18,Thiruvananthapuram,coastal,0.5,0.0,0.0,0.0,0.0,1.35,0.0774,0.0009,0.0
2026-08-18,Kochi,coastal,3.6,0.0,0.0,0.0,0.0,1.35,0.0774,0.0009,0.0
2026-08-18,Mangaluru,coastal,8.4,2.3,4.1,6.2,6.2,4.71,0.1831,0.0037,0.0001
2026-08-18,Panaji,coastal,25.7,20.0,23.8,26.8,26.8,12.21,0.5071,0.0351,0.0019
2026-08-18,Chennai,coastal,0.8,0.0,0.0,0.0,0.0,1.35,0.0774,0.0009,0.0
2026-08-18,Visakhapatnam,coastal,2.3,0.5,1.4,2.5,2.5,2.67,0.1048,0.0014,0.0
2026-08-18,Puri,coastal,20.2,5.5,8.2,10.7,10.7,7.01,0.2814,0.0086,0.0003
2026-08-18,Kolkata,coastal,8.8,9.0,12.2,14.7,14.7,10.67,0.3583,0.0144,0.0006
2026-08-18,Surat,coastal,4.3,5.0,7.6,10.4,10.4,6.33,0.2683,0.0078,0.0003
2026-08-18,Mahabaleshwar,orographic,29.9,7.5,10.5,9.5,9.5,10.89,0.2805,0.0201,0.0028
2026-08-18,Munnar,orographic,2.4,0.8,1.9,0.9,0.9,3.25,0.098,0.0031,0.0003
2026-08-18,Madikeri,orographic,11.3,1.6,3.1,1.7,1.7,4.63,0.1282,0.0048,0.0005
2026-08-18,Ooty,orographic,5.7,1.5,3.0,1.6,1.6,4.17,0.1246,0.0046,0.0005
2026-08-18,Lonavala,orographic,20.9,18.9,22.9,25.36,25.36,14.94,0.4399,0.055,0.0099
2026-08-18,Wayanad,orographic,3.7,0.3,1.0,0.3,0.3,2.6,0.0767,0.002,0.0002
2026-08-18,Shimla,orographic,18.3,38.6,45.8,58.91,58.91,9.11,0.5805,0.1191,0.0267
2026-08-18,Dehradun,orographic,22.6,29.3,34.8,45.0,45.0,7.42,0.5261,0.0888,0.0182
2026-08-18,Srinagar,orographic,2.8,14.3,18.0,18.7,18.7,6.4,0.3874,0.0405,0.0067
2026-08-18,Gangtok,orographic,39.5,6.8,9.7,8.6,8.6,5.35,0.2664,0.0181,0.0025
2026-08-18,Guwahati,orographic,17.7,37.9,44.9,58.2,58.2,13.8,0.5769,0.1168,0.026
2026-08-18,Cherrapunji,orographic,37.7,27.3,32.3,40.63,40.63,9.86,0.5121,0.0822,0.0165
2026-08-18,Imphal,orographic,2.6,12.8,16.2,16.7,16.7,7.38,0.3675,0.0358,0.0058
2026-08-18,Agartala,orographic,10.9,2.7,4.6,3.1,3.1,4.46,0.1643,0.0073,0.0008
2026-08-18,Lucknow,normal,10.1,8.8,12.0,11.9,11.9,6.39,0.2442,0.0054,0.0006
2026-08-18,Patna,normal,12.9,20.9,24.8,23.7,23.7,7.78,0.3852,0.0144,0.0019
2026-08-18,Varanasi,normal,24.5,7.6,10.6,10.4,10.4,6.36,0.2249,0.0046,0.0005
2026-08-18,Delhi,normal,3.0,26.9,31.8,29.2,29.2,7.28,0.4333,0.0192,0.0027
2026-08-18,Kanpur,normal,10.4,91.8,92.3,80.0,80.0,12.57,0.6729,0.0788,0.0154
2026-08-18,Ranchi,normal,25.4,103.7,99.7,80.0,80.0,12.17,0.6944,0.0903,0.0184
2026-08-18,Jodhpur,normal,0.0,0.0,0.0,0.0,0.0,0.27,0.047,0.0003,0.0
2026-08-18,Bikaner,normal,0.0,0.0,0.0,0.0,0.0,0.27,0.047,0.0003,0.0
2026-08-18,Jaisalmer,normal,0.0,0.0,0.0,0.0,0.0,0.27,0.047,0.0003,0.0
2026-08-18,Hyderabad,normal,1.6,0.0,0.0,0.0,0.0,0.67,0.047,0.0003,0.0
2026-08-18,Bengaluru,normal,2.8,0.2,0.8,0.8,0.8,1.42,0.0542,0.0004,0.0
2026-08-18,Pune,normal,2.5,0.1,0.6,0.6,0.6,2.01,0.0507,0.0004,0.0
2026-08-18,Kurnool,normal,3.1,0.7,1.7,1.7,1.7,1.79,0.071,0.0006,0.0
2026-08-18,Madurai,normal,0.5,0.1,0.6,0.6,0.6,1.42,0.0507,0.0004,0.0
2026-08-19,Nagpur,normal,4.8,5.1,7.7,7.8,7.8,7.02,0.1795,0.003,0.0003
2026-08-19,Bhopal,normal,0.0,5.3,8.0,8.0,8.0,6.51,0.1834,0.0032,0.0003
2026-08-19,Raipur,normal,9.0,0.7,1.7,1.7,1.7,3.14,0.071,0.0006,0.0
2026-08-19,Jabalpur,normal,37.7,3.0,5.0,5.2,5.2,4.68,0.1338,0.0018,0.0002
2026-08-19,Akola,normal,0.4,1.5,3.0,3.1,3.1,3.54,0.095,0.001,0.0001
2026-08-19,Amravati,normal,2.0,0.4,1.2,1.2,1.2,2.4,0.0611,0.0005,0.0
2026-08-19,Aurangabad,normal,0.4,0.7,1.8,1.8,1.8,2.87,0.071,0.0006,0.0
2026-08-19,Bhubaneswar,normal,3.6,1.1,2.4,2.5,2.5,3.83,0.0833,0.0008,0.0001
2026-08-19,Mumbai,coastal,5.0,4.0,6.3,9.14,9.14,7.14,0.2399,0.0062,0.0002
2026-08-19,Thiruvananthapuram,coastal,2.0,0.0,0.0,0.0,0.0,1.42,0.0774,0.0009,0.0
2026-08-19,Kochi,coastal,5.0,0.8,1.9,3.1,3.1,3.0,0.1198,0.0018,0.0001
2026-08-19,Mangaluru,coastal,18.8,4.4,6.9,9.6,9.6,6.22,0.2516,0.0068,0.0003
2026-08-19,Panaji,coastal,13.2,32.6,38.4,46.71,46.71,15.56,0.6023,0.0607,0.0037
2026-08-19,Chennai,coastal,8.4,0.1,0.6,1.3,1.3,2.36,0.0832,0.001,0.0
2026-08-19,Visakhapatnam,coastal,2.8,0.0,0.0,0.0,0.0,1.55,0.0774,0.0009,0.0
2026-08-19,Puri,coastal,2.1,0.2,0.8,1.7,1.7,3.17,0.0888,0.0011,0.0
2026-08-19,Kolkata,coastal,4.3,10.2,13.5,15.9,15.9,10.74,0.38,0.0165,0.0007
2026-08-19,Surat,coastal,1.4,0.6,1.6,2.72,2.72,3.49,0.1099,0.0015,0.0
2026-08-19,Mahabaleshwar,orographic,18.8,6.8,9.7,8.6,8.6,11.04,0.2664,0.0181,0.0025
2026-08-19,Munnar,orographic,7.5,5.2,7.9,6.4,6.4,8.24,0.2312,0.0137,0.0018
2026-08-19,Madikeri,orographic,11.4,3.5,5.6,4.1,4.1,5.86,0.1876,0.0093,0.0011
2026-08-19,Ooty,orographic,4.9,4.3,6.7,5.1,5.1,6.4,0.209,0.0114,0.0014
2026-08-19,Lonavala,orographic,18.0,11.4,14.9,14.7,14.7,12.68,0.3473,0.0316,0.005
2026-08-19,Wayanad,orographic,0.5,1.7,3.2,1.8,1.8,4.0,0.1317,0.005,0.0005
2026-08-19,Shimla,orographic,6.9,9.8,13.0,12.6,12.6,6.86,0.322,0.0268,0.004
2026-08-19,Dehradun,orographic,5.4,15.8,19.3,20.6,20.6,6.5,0.4059,0.0451,0.0077
2026-08-19,Srinagar,orographic,6.8,12.3,15.7,15.8,15.8,6.37,0.3605,0.0343,0.0055
2026-08-19,Gangtok,orographic,6.8,2.4,4.3,2.9,2.9,3.18,0.1549,0.0066,0.0007
2026-08-19,Guwahati,orographic,26.8,7.3,10.3,9.3,9.3,7.06,0.2766,0.0195,0.0028
2026-08-19,Cherrapunji,orographic,7.5,5.1,7.7,6.2,6.2,6.32,0.2288,0.0135,0.0018
2026-08-19,Imphal,orographic,0.8,17.7,21.5,23.7,23.7,8.19,0.4273,0.0512,0.009
2026-08-19,Agartala,orographic,2.3,0.7,1.7,0.7,0.7,2.58,0.0939,0.0028,0.0003
2026-08-19,Lucknow,normal,6.9,11.9,15.3,15.0,15.0,7.09,0.2884,0.0076,0.0009
2026-08-19,Patna,normal,2.0,2.5,4.3,4.6,4.6,4.07,0.1216,0.0015,0.0001
2026-08-19,Varanasi,normal,14.3,33.6,39.1,36.2,36.2,9.62,0.4773,0.0249,0.0037
2026-08-19,Delhi,normal,5.2,10.5,13.9,13.3,13.3,6.99,0.2694,0.0066,0.0007
2026-08-19,Kanpur,normal,10.0,26.8,31.7,29.2,29.2,10.03,0.4326,0.0192,0.0027
2026-08-19,Ranchi,normal,4.5,2.1,3.8,4.0,4.0,4.7,0.1113,0.0013,0.0001
2026-08-19,Jodhpur,normal,0.0,0.0,0.0,0.0,0.0,0.36,0.047,0.0003,0.0
2026-08-19,Bikaner,normal,0.0,0.0,0.0,0.0,0.0,0.36,0.047,0.0003,0.0
2026-08-19,Jaisalmer,normal,0.0,0.0,0.0,0.0,0.0,0.36,0.047,0.0003,0.0
2026-08-19,Hyderabad,normal,3.0,0.1,0.6,0.6,0.6,1.47,0.0507,0.0004,0.0
2026-08-19,Bengaluru,normal,6.8,0.2,0.8,0.8,0.8,2.0,0.0542,0.0004,0.0
2026-08-19,Pune,normal,0.4,0.4,1.2,1.2,1.2,1.99,0.0611,0.0005,0.0
2026-08-19,Kurnool,normal,3.9,0.4,1.1,1.1,1.1,2.16,0.0611,0.0005,0.0
2026-08-19,Madurai,normal,3.5,1.2,2.5,2.7,2.7,2.68,0.0863,0.0009,0.0001
2026-08-20,Nagpur,normal,1.0,1.3,2.7,2.8,2.8,4.05,0.0892,0.0009,0.0001
2026-08-20,Bhopal,normal,4.4,2.4,4.2,4.5,4.5,4.93,0.1191,0.0015,0.0001
2026-08-20,Raipur,normal,0.3,0.1,0.6,0.6,0.6,2.38,0.0507,0.0004,0.0
2026-08-20,Jabalpur,normal,22.7,18.2,22.1,21.4,21.4,8.5,0.3599,0.0123,0.0015
2026-08-20,Akola,normal,0.4,4.9,7.5,7.6,7.6,5.89,0.1755,0.0029,0.0003
2026-08-20,Amravati,normal,3.4,0.3,1.0,1.0,1.0,2.39,0.0577,0.0005,0.0
2026-08-20,Aurangabad,normal,1.1,1.0,2.2,2.3,2.3,3.27,0.0803,0.0008,0.0001
2026-08-20,Bhubaneswar,normal,2.7,2.0,3.6,3.8,3.8,3.83,0.1087,0.0013,0.0001
2026-08-20,Mumbai,coastal,2.1,3.6,5.8,8.6,8.6,6.37,0.2276,0.0056,0.0002
2026-08-20,Thiruvananthapuram,coastal,1.9,0.0,0.0,0.0,0.0,1.53,0.0774,0.0009,0.0
2026-08-20,Kochi,coastal,2.8,0.4,1.2,2.27,2.27,2.94,0.0996,0.0013,0.0
2026-08-20,Mangaluru,coastal,5.1,3.4,5.5,8.3,8.3,6.95,0.2212,0.0053,0.0002
2026-08-20,Panaji,coastal,9.7,11.5,15.0,17.2,17.2,12.75,0.4016,0.0189,0.0009
2026-08-20,Chennai,coastal,2.6,0.0,0.0,0.0,0.0,1.58,0.0774,0.0009,0.0
2026-08-20,Visakhapatnam,coastal,2.9,0.2,0.8,1.7,1.7,2.5,0.0888,0.0011,0.0
2026-08-20,Puri,coastal,3.1,0.5,1.4,2.5,2.5,3.13,0.1048,0.0014,0.0
2026-08-20,Kolkata,coastal,1.5,0.1,0.6,1.3,1.3,3.39,0.0832,0.001,0.0
2026-08-20,Surat,coastal,3.5,1.4,2.8,4.4,4.4,3.66,0.1471,0.0025,0.0001
2026-08-20,Mahabaleshwar,orographic,19.7,5.3,8.0,6.5,6.5,11.45,0.2335,0.014,0.0018
2026-08-20,Munnar,orographic,5.1,4.2,6.6,5.0,5.0,8.38,0.2064,0.0111,0.0014
2026-08-20,Madikeri,orographic,13.8,1.3,2.7,1.4,1.4,4.36,0.1173,0.0041,0.0004
2026-08-20,Ooty,orographic,8.2,1.7,3.2,1.8,1.8,4.9,0.1317,0.005,0.0005
2026-08-20,Lonavala,orographic,11.3,9.4,12.6,12.0,12.0,13.25,0.3152,0.0256,0.0038
2026-08-20,Wayanad,orographic,1.7,0.0,0.0,0.0,0.0,2.07,0.0627,0.0015,0.0001
2026-08-20,Shimla,orographic,6.0,3.8,6.0,4.5,4.5,4.11,0.1958,0.0101,0.0012
2026-08-20,Dehradun,orographic,6.9,9.6,12.8,12.3,12.3,6.36,0.3186,0.0262,0.0039
2026-08-20,Srinagar,orographic,0.3,16.5,20.1,21.9,21.9,6.78,0.414,0.0473,0.0082
2026-08-20,Gangtok,orographic,8.4,9.1,12.3,11.5,11.5,5.04,0.31,0.0247,0.0037
2026-08-20,Guwahati,orographic,9.8,21.5,25.3,29.8,29.8,8.79,0.4649,0.0633,0.0118
2026-08-20,Cherrapunji,orographic,4.5,7.8,10.8,10.0,10.0,6.46,0.2863,0.021,0.003
2026-08-20,Imphal,orographic,5.0,18.7,22.6,24.91,24.91,8.67,0.4378,0.0543,0.0097
2026-08-20,Agartala,orographic,1.2,5.2,7.9,6.4,6.4,4.13,0.2312,0.0137,0.0018
2026-08-20,Lucknow,normal,4.0,12.2,15.6,15.2,15.2,7.54,0.2923,0.0078,0.0009
2026-08-20,Patna,normal,0.6,0.2,0.8,0.8,0.8,1.78,0.0542,0.0004,0.0
2026-08-20,Varanasi,normal,9.6,3.8,6.0,6.1,6.1,5.29,0.1522,0.0023,0.0002
2026-08-20,Delhi,normal,4.5,0.7,1.7,1.7,1.7,2.49,0.071,0.0006,0.0
2026-08-20,Kanpur,normal,18.4,41.5,49.01,44.2,44.2,10.89,0.5196,0.0318,0.0049
2026-08-20,Ranchi,normal,2.7,0.2,0.8,0.8,0.8,1.72,0.0542,0.0004,0.0
2026-08-20,Jodhpur,normal,0.0,0.0,0.0,0.0,0.0,0.42,0.047,0.0003,0.0
2026-08-20,Bikaner,normal,0.0,0.0,0.0,0.0,0.0,0.42,0.047,0.0003,0.0
2026-08-20,Jaisalmer,normal,0.0,0.0,0.0,0.0,0.0,0.42,0.047,0.0003,0.0
2026-08-20,Hyderabad,normal,1.1,0.8,1.9,2.0,2.0,2.62,0.0741,0.0007,0.0
2026-08-20,Bengaluru,normal,5.2,0.0,0.0,0.0,0.0,1.13,0.047,0.0003,0.0
2026-08-20,Pune,normal,0.4,0.0,0.0,0.0,0.0,1.2,0.047,0.0003,0.0
2026-08-20,Kurnool,normal,1.1,0.0,0.0,0.0,0.0,1.2,0.047,0.0003,0.0
2026-08-20,Madurai,normal,0.8,0.8,1.9,2.0,2.0,2.94,0.0741,0.0007,0.0
2026-08-21,Nagpur,normal,7.3,4.5,7.0,7.1,7.1,4.54,0.1673,0.0027,0.0002
2026-08-21,Bhopal,normal,1.8,0.0,0.0,0.0,0.0,1.39,0.047,0.0003,0.0
2026-08-21,Raipur,normal,4.5,1.8,3.3,3.4,3.4,3.08,0.1033,0.0012,0.0001
2026-08-21,Jabalpur,normal,35.8,4.2,6.6,6.8,6.8,5.3,0.1609,0.0025,0.0002
2026-08-21,Akola,normal,0.4,1.0,2.2,2.3,2.3,3.54,0.0803,0.0008,0.0001
2026-08-21,Amravati,normal,2.4,2.4,4.2,4.5,4.5,3.46,0.1191,0.0015,0.0001
2026-08-21,Aurangabad,normal,4.2,0.0,0.0,0.0,0.0,1.21,0.047,0.0003,0.0
2026-08-21,Bhubaneswar,normal,10.6,0.1,0.6,0.6,0.6,2.18,0.0507,0.0004,0.0
2026-08-21,Mumbai,coastal,9.9,2.6,4.5,6.8,6.8,4.78,0.1941,0.0042,0.0001
2026-08-21,Thiruvananthapuram,coastal,0.3,0.0,0.0,0.0,0.0,1.27,0.0774,0.0009,0.0
2026-08-21,Kochi,coastal,0.9,0.1,0.6,1.3,1.3,2.29,0.0832,0.001,0.0
2026-08-21,Mangaluru,coastal,3.0,4.1,6.5,9.2,9.2,5.89,0.2429,0.0064,0.0002
2026-08-21,Panaji,coastal,6.7,5.7,8.5,10.9,10.9,8.61,0.2865,0.0089,0.0004
2026-08-21,Chennai,coastal,3.5,0.0,0.0,0.0,0.0,1.27,0.0774,0.0009,0.0
2026-08-21,Visakhapatnam,coastal,2.0,0.0,0.0,0.0,0.0,1.34,0.0774,0.0009,0.0
2026-08-21,Puri,coastal,6.9,0.3,1.0,2.0,2.0,2.38,0.0943,0.0012,0.0
2026-08-21,Kolkata,coastal,4.3,0.5,1.4,2.5,2.5,2.67,0.1048,0.0014,0.0
2026-08-21,Surat,coastal,4.8,1.2,2.6,4.1,4.1,3.32,0.1383,0.0023,0.0001
2026-08-21,Mahabaleshwar,orographic,16.4,6.4,9.2,8.1,8.1,10.21,0.2581,0.017,0.0023
2026-08-21,Munnar,orographic,1.3,1.7,3.2,1.8,1.8,4.3,0.1317,0.005,0.0005
2026-08-21,Madikeri,orographic,7.6,2.2,3.9,2.5,2.5,4.54,0.1485,0.0062,0.0007
2026-08-21,Ooty,orographic,0.4,0.6,1.6,0.7,0.7,3.01,0.0897,0.0026,0.0002
2026-08-21,Lonavala,orographic,19.0,12.7,16.1,16.6,16.6,12.22,0.3661,0.0355,0.0057
2026-08-21,Wayanad,orographic,2.1,0.0,0.0,0.0,0.0,1.15,0.0627,0.0015,0.0001
2026-08-21,Shimla,orographic,5.2,6.3,9.1,8.0,8.0,4.35,0.2559,0.0167,0.0023
2026-08-21,Dehradun,orographic,6.3,14.0,17.6,18.2,18.2,5.9,0.3836,0.0395,0.0065
2026-08-21,Srinagar,orographic,0.3,6.4,9.2,8.1,8.1,5.3,0.2581,0.017,0.0023
2026-08-21,Gangtok,orographic,19.0,7.2,10.2,9.2,9.2,4.95,0.2746,0.0192,0.0027
2026-08-21,Guwahati,orographic,28.0,12.6,16.0,16.3,16.3,6.89,0.3647,0.0352,0.0057
2026-08-21,Cherrapunji,orographic,6.1,14.8,18.5,19.22,19.22,7.12,0.3938,0.042,0.0071
2026-08-21,Imphal,orographic,1.3,22.6,26.4,31.61,31.61,7.98,0.4747,0.0669,0.0127
2026-08-21,Agartala,orographic,7.7,0.1,0.6,0.1,0.1,2.47,0.0675,0.0017,0.0001
2026-08-21,Lucknow,normal,9.4,18.8,22.8,22.2,22.2,6.95,0.3657,0.0127,0.0016
2026-08-21,Patna,normal,0.8,0.4,1.2,1.2,1.2,1.36,0.0611,0.0005,0.0
2026-08-21,Varanasi,normal,3.5,5.9,8.6,8.6,8.6,5.12,0.1949,0.0035,0.0003
2026-08-21,Delhi,normal,0.9,1.9,3.5,3.7,3.7,2.58,0.106,0.0012,0.0001
2026-08-21,Kanpur,normal,10.5,22.3,26.01,24.96,24.96,8.23,0.3973,0.0155,0.002
2026-08-21,Ranchi,normal,1.9,2.9,4.9,5.0,5.0,2.77,0.1314,0.0018,0.0001
2026-08-21,Jodhpur,normal,0.0,0.0,0.0,0.0,0.0,0.27,0.047,0.0003,0.0
2026-08-21,Bikaner,normal,0.0,0.0,0.0,0.0,0.0,0.27,0.047,0.0003,0.0
2026-08-21,Jaisalmer,normal,0.0,0.0,0.0,0.0,0.0,0.27,0.047,0.0003,0.0
2026-08-21,Hyderabad,normal,0.2,0.7,1.7,1.7,1.7,2.4,0.071,0.0006,0.0
2026-08-21,Bengaluru,normal,2.0,0.0,0.0,0.0,0.0,0.6,0.047,0.0003,0.0
2026-08-21,Pune,normal,1.3,0.1,0.6,0.6,0.6,1.32,0.0507,0.0004,0.0
2026-08-21,Kurnool,normal,1.1,0.0,0.0,0.0,0.0,0.6,0.047,0.0003,0.0
2026-08-21,Madurai,normal,0.7,0.0,0.0,0.0,0.0,1.09,0.047,0.0003,0.0
2026-08-22,Nagpur,normal,7.5,7.8,10.9,10.7,11.46,7.41,0.2282,0.0047,0.0005
2026-08-22,Bhopal,normal,13.7,0.6,1.6,1.6,2.0,2.14,0.0677,0.0006,0.0
2026-08-22,Raipur,normal,32.1,6.3,9.1,8.9,8.88,6.76,0.2023,0.0038,0.0004
2026-08-22,Jabalpur,normal,36.3,6.6,9.5,9.2,9.38,6.88,0.2077,0.004,0.0004
2026-08-22,Akola,normal,2.3,0.2,0.8,0.8,1.3,2.49,0.0542,0.0004,0.0
2026-08-22,Amravati,normal,1.9,1.6,3.1,3.2,3.6,3.89,0.0978,0.0011,0.0001
2026-08-22,Aurangabad,normal,2.7,0.4,1.2,1.2,1.7,1.88,0.0611,0.0005,0.0
2026-08-22,Bhubaneswar,normal,47.4,6.0,8.8,8.7,0.0,5.78,0.1968,0.0036,0.0004
2026-08-22,Mumbai,coastal,16.7,2.8,4.8,7.4,7.4,5.45,0.2011,0.0045,0.0002
2026-08-22,Thiruvananthapuram,coastal,1.5,0.0,0.0,0.0,0.0,1.53,0.0774,0.0009,0.0
2026-08-22,Kochi,coastal,3.8,0.6,1.5,2.7,2.7,3.09,0.1099,0.0015,0.0
2026-08-22,Mangaluru,coastal,11.4,5.4,8.1,10.6,10.6,8.87,0.2789,0.0084,0.0003
2026-08-22,Panaji,coastal,13.3,8.5,11.7,14.18,14.18,9.77,0.3487,0.0136,0.0006
2026-08-22,Chennai,coastal,0.1,0.0,0.0,0.0,0.0,1.53,0.0774,0.0009,0.0
2026-08-22,Visakhapatnam,coastal,20.9,0.7,1.7,2.9,2.9,2.99,0.1149,0.0017,0.0
2026-08-22,Puri,coastal,39.5,9.0,12.2,14.7,0.0,8.67,0.3583,0.0144,0.0006
2026-08-22,Kolkata,coastal,2.4,0.3,1.0,2.0,2.0,2.76,0.0943,0.0012,0.0
2026-08-22,Surat,coastal,3.3,1.9,3.5,5.5,5.5,4.62,0.1677,0.0032,0.0001
2026-08-22,Mahabaleshwar,orographic,24.3,6.1,8.8,7.6,7.6,11.44,0.2516,0.0162,0.0022
2026-08-22,Munnar,orographic,5.3,1.0,2.2,1.1,1.1,4.0,0.1059,0.0035,0.0003
2026-08-22,Madikeri,orographic,12.1,2.7,4.6,3.1,3.1,5.45,0.1643,0.0073,0.0008
2026-08-22,Ooty,orographic,12.5,0.6,1.5,0.6,0.6,3.26,0.0897,0.0026,0.0002
2026-08-22,Lonavala,orographic,19.0,12.4,15.8,15.9,15.9,13.57,0.3619,0.0346,0.0055
2026-08-22,Wayanad,orographic,2.7,0.5,1.4,0.5,0.5,2.74,0.0855,0.0024,0.0002
2026-08-22,Shimla,orographic,4.8,6.9,9.9,8.8,8.8,5.62,0.2685,0.0184,0.0026
2026-08-22,Dehradun,orographic,6.3,13.1,16.6,17.1,17.1,6.65,0.3716,0.0367,0.006
2026-08-22,Srinagar,orographic,1.9,0.8,1.9,0.9,0.9,2.19,0.098,0.0031,0.0003
2026-08-22,Gangtok,orographic,16.5,21.1,24.9,29.1,29.1,7.15,0.4613,0.0621,0.0115
2026-08-22,Guwahati,orographic,4.9,12.1,15.5,15.6,15.6,7.64,0.3576,0.0337,0.0054
2026-08-22,Cherrapunji,orographic,7.5,32.4,38.11,50.2,50.2,10.57,0.5461,0.0989,0.0209
2026-08-22,Imphal,orographic,1.2,19.9,23.8,27.4,27.4,8.75,0.4499,0.0582,0.0106
2026-08-22,Agartala,orographic,15.7,0.0,0.0,0.0,0.0,1.04,0.0627,0.0015,0.0001
2026-08-22,Lucknow,normal,15.8,7.5,10.5,10.32,10.7,6.33,0.2233,0.0046,0.0005
2026-08-22,Patna,normal,17.0,4.7,7.2,7.3,6.94,3.94,0.1714,0.0028,0.0003
2026-08-22,Varanasi,normal,19.4,7.8,10.8,10.6,11.16,6.26,0.2282,0.0047,0.0005
2026-08-22,Delhi,normal,8.0,0.3,1.0,1.0,1.5,1.74,0.0577,0.0005,0.0
2026-08-22,Kanpur,normal,25.2,19.4,23.3,22.5,19.4,7.93,0.3715,0.0132,0.0017
2026-08-22,Ranchi,normal,7.6,14.4,18.1,17.7,17.17,6.9,0.3192,0.0094,0.0011
2026-08-22,Jodhpur,normal,0.0,0.0,0.0,0.0,0.0,0.42,0.047,0.0003,0.0
2026-08-22,Bikaner,normal,0.0,0.0,0.0,0.0,0.0,0.42,0.047,0.0003,0.0
2026-08-22,Jaisalmer,normal,0.0,0.0,0.0,0.0,0.0,0.42,0.047,0.0003,0.0
2026-08-22,Hyderabad,normal,0.4,0.2,0.8,0.8,1.3,2.25,0.0542,0.0004,0.0
2026-08-22,Bengaluru,normal,3.6,0.3,1.0,1.0,1.5,1.65,0.0577,0.0005,0.0
2026-08-22,Pune,normal,2.3,0.2,0.8,0.8,1.3,2.02,0.0542,0.0004,0.0
2026-08-22,Kurnool,normal,1.0,0.4,1.2,1.2,1.7,1.66,0.0611,0.0005,0.0
2026-08-22,Madurai,normal,0.1,0.0,0.0,0.0,0.0,0.78,0.047,0.0003,0.0
2026-08-23,Nagpur,normal,5.7,6.6,9.5,9.2,9.2,7.28,0.2077,0.004,0.0004
2026-08-23,Bhopal,normal,1.0,0.2,0.8,0.8,0.8,2.28,0.0542,0.0004,0.0
2026-08-23,Raipur,normal,15.2,8.6,11.8,11.7,11.7,7.33,0.2411,0.0053,0.0006
2026-08-23,Jabalpur,normal,11.9,17.4,21.2,20.7,20.7,8.96,0.3518,0.0116,0.0014
2026-08-23,Akola,normal,5.1,0.5,1.4,1.4,1.4,2.67,0.0645,0.0005,0.0
2026-08-23,Amravati,normal,9.9,2.9,4.9,5.1,5.1,4.16,0.1314,0.0018,0.0001
2026-08-23,Aurangabad,normal,2.2,0.9,2.0,2.2,2.2,3.17,0.0773,0.0007,0.0001
2026-08-23,Bhubaneswar,normal,44.5,10.1,13.4,12.9,0.0,8.33,0.2637,0.0063,0.0007
2026-08-23,Mumbai,coastal,6.3,2.3,4.1,6.2,6.2,5.28,0.1831,0.0037,0.0001
2026-08-23,Thiruvananthapuram,coastal,6.1,0.0,0.0,0.0,0.0,1.41,0.0774,0.0009,0.0
2026-08-23,Kochi,coastal,11.4,0.4,1.2,2.27,2.27,2.69,0.0996,0.0013,0.0
2026-08-23,Mangaluru,coastal,13.3,15.1,18.7,21.83,21.83,11.29,0.4525,0.0256,0.0013
2026-08-23,Panaji,coastal,11.2,17.1,20.9,23.2,23.2,12.21,0.4765,0.0294,0.0015
2026-08-23,Chennai,coastal,12.9,0.3,1.0,2.0,2.0,2.42,0.0943,0.0012,0.0
2026-08-23,Visakhapatnam,coastal,7.0,3.0,5.0,7.65,7.65,4.68,0.208,0.0047,0.0002
2026-08-23,Puri,coastal,58.2,3.9,6.2,9.0,0.0,6.79,0.2369,0.0061,0.0002
2026-08-23,Kolkata,coastal,2.6,0.3,1.0,2.0,2.0,2.66,0.0943,0.0012,0.0
2026-08-23,Surat,coastal,3.4,1.3,2.7,4.21,4.21,3.9,0.1427,0.0024,0.0001
2026-08-23,Mahabaleshwar,orographic,23.0,6.8,9.7,8.6,8.6,11.03,0.2664,0.0181,0.0025
2026-08-23,Munnar,orographic,16.7,1.9,3.5,2.1,2.1,4.61,0.1386,0.0055,0.0006
2026-08-23,Madikeri,orographic,18.3,3.0,5.0,3.5,3.5,5.54,0.1733,0.0081,0.0009
2026-08-23,Ooty,orographic,2.4,2.4,4.2,2.8,2.8,4.77,0.1549,0.0066,0.0007
2026-08-23,Lonavala,orographic,10.6,9.3,12.5,11.8,11.8,12.76,0.3135,0.0253,0.0038
2026-08-23,Wayanad,orographic,4.0,0.2,0.8,0.2,0.2,2.65,0.0722,0.0019,0.0002
2026-08-23,Shimla,orographic,1.6,5.3,8.0,6.5,6.5,4.65,0.2335,0.014,0.0018
2026-08-23,Dehradun,orographic,12.1,14.4,18.1,18.87,18.87,5.73,0.3887,0.0408,0.0068
2026-08-23,Srinagar,orographic,3.5,1.4,2.8,1.5,1.5,1.16,0.121,0.0043,0.0004
2026-08-23,Gangtok,orographic,4.0,2.8,4.8,3.3,3.3,2.73,0.1673,0.0076,0.0009
2026-08-23,Guwahati,orographic,6.9,3.6,5.8,4.2,4.2,4.7,0.1904,0.0096,0.0012
2026-08-23,Cherrapunji,orographic,13.7,19.4,23.3,26.53,26.53,8.5,0.4449,0.0566,0.0102
2026-08-23,Imphal,orographic,9.4,18.5,22.3,24.8,24.8,8.15,0.4358,0.0537,0.0096
2026-08-23,Agartala,orographic,8.3,13.5,17.1,17.62,17.62,4.65,0.377,0.038,0.0062
2026-08-23,Lucknow,normal,5.5,0.9,2.0,2.2,2.2,2.98,0.0773,0.0007,0.0001
2026-08-23,Patna,normal,9.1,12.2,15.6,15.2,15.2,7.17,0.2923,0.0078,0.0009
2026-08-23,Varanasi,normal,5.7,21.8,25.5,24.4,24.4,7.73,0.3931,0.0151,0.002
2026-08-23,Delhi,normal,8.2,2.5,4.3,4.6,4.6,3.11,0.1216,0.0015,0.0001
2026-08-23,Kanpur,normal,7.4,7.3,10.3,10.1,10.1,6.01,0.2199,0.0044,0.0005
2026-08-23,Ranchi,normal,11.6,6.4,9.2,9.0,9.0,6.1,0.2041,0.0038,0.0004
2026-08-23,Jodhpur,normal,0.2,0.0,0.0,0.0,0.0,0.19,0.047,0.0003,0.0
2026-08-23,Bikaner,normal,0.0,0.0,0.0,0.0,0.0,0.19,0.047,0.0003,0.0
2026-08-23,Jaisalmer,normal,0.0,0.0,0.0,0.0,0.0,0.19,0.047,0.0003,0.0
2026-08-23,Hyderabad,normal,11.0,0.1,0.6,0.6,0.6,2.09,0.0507,0.0004,0.0
2026-08-23,Bengaluru,normal,9.8,1.4,2.8,2.9,2.9,2.97,0.0921,0.001,0.0001
2026-08-23,Pune,normal,2.2,0.7,1.8,1.8,1.8,2.55,0.071,0.0006,0.0
2026-08-23,Kurnool,normal,13.3,1.3,2.6,2.8,2.8,2.97,0.0892,0.0009,0.0001
2026-08-23,Madurai,normal,1.3,0.2,0.8,0.8,0.8,1.49,0.0542,0.0004,0.0
2026-08-24,Nagpur,normal,6.7,0.3,1.0,1.0,1.0,2.78,0.0577,0.0005,0.0
2026-08-24,Bhopal,normal,5.7,12.1,15.5,15.12,15.12,6.7,0.291,0.0077,0.0009
2026-08-24,Raipur,normal,23.4,11.6,15.1,14.8,14.8,8.32,0.2844,0.0074,0.0008
2026-08-24,Jabalpur,normal,13.6,3.2,5.3,5.3,5.3,4.81,0.1386,0.0019,0.0002
2026-08-24,Akola,normal,1.1,0.5,1.4,1.4,1.4,2.58,0.0645,0.0005,0.0
2026-08-24,Amravati,normal,0.8,3.1,5.1,5.24,5.24,4.32,0.1362,0.0019,0.0002
2026-08-24,Aurangabad,normal,1.0,1.0,2.2,2.3,2.3,3.23,0.0803,0.0008,0.0001
2026-08-24,Bhubaneswar,normal,48.4,9.8,13.0,12.7,0.0,8.03,0.2593,0.0061,0.0007
2026-08-24,Mumbai,coastal,4.4,4.3,6.7,9.44,9.44,6.11,0.2487,0.0067,0.0002
2026-08-24,Thiruvananthapuram,coastal,12.8,0.0,0.0,0.0,0.0,1.35,0.0774,0.0009,0.0
2026-08-24,Kochi,coastal,36.1,0.4,1.2,2.27,2.27,2.6,0.0996,0.0013,0.0
2026-08-24,Mangaluru,coastal,29.3,15.6,19.2,22.2,22.2,11.95,0.4588,0.0265,0.0013
2026-08-24,Panaji,coastal,14.0,7.9,10.9,13.6,13.6,9.43,0.3366,0.0125,0.0005
2026-08-24,Chennai,coastal,7.6,0.2,0.8,1.7,1.7,2.48,0.0888,0.0011,0.0
2026-08-24,Visakhapatnam,coastal,20.8,0.1,0.6,1.3,1.3,2.77,0.0832,0.001,0.0
2026-08-24,Puri,coastal,31.3,0.9,2.0,3.4,0.0,3.89,0.1246,0.0019,0.0001
2026-08-24,Kolkata,coastal,18.4,1.1,2.4,3.9,3.9,3.39,0.1338,0.0022,0.0001
2026-08-24,Surat,coastal,1.7,0.9,2.0,3.4,3.4,3.57,0.1246,0.0019,0.0001
2026-08-24,Mahabaleshwar,orographic,15.9,4.1,6.4,4.9,4.9,7.9,0.2038,0.0108,0.0013
2026-08-24,Munnar,orographic,35.2,3.3,5.5,3.9,3.9,6.04,0.182,0.0088,0.001
2026-08-24,Madikeri,orographic,21.8,5.3,8.0,6.5,6.5,9.52,0.2335,0.014,0.0018
2026-08-24,Ooty,orographic,7.3,2.7,4.6,3.1,3.1,5.15,0.1643,0.0073,0.0008
2026-08-24,Lonavala,orographic,10.5,9.0,12.2,11.5,11.5,12.67,0.3083,0.0244,0.0036
2026-08-24,Wayanad,orographic,10.5,2.8,4.7,3.2,3.2,4.64,0.1673,0.0076,0.0009
2026-08-24,Shimla,orographic,0.8,0.0,0.0,0.0,0.0,0.9,0.0627,0.0015,0.0001
2026-08-24,Dehradun,orographic,15.2,5.3,8.0,6.5,6.5,5.37,0.2335,0.014,0.0018
2026-08-24,Srinagar,orographic,0.0,0.7,1.7,0.7,0.7,1.15,0.0939,0.0028,0.0003
2026-08-24,Gangtok,orographic,3.6,11.3,14.8,14.5,14.5,5.12,0.3458,0.0313,0.0049
2026-08-24,Guwahati,orographic,10.3,9.7,12.9,12.3,12.3,5.78,0.3203,0.0265,0.004
2026-08-24,Cherrapunji,orographic,32.8,16.9,20.7,22.7,22.7,8.52,0.4185,0.0486,0.0085
2026-08-24,Imphal,orographic,7.9,12.4,15.8,15.9,15.9,7.58,0.3619,0.0346,0.0055
2026-08-24,Agartala,orographic,2.2,2.4,4.2,2.8,2.8,4.55,0.1549,0.0066,0.0007
2026-08-24,Lucknow,normal,10.4,4.1,6.4,6.6,6.6,3.89,0.1588,0.0024,0.0002
2026-08-24,Patna,normal,13.9,0.6,1.6,1.6,1.6,2.44,0.0677,0.0006,0.0
2026-08-24,Varanasi,normal,14.7,9.1,12.3,12.2,12.2,6.98,0.2488,0.0056,0.0006
2026-08-24,Delhi,normal,6.9,0.4,1.2,1.2,1.2,1.76,0.0611,0.0005,0.0
2026-08-24,Kanpur,normal,2.5,0.1,0.6,0.6,0.6,1.98,0.0507,0.0004,0.0
2026-08-24,Ranchi,normal,16.8,4.4,6.9,7.0,7.0,4.74,0.1652,0.0026,0.0002
2026-08-24,Jodhpur,normal,0.1,0.0,0.0,0.0,0.0,0.27,0.047,0.0003,0.0
2026-08-24,Bikaner,normal,0.0,0.0,0.0,0.0,0.0,0.27,0.047,0.0003,0.0
2026-08-24,Jaisalmer,normal,0.0,0.0,0.0,0.0,0.0,0.27,0.047,0.0003,0.0
2026-08-24,Hyderabad,normal,2.9,0.5,1.4,1.4,1.4,2.29,0.0645,0.0005,0.0
2026-08-24,Bengaluru,normal,18.2,0.7,1.7,1.7,1.7,2.64,0.071,0.0006,0.0
2026-08-24,Pune,normal,1.6,0.3,1.0,1.0,1.0,2.15,0.0577,0.0005,0.0
2026-08-24,Kurnool,normal,5.3,1.2,2.5,2.7,2.7,3.03,0.0863,0.0009,0.0001
2026-08-24,Madurai,normal,1.7,0.0,0.0,0.0,0.0,1.05,0.047,0.0003,0.0
2026-08-25,Nagpur,normal,4.9,9.7,12.9,12.7,12.7,6.28,0.2578,0.006,0.0007
2026-08-25,Bhopal,normal,2.8,2.4,4.2,4.5,4.5,4.76,0.1191,0.0015,0.0001
2026-08-25,Raipur,normal,22.3,9.7,12.9,12.7,12.7,8.11,0.2578,0.006,0.0007
2026-08-25,Jabalpur,normal,13.4,13.3,16.8,16.4,16.4,7.75,0.3061,0.0086,0.001
2026-08-25,Akola,normal,4.1,3.0,5.0,5.2,5.2,3.77,0.1338,0.0018,0.0002
2026-08-25,Amravati,normal,5.1,3.1,5.1,5.24,5.24,4.32,0.1362,0.0019,0.0002
2026-08-25,Aurangabad,normal,3.9,0.4,1.2,1.2,1.2,2.41,0.0611,0.0005,0.0
2026-08-25,Bhubaneswar,normal,12.8,0.8,1.9,2.0,0.0,3.57,0.0741,0.0007,0.0
2026-08-25,Mumbai,coastal,7.3,3.1,5.1,7.9,7.9,5.12,0.2114,0.0049,0.0002
2026-08-25,Thiruvananthapuram,coastal,13.1,0.0,0.0,0.0,0.0,1.35,0.0774,0.0009,0.0
2026-08-25,Kochi,coastal,36.8,0.4,1.2,2.27,0.0,2.6,0.0996,0.0013,0.0
2026-08-25,Mangaluru,coastal,26.8,22.5,26.3,29.92,29.92,12.71,0.5302,0.04,0.0022
2026-08-25,Panaji,coastal,7.6,6.5,9.3,11.7,11.7,9.42,0.3059,0.0102,0.0004
2026-08-25,Chennai,coastal,1.4,0.0,0.0,0.0,0.0,1.48,0.0774,0.0009,0.0
2026-08-25,Visakhapatnam,coastal,7.3,0.3,1.0,2.0,2.0,2.53,0.0943,0.0012,0.0
2026-08-25,Puri,coastal,13.9,0.7,1.7,2.9,2.9,3.13,0.1149,0.0017,0.0
2026-08-25,Kolkata,coastal,8.4,0.7,1.8,3.0,3.0,3.13,0.1149,0.0017,0.0
2026-08-25,Surat,coastal,1.2,1.6,3.1,4.8,4.8,4.03,0.1555,0.0028,0.0001
2026-08-25,Mahabaleshwar,orographic,21.8,6.0,8.8,7.5,7.5,9.49,0.2494,0.0159,0.0021
2026-08-25,Munnar,orographic,43.2,2.4,4.3,2.9,2.9,5.4,0.1549,0.0066,0.0007
2026-08-25,Madikeri,orographic,19.5,3.5,5.6,4.1,4.1,7.28,0.1876,0.0093,0.0011
2026-08-25,Ooty,orographic,14.3,4.2,6.6,5.0,5.0,6.9,0.2064,0.0111,0.0014
2026-08-25,Lonavala,orographic,14.7,11.2,14.7,14.4,14.4,12.69,0.3442,0.031,0.0048
2026-08-25,Wayanad,orographic,18.0,0.6,1.6,0.7,0.7,3.36,0.0897,0.0026,0.0002
2026-08-25,Shimla,orographic,4.4,0.0,0.0,0.0,0.0,0.23,0.0627,0.0015,0.0001
2026-08-25,Dehradun,orographic,4.8,3.4,5.5,4.0,4.0,3.76,0.1848,0.0091,0.0011
2026-08-25,Srinagar,orographic,0.0,0.0,0.0,0.0,0.0,0.44,0.0627,0.0015,0.0001
2026-08-25,Gangtok,orographic,10.4,7.7,10.7,9.8,9.8,5.42,0.2844,0.0207,0.0029
2026-08-25,Guwahati,orographic,17.8,34.1,39.7,51.7,51.7,11.77,0.5562,0.1045,0.0225
2026-08-25,Cherrapunji,orographic,29.2,6.8,9.8,8.7,8.7,6.31,0.2664,0.0181,0.0025
2026-08-25,Imphal,orographic,7.4,1.0,2.2,1.1,1.1,4.04,0.1059,0.0035,0.0003
2026-08-25,Agartala,orographic,3.8,0.3,1.0,0.3,0.3,2.19,0.0767,0.002,0.0002
2026-08-25,Lucknow,normal,28.5,3.7,5.9,6.0,6.0,4.14,0.15,0.0022,0.0002
2026-08-25,Patna,normal,6.1,1.5,3.0,3.1,3.1,2.53,0.095,0.001,0.0001
2026-08-25,Varanasi,normal,53.3,9.9,13.2,12.8,12.8,7.0,0.2608,0.0062,0.0007
2026-08-25,Delhi,normal,3.4,0.0,0.0,0.0,0.0,0.74,0.047,0.0003,0.0
2026-08-25,Kanpur,normal,40.4,3.5,5.6,5.8,5.8,3.46,0.1455,0.0021,0.0002
2026-08-25,Ranchi,normal,8.9,3.3,5.5,5.5,5.5,4.5,0.1409,0.002,0.0002
2026-08-25,Jodhpur,normal,0.3,0.0,0.0,0.0,0.0,0.27,0.047,0.0003,0.0
2026-08-25,Bikaner,normal,0.0,0.0,0.0,0.0,0.0,0.27,0.047,0.0003,0.0
2026-08-25,Jaisalmer,normal,0.0,0.0,0.0,0.0,0.0,0.27,0.047,0.0003,0.0
2026-08-25,Hyderabad,normal,3.2,0.0,0.0,0.0,0.0,1.11,0.047,0.0003,0.0
2026-08-25,Bengaluru,normal,6.3,0.2,0.8,0.8,0.8,2.12,0.0542,0.0004,0.0
2026-08-25,Pune,normal,0.5,0.4,1.2,1.2,1.2,2.15,0.0611,0.0005,0.0
2026-08-25,Kurnool,normal,2.0,0.1,0.6,0.6,0.6,2.22,0.0507,0.0004,0.0
2026-08-25,Madurai,normal,8.3,0.0,0.0,0.0,0.0,0.67,0.047,0.0003,0.0
2026-08-26,Nagpur,normal,2.7,1.5,3.0,3.1,3.1,4.39,0.095,0.001,0.0001
2026-08-26,Bhopal,normal,9.6,3.4,5.5,5.6,5.6,5.16,0.1432,0.002,0.0002
2026-08-26,Raipur,normal,3.0,7.7,10.7,10.5,10.5,7.57,0.2266,0.0047,0.0005
2026-08-26,Jabalpur,normal,4.7,4.7,7.2,7.3,7.3,6.1,0.1714,0.0028,0.0003
2026-08-26,Akola,normal,0.9,1.4,2.8,2.9,2.9,3.76,0.0921,0.001,0.0001
2026-08-26,Amravati,normal,12.9,1.4,2.8,2.9,2.9,3.76,0.0921,0.001,0.0001
2026-08-26,Aurangabad,normal,0.8,0.0,0.0,0.0,0.0,1.34,0.047,0.0003,0.0
2026-08-26,Bhubaneswar,normal,11.2,1.8,3.4,3.5,3.5,3.87,0.1033,0.0012,0.0001
2026-08-26,Mumbai,coastal,4.2,2.0,3.6,5.7,5.7,5.08,0.1717,0.0033,0.0001
2026-08-26,Thiruvananthapuram,coastal,10.1,0.0,0.0,0.0,0.0,1.55,0.0774,0.0009,0.0
2026-08-26,Kochi,coastal,61.9,0.0,0.0,0.0,0.0,1.68,0.0774,0.0009,0.0
2026-08-26,Mangaluru,coastal,5.0,11.0,14.5,16.5,16.5,11.6,0.3935,0.018,0.0008
2026-08-26,Panaji,coastal,10.9,5.8,8.5,10.98,10.98,9.99,0.289,0.009,0.0004
2026-08-26,Chennai,coastal,2.5,0.0,0.0,0.0,0.0,1.55,0.0774,0.0009,0.0
2026-08-26,Visakhapatnam,coastal,8.8,0.0,0.0,0.0,0.0,1.68,0.0774,0.0009,0.0
2026-08-26,Puri,coastal,1.5,3.2,5.3,8.0,8.0,4.88,0.2147,0.005,0.0002
2026-08-26,Kolkata,coastal,3.3,13.9,17.5,20.53,20.53,9.39,0.4368,0.0233,0.0011
2026-08-26,Surat,coastal,2.2,0.6,1.6,2.72,2.72,3.39,0.1099,0.0015,0.0
2026-08-26,Mahabaleshwar,orographic,17.3,5.2,7.9,6.4,6.4,11.56,0.2312,0.0137,0.0018
2026-08-26,Munnar,orographic,38.4,0.4,1.2,0.4,0.4,3.21,0.0811,0.0022,0.0002
2026-08-26,Madikeri,orographic,12.1,3.2,5.3,3.7,3.7,5.77,0.1791,0.0086,0.001
2026-08-26,Ooty,orographic,3.0,1.5,3.0,1.6,1.6,4.96,0.1246,0.0046,0.0005
2026-08-26,Lonavala,orographic,11.4,11.7,15.2,15.1,15.1,13.4,0.3517,0.0325,0.0051
2026-08-26,Wayanad,orographic,4.9,0.0,0.0,0.0,0.0,1.76,0.0627,0.0015,0.0001
2026-08-26,Shimla,orographic,2.6,0.0,0.0,0.0,0.0,0.37,0.0627,0.0015,0.0001
2026-08-26,Dehradun,orographic,5.2,0.0,0.0,0.0,0.0,0.76,0.0627,0.0015,0.0001
2026-08-26,Srinagar,orographic,0.0,0.0,0.0,0.0,0.0,0.37,0.0627,0.0015,0.0001
2026-08-26,Gangtok,orographic,25.1,2.9,4.9,3.32,3.32,3.47,0.1703,0.0078,0.0009
2026-08-26,Guwahati,orographic,23.8,13.5,17.1,17.62,17.62,8.94,0.377,0.038,0.0062
2026-08-26,Cherrapunji,orographic,10.4,20.2,24.0,27.86,27.86,8.88,0.4528,0.0592,0.0108
2026-08-26,Imphal,orographic,2.1,17.6,21.4,23.6,23.6,6.29,0.4262,0.0508,0.009
2026-08-26,Agartala,orographic,8.9,3.2,5.3,3.7,3.7,3.01,0.1791,0.0086,0.001
2026-08-26,Lucknow,normal,25.7,15.5,19.1,19.0,19.0,7.05,0.3317,0.0102,0.0012
2026-08-26,Patna,normal,8.2,0.2,0.8,0.8,0.8,1.74,0.0542,0.0004,0.0
2026-08-26,Varanasi,normal,3.7,14.6,18.3,17.9,17.9,7.6,0.3215,0.0095,0.0011
2026-08-26,Delhi,normal,13.5,0.0,0.0,0.0,0.0,0.48,0.047,0.0003,0.0
2026-08-26,Kanpur,normal,65.2,15.9,19.4,19.3,19.3,7.06,0.336,0.0105,0.0013
2026-08-26,Ranchi,normal,19.8,29.8,35.3,31.7,31.7,7.67,0.4534,0.0217,0.0031
2026-08-26,Jodhpur,normal,0.1,0.0,0.0,0.0,0.0,0.43,0.047,0.0003,0.0
2026-08-26,Bikaner,normal,0.0,0.0,0.0,0.0,0.0,0.43,0.047,0.0003,0.0
2026-08-26,Jaisalmer,normal,0.0,0.0,0.0,0.0,0.0,0.43,0.047,0.0003,0.0
2026-08-26,Hyderabad,normal,0.7,3.2,5.3,5.3,5.3,3.18,0.1386,0.0019,0.0002
2026-08-26,Bengaluru,normal,1.9,0.0,0.0,0.0,0.0,1.15,0.047,0.0003,0.0
2026-08-26,Pune,normal,0.8,0.0,0.0,0.0,0.0,1.22,0.047,0.0003,0.0
2026-08-26,Kurnool,normal,1.6,0.2,0.8,0.8,0.8,2.05,0.0542,0.0004,0.0
2026-08-26,Madurai,normal,1.2,0.0,0.0,0.0,0.0,0.8,0.047,0.0003,0.0
2026-08-27,Nagpur,normal,2.7,19.0,22.9,22.4,22.4,8.33,0.3677,0.0129,0.0016
2026-08-27,Bhopal,normal,4.9,1.7,3.2,3.3,3.3,3.96,0.1006,0.0011,0.0001
2026-08-27,Raipur,normal,17.8,10.3,13.6,13.1,13.1,8.64,0.2665,0.0064,0.0007
2026-08-27,Jabalpur,normal,17.6,4.7,7.2,7.3,7.3,5.93,0.1714,0.0028,0.0003
2026-08-27,Akola,normal,0.6,1.1,2.4,2.5,2.5,3.36,0.0833,0.0008,0.0001
2026-08-27,Amravati,normal,1.9,1.8,3.4,3.5,3.5,3.79,0.1033,0.0012,0.0001
2026-08-27,Aurangabad,normal,1.4,0.3,1.0,1.0,1.0,1.77,0.0577,0.0005,0.0
2026-08-27,Bhubaneswar,normal,21.6,5.5,8.2,8.28,8.28,6.52,0.1873,0.0033,0.0003
2026-08-27,Mumbai,coastal,7.6,3.5,5.6,8.4,8.4,6.06,0.2244,0.0055,0.0002
2026-08-27,Thiruvananthapuram,coastal,2.6,0.0,0.0,0.0,0.0,1.42,0.0774,0.0009,0.0
2026-08-27,Kochi,coastal,2.9,0.0,0.0,0.0,0.0,1.42,0.0774,0.0009,0.0
2026-08-27,Mangaluru,coastal,4.2,2.6,4.5,6.8,6.8,5.91,0.1941,0.0042,0.0001
2026-08-27,Panaji,coastal,11.9,3.1,5.1,7.9,7.9,5.88,0.2114,0.0049,0.0002
2026-08-27,Chennai,coastal,1.1,0.0,0.0,0.0,0.0,1.42,0.0774,0.0009,0.0
2026-08-27,Visakhapatnam,coastal,3.3,0.0,0.0,0.0,0.0,1.42,0.0774,0.0009,0.0
2026-08-27,Puri,coastal,19.7,13.9,17.5,20.53,20.53,10.38,0.4368,0.0233,0.0011
2026-08-27,Kolkata,coastal,7.4,10.5,13.9,16.2,16.2,11.1,0.3852,0.0171,0.0008
2026-08-27,Surat,coastal,2.2,0.3,1.0,2.0,2.0,2.71,0.0943,0.0012,0.0
2026-08-27,Mahabaleshwar,orographic,19.7,5.5,8.2,6.9,6.9,11.18,0.2381,0.0145,0.0019
2026-08-27,Munnar,orographic,6.2,0.2,0.8,0.2,0.2,2.68,0.0722,0.0019,0.0002
2026-08-27,Madikeri,orographic,11.3,2.7,4.6,3.1,3.1,5.6,0.1643,0.0073,0.0008
2026-08-27,Ooty,orographic,1.9,0.2,0.8,0.2,0.2,2.95,0.0722,0.0019,0.0002
2026-08-27,Lonavala,orographic,14.1,8.6,11.8,10.9,10.9,11.26,0.3012,0.0233,0.0034
2026-08-27,Wayanad,orographic,1.9,0.0,0.0,0.0,0.0,1.3,0.0627,0.0015,0.0001
2026-08-27,Shimla,orographic,2.5,0.4,1.2,0.4,0.4,0.7,0.0811,0.0022,0.0002
2026-08-27,Dehradun,orographic,11.6,6.9,9.9,8.8,8.8,3.39,0.2685,0.0184,0.0026
2026-08-27,Srinagar,orographic,0.0,0.4,1.1,0.4,0.4,0.7,0.0811,0.0022,0.0002
2026-08-27,Gangtok,orographic,3.9,5.4,8.1,6.7,6.7,4.38,0.2358,0.0143,0.0019
2026-08-27,Guwahati,orographic,2.7,4.6,7.1,5.5,5.5,5.26,0.2166,0.0121,0.0015
2026-08-27,Cherrapunji,orographic,9.0,4.0,6.3,4.76,4.76,5.32,0.2012,0.0106,0.0013
2026-08-27,Imphal,orographic,1.9,17.9,21.7,23.97,23.97,8.61,0.4295,0.0518,0.0092
2026-08-27,Agartala,orographic,3.4,0.2,0.8,0.2,0.2,2.28,0.0722,0.0019,0.0002
2026-08-27,Lucknow,normal,21.8,4.8,7.4,7.5,7.5,5.46,0.1734,0.0029,0.0003
2026-08-27,Patna,normal,12.8,39.0,46.15,42.81,42.81,7.97,0.5071,0.0296,0.0045
2026-08-27,Varanasi,normal,8.9,13.0,16.47,16.1,16.1,7.46,0.3024,0.0084,0.001
2026-08-27,Delhi,normal,0.0,0.2,0.8,0.8,0.8,0.98,0.0542,0.0004,0.0
2026-08-27,Kanpur,normal,42.3,2.0,3.6,3.8,3.8,3.88,0.1087,0.0013,0.0001
2026-08-27,Ranchi,normal,16.2,32.6,38.4,35.4,35.4,9.64,0.4712,0.024,0.0035
2026-08-27,Jodhpur,normal,0.0,0.0,0.0,0.0,0.0,0.31,0.047,0.0003,0.0
2026-08-27,Bikaner,normal,0.0,0.0,0.0,0.0,0.0,0.31,0.047,0.0003,0.0
2026-08-27,Jaisalmer,normal,0.0,0.0,0.0,0.0,0.0,0.31,0.047,0.0003,0.0
2026-08-27,Hyderabad,normal,0.0,2.3,4.0,4.3,4.3,3.97,0.1165,0.0014,0.0001
2026-08-27,Bengaluru,normal,2.0,0.3,1.0,1.0,1.0,1.56,0.0577,0.0005,0.0
2026-08-27,Pune,normal,2.3,0.0,0.0,0.0,0.0,0.73,0.047,0.0003,0.0
2026-08-27,Kurnool,normal,0.2,0.1,0.6,0.6,0.6,2.1,0.0507,0.0004,0.0
2026-08-27,Madurai,normal,1.2,0.0,0.0,0.0,0.0,0.73,0.047,0.0003,0.0
2026-08-28,Nagpur,normal,1.1,1.0,2.2,2.3,2.3,4.21,0.0803,0.0008,0.0001
2026-08-28,Bhopal,normal,6.9,3.0,5.0,5.2,5.2,4.19,0.1338,0.0018,0.0002
2026-08-28,Raipur,normal,4.4,2.3,4.0,4.3,4.3,4.84,0.1165,0.0014,0.0001
2026-08-28,Jabalpur,normal,18.2,7.0,10.0,9.7,9.7,7.15,0.2147,0.0042,0.0004
2026-08-28,Akola,normal,1.2,0.0,0.0,0.0,0.0,1.45,0.047,0.0003,0.0
2026-08-28,Amravati,normal,1.0,0.3,1.0,1.0,1.0,2.54,0.0577,0.0005,0.0
2026-08-28,Aurangabad,normal,3.3,0.0,0.0,0.0,0.0,1.32,0.047,0.0003,0.0
2026-08-28,Bhubaneswar,normal,13.3,0.1,0.6,0.6,0.6,2.84,0.0507,0.0004,0.0
2026-08-28,Mumbai,coastal,5.4,3.2,5.3,8.0,8.0,5.58,0.2147,0.005,0.0002
2026-08-28,Thiruvananthapuram,coastal,0.6,0.0,0.0,0.0,0.0,1.58,0.0774,0.0009,0.0
2026-08-28,Kochi,coastal,1.7,0.7,1.7,2.9,2.9,3.08,0.1149,0.0017,0.0
2026-08-28,Mangaluru,coastal,7.4,1.1,2.4,3.9,3.9,4.26,0.1338,0.0022,0.0001
2026-08-28,Panaji,coastal,12.3,6.7,9.6,12.03,12.03,9.02,0.3105,0.0105,0.0004
2026-08-28,Chennai,coastal,0.3,0.0,0.0,0.0,0.0,1.58,0.0774,0.0009,0.0
2026-08-28,Visakhapatnam,coastal,6.5,0.0,0.0,0.0,0.0,1.58,0.0774,0.0009,0.0
2026-08-28,Puri,coastal,29.8,0.7,1.8,3.0,0.0,4.06,0.1149,0.0017,0.0
2026-08-28,Kolkata,coastal,11.0,19.7,23.6,26.4,26.4,13.04,0.5041,0.0345,0.0018
2026-08-28,Surat,coastal,1.8,1.0,2.2,3.6,3.6,3.72,0.1292,0.002,0.0001
2026-08-28,Mahabaleshwar,orographic,25.0,5.0,7.6,6.1,6.1,10.29,0.2264,0.0132,0.0017
2026-08-28,Munnar,orographic,4.3,0.5,1.4,0.5,0.5,3.32,0.0855,0.0024,0.0002
2026-08-28,Madikeri,orographic,12.5,2.6,4.5,3.0,3.0,5.85,0.1612,0.0071,0.0008
2026-08-28,Ooty,orographic,1.3,0.6,1.5,0.6,0.6,3.32,0.0897,0.0026,0.0002
2026-08-28,Lonavala,orographic,21.8,9.7,12.9,12.3,12.3,13.72,0.3203,0.0265,0.004
2026-08-28,Wayanad,orographic,3.8,0.1,0.6,0.1,0.1,2.38,0.0675,0.0017,0.0001
2026-08-28,Shimla,orographic,0.7,5.1,7.7,6.2,6.2,3.68,0.2288,0.0135,0.0018
2026-08-28,Dehradun,orographic,9.3,4.3,6.7,5.1,5.1,4.17,0.209,0.0114,0.0014
2026-08-28,Srinagar,orographic,0.0,0.7,1.7,0.7,0.7,1.22,0.0939,0.0028,0.0003
2026-08-28,Gangtok,orographic,1.6,11.5,15.0,14.9,14.9,6.49,0.3488,0.0319,0.005
2026-08-28,Guwahati,orographic,14.3,3.4,5.5,4.0,4.0,5.05,0.1848,0.0091,0.0011
2026-08-28,Cherrapunji,orographic,5.4,7.8,10.8,10.0,10.0,5.51,0.2863,0.021,0.003
2026-08-28,Imphal,orographic,4.1,6.7,9.6,8.5,8.5,6.91,0.2644,0.0178,0.0025
2026-08-28,Agartala,orographic,10.9,0.0,0.0,0.0,0.0,1.15,0.0627,0.0015,0.0001
2026-08-28,Lucknow,normal,27.9,15.9,19.4,19.3,19.3,7.81,0.336,0.0105,0.0013
2026-08-28,Patna,normal,6.8,29.6,35.1,31.7,31.7,10.19,0.4521,0.0215,0.0031
2026-08-28,Varanasi,normal,4.0,5.1,7.7,7.8,7.8,6.47,0.1795,0.003,0.0003
2026-08-28,Delhi,normal,0.5,0.0,0.0,0.0,0.0,0.79,0.047,0.0003,0.0
2026-08-28,Kanpur,normal,35.5,3.1,5.1,5.24,5.24,3.72,0.1362,0.0019,0.0002
2026-08-28,Ranchi,normal,15.0,9.2,12.4,12.2,12.2,8.55,0.2504,0.0057,0.0006
2026-08-28,Jodhpur,normal,0.0,0.0,0.0,0.0,0.0,0.44,0.047,0.0003,0.0
2026-08-28,Bikaner,normal,0.0,0.0,0.0,0.0,0.0,0.44,0.047,0.0003,0.0
2026-08-28,Jaisalmer,normal,0.0,0.0,0.0,0.0,0.0,0.44,0.047,0.0003,0.0
2026-08-28,Hyderabad,normal,0.5,0.4,1.2,1.2,1.2,2.47,0.0611,0.0005,0.0
2026-08-28,Bengaluru,normal,1.3,0.0,0.0,0.0,0.0,1.23,0.047,0.0003,0.0
2026-08-28,Pune,normal,2.3,0.0,0.0,0.0,0.0,0.8,0.047,0.0003,0.0
2026-08-28,Kurnool,normal,1.6,0.4,1.2,1.2,1.2,2.16,0.0611,0.0005,0.0
2026-08-28,Madurai,normal,0.4,0.0,0.0,0.0,0.0,0.8,0.047,0.0003,0.0
2026-08-29,Nagpur,normal,16.8,1.9,3.5,3.7,3.7,3.34,0.106,0.0012,0.0001
2026-08-29,Bhopal,normal,0.6,0.0,0.0,0.0,0.0,1.46,0.047,0.0003,0.0
2026-08-29,Raipur,normal,8.9,7.5,10.5,10.32,10.32,5.97,0.2233,0.0046,0.0005
2026-08-29,Jabalpur,normal,7.8,0.7,1.7,1.7,1.7,2.88,0.071,0.0006,0.0
2026-08-29,Akola,normal,0.2,0.2,0.8,0.8,0.8,1.5,0.0542,0.0004,0.0
2026-08-29,Amravati,normal,4.9,0.3,1.0,1.0,1.0,2.04,0.0577,0.0005,0.0
2026-08-29,Aurangabad,normal,1.3,0.4,1.2,1.2,1.2,1.59,0.0611,0.0005,0.0
2026-08-29,Bhubaneswar,normal,13.3,6.1,8.8,8.7,0.0,5.09,0.1986,0.0037,0.0004
2026-08-29,Mumbai,coastal,4.6,3.9,6.2,9.0,9.0,5.63,0.2369,0.0061,0.0002
2026-08-29,Thiruvananthapuram,coastal,0.6,0.0,0.0,0.0,0.0,1.27,0.0774,0.0009,0.0
2026-08-29,Kochi,coastal,1.5,0.5,1.4,2.5,2.5,2.74,0.1048,0.0014,0.0
2026-08-29,Mangaluru,coastal,3.9,0.3,1.0,2.0,2.0,2.51,0.0943,0.0012,0.0
2026-08-29,Panaji,coastal,20.8,7.5,10.5,13.0,13.0,8.64,0.3282,0.0119,0.0005
2026-08-29,Chennai,coastal,1.0,0.0,0.0,0.0,0.0,1.27,0.0774,0.0009,0.0
2026-08-29,Visakhapatnam,coastal,2.4,0.3,1.0,2.0,2.0,2.23,0.0943,0.0012,0.0
2026-08-29,Puri,coastal,20.5,1.0,2.2,3.6,0.0,3.19,0.1292,0.002,0.0001
2026-08-29,Kolkata,coastal,5.0,29.1,34.61,40.31,40.31,13.31,0.5804,0.0535,0.0032
2026-08-29,Surat,coastal,1.7,2.1,3.8,5.9,5.9,4.4,0.1755,0.0035,0.0001
2026-08-29,Mahabaleshwar,orographic,33.7,4.5,7.0,5.4,5.4,7.78,0.2141,0.0119,0.0015
2026-08-29,Munnar,orographic,6.6,0.0,0.0,0.0,0.0,1.44,0.0627,0.0015,0.0001
2026-08-29,Madikeri,orographic,11.4,2.4,4.2,2.8,2.8,5.03,0.1549,0.0066,0.0007
2026-08-29,Ooty,orographic,0.0,0.0,0.0,0.0,0.0,1.44,0.0627,0.0015,0.0001
2026-08-29,Lonavala,orographic,26.3,11.3,14.8,14.5,14.5,11.83,0.3458,0.0313,0.0049
2026-08-29,Wayanad,orographic,3.0,0.0,0.0,0.0,0.0,1.36,0.0627,0.0015,0.0001
2026-08-29,Shimla,orographic,2.0,0.0,0.0,0.0,0.0,0.84,0.0627,0.0015,0.0001
2026-08-29,Dehradun,orographic,16.0,5.4,8.1,6.7,6.7,4.2,0.2358,0.0143,0.0019
2026-08-29,Srinagar,orographic,0.0,0.1,0.6,0.1,0.1,0.85,0.0675,0.0017,0.0001
2026-08-29,Gangtok,orographic,9.2,8.1,11.2,10.4,10.4,4.92,0.292,0.0218,0.0031
2026-08-29,Guwahati,orographic,15.6,8.4,11.5,10.6,10.6,4.63,0.2975,0.0227,0.0033
2026-08-29,Cherrapunji,orographic,3.4,4.9,7.5,5.9,5.9,5.03,0.224,0.0129,0.0017
2026-08-29,Imphal,orographic,1.9,2.8,4.8,3.3,3.3,4.04,0.1673,0.0076,0.0009
2026-08-29,Agartala,orographic,14.7,2.6,4.5,3.0,3.0,2.34,0.1612,0.0071,0.0008
2026-08-29,Lucknow,normal,9.4,0.5,1.4,1.4,1.4,2.19,0.0645,0.0005,0.0
2026-08-29,Patna,normal,17.9,24.8,29.1,27.25,27.25,7.75,0.4176,0.0175,0.0024
2026-08-29,Varanasi,normal,6.2,6.6,9.4,9.1,9.1,5.48,0.2077,0.004,0.0004
2026-08-29,Delhi,normal,0.0,0.0,0.0,0.0,0.0,0.31,0.047,0.0003,0.0
2026-08-29,Kanpur,normal,14.1,0.0,0.0,0.0,0.0,0.91,0.047,0.0003,0.0
2026-08-29,Ranchi,normal,24.8,7.3,10.3,10.1,10.1,5.46,0.2199,0.0044,0.0005
2026-08-29,Jodhpur,normal,0.0,0.0,0.0,0.0,0.0,0.27,0.047,0.0003,0.0
2026-08-29,Bikaner,normal,0.0,0.0,0.0,0.0,0.0,0.27,0.047,0.0003,0.0
2026-08-29,Jaisalmer,normal,0.0,0.0,0.0,0.0,0.0,0.27,0.047,0.0003,0.0
2026-08-29,Hyderabad,normal,0.6,0.0,0.0,0.0,0.0,0.97,0.047,0.0003,0.0
2026-08-29,Bengaluru,normal,2.8,0.0,0.0,0.0,0.0,0.6,0.047,0.0003,0.0
2026-08-29,Pune,normal,5.0,0.1,0.6,0.6,0.6,1.32,0.0507,0.0004,0.0
2026-08-29,Kurnool,normal,1.0,0.5,1.4,1.4,1.4,2.23,0.0645,0.0005,0.0
2026-08-29,Madurai,normal,0.3,0.0,0.0,0.0,0.0,0.6,0.047,0.0003,0.0
2026-08-30,Nagpur,normal,0.1,3.5,5.6,5.8,5.8,4.49,0.1455,0.0021,0.0002
2026-08-30,Bhopal,normal,0.0,0.0,0.0,0.0,0.0,0.75,0.047,0.0003,0.0
2026-08-30,Raipur,normal,29.8,6.7,9.6,9.3,9.3,6.7,0.2095,0.004,0.0004
2026-08-30,Jabalpur,normal,3.0,6.3,9.1,8.9,8.9,5.13,0.2023,0.0038,0.0004
2026-08-30,Akola,normal,0.3,0.1,0.6,0.6,0.6,1.97,0.0507,0.0004,0.0
2026-08-30,Amravati,normal,0.6,0.3,1.0,1.0,1.0,2.04,0.0577,0.0005,0.0
2026-08-30,Aurangabad,normal,0.4,0.0,0.0,0.0,0.0,1.09,0.047,0.0003,0.0
2026-08-30,Bhubaneswar,normal,45.9,0.5,1.4,1.4,0.0,2.77,0.0645,0.0005,0.0
2026-08-30,Mumbai,coastal,2.9,3.2,5.3,8.0,8.0,4.78,0.2147,0.005,0.0002
2026-08-30,Thiruvananthapuram,coastal,0.6,0.0,0.0,0.0,0.0,1.27,0.0774,0.0009,0.0
2026-08-30,Kochi,coastal,1.3,0.0,0.0,0.0,0.0,1.39,0.0774,0.0009,0.0
2026-08-30,Mangaluru,coastal,2.6,0.0,0.0,0.0,0.0,1.39,0.0774,0.0009,0.0
2026-08-30,Panaji,coastal,7.2,6.9,9.9,12.5,12.5,8.74,0.315,0.0108,0.0004
2026-08-30,Chennai,coastal,1.2,0.0,0.0,0.0,0.0,1.27,0.0774,0.0009,0.0
2026-08-30,Visakhapatnam,coastal,0.1,0.0,0.0,0.0,0.0,1.39,0.0774,0.0009,0.0
2026-08-30,Puri,coastal,42.1,4.9,7.5,10.29,0.0,5.93,0.2656,0.0076,0.0003
2026-08-30,Kolkata,coastal,19.7,3.1,5.1,7.9,7.9,5.42,0.2114,0.0049,0.0002
2026-08-30,Surat,coastal,2.3,1.2,2.6,4.1,4.1,3.52,0.1383,0.0023,0.0001
2026-08-30,Mahabaleshwar,orographic,12.2,4.6,7.1,5.5,5.5,7.63,0.2166,0.0121,0.0015
2026-08-30,Munnar,orographic,2.4,0.1,0.6,0.1,0.1,1.97,0.0675,0.0017,0.0001
2026-08-30,Madikeri,orographic,8.4,1.7,3.2,1.8,1.8,4.11,0.1317,0.005,0.0005
2026-08-30,Ooty,orographic,0.0,0.0,0.0,0.0,0.0,1.15,0.0627,0.0015,0.0001
2026-08-30,Lonavala,orographic,14.4,10.6,14.0,13.9,13.9,11.83,0.3349,0.0292,0.0045
2026-08-30,Wayanad,orographic,0.6,0.0,0.0,0.0,0.0,1.15,0.0627,0.0015,0.0001
2026-08-30,Shimla,orographic,12.8,1.3,2.7,1.4,1.4,1.19,0.1173,0.0041,0.0004
2026-08-30,Dehradun,orographic,46.1,11.5,15.0,14.9,14.9,5.85,0.3488,0.0319,0.005
2026-08-30,Srinagar,orographic,0.4,3.4,5.5,4.0,4.0,2.26,0.1848,0.0091,0.0011
2026-08-30,Gangtok,orographic,4.4,5.2,7.9,6.4,6.4,5.07,0.2312,0.0137,0.0018
2026-08-30,Guwahati,orographic,2.4,20.5,24.3,28.3,28.3,7.81,0.4556,0.0601,0.0111
2026-08-30,Cherrapunji,orographic,8.4,57.7,65.8,88.81,88.81,16.01,0.6568,0.1797,0.0467
2026-08-30,Imphal,orographic,7.7,11.6,15.1,15.0,15.0,5.46,0.3503,0.0322,0.0051
2026-08-30,Agartala,orographic,1.9,0.2,0.8,0.2,0.2,2.0,0.0722,0.0019,0.0002
2026-08-30,Lucknow,normal,4.3,3.6,5.8,5.9,5.9,3.25,0.1478,0.0021,0.0002
2026-08-30,Patna,normal,8.2,10.6,14.0,13.42,13.42,6.67,0.2708,0.0066,0.0007
2026-08-30,Varanasi,normal,7.1,77.7,84.5,79.5,79.5,11.29,0.6424,0.0654,0.0121
2026-08-30,Delhi,normal,0.2,0.0,0.0,0.0,0.0,0.31,0.047,0.0003,0.0
2026-08-30,Kanpur,normal,6.6,2.6,4.5,4.7,4.7,2.51,0.1241,0.0016,0.0001
2026-08-30,Ranchi,normal,9.9,77.7,84.5,79.5,79.5,11.29,0.6424,0.0654,0.0121
2026-08-30,Jodhpur,normal,0.0,0.0,0.0,0.0,0.0,0.27,0.047,0.0003,0.0
2026-08-30,Bikaner,normal,0.0,0.0,0.0,0.0,0.0,0.27,0.047,0.0003,0.0
2026-08-30,Jaisalmer,normal,0.0,0.0,0.0,0.0,0.0,0.27,0.047,0.0003,0.0
2026-08-30,Hyderabad,normal,2.5,0.0,0.0,0.0,0.0,0.6,0.047,0.0003,0.0
2026-08-30,Bengaluru,normal,3.2,0.0,0.0,0.0,0.0,0.6,0.047,0.0003,0.0
2026-08-30,Pune,normal,0.1,0.0,0.0,0.0,0.0,0.85,0.047,0.0003,0.0
2026-08-30,Kurnool,normal,0.5,0.0,0.0,0.0,0.0,0.97,0.047,0.0003,0.0
2026-08-30,Madurai,normal,0.5,0.0,0.0,0.0,0.0,0.6,0.047,0.0003,0.0
2026-08-31,Nagpur,break,0.7,0.6,1.5,1.86,1.5,2.83,0.0754,0.0008,0.0
2026-08-31,Bhopal,break,0.0,0.0,0.0,0.0,0.0,0.95,0.0525,0.0004,0.0
2026-08-31,Raipur,break,11.1,1.0,2.2,3.25,2.3,3.86,0.0893,0.001,0.0
2026-08-31,Jabalpur,break,5.6,7.3,10.3,11.7,10.1,7.26,0.2403,0.0057,0.0002
2026-08-31,Akola,break,0.0,0.0,0.0,0.0,0.0,1.2,0.0525,0.0004,0.0
2026-08-31,Amravati,break,0.0,0.0,0.0,0.0,0.0,1.29,0.0525,0.0004,0.0
2026-08-31,Aurangabad,break,0.9,0.0,0.0,0.0,0.0,0.95,0.0525,0.0004,0.0
2026-08-31,Bhubaneswar,break,42.1,2.1,3.8,4.9,0.0,3.91,0.1233,0.0017,0.0001
2026-08-31,Mumbai,coastal,4.6,4.9,7.5,10.29,10.29,7.88,0.2656,0.0076,0.0003
2026-08-31,Thiruvananthapuram,coastal,1.2,0.0,0.0,0.0,0.0,1.58,0.0774,0.0009,0.0
2026-08-31,Kochi,coastal,1.1,0.0,0.0,0.0,0.0,1.58,0.0774,0.0009,0.0
2026-08-31,Mangaluru,coastal,3.8,0.9,2.0,3.4,3.4,3.61,0.1246,0.0019,0.0001
2026-08-31,Panaji,coastal,12.4,8.9,12.1,14.6,14.6,10.02,0.3564,0.0143,0.0006
2026-08-31,Chennai,coastal,0.0,0.0,0.0,0.0,0.0,1.58,0.0774,0.0009,0.0
2026-08-31,Visakhapatnam,coastal,2.0,0.4,1.2,2.27,2.27,2.69,0.0996,0.0013,0.0
2026-08-31,Puri,coastal,32.9,1.7,3.2,5.0,0.0,5.32,0.1597,0.0029,0.0001
2026-08-31,Kolkata,coastal,17.7,9.1,12.3,14.83,14.83,10.39,0.3602,0.0146,0.0006
2026-08-31,Surat,coastal,1.8,1.3,2.7,4.21,4.21,3.91,0.1427,0.0024,0.0001
2026-08-31,Mahabaleshwar,orographic,16.6,4.9,7.5,5.9,5.9,10.02,0.224,0.0129,0.0017
2026-08-31,Munnar,orographic,0.4,0.0,0.0,0.0,0.0,1.68,0.0627,0.0015,0.0001
2026-08-31,Madikeri,orographic,9.1,1.5,3.0,1.6,1.6,4.62,0.1246,0.0046,0.0005
2026-08-31,Ooty,orographic,0.0,0.0,0.0,0.0,0.0,1.44,0.0627,0.0015,0.0001
2026-08-31,Lonavala,orographic,15.6,8.8,12.0,11.24,11.24,11.86,0.3047,0.0238,0.0035
2026-08-31,Wayanad,orographic,0.2,0.0,0.0,0.0,0.0,1.44,0.0627,0.0015,0.0001
2026-08-31,Shimla,orographic,10.2,0.3,1.0,0.3,0.3,1.08,0.0767,0.002,0.0002
2026-08-31,Dehradun,orographic,20.7,5.6,8.3,7.0,7.0,5.76,0.2404,0.0148,0.002
2026-08-31,Srinagar,orographic,0.1,4.8,7.3,5.7,5.7,3.89,0.2215,0.0127,0.0016
2026-08-31,Gangtok,orographic,12.0,11.4,14.9,14.7,14.7,6.49,0.3473,0.0316,0.005
2026-08-31,Guwahati,orographic,21.3,16.7,20.4,22.4,22.4,9.23,0.4163,0.048,0.0083
2026-08-31,Cherrapunji,orographic,4.8,144.4,145.6,146.51,146.51,24.61,0.8015,0.3997,0.1567
2026-08-31,Imphal,orographic,59.0,24.2,28.4,34.46,34.46,9.5,0.4882,0.0721,0.0139
2026-08-31,Agartala,orographic,16.2,1.9,3.5,2.1,2.1,2.88,0.1386,0.0055,0.0006
2026-08-31,Lucknow,break,14.7,6.4,9.2,10.57,9.0,5.98,0.2235,0.005,0.0002
2026-08-31,Patna,break,25.6,17.9,21.8,23.71,21.21,8.24,0.3838,0.0156,0.0008
2026-08-31,Varanasi,break,17.5,4.2,6.6,8.2,6.8,6.05,0.1771,0.0032,0.0001
2026-08-31,Delhi,break,0.7,0.0,0.0,0.0,0.0,0.54,0.0525,0.0004,0.0
2026-08-31,Kanpur,break,17.0,2.5,4.3,5.94,4.6,3.91,0.1345,0.002,0.0001
2026-08-31,Ranchi,break,26.3,24.2,28.4,27.73,27.0,10.6,0.4411,0.022,0.0012
2026-08-31,Jodhpur,break,0.2,0.0,0.0,0.0,0.0,0.57,0.0525,0.0004,0.0
2026-08-31,Bikaner,break,0.0,0.0,0.0,0.0,0.0,0.57,0.0525,0.0004,0.0
2026-08-31,Jaisalmer,break,0.0,0.0,0.0,0.0,0.0,0.57,0.0525,0.0004,0.0
2026-08-31,Hyderabad,break,0.1,0.0,0.0,0.0,0.0,0.87,0.0525,0.0004,0.0
2026-08-31,Bengaluru,break,1.0,0.0,0.0,0.0,0.0,0.87,0.0525,0.0004,0.0
2026-08-31,Pune,break,0.5,0.0,0.0,0.0,0.0,0.87,0.0525,0.0004,0.0
2026-08-31,Kurnool,break,1.3,0.0,0.0,0.0,0.0,0.87,0.0525,0.0004,0.0
2026-08-31,Madurai,break,0.0,0.0,0.0,0.0,0.0,0.87,0.0525,0.0004,0.0
2026-09-01,Nagpur,normal,1.4,1.7,3.2,3.3,3.3,2.38,0.1006,0.0011,0.0001
2026-09-01,Bhopal,normal,0.7,0.0,0.0,0.0,0.0,0.56,0.047,0.0003,0.0
2026-09-01,Raipur,normal,0.6,4.8,7.3,7.5,7.5,3.9,0.1734,0.0029,0.0003
2026-09-01,Jabalpur,normal,10.7,38.8,46.05,42.81,42.81,9.53,0.5061,0.0294,0.0045
2026-09-01,Akola,normal,0.5,0.0,0.0,0.0,0.0,0.56,0.047,0.0003,0.0
2026-09-01,Amravati,normal,1.0,0.3,1.0,1.0,1.0,1.29,0.0577,0.0005,0.0
2026-09-01,Aurangabad,normal,2.0,0.0,0.0,0.0,0.0,0.56,0.047,0.0003,0.0
2026-09-01,Bhubaneswar,normal,4.3,2.6,4.5,4.7,4.7,3.19,0.1241,0.0016,0.0001
2026-09-01,Mumbai,coastal,6.1,4.7,7.2,10.0,10.0,5.57,0.2601,0.0073,0.0003
2026-09-01,Thiruvananthapuram,coastal,0.6,0.0,0.0,0.0,0.0,1.11,0.0774,0.0009,0.0
2026-09-01,Kochi,coastal,0.5,0.0,0.0,0.0,0.0,1.11,0.0774,0.0009,0.0
2026-09-01,Mangaluru,coastal,5.8,0.2,0.8,1.7,1.7,2.18,0.0888,0.0011,0.0
2026-09-01,Panaji,coastal,4.2,15.1,18.7,21.83,21.83,9.35,0.4525,0.0256,0.0013
2026-09-01,Chennai,coastal,0.4,0.0,0.0,0.0,0.0,1.11,0.0774,0.0009,0.0
2026-09-01,Visakhapatnam,coastal,0.3,5.6,8.4,10.8,10.8,5.6,0.284,0.0087,0.0003
2026-09-01,Puri,coastal,2.6,4.7,7.2,10.0,10.0,4.61,0.2601,0.0073,0.0003
2026-09-01,Kolkata,coastal,28.2,6.2,9.0,11.4,11.4,7.52,0.2988,0.0097,0.0004
2026-09-01,Surat,coastal,2.5,1.1,2.4,3.9,3.9,2.7,0.1338,0.0022,0.0001
2026-09-01,Mahabaleshwar,orographic,12.4,4.2,6.6,5.0,5.0,6.01,0.2064,0.0111,0.0014
2026-09-01,Munnar,orographic,1.2,0.1,0.6,0.1,0.1,1.61,0.0675,0.0017,0.0001
2026-09-01,Madikeri,orographic,7.8,1.4,2.8,1.5,1.5,2.68,0.121,0.0043,0.0004
2026-09-01,Ooty,orographic,7.0,0.5,1.4,0.5,0.5,1.79,0.0855,0.0024,0.0002
2026-09-01,Lonavala,orographic,13.1,10.6,14.0,13.9,13.9,10.4,0.3349,0.0292,0.0045
2026-09-01,Wayanad,orographic,1.6,0.0,0.0,0.0,0.0,0.88,0.0627,0.0015,0.0001
2026-09-01,Shimla,orographic,7.0,6.1,8.8,7.6,7.6,2.39,0.2516,0.0162,0.0022
2026-09-01,Dehradun,orographic,19.5,23.2,27.2,32.71,32.71,5.53,0.4799,0.0689,0.0131
2026-09-01,Srinagar,orographic,8.4,9.4,12.6,12.0,12.0,4.79,0.3152,0.0256,0.0038
2026-09-01,Gangtok,orographic,36.4,14.3,18.0,18.7,18.7,5.08,0.3874,0.0405,0.0067
2026-09-01,Guwahati,orographic,8.0,13.9,17.5,18.1,18.1,4.67,0.3823,0.0392,0.0065
2026-09-01,Cherrapunji,orographic,23.9,11.2,14.7,14.4,14.4,5.53,0.3442,0.031,0.0048
2026-09-01,Imphal,orographic,28.6,30.1,35.4,45.8,45.8,5.76,0.5315,0.0914,0.0189
2026-09-01,Agartala,orographic,18.4,5.2,7.9,6.4,6.4,2.92,0.2312,0.0137,0.0018
2026-09-01,Lucknow,normal,16.8,19.9,23.8,22.86,22.86,6.69,0.3761,0.0136,0.0017
2026-09-01,Patna,normal,26.4,10.3,13.6,13.1,13.1,6.22,0.2665,0.0064,0.0007
2026-09-01,Varanasi,normal,28.1,33.2,38.9,35.81,35.81,7.74,0.4749,0.0246,0.0036
2026-09-01,Delhi,normal,3.9,0.5,1.4,1.4,1.4,1.09,0.0645,0.0005,0.0
2026-09-01,Kanpur,normal,25.6,2.0,3.6,3.8,3.8,2.87,0.1087,0.0013,0.0001
2026-09-01,Ranchi,normal,33.6,67.1,76.3,63.7,63.7,11.56,0.6146,0.0553,0.0098
2026-09-01,Jodhpur,normal,0.2,0.0,0.0,0.0,0.0,0.0,0.047,0.0003,0.0
2026-09-01,Bikaner,normal,0.0,0.0,0.0,0.0,0.0,0.0,0.047,0.0003,0.0
2026-09-01,Jaisalmer,normal,0.0,0.0,0.0,0.0,0.0,0.0,0.047,0.0003,0.0
2026-09-01,Hyderabad,normal,0.3,0.0,0.0,0.0,0.0,0.44,0.047,0.0003,0.0
2026-09-01,Bengaluru,normal,2.2,0.0,0.0,0.0,0.0,0.44,0.047,0.0003,0.0
2026-09-01,Pune,normal,1.6,0.0,0.0,0.0,0.0,0.44,0.047,0.0003,0.0
2026-09-01,Kurnool,normal,0.9,0.0,0.0,0.0,0.0,0.44,0.047,0.0003,0.0
2026-09-01,Madurai,normal,0.6,0.0,0.0,0.0,0.0,0.44,0.047,0.0003,0.0
2026-09-02,Nagpur,normal,3.5,0.5,1.4,1.4,1.4,2.37,0.0645,0.0005,0.0
2026-09-02,Bhopal,normal,2.7,1.3,2.7,2.8,2.8,2.3,0.0892,0.0009,0.0001
2026-09-02,Raipur,normal,5.8,0.3,1.0,1.0,1.0,2.7,0.0577,0.0005,0.0
2026-09-02,Jabalpur,normal,35.7,33.9,39.5,36.5,36.5,9.95,0.479,0.0252,0.0037
2026-09-02,Akola,normal,0.1,0.0,0.0,0.0,0.0,0.72,0.047,0.0003,0.0
2026-09-02,Amravati,normal,2.3,0.0,0.0,0.0,0.0,1.04,0.047,0.0003,0.0
2026-09-02,Aurangabad,normal,2.1,0.0,0.0,0.0,0.0,0.72,0.047,0.0003,0.0
2026-09-02,Bhubaneswar,normal,1.3,4.9,7.5,7.6,7.6,5.12,0.1755,0.0029,0.0003
2026-09-02,Mumbai,coastal,13.8,10.9,14.3,16.5,16.5,9.57,0.3919,0.0178,0.0008
2026-09-02,Thiruvananthapuram,coastal,1.1,0.0,0.0,0.0,0.0,1.33,0.0774,0.0009,0.0
2026-09-02,Kochi,coastal,0.5,0.0,0.0,0.0,0.0,1.33,0.0774,0.0009,0.0
2026-09-02,Mangaluru,coastal,1.1,0.2,0.8,1.7,1.7,2.36,0.0888,0.0011,0.0
2026-09-02,Panaji,coastal,10.3,3.1,5.1,7.9,7.9,4.97,0.2114,0.0049,0.0002
2026-09-02,Chennai,coastal,1.3,0.0,0.0,0.0,0.0,1.33,0.0774,0.0009,0.0
2026-09-02,Visakhapatnam,coastal,8.3,0.0,0.0,0.0,0.0,2.07,0.0774,0.0009,0.0
2026-09-02,Puri,coastal,0.6,1.8,3.3,5.1,5.1,4.5,0.1637,0.0031,0.0001
2026-09-02,Kolkata,coastal,36.3,12.4,15.8,17.9,17.9,9.98,0.4154,0.0205,0.001
2026-09-02,Surat,coastal,2.9,0.8,1.9,3.1,3.1,2.76,0.1198,0.0018,0.0001
2026-09-02,Mahabaleshwar,orographic,23.9,3.2,5.3,3.7,3.7,4.54,0.1791,0.0086,0.001
2026-09-02,Munnar,orographic,0.8,1.7,3.2,1.8,1.8,3.17,0.1317,0.005,0.0005
2026-09-02,Madikeri,orographic,5.5,1.4,2.8,1.5,1.5,2.93,0.121,0.0043,0.0004
2026-09-02,Ooty,orographic,2.4,0.6,1.5,0.6,0.6,2.49,0.0897,0.0026,0.0002
2026-09-02,Lonavala,orographic,20.4,8.6,11.8,10.9,10.9,9.08,0.3012,0.0233,0.0034
2026-09-02,Wayanad,orographic,2.7,0.0,0.0,0.0,0.0,1.08,0.0627,0.0015,0.0001
2026-09-02,Shimla,orographic,8.4,3.8,6.0,4.5,4.5,3.7,0.1958,0.0101,0.0012
2026-09-02,Dehradun,orographic,2.0,11.5,15.0,14.9,14.9,6.15,0.3488,0.0319,0.005
2026-09-02,Srinagar,orographic,4.5,3.8,6.0,4.5,4.5,3.7,0.1958,0.0101,0.0012
2026-09-02,Gangtok,orographic,21.6,37.2,43.9,57.25,57.25,8.99,0.5733,0.1146,0.0254
2026-09-02,Guwahati,orographic,10.4,9.2,12.4,11.7,11.7,5.15,0.3118,0.025,0.0037
2026-09-02,Cherrapunji,orographic,1.1,25.8,30.2,37.26,37.26,6.34,0.5009,0.0773,0.0152
2026-09-02,Imphal,orographic,13.1,9.7,12.9,12.3,12.3,5.14,0.3203,0.0265,0.004
2026-09-02,Agartala,orographic,17.7,8.4,11.5,10.6,10.6,4.51,0.2975,0.0227,0.0033
2026-09-02,Lucknow,normal,32.0,13.6,17.2,16.6,16.6,6.98,0.3097,0.0088,0.001
2026-09-02,Patna,normal,17.8,18.3,22.2,21.46,21.46,7.23,0.3609,0.0123,0.0016
2026-09-02,Varanasi,normal,15.5,19.3,23.2,22.5,22.5,7.49,0.3705,0.0131,0.0017
2026-09-02,Delhi,normal,13.6,0.1,0.6,0.6,0.6,1.54,0.0507,0.0004,0.0
2026-09-02,Kanpur,normal,18.7,6.1,8.9,8.8,8.8,4.81,0.1986,0.0037,0.0004
2026-09-02,Ranchi,normal,10.3,7.8,10.8,10.6,10.6,5.89,0.2282,0.0047,0.0005
2026-09-02,Jodhpur,normal,0.0,0.0,0.0,0.0,0.0,0.28,0.047,0.0003,0.0
2026-09-02,Bikaner,normal,0.0,0.0,0.0,0.0,0.0,0.28,0.047,0.0003,0.0
2026-09-02,Jaisalmer,normal,0.0,0.0,0.0,0.0,0.0,0.28,0.047,0.0003,0.0
2026-09-02,Hyderabad,normal,0.5,0.0,0.0,0.0,0.0,0.58,0.047,0.0003,0.0
2026-09-02,Bengaluru,normal,1.8,1.0,2.2,2.3,2.3,2.16,0.0803,0.0008,0.0001
2026-09-02,Pune,normal,2.8,0.1,0.6,0.6,0.6,1.3,0.0507,0.0004,0.0
2026-09-02,Kurnool,normal,5.9,0.0,0.0,0.0,0.0,0.58,0.047,0.0003,0.0
2026-09-02,Madurai,normal,1.4,0.2,0.8,0.8,0.8,1.3,0.0542,0.0004,0.0
2026-09-03,Nagpur,normal,16.3,2.4,4.2,4.5,4.5,4.13,0.1191,0.0015,0.0001
2026-09-03,Bhopal,normal,8.3,30.5,35.76,32.25,32.25,8.86,0.458,0.0223,0.0032
2026-09-03,Raipur,normal,9.6,0.4,1.2,1.2,1.2,2.85,0.0611,0.0005,0.0
2026-09-03,Jabalpur,depression,37.0,51.8,60.7,41.76,57.7,18.01,0.7807,0.1039,0.0127
2026-09-03,Akola,normal,0.4,0.2,0.8,0.8,0.8,1.91,0.0542,0.0004,0.0
2026-09-03,Amravati,normal,6.2,0.0,0.0,0.0,0.0,1.05,0.047,0.0003,0.0
2026-09-03,Aurangabad,normal,1.2,0.1,0.6,0.6,0.6,1.91,0.0507,0.0004,0.0
2026-09-03,Bhubaneswar,normal,1.6,1.3,2.7,2.8,2.8,5.05,0.0892,0.0009,0.0001
2026-09-03,Mumbai,coastal,5.6,9.2,12.4,14.98,14.98,11.31,0.3621,0.0148,0.0007
2026-09-03,Thiruvananthapuram,coastal,1.4,0.0,0.0,0.0,0.0,1.54,0.0774,0.0009,0.0
2026-09-03,Kochi,coastal,0.8,0.2,0.8,1.7,1.7,2.49,0.0888,0.0011,0.0
2026-09-03,Mangaluru,coastal,2.7,0.0,0.0,0.0,0.0,1.77,0.0774,0.0009,0.0
2026-09-03,Panaji,coastal,9.0,17.3,21.1,23.51,23.51,12.52,0.4787,0.0298,0.0015
2026-09-03,Chennai,coastal,3.4,0.3,1.0,2.0,2.0,2.58,0.0943,0.0012,0.0
2026-09-03,Visakhapatnam,coastal,4.8,0.0,0.0,0.0,0.0,1.54,0.0774,0.0009,0.0
2026-09-03,Puri,coastal,1.2,1.1,2.4,3.9,3.9,4.54,0.1338,0.0022,0.0001
2026-09-03,Kolkata,coastal,14.2,14.6,18.3,21.47,21.47,12.18,0.4461,0.0246,0.0012
2026-09-03,Surat,coastal,2.0,1.0,2.2,3.6,3.6,4.17,0.1292,0.002,0.0001
2026-09-03,Mahabaleshwar,orographic,16.1,4.2,6.6,5.0,5.0,7.86,0.2064,0.0111,0.0014
2026-09-03,Munnar,orographic,3.3,3.6,5.8,4.2,4.2,6.46,0.1904,0.0096,0.0012
2026-09-03,Madikeri,orographic,7.3,0.8,1.9,0.9,0.9,3.97,0.098,0.0031,0.0003
2026-09-03,Ooty,orographic,2.4,3.1,5.1,3.6,3.6,4.93,0.1762,0.0083,0.001
2026-09-03,Lonavala,orographic,12.1,7.1,10.1,9.0,9.0,11.9,0.2726,0.019,0.0027
2026-09-03,Wayanad,orographic,4.6,0.0,0.0,0.0,0.0,1.38,0.0627,0.0015,0.0001
2026-09-03,Shimla,orographic,6.5,9.0,12.2,11.5,11.5,5.74,0.3083,0.0244,0.0036
2026-09-03,Dehradun,orographic,5.5,18.7,22.6,24.91,24.91,8.05,0.4378,0.0543,0.0097
2026-09-03,Srinagar,orographic,0.0,2.2,3.9,2.5,2.5,3.23,0.1485,0.0062,0.0007
2026-09-03,Gangtok,orographic,6.1,2.7,4.6,3.1,3.1,4.09,0.1643,0.0073,0.0008
2026-09-03,Guwahati,orographic,6.8,34.6,40.4,52.23,52.23,9.95,0.559,0.1061,0.0229
2026-09-03,Cherrapunji,orographic,33.3,93.8,92.7,106.04,106.04,16.03,0.7396,0.2827,0.0901
2026-09-03,Imphal,orographic,2.9,9.3,12.5,11.8,11.8,6.18,0.3135,0.0253,0.0038
2026-09-03,Agartala,orographic,11.6,16.6,20.3,22.2,22.2,6.89,0.4151,0.0477,0.0083
2026-09-03,Lucknow,normal,11.1,10.3,13.6,13.1,13.1,7.65,0.2665,0.0064,0.0007
2026-09-03,Patna,normal,10.2,11.7,15.2,14.92,14.92,8.33,0.2857,0.0074,0.0008
2026-09-03,Varanasi,normal,8.9,0.2,0.8,0.8,0.8,3.06,0.0542,0.0004,0.0
2026-09-03,Delhi,normal,3.5,2.2,3.9,4.2,4.2,3.43,0.1139,0.0014,0.0001
2026-09-03,Kanpur,normal,21.6,6.5,9.3,9.0,9.0,6.45,0.2059,0.0039,0.0004
2026-09-03,Ranchi,normal,1.8,1.4,2.8,2.9,2.9,3.77,0.0921,0.001,0.0001
2026-09-03,Jodhpur,normal,0.0,0.0,0.0,0.0,0.0,0.24,0.047,0.0003,0.0
2026-09-03,Bikaner,normal,0.0,0.0,0.0,0.0,0.0,0.24,0.047,0.0003,0.0
2026-09-03,Jaisalmer,normal,0.0,0.0,0.0,0.0,0.0,0.24,0.047,0.0003,0.0
2026-09-03,Hyderabad,normal,0.4,0.3,1.0,1.0,1.0,1.76,0.0577,0.0005,0.0
2026-09-03,Bengaluru,normal,3.6,0.1,0.6,0.6,0.6,3.17,0.0507,0.0004,0.0
2026-09-03,Pune,normal,1.2,0.0,0.0,0.0,0.0,1.28,0.047,0.0003,0.0
2026-09-03,Kurnool,normal,1.2,0.3,1.0,1.0,1.0,1.76,0.0577,0.0005,0.0
2026-09-03,Madurai,normal,1.4,0.3,1.0,1.0,1.0,2.57,0.0577,0.0005,0.0
2026-09-04,Nagpur,normal,4.4,0.0,0.0,0.0,0.0,1.87,0.047,0.0003,0.0
2026-09-04,Bhopal,depression,24.6,42.3,50.5,30.1,46.01,12.62,0.7514,0.0833,0.0095
2026-09-04,Raipur,normal,2.0,0.5,1.4,1.4,1.4,2.81,0.0645,0.0005,0.0
2026-09-04,Jabalpur,normal,4.2,17.7,21.5,20.9,20.9,10.12,0.3549,0.0119,0.0015
2026-09-04,Akola,normal,2.5,1.0,2.2,2.3,2.3,3.24,0.0803,0.0008,0.0001
2026-09-04,Amravati,normal,9.4,0.0,0.0,0.0,0.0,0.96,0.047,0.0003,0.0
2026-09-04,Aurangabad,normal,1.2,3.5,5.6,5.8,5.8,4.28,0.1455,0.0021,0.0002
2026-09-04,Bhubaneswar,normal,4.4,0.3,1.0,1.0,1.0,2.7,0.0577,0.0005,0.0
2026-09-04,Mumbai,coastal,9.1,9.0,12.2,14.7,14.7,9.76,0.3583,0.0144,0.0006
2026-09-04,Thiruvananthapuram,coastal,1.1,0.0,0.0,0.0,0.0,1.47,0.0774,0.0009,0.0
2026-09-04,Kochi,coastal,0.3,0.0,0.0,0.0,0.0,1.62,0.0774,0.0009,0.0
2026-09-04,Mangaluru,coastal,4.2,0.2,0.8,1.7,1.7,2.35,0.0888,0.0011,0.0
2026-09-04,Panaji,coastal,7.1,20.6,24.4,27.16,27.16,11.78,0.5128,0.0363,0.002
2026-09-04,Chennai,coastal,2.4,0.7,1.7,2.9,2.9,3.2,0.1149,0.0017,0.0
2026-09-04,Visakhapatnam,coastal,3.1,0.7,1.7,2.9,2.9,2.86,0.1149,0.0017,0.0
2026-09-04,Puri,coastal,2.3,0.7,1.8,3.0,3.0,3.23,0.1149,0.0017,0.0
2026-09-04,Kolkata,coastal,12.1,1.3,2.7,4.21,4.21,4.29,0.1427,0.0024,0.0001
2026-09-04,Surat,coastal,3.0,4.6,7.1,9.9,9.9,5.63,0.2573,0.0071,0.0003
2026-09-04,Mahabaleshwar,orographic,15.8,4.0,6.3,4.76,4.76,6.89,0.2012,0.0106,0.0013
2026-09-04,Munnar,orographic,2.7,3.7,5.9,4.3,4.3,6.5,0.1931,0.0098,0.0012
2026-09-04,Madikeri,orographic,3.8,1.7,3.2,1.8,1.8,4.26,0.1317,0.005,0.0005
2026-09-04,Ooty,orographic,6.4,1.4,2.8,1.5,1.5,4.4,0.121,0.0043,0.0004
2026-09-04,Lonavala,orographic,13.3,4.2,6.6,5.0,5.0,7.35,0.2064,0.0111,0.0014
2026-09-04,Wayanad,orographic,2.0,0.0,0.0,0.0,0.0,1.31,0.0627,0.0015,0.0001
2026-09-04,Shimla,orographic,12.7,8.1,11.2,10.4,10.4,4.98,0.292,0.0218,0.0031
2026-09-04,Dehradun,orographic,7.6,18.5,22.3,24.8,24.8,6.67,0.4358,0.0537,0.0096
2026-09-04,Srinagar,orographic,2.4,3.1,5.1,3.6,3.6,2.37,0.1762,0.0083,0.001
2026-09-04,Gangtok,orographic,4.1,11.0,14.5,14.2,14.2,5.01,0.3412,0.0303,0.0047
2026-09-04,Guwahati,orographic,12.2,17.5,21.3,23.4,23.4,5.9,0.4251,0.0505,0.0089
2026-09-04,Cherrapunji,orographic,14.6,14.3,18.0,18.7,18.7,6.37,0.3874,0.0405,0.0067
2026-09-04,Imphal,orographic,5.9,3.4,5.5,4.0,4.0,3.99,0.1848,0.0091,0.0011
2026-09-04,Agartala,orographic,6.9,6.6,9.5,8.4,8.4,4.61,0.2623,0.0176,0.0024
2026-09-04,Lucknow,normal,7.6,2.3,4.0,4.3,4.3,4.22,0.1165,0.0014,0.0001
2026-09-04,Patna,normal,6.6,5.0,7.6,7.7,7.7,4.97,0.1775,0.003,0.0003
2026-09-04,Varanasi,normal,2.3,0.0,0.0,0.0,0.0,0.82,0.047,0.0003,0.0
2026-09-04,Delhi,normal,13.3,3.2,5.3,5.3,5.3,3.84,0.1386,0.0019,0.0002
2026-09-04,Kanpur,normal,9.1,7.5,10.5,10.32,10.32,5.45,0.2233,0.0046,0.0005
2026-09-04,Ranchi,normal,4.3,0.0,0.0,0.0,0.0,0.94,0.047,0.0003,0.0
2026-09-04,Jodhpur,normal,0.0,0.0,0.0,0.0,0.0,0.14,0.047,0.0003,0.0
2026-09-04,Bikaner,normal,0.0,0.0,0.0,0.0,0.0,0.14,0.047,0.0003,0.0
2026-09-04,Jaisalmer,normal,0.0,0.0,0.0,0.0,0.0,0.14,0.047,0.0003,0.0
2026-09-04,Hyderabad,normal,0.0,0.2,0.8,0.8,0.8,2.11,0.0542,0.0004,0.0
2026-09-04,Bengaluru,normal,3.5,0.0,0.0,0.0,0.0,1.02,0.047,0.0003,0.0
2026-09-04,Pune,normal,3.7,0.0,0.0,0.0,0.0,0.71,0.047,0.0003,0.0
2026-09-04,Kurnool,normal,0.8,0.0,0.0,0.0,0.0,1.2,0.047,0.0003,0.0
2026-09-04,Madurai,normal,1.4,4.3,6.7,6.9,6.9,3.75,0.1631,0.0026,0.0002
2026-09-05,Nagpur,break,3.4,1.8,3.4,4.5,3.5,2.77,0.1145,0.0015,0.0
2026-09-05,Bhopal,break,3.6,1.7,3.2,4.3,3.4,4.21,0.1115,0.0015,0.0
2026-09-05,Raipur,break,2.4,0.7,1.7,2.3,1.7,2.17,0.079,0.0008,0.0
2026-09-05,Jabalpur,break,4.9,1.9,3.5,4.54,3.7,4.03,0.1174,0.0016,0.0
2026-09-05,Akola,break,0.8,0.2,0.8,1.0,0.8,2.14,0.0605,0.0005,0.0
2026-09-05,Amravati,break,3.9,1.6,3.1,4.2,3.2,2.65,0.1084,0.0014,0.0
2026-09-05,Aurangabad,break,2.4,0.6,1.6,2.01,1.6,2.47,0.0754,0.0008,0.0
2026-09-05,Bhubaneswar,break,2.6,0.1,0.6,0.7,0.6,1.89,0.0565,0.0005,0.0
2026-09-05,Mumbai,coastal,16.1,7.6,10.6,13.1,13.1,8.85,0.3303,0.012,0.0005
2026-09-05,Thiruvananthapuram,coastal,1.7,0.0,0.0,0.0,0.0,1.45,0.0774,0.0009,0.0
2026-09-05,Kochi,coastal,0.8,0.1,0.6,1.3,1.3,2.4,0.0832,0.001,0.0
2026-09-05,Mangaluru,coastal,0.3,0.0,0.0,0.0,0.0,1.49,0.0774,0.0009,0.0
2026-09-05,Panaji,coastal,1.5,0.5,1.4,2.5,2.5,3.63,0.1048,0.0014,0.0
2026-09-05,Chennai,coastal,3.6,0.0,0.0,0.0,0.0,1.57,0.0774,0.0009,0.0
2026-09-05,Visakhapatnam,coastal,1.9,0.0,0.0,0.0,0.0,1.57,0.0774,0.0009,0.0
2026-09-05,Puri,coastal,1.7,0.3,1.0,2.0,2.0,2.58,0.0943,0.0012,0.0
2026-09-05,Kolkata,coastal,10.9,2.1,3.8,5.9,5.9,4.32,0.1755,0.0035,0.0001
2026-09-05,Surat,coastal,2.5,0.8,1.9,3.1,3.1,3.64,0.1198,0.0018,0.0001
2026-09-05,Mahabaleshwar,orographic,13.4,3.0,5.0,3.5,3.5,4.89,0.1733,0.0081,0.0009
2026-09-05,Munnar,orographic,3.8,5.2,7.9,6.4,6.4,8.66,0.2312,0.0137,0.0018
2026-09-05,Madikeri,orographic,1.3,0.0,0.0,0.0,0.0,1.72,0.0627,0.0015,0.0001
2026-09-05,Ooty,orographic,7.7,0.3,1.0,0.3,0.3,2.54,0.0767,0.002,0.0002
2026-09-05,Lonavala,orographic,14.1,7.3,10.3,9.3,9.3,8.67,0.2766,0.0195,0.0028
2026-09-05,Wayanad,orographic,2.2,2.0,3.6,2.3,2.3,3.67,0.1419,0.0057,0.0006
2026-09-05,Shimla,orographic,3.8,2.8,4.7,3.2,3.2,3.11,0.1673,0.0076,0.0009
2026-09-05,Dehradun,orographic,3.4,17.4,21.2,23.3,23.3,7.05,0.4241,0.0502,0.0088
2026-09-05,Srinagar,orographic,3.3,5.0,7.6,6.1,6.1,3.56,0.2264,0.0132,0.0017
2026-09-05,Gangtok,orographic,15.3,3.8,6.0,4.5,4.5,3.72,0.1958,0.0101,0.0012
2026-09-05,Guwahati,orographic,4.5,11.6,15.1,15.0,15.0,6.12,0.3503,0.0322,0.0051
2026-09-05,Cherrapunji,orographic,4.6,3.2,5.3,3.7,3.7,3.88,0.1791,0.0086,0.001
2026-09-05,Imphal,orographic,12.5,17.4,21.3,23.4,23.4,5.07,0.4241,0.0502,0.0088
2026-09-05,Agartala,orographic,6.7,2.8,4.7,3.2,3.2,3.64,0.1673,0.0076,0.0009
2026-09-05,Lucknow,break,2.9,2.2,3.9,5.3,4.2,3.67,0.1261,0.0018,0.0001
2026-09-05,Patna,break,2.3,18.7,22.6,25.41,22.1,8.2,0.3919,0.0164,0.0008
2026-09-05,Varanasi,break,2.9,0.1,0.6,0.7,0.6,1.25,0.0565,0.0005,0.0
2026-09-05,Delhi,break,23.5,4.9,7.5,9.03,7.6,4.95,0.1928,0.0038,0.0001
2026-09-05,Kanpur,break,1.0,5.2,7.9,9.33,7.9,6.21,0.1992,0.004,0.0001
2026-09-05,Ranchi,break,1.1,1.5,3.0,4.05,3.1,2.57,0.1054,0.0013,0.0
2026-09-05,Jodhpur,break,0.0,0.0,0.0,0.0,0.0,0.43,0.0525,0.0004,0.0
2026-09-05,Bikaner,break,14.6,0.1,0.6,0.7,0.6,0.95,0.0565,0.0005,0.0
2026-09-05,Jaisalmer,break,0.0,0.0,0.0,0.0,0.0,0.43,0.0525,0.0004,0.0
2026-09-05,Hyderabad,break,2.2,0.0,0.0,0.0,0.0,0.95,0.0525,0.0004,0.0
2026-09-05,Bengaluru,break,0.0,0.2,0.8,1.0,0.8,1.45,0.0605,0.0005,0.0
2026-09-05,Pune,break,1.4,1.6,3.1,4.2,3.2,2.62,0.1084,0.0014,0.0
2026-09-05,Kurnool,break,0.7,0.1,0.6,0.7,0.6,1.45,0.0565,0.0005,0.0
2026-09-05,Madurai,break,3.3,7.7,10.7,12.1,10.5,5.19,0.2474,0.0061,0.0002
2026-09-06,Nagpur,normal,0.8,10.5,13.9,13.3,15.3,5.98,0.2694,0.0066,0.0007
2026-09-06,Bhopal,normal,2.3,9.5,12.7,12.6,14.1,5.75,0.2549,0.0059,0.0006
2026-09-06,Raipur,normal,1.0,4.4,6.9,7.0,8.46,3.33,0.1652,0.0026,0.0002
2026-09-06,Jabalpur,normal,1.8,1.6,3.1,3.2,4.2,2.79,0.0978,0.0011,0.0001
2026-09-06,Akola,normal,0.9,0.0,0.0,0.0,0.0,0.85,0.047,0.0003,0.0
2026-09-06,Amravati,normal,0.7,4.1,6.4,6.6,8.08,3.63,0.1588,0.0024,0.0002
2026-09-06,Aurangabad,normal,0.4,0.0,0.0,0.0,0.0,0.91,0.047,0.0003,0.0
2026-09-06,Bhubaneswar,normal,9.3,0.2,0.8,0.8,1.0,1.63,0.0542,0.0004,0.0
2026-09-06,Mumbai,coastal,5.7,5.7,8.5,10.9,10.9,7.54,0.2865,0.0089,0.0004
2026-09-06,Thiruvananthapuram,coastal,0.6,0.0,0.0,0.0,0.0,1.19,0.0774,0.0009,0.0
2026-09-06,Kochi,coastal,2.0,0.6,1.6,2.72,2.72,2.34,0.1099,0.0015,0.0
2026-09-06,Mangaluru,coastal,0.1,0.0,0.0,0.0,0.0,1.19,0.0774,0.0009,0.0
2026-09-06,Panaji,coastal,2.0,0.1,0.6,1.3,1.3,2.15,0.0832,0.001,0.0
2026-09-06,Chennai,coastal,2.0,0.8,1.9,3.1,3.1,2.38,0.1198,0.0018,0.0001
2026-09-06,Visakhapatnam,coastal,2.4,0.1,0.6,1.3,1.3,2.03,0.0832,0.001,0.0
2026-09-06,Puri,coastal,7.1,0.0,0.0,0.0,0.0,1.28,0.0774,0.0009,0.0
2026-09-06,Kolkata,coastal,5.3,0.5,1.4,2.5,2.5,2.44,0.1048,0.0014,0.0
2026-09-06,Surat,coastal,0.3,0.4,1.2,2.27,2.27,2.28,0.0996,0.0013,0.0
2026-09-06,Mahabaleshwar,orographic,9.3,2.1,3.8,2.4,2.4,4.15,0.1452,0.0059,0.0006
2026-09-06,Munnar,orographic,2.2,12.5,15.9,16.1,16.1,10.95,0.3633,0.0349,0.0056
2026-09-06,Madikeri,orographic,1.0,0.5,1.4,0.5,0.5,1.9,0.0855,0.0024,0.0002
2026-09-06,Ooty,orographic,4.9,9.8,13.0,12.6,12.6,7.6,0.322,0.0268,0.004
2026-09-06,Lonavala,orographic,8.1,5.1,7.8,6.3,6.3,8.55,0.2288,0.0135,0.0018
2026-09-06,Wayanad,orographic,2.0,0.0,0.0,0.0,0.0,1.45,0.0627,0.0015,0.0001
2026-09-06,Shimla,orographic,3.0,0.5,1.4,0.5,0.5,1.16,0.0855,0.0024,0.0002
2026-09-06,Dehradun,orographic,4.3,2.3,4.0,2.7,2.7,2.94,0.1517,0.0064,0.0007
2026-09-06,Srinagar,orographic,0.0,1.1,2.4,1.2,1.2,2.03,0.1098,0.0037,0.0004
2026-09-06,Gangtok,orographic,16.0,17.7,21.5,23.7,23.7,5.11,0.4273,0.0512,0.009
2026-09-06,Guwahati,orographic,14.4,30.4,35.7,46.1,46.1,6.06,0.5334,0.0924,0.0191
2026-09-06,Cherrapunji,orographic,3.6,8.3,11.5,10.5,10.5,3.38,0.2957,0.0224,0.0033
2026-09-06,Imphal,orographic,2.6,0.5,1.4,0.5,0.5,2.24,0.0855,0.0024,0.0002
2026-09-06,Agartala,orographic,13.8,10.3,13.6,13.48,13.48,3.79,0.3301,0.0283,0.0043
2026-09-06,Lucknow,normal,10.5,0.6,1.6,1.6,2.01,1.74,0.0677,0.0006,0.0
2026-09-06,Patna,normal,13.8,4.1,6.4,6.6,8.08,4.23,0.1588,0.0024,0.0002
2026-09-06,Varanasi,normal,1.8,0.3,1.0,1.0,1.1,1.33,0.0577,0.0005,0.0
2026-09-06,Delhi,normal,18.1,0.0,0.0,0.0,0.0,1.2,0.047,0.0003,0.0
2026-09-06,Kanpur,normal,22.5,9.2,12.4,12.2,13.9,6.17,0.2504,0.0057,0.0006
2026-09-06,Ranchi,normal,1.6,1.4,2.8,2.9,3.85,2.07,0.0921,0.001,0.0001
2026-09-06,Jodhpur,normal,0.0,0.0,0.0,0.0,0.0,0.2,0.047,0.0003,0.0
2026-09-06,Bikaner,normal,0.0,0.1,0.6,0.6,0.7,0.85,0.0507,0.0004,0.0
2026-09-06,Jaisalmer,normal,0.0,0.0,0.0,0.0,0.0,0.2,0.047,0.0003,0.0
2026-09-06,Hyderabad,normal,5.3,0.3,1.0,1.0,1.1,1.18,0.0577,0.0005,0.0
2026-09-06,Bengaluru,normal,1.1,0.1,0.6,0.6,0.7,1.59,0.0507,0.0004,0.0
2026-09-06,Pune,normal,5.4,0.1,0.6,0.6,0.7,1.89,0.0507,0.0004,0.0
2026-09-06,Kurnool,normal,0.5,0.0,0.0,0.0,0.0,0.7,0.047,0.0003,0.0
2026-09-06,Madurai,normal,19.5,43.2,51.3,47.62,40.84,9.48,0.5276,0.0333,0.0052
2026-09-07,Nagpur,normal,0.7,5.4,8.1,8.1,9.55,5.2,0.1854,0.0032,0.0003
2026-09-07,Bhopal,normal,1.3,0.4,1.2,1.2,1.36,2.28,0.0611,0.0005,0.0
2026-09-07,Raipur,normal,0.4,4.9,7.5,7.6,9.03,4.71,0.1755,0.0029,0.0003
2026-09-07,Jabalpur,normal,6.2,10.6,14.0,13.42,15.35,5.56,0.2708,0.0066,0.0007
2026-09-07,Akola,normal,0.2,0.1,0.6,0.6,0.7,1.17,0.0507,0.0004,0.0
2026-09-07,Amravati,normal,0.4,3.5,5.6,5.8,7.4,3.63,0.1455,0.0021,0.0002
2026-09-07,Aurangabad,normal,1.0,0.0,0.0,0.0,0.0,0.52,0.047,0.0003,0.0
2026-09-07,Bhubaneswar,normal,1.8,0.0,0.0,0.0,0.0,0.74,0.047,0.0003,0.0
2026-09-07,Mumbai,coastal,7.3,6.1,8.8,11.2,11.2,7.16,0.2964,0.0095,0.0004
2026-09-07,Thiruvananthapuram,coastal,1.4,0.0,0.0,0.0,0.0,1.08,0.0774,0.0009,0.0
2026-09-07,Kochi,coastal,0.7,1.3,2.7,4.21,4.21,2.5,0.1427,0.0024,0.0001
2026-09-07,Mangaluru,coastal,0.4,0.0,0.0,0.0,0.0,1.08,0.0774,0.0009,0.0
2026-09-07,Panaji,coastal,3.0,0.0,0.0,0.0,0.0,1.09,0.0774,0.0009,0.0
2026-09-07,Chennai,coastal,0.6,1.9,3.5,5.5,5.5,3.13,0.1677,0.0032,0.0001
2026-09-07,Visakhapatnam,coastal,0.5,0.0,0.0,0.0,0.0,1.09,0.0774,0.0009,0.0
2026-09-07,Puri,coastal,3.9,0.0,0.0,0.0,0.0,1.08,0.0774,0.0009,0.0
2026-09-07,Kolkata,coastal,6.3,11.3,14.8,17.0,17.0,6.75,0.3984,0.0185,0.0009
2026-09-07,Surat,coastal,0.5,0.6,1.6,2.72,2.72,2.17,0.1099,0.0015,0.0
2026-09-07,Mahabaleshwar,orographic,11.0,2.1,3.8,2.4,2.4,3.54,0.1452,0.0059,0.0006
2026-09-07,Munnar,orographic,0.1,1.6,3.1,1.7,1.7,3.98,0.1282,0.0048,0.0005
2026-09-07,Madikeri,orographic,1.9,0.3,1.0,0.3,0.3,1.94,0.0767,0.002,0.0002
2026-09-07,Ooty,orographic,0.0,0.6,1.6,0.7,0.7,2.78,0.0897,0.0026,0.0002
2026-09-07,Lonavala,orographic,9.4,3.6,5.8,4.2,4.2,5.21,0.1904,0.0096,0.0012
2026-09-07,Wayanad,orographic,0.6,0.0,0.0,0.0,0.0,0.86,0.0627,0.0015,0.0001
2026-09-07,Shimla,orographic,4.2,0.0,0.0,0.0,0.0,0.27,0.0627,0.0015,0.0001
2026-09-07,Dehradun,orographic,44.3,0.0,0.0,0.0,0.0,0.44,0.0627,0.0015,0.0001
2026-09-07,Srinagar,orographic,0.0,0.9,2.0,1.0,1.0,1.06,0.102,0.0033,0.0003
2026-09-07,Gangtok,orographic,8.5,9.7,12.9,12.3,12.3,5.28,0.3203,0.0265,0.004
2026-09-07,Guwahati,orographic,1.5,36.0,42.7,56.35,56.35,8.82,0.5668,0.1107,0.0242
2026-09-07,Cherrapunji,orographic,3.2,98.8,94.2,106.04,106.04,11.14,0.7476,0.2957,0.0965
2026-09-07,Imphal,orographic,0.7,0.4,1.2,0.4,0.4,1.1,0.0811,0.0022,0.0002
2026-09-07,Agartala,orographic,6.5,16.5,20.1,21.9,21.9,4.75,0.414,0.0473,0.0082
2026-09-07,Lucknow,normal,10.6,11.5,15.0,14.62,15.83,4.81,0.2831,0.0073,0.0008
2026-09-07,Patna,normal,5.3,19.3,23.2,22.5,25.61,5.86,0.3705,0.0131,0.0017
2026-09-07,Varanasi,normal,4.3,3.2,5.3,5.3,7.1,2.59,0.1386,0.0019,0.0002
2026-09-07,Delhi,normal,0.9,0.0,0.0,0.0,0.0,0.3,0.047,0.0003,0.0
2026-09-07,Kanpur,normal,3.5,13.8,17.4,16.81,19.7,6.08,0.3121,0.0089,0.0011
2026-09-07,Ranchi,normal,14.2,6.7,9.6,9.3,11.15,3.8,0.2095,0.004,0.0004
2026-09-07,Jodhpur,normal,0.0,0.0,0.0,0.0,0.0,0.15,0.047,0.0003,0.0
2026-09-07,Bikaner,normal,0.0,0.0,0.0,0.0,0.0,0.26,0.047,0.0003,0.0
2026-09-07,Jaisalmer,normal,0.0,0.0,0.0,0.0,0.0,0.15,0.047,0.0003,0.0
2026-09-07,Hyderabad,normal,11.7,0.3,1.0,1.0,1.1,1.53,0.0577,0.0005,0.0
2026-09-07,Bengaluru,normal,0.0,0.0,0.0,0.0,0.0,0.6,0.047,0.0003,0.0
2026-09-07,Pune,normal,2.0,0.3,1.0,1.0,1.1,1.41,0.0577,0.0005,0.0
2026-09-07,Kurnool,normal,2.8,3.4,5.6,5.7,7.33,2.37,0.1432,0.002,0.0002
2026-09-07,Madurai,normal,0.5,0.0,0.0,0.0,0.0,1.64,0.047,0.0003,0.0
2026-09-08,Nagpur,normal,1.3,7.1,10.1,9.9,11.62,4.63,0.2165,0.0043,0.0004
2026-09-08,Bhopal,normal,2.5,1.7,3.2,3.3,4.3,1.86,0.1006,0.0011,0.0001
2026-09-08,Raipur,normal,3.1,6.0,8.8,8.7,10.3,4.66,0.1968,0.0036,0.0004
2026-09-08,Jabalpur,normal,4.6,0.1,0.6,0.6,0.7,1.9,0.0507,0.0004,0.0
2026-09-08,Akola,normal,1.3,0.1,0.6,0.6,0.7,1.22,0.0507,0.0004,0.0
2026-09-08,Amravati,normal,0.9,0.5,1.4,1.4,1.6,1.73,0.0645,0.0005,0.0
2026-09-08,Aurangabad,normal,1.8,0.0,0.0,0.0,0.0,0.37,0.047,0.0003,0.0
2026-09-08,Bhubaneswar,normal,2.1,1.2,2.5,2.7,3.5,1.62,0.0863,0.0009,0.0001
2026-09-08,Mumbai,coastal,6.9,3.3,5.5,8.2,8.2,4.28,0.218,0.0052,0.0002
2026-09-08,Thiruvananthapuram,coastal,0.6,0.0,0.0,0.0,0.0,0.87,0.0774,0.0009,0.0
2026-09-08,Kochi,coastal,1.2,1.7,3.2,5.1,5.1,2.71,0.1597,0.0029,0.0001
2026-09-08,Mangaluru,coastal,2.4,0.2,0.8,1.7,1.7,1.59,0.0888,0.0011,0.0
2026-09-08,Panaji,coastal,6.8,0.1,0.6,1.3,1.3,1.59,0.0832,0.001,0.0
2026-09-08,Chennai,coastal,4.6,0.0,0.0,0.0,0.0,1.11,0.0774,0.0009,0.0
2026-09-08,Visakhapatnam,coastal,3.2,0.0,0.0,0.0,0.0,0.87,0.0774,0.0009,0.0
2026-09-08,Puri,coastal,2.8,0.0,0.0,0.0,0.0,0.87,0.0774,0.0009,0.0
2026-09-08,Kolkata,coastal,2.5,17.0,20.8,23.2,23.2,8.67,0.4753,0.0292,0.0015
2026-09-08,Surat,coastal,0.2,0.1,0.6,1.3,1.3,1.66,0.0832,0.001,0.0
2026-09-08,Mahabaleshwar,orographic,9.5,1.6,3.1,1.7,1.7,2.59,0.1282,0.0048,0.0005
2026-09-08,Munnar,orographic,0.1,2.1,3.8,2.4,2.4,2.95,0.1452,0.0059,0.0006
2026-09-08,Madikeri,orographic,4.6,0.5,1.4,0.5,0.5,1.76,0.0855,0.0024,0.0002
2026-09-08,Ooty,orographic,0.0,0.4,1.2,0.4,0.4,1.65,0.0811,0.0022,0.0002
2026-09-08,Lonavala,orographic,10.5,4.4,6.9,5.3,5.3,4.34,0.2116,0.0116,0.0015
2026-09-08,Wayanad,orographic,1.0,0.0,0.0,0.0,0.0,0.67,0.0627,0.0015,0.0001
2026-09-08,Shimla,orographic,1.5,0.0,0.0,0.0,0.0,0.0,0.0627,0.0015,0.0001
2026-09-08,Dehradun,orographic,1.3,0.8,1.9,0.9,0.9,0.58,0.098,0.0031,0.0003
2026-09-08,Srinagar,orographic,0.0,0.0,0.0,0.0,0.0,0.2,0.0627,0.0015,0.0001
2026-09-08,Gangtok,orographic,5.3,14.6,18.3,19.0,19.0,4.77,0.3912,0.0414,0.0069
2026-09-08,Guwahati,orographic,4.8,16.3,19.72,21.42,21.42,4.98,0.4117,0.0467,0.0081
2026-09-08,Cherrapunji,orographic,4.7,45.6,55.25,72.61,72.61,12.05,0.6128,0.1417,0.0337
2026-09-08,Imphal,orographic,9.7,5.4,8.1,6.7,6.7,1.91,0.2358,0.0143,0.0019
2026-09-08,Agartala,orographic,9.6,11.7,15.2,15.1,15.1,4.12,0.3517,0.0325,0.0051
2026-09-08,Lucknow,normal,2.9,2.1,3.8,4.0,4.9,3.02,0.1113,0.0013,0.0001
2026-09-08,Patna,normal,15.4,14.1,17.7,17.3,20.11,5.56,0.3157,0.0092,0.0011
2026-09-08,Varanasi,normal,7.1,12.1,15.5,15.12,16.54,4.88,0.291,0.0077,0.0009
2026-09-08,Delhi,normal,1.3,0.0,0.0,0.0,0.0,0.17,0.047,0.0003,0.0
2026-09-08,Kanpur,normal,2.0,2.3,4.0,4.3,5.5,2.99,0.1165,0.0014,0.0001
2026-09-08,Ranchi,normal,4.3,2.1,3.8,4.0,4.9,2.87,0.1113,0.0013,0.0001
2026-09-08,Jodhpur,normal,0.0,0.0,0.0,0.0,0.0,0.0,0.047,0.0003,0.0
2026-09-08,Bikaner,normal,0.0,0.0,0.0,0.0,0.0,0.0,0.047,0.0003,0.0
2026-09-08,Jaisalmer,normal,0.0,0.0,0.0,0.0,0.0,0.0,0.047,0.0003,0.0
2026-09-08,Hyderabad,normal,0.3,0.0,0.0,0.0,0.0,0.54,0.047,0.0003,0.0
2026-09-08,Bengaluru,normal,1.6,0.0,0.0,0.0,0.0,0.26,0.047,0.0003,0.0
2026-09-08,Pune,normal,1.9,0.3,1.0,1.0,1.1,1.27,0.0577,0.0005,0.0
2026-09-08,Kurnool,normal,7.4,0.0,0.0,0.0,0.0,0.91,0.047,0.0003,0.0
2026-09-08,Madurai,normal,0.0,0.0,0.0,0.0,0.0,0.26,0.047,0.0003,0.0
2026-09-09,Nagpur,normal,0.6,6.3,9.1,8.9,8.9,5.68,0.2023,0.0038,0.0004
2026-09-09,Bhopal,normal,0.9,0.0,0.0,0.0,0.0,1.22,0.047,0.0003,0.0
2026-09-09,Raipur,normal,0.6,17.5,21.3,20.8,20.8,7.52,0.3529,0.0117,0.0015
2026-09-09,Jabalpur,normal,2.5,2.0,3.6,3.8,3.8,2.42,0.1087,0.0013,0.0001
2026-09-09,Akola,normal,0.5,2.5,4.3,4.6,4.6,2.66,0.1216,0.0015,0.0001
2026-09-09,Amravati,normal,0.1,2.8,4.8,5.0,5.0,2.74,0.129,0.0017,0.0001
2026-09-09,Aurangabad,normal,1.3,0.0,0.0,0.0,0.0,0.6,0.047,0.0003,0.0
2026-09-09,Bhubaneswar,normal,15.7,1.6,3.1,3.2,3.2,2.62,0.0978,0.0011,0.0001
2026-09-09,Mumbai,coastal,4.0,1.9,3.5,5.5,5.5,3.78,0.1677,0.0032,0.0001
2026-09-09,Thiruvananthapuram,coastal,0.8,0.0,0.0,0.0,0.0,1.19,0.0774,0.0009,0.0
2026-09-09,Kochi,coastal,1.3,2.1,3.8,5.9,5.9,3.76,0.1755,0.0035,0.0001
2026-09-09,Mangaluru,coastal,2.2,1.2,2.5,4.1,4.1,2.72,0.1383,0.0023,0.0001
2026-09-09,Panaji,coastal,1.2,2.1,3.8,5.9,5.9,3.61,0.1755,0.0035,0.0001
2026-09-09,Chennai,coastal,0.6,0.1,0.6,1.3,1.3,2.03,0.0832,0.001,0.0
2026-09-09,Visakhapatnam,coastal,2.9,0.1,0.6,1.3,1.3,2.03,0.0832,0.001,0.0
2026-09-09,Puri,coastal,9.8,0.1,0.6,1.3,1.3,2.03,0.0832,0.001,0.0
2026-09-09,Kolkata,coastal,29.8,10.4,13.8,16.1,16.1,9.34,0.3835,0.0169,0.0008
2026-09-09,Surat,coastal,2.3,0.4,1.1,2.1,2.1,2.22,0.0996,0.0013,0.0
2026-09-09,Mahabaleshwar,orographic,3.3,0.9,2.0,1.0,1.0,2.74,0.102,0.0033,0.0003
2026-09-09,Munnar,orographic,1.4,2.4,4.2,2.8,2.8,3.82,0.1549,0.0066,0.0007
2026-09-09,Madikeri,orographic,3.3,0.7,1.8,0.8,0.8,2.26,0.0939,0.0028,0.0003
2026-09-09,Ooty,orographic,3.3,0.5,1.4,0.5,0.5,2.27,0.0855,0.0024,0.0002
2026-09-09,Lonavala,orographic,6.3,3.7,5.9,4.3,4.3,5.48,0.1931,0.0098,0.0012
2026-09-09,Wayanad,orographic,2.2,0.4,1.2,0.4,0.4,1.79,0.0811,0.0022,0.0002
2026-09-09,Shimla,orographic,2.2,0.0,0.0,0.0,0.0,0.2,0.0627,0.0015,0.0001
2026-09-09,Dehradun,orographic,1.0,0.0,0.0,0.0,0.0,0.42,0.0627,0.0015,0.0001
2026-09-09,Srinagar,orographic,0.0,0.0,0.0,0.0,0.0,0.2,0.0627,0.0015,0.0001
2026-09-09,Gangtok,orographic,5.1,7.3,10.3,9.3,9.3,4.69,0.2766,0.0195,0.0028
2026-09-09,Guwahati,orographic,2.3,6.3,9.1,8.0,8.0,4.36,0.2559,0.0167,0.0023
2026-09-09,Cherrapunji,orographic,3.5,12.2,15.6,15.7,15.7,5.62,0.359,0.034,0.0054
2026-09-09,Imphal,orographic,2.1,8.9,12.1,11.4,11.4,4.27,0.3065,0.0241,0.0036
2026-09-09,Agartala,orographic,8.1,0.3,1.0,0.3,0.3,2.12,0.0767,0.002,0.0002
2026-09-09,Lucknow,normal,3.6,0.1,0.6,0.6,0.6,1.47,0.0507,0.0004,0.0
2026-09-09,Patna,normal,3.4,19.4,23.3,22.5,22.5,6.87,0.3715,0.0132,0.0017
2026-09-09,Varanasi,normal,2.8,16.4,19.9,19.7,19.7,6.65,0.3414,0.0109,0.0013
2026-09-09,Delhi,normal,0.0,0.0,0.0,0.0,0.0,0.37,0.047,0.0003,0.0
2026-09-09,Kanpur,normal,3.6,0.0,0.0,0.0,0.0,0.91,0.047,0.0003,0.0
2026-09-09,Ranchi,normal,6.3,12.7,16.1,15.8,15.8,5.6,0.2986,0.0081,0.0009
2026-09-09,Jodhpur,normal,0.0,0.0,0.0,0.0,0.0,0.2,0.047,0.0003,0.0
2026-09-09,Bikaner,normal,0.0,0.0,0.0,0.0,0.0,0.2,0.047,0.0003,0.0
2026-09-09,Jaisalmer,normal,0.0,0.0,0.0,0.0,0.0,0.2,0.047,0.0003,0.0
2026-09-09,Hyderabad,normal,2.6,0.0,0.0,0.0,0.0,0.47,0.047,0.0003,0.0
2026-09-09,Bengaluru,normal,5.1,0.0,0.0,0.0,0.0,0.47,0.047,0.0003,0.0
2026-09-09,Pune,normal,1.9,0.4,1.2,1.2,1.2,1.71,0.0611,0.0005,0.0
2026-09-09,Kurnool,normal,0.7,0.8,1.8,1.9,1.9,1.54,0.0741,0.0007,0.0
2026-09-09,Madurai,normal,0.0,0.0,0.0,0.0,0.0,0.47,0.047,0.0003,0.0
2026-09-10,Nagpur,normal,0.4,1.0,2.2,2.3,2.3,3.2,0.0803,0.0008,0.0001
2026-09-10,Bhopal,normal,2.1,0.0,0.0,0.0,0.0,0.62,0.047,0.0003,0.0
2026-09-10,Raipur,normal,11.2,19.9,23.8,22.86,22.86,7.79,0.3761,0.0136,0.0017
2026-09-10,Jabalpur,normal,0.3,7.4,10.4,10.2,10.2,5.14,0.2216,0.0045,0.0005
2026-09-10,Akola,normal,0.1,0.0,0.0,0.0,0.0,1.45,0.047,0.0003,0.0
2026-09-10,Amravati,normal,0.5,0.7,1.7,1.7,1.7,2.37,0.071,0.0006,0.0
2026-09-10,Aurangabad,normal,0.6,0.0,0.0,0.0,0.0,0.62,0.047,0.0003,0.0
2026-09-10,Bhubaneswar,normal,33.5,16.4,19.9,19.7,2.4,6.78,0.3414,0.0109,0.0013
2026-09-10,Mumbai,coastal,2.8,0.9,2.0,3.4,3.4,3.04,0.1246,0.0019,0.0001
2026-09-10,Thiruvananthapuram,coastal,0.9,0.0,0.0,0.0,0.0,1.2,0.0774,0.0009,0.0
2026-09-10,Kochi,coastal,1.5,2.0,3.6,5.7,5.7,3.73,0.1717,0.0033,0.0001
2026-09-10,Mangaluru,coastal,0.4,0.6,1.6,2.72,2.72,2.5,0.1099,0.0015,0.0
2026-09-10,Panaji,coastal,0.7,0.1,0.6,1.3,1.3,2.37,0.0832,0.001,0.0
2026-09-10,Chennai,coastal,2.4,1.1,2.4,3.9,3.9,2.8,0.1338,0.0022,0.0001
2026-09-10,Visakhapatnam,coastal,25.6,0.4,1.2,2.27,2.27,2.31,0.0996,0.0013,0.0
2026-09-10,Puri,coastal,15.6,10.9,14.3,16.5,16.5,7.48,0.3919,0.0178,0.0008
2026-09-10,Kolkata,coastal,14.7,1.2,2.5,4.1,4.1,3.52,0.1383,0.0023,0.0001
2026-09-10,Surat,coastal,0.6,0.2,0.8,1.7,1.7,2.24,0.0888,0.0011,0.0
2026-09-10,Mahabaleshwar,orographic,2.7,0.0,0.0,0.0,0.0,1.35,0.0627,0.0015,0.0001
2026-09-10,Munnar,orographic,2.2,9.1,12.3,11.5,11.5,8.92,0.31,0.0247,0.0037
2026-09-10,Madikeri,orographic,1.1,1.6,3.1,1.7,1.7,3.07,0.1282,0.0048,0.0005
2026-09-10,Ooty,orographic,8.4,6.6,9.4,8.3,8.3,6.18,0.2623,0.0176,0.0024
2026-09-10,Lonavala,orographic,2.8,1.1,2.4,1.2,1.2,3.26,0.1098,0.0037,0.0004
2026-09-10,Wayanad,orographic,1.8,2.7,4.6,3.1,3.1,3.64,0.1643,0.0073,0.0008
2026-09-10,Shimla,orographic,4.4,0.0,0.0,0.0,0.0,0.17,0.0627,0.0015,0.0001
2026-09-10,Dehradun,orographic,1.5,0.1,0.6,0.1,0.1,0.56,0.0675,0.0017,0.0001
2026-09-10,Srinagar,orographic,0.0,0.0,0.0,0.0,0.0,0.17,0.0627,0.0015,0.0001
2026-09-10,Gangtok,orographic,15.9,13.7,17.3,17.92,17.92,5.94,0.3797,0.0386,0.0064
2026-09-10,Guwahati,orographic,1.8,8.9,12.1,11.4,11.4,4.39,0.3065,0.0241,0.0036
2026-09-10,Cherrapunji,orographic,5.8,10.3,13.6,13.48,13.48,4.76,0.3301,0.0283,0.0043
2026-09-10,Imphal,orographic,0.3,15.1,18.7,19.5,19.5,4.97,0.3975,0.0429,0.0073
2026-09-10,Agartala,orographic,7.3,0.0,0.0,0.0,0.0,0.65,0.0627,0.0015,0.0001
2026-09-10,Lucknow,normal,15.4,0.6,1.5,1.5,1.5,1.63,0.0677,0.0006,0.0
2026-09-10,Patna,normal,7.5,17.9,21.7,21.16,21.16,7.02,0.3569,0.012,0.0015
2026-09-10,Varanasi,normal,2.6,10.0,13.3,12.8,12.8,6.42,0.2622,0.0062,0.0007
2026-09-10,Delhi,normal,0.0,0.0,0.0,0.0,0.0,0.38,0.047,0.0003,0.0
2026-09-10,Kanpur,normal,7.7,0.0,0.0,0.0,0.0,0.38,0.047,0.0003,0.0
2026-09-10,Ranchi,normal,10.1,32.2,37.7,34.7,34.7,8.25,0.4688,0.0237,0.0034
2026-09-10,Jodhpur,normal,0.0,0.0,0.0,0.0,0.0,0.16,0.047,0.0003,0.0
2026-09-10,Bikaner,normal,0.0,0.0,0.0,0.0,0.0,0.16,0.047,0.0003,0.0
2026-09-10,Jaisalmer,normal,0.0,0.0,0.0,0.0,0.0,0.16,0.047,0.0003,0.0
2026-09-10,Hyderabad,normal,3.2,5.3,8.0,8.0,8.0,3.37,0.1834,0.0032,0.0003
2026-09-10,Bengaluru,normal,1.0,0.4,1.2,1.2,1.2,1.24,0.0611,0.0005,0.0
2026-09-10,Pune,normal,1.3,0.0,0.0,0.0,0.0,0.89,0.047,0.0003,0.0
2026-09-10,Kurnool,normal,0.7,0.9,2.0,2.1,2.1,2.43,0.0773,0.0007,0.0001
2026-09-10,Madurai,normal,0.0,0.7,1.7,1.7,1.7,1.39,0.071,0.0006,0.0
2026-09-11,Nagpur,normal,8.4,10.2,13.5,12.9,12.9,7.07,0.2651,0.0064,0.0007
2026-09-11,Bhopal,normal,7.1,1.0,2.2,2.3,2.3,3.07,0.0803,0.0008,0.0001
2026-09-11,Raipur,normal,38.4,17.2,21.0,20.61,20.61,8.98,0.3498,0.0115,0.0014
2026-09-11,Jabalpur,normal,25.1,17.1,20.9,20.5,20.5,9.04,0.3488,0.0114,0.0014
2026-09-11,Akola,normal,2.5,1.2,2.5,2.7,2.7,3.07,0.0863,0.0009,0.0001
2026-09-11,Amravati,normal,2.0,1.7,3.2,3.3,3.3,3.74,0.1006,0.0011,0.0001
2026-09-11,Aurangabad,normal,2.3,0.0,0.0,0.0,0.0,1.0,0.047,0.0003,0.0
2026-09-11,Bhubaneswar,normal,20.1,13.3,16.8,16.4,16.4,8.47,0.3061,0.0086,0.001
2026-09-11,Mumbai,coastal,1.5,0.7,1.8,3.0,3.0,3.33,0.1149,0.0017,0.0
2026-09-11,Thiruvananthapuram,coastal,2.1,0.0,0.0,0.0,0.0,1.5,0.0774,0.0009,0.0
2026-09-11,Kochi,coastal,1.2,2.4,4.2,6.4,6.4,5.28,0.1868,0.0039,0.0001
2026-09-11,Mangaluru,coastal,0.9,4.8,7.3,10.1,10.1,5.91,0.2629,0.0075,0.0003
2026-09-11,Panaji,coastal,0.7,0.3,1.0,2.0,2.0,2.7,0.0943,0.0012,0.0
2026-09-11,Chennai,coastal,11.4,2.0,3.6,5.7,5.7,4.61,0.1717,0.0033,0.0001
2026-09-11,Visakhapatnam,coastal,33.4,0.0,0.0,0.0,0.0,1.72,0.0774,0.0009,0.0
2026-09-11,Puri,coastal,29.0,10.5,13.9,16.2,16.2,10.02,0.3852,0.0171,0.0008
2026-09-11,Kolkata,coastal,9.6,2.8,4.7,7.3,7.3,5.0,0.2011,0.0045,0.0002
2026-09-11,Surat,coastal,0.3,0.2,0.8,1.7,1.7,2.68,0.0888,0.0011,0.0
2026-09-11,Mahabaleshwar,orographic,2.7,0.0,0.0,0.0,0.0,1.33,0.0627,0.0015,0.0001
2026-09-11,Munnar,orographic,7.2,22.0,25.7,30.3,30.3,14.14,0.4694,0.065,0.0122
2026-09-11,Madikeri,orographic,0.0,4.4,6.9,5.3,5.3,6.22,0.2116,0.0116,0.0015
2026-09-11,Ooty,orographic,7.9,20.4,24.2,28.21,28.21,14.27,0.4547,0.0598,0.011
2026-09-11,Lonavala,orographic,4.8,0.4,1.2,0.4,0.4,3.02,0.0811,0.0022,0.0002
2026-09-11,Wayanad,orographic,1.2,17.3,21.1,23.3,23.3,12.78,0.423,0.0499,0.0087
2026-09-11,Shimla,orographic,2.4,0.0,0.0,0.0,0.0,0.19,0.0627,0.0015,0.0001
2026-09-11,Dehradun,orographic,10.8,7.5,10.5,9.5,9.5,3.06,0.2805,0.0201,0.0028
2026-09-11,Srinagar,orographic,0.0,0.0,0.0,0.0,0.0,0.19,0.0627,0.0015,0.0001
2026-09-11,Gangtok,orographic,3.2,10.1,13.4,13.08,13.08,6.0,0.3269,0.0277,0.0042
2026-09-11,Guwahati,orographic,1.4,32.2,37.7,49.75,49.75,7.3,0.5448,0.0982,0.0207
2026-09-11,Cherrapunji,orographic,2.7,25.1,29.4,36.0,36.0,6.35,0.4954,0.075,0.0147
2026-09-11,Imphal,orographic,2.0,14.9,18.6,19.32,19.32,5.46,0.395,0.0423,0.0071
2026-09-11,Agartala,orographic,15.9,4.3,6.7,5.1,5.1,2.21,0.209,0.0114,0.0014
2026-09-11,Lucknow,normal,8.1,2.2,3.9,4.2,4.2,3.64,0.1139,0.0014,0.0001
2026-09-11,Patna,normal,1.5,3.4,5.5,5.6,5.6,4.68,0.1432,0.002,0.0002
2026-09-11,Varanasi,normal,3.4,14.6,18.3,17.9,17.9,6.85,0.3215,0.0095,0.0011
2026-09-11,Delhi,normal,8.7,0.0,0.0,0.0,0.0,0.48,0.047,0.0003,0.0
2026-09-11,Kanpur,normal,10.3,0.2,0.8,0.8,0.8,1.07,0.0542,0.0004,0.0
2026-09-11,Ranchi,normal,15.1,5.4,8.1,8.1,8.1,5.16,0.1854,0.0032,0.0003
2026-09-11,Jodhpur,normal,0.4,0.0,0.0,0.0,0.0,0.14,0.047,0.0003,0.0
2026-09-11,Bikaner,normal,0.0,0.0,0.0,0.0,0.0,0.14,0.047,0.0003,0.0
2026-09-11,Jaisalmer,normal,0.0,0.0,0.0,0.0,0.0,0.14,0.047,0.0003,0.0
2026-09-11,Hyderabad,normal,1.5,5.9,8.6,8.6,8.6,5.49,0.1949,0.0035,0.0003
2026-09-11,Bengaluru,normal,0.7,7.0,10.0,9.7,9.7,4.31,0.2147,0.0042,0.0004
2026-09-11,Pune,normal,1.5,0.0,0.0,0.0,0.0,0.74,0.047,0.0003,0.0
2026-09-11,Kurnool,normal,0.7,0.9,2.0,2.2,2.2,3.53,0.0773,0.0007,0.0001
2026-09-11,Madurai,normal,0.1,2.0,3.6,3.8,3.8,3.62,0.1087,0.0013,0.0001
2026-09-12,Nagpur,normal,37.2,10.8,14.2,13.7,14.6,10.93,0.2735,0.0068,0.0008
2026-09-12,Bhopal,normal,7.0,13.2,16.7,16.31,15.26,9.05,0.3049,0.0085,0.001
2026-09-12,Raipur,normal,12.5,16.3,19.72,19.66,18.3,12.11,0.3404,0.0108,0.0013
2026-09-12,Jabalpur,normal,6.4,20.7,24.6,23.31,20.68,12.66,0.3834,0.0142,0.0018
2026-09-12,Akola,normal,17.3,4.8,7.3,7.5,0.0,6.08,0.1734,0.0029,0.0003
2026-09-12,Amravati,normal,34.1,4.5,7.0,7.1,6.84,6.18,0.1673,0.0027,0.0002
2026-09-12,Aurangabad,normal,12.2,8.3,11.5,11.2,11.9,5.79,0.2364,0.0051,0.0005
2026-09-12,Bhubaneswar,normal,8.6,6.3,9.1,8.9,8.88,8.35,0.2023,0.0038,0.0004
2026-09-12,Mumbai,coastal,4.9,0.0,0.0,0.0,0.0,2.1,0.0774,0.0009,0.0
2026-09-12,Thiruvananthapuram,coastal,2.7,0.0,0.0,0.0,0.0,1.66,0.0774,0.0009,0.0
2026-09-12,Kochi,coastal,0.8,0.2,0.8,1.7,1.7,3.75,0.0888,0.0011,0.0
2026-09-12,Mangaluru,coastal,0.5,1.8,3.4,5.2,5.2,6.38,0.1637,0.0031,0.0001
2026-09-12,Panaji,coastal,0.6,0.3,1.0,2.0,2.0,3.18,0.0943,0.0012,0.0
2026-09-12,Chennai,coastal,1.7,0.8,1.9,3.1,3.1,4.37,0.1198,0.0018,0.0001
2026-09-12,Visakhapatnam,coastal,14.1,1.5,3.0,4.6,4.6,4.09,0.1514,0.0027,0.0001
2026-09-12,Puri,coastal,8.8,16.7,20.4,23.0,23.0,15.02,0.4719,0.0286,0.0015
2026-09-12,Kolkata,coastal,15.6,7.6,10.6,13.1,13.1,10.1,0.3303,0.012,0.0005
2026-09-12,Surat,coastal,12.5,0.2,0.8,1.7,1.7,3.03,0.0888,0.0011,0.0
2026-09-12,Mahabaleshwar,orographic,5.9,0.6,1.6,0.7,0.7,2.71,0.0897,0.0026,0.0002
2026-09-12,Munnar,orographic,4.9,4.0,6.3,4.76,4.76,10.12,0.2012,0.0106,0.0013
2026-09-12,Madikeri,orographic,0.1,0.9,2.0,1.0,1.0,6.19,0.102,0.0033,0.0003
2026-09-12,Ooty,orographic,15.8,19.0,22.9,25.4,25.4,20.79,0.4409,0.0553,0.01
2026-09-12,Lonavala,orographic,6.4,1.4,2.8,1.5,1.5,3.9,0.121,0.0043,0.0004
2026-09-12,Wayanad,orographic,0.1,6.8,9.7,8.6,8.6,13.11,0.2664,0.0181,0.0025
2026-09-12,Shimla,orographic,8.6,0.4,1.2,0.4,0.4,0.9,0.0811,0.0022,0.0002
2026-09-12,Dehradun,orographic,3.9,0.8,1.9,0.9,0.9,2.98,0.098,0.0031,0.0003
2026-09-12,Srinagar,orographic,0.1,0.9,2.0,1.0,1.0,1.47,0.102,0.0033,0.0003
2026-09-12,Gangtok,orographic,6.3,1.6,3.1,1.7,1.7,3.52,0.1282,0.0048,0.0005
2026-09-12,Guwahati,orographic,10.8,35.6,42.1,55.61,55.61,12.96,0.5646,0.1093,0.0239
2026-09-12,Cherrapunji,orographic,4.1,22.4,26.1,31.32,31.32,8.91,0.473,0.0663,0.0125
2026-09-12,Imphal,orographic,9.3,4.3,6.7,5.1,5.1,5.29,0.209,0.0114,0.0014
2026-09-12,Agartala,orographic,1.5,7.4,10.4,9.5,9.5,5.22,0.2785,0.0198,0.0028
2026-09-12,Lucknow,normal,0.5,16.1,19.6,19.46,18.05,8.27,0.3382,0.0107,0.0013
2026-09-12,Patna,normal,1.7,0.0,0.0,0.0,0.0,1.74,0.047,0.0003,0.0
2026-09-12,Varanasi,normal,0.9,1.4,2.8,2.9,3.2,4.21,0.0921,0.001,0.0001
2026-09-12,Delhi,normal,7.6,0.0,0.0,0.0,0.0,0.69,0.047,0.0003,0.0
2026-09-12,Kanpur,normal,0.9,21.4,25.2,24.2,21.11,7.76,0.3896,0.0148,0.0019
2026-09-12,Ranchi,normal,6.4,2.7,4.6,4.8,5.0,5.37,0.1266,0.0016,0.0001
2026-09-12,Jodhpur,normal,2.2,0.0,0.0,0.0,0.0,0.28,0.047,0.0003,0.0
2026-09-12,Bikaner,normal,1.0,0.0,0.0,0.0,0.0,0.28,0.047,0.0003,0.0
2026-09-12,Jaisalmer,normal,0.0,0.0,0.0,0.0,0.0,0.28,0.047,0.0003,0.0
2026-09-12,Hyderabad,normal,2.4,0.1,0.6,0.6,0.88,3.9,0.0507,0.0004,0.0
2026-09-12,Bengaluru,normal,0.1,0.0,0.0,0.0,0.0,2.6,0.047,0.0003,0.0
2026-09-12,Pune,normal,0.5,0.0,0.0,0.0,0.0,0.91,0.047,0.0003,0.0
2026-09-12,Kurnool,normal,0.6,1.0,2.2,2.3,2.5,4.22,0.0803,0.0008,0.0001
2026-09-12,Madurai,normal,2.5,0.9,2.0,2.2,2.4,4.6,0.0773,0.0007,0.0001
2026-09-13,Nagpur,normal,14.0,2.0,3.6,3.8,4.35,3.12,0.1087,0.0013,0.0001
2026-09-13,Bhopal,normal,6.8,13.5,17.1,16.6,15.67,6.54,0.3085,0.0087,0.001
2026-09-13,Raipur,normal,2.7,5.6,8.3,8.33,8.2,5.18,0.1892,0.0033,0.0003
2026-09-13,Jabalpur,normal,18.0,5.4,8.1,8.1,7.81,5.23,0.1854,0.0032,0.0003
2026-09-13,Akola,normal,63.9,5.1,7.8,7.9,0.0,5.08,0.1795,0.003,0.0003
2026-09-13,Amravati,normal,14.8,2.7,4.6,4.8,5.0,3.34,0.1266,0.0016,0.0001
2026-09-13,Aurangabad,normal,21.3,2.5,4.3,4.6,4.9,3.41,0.1216,0.0015,0.0001
2026-09-13,Bhubaneswar,normal,8.4,4.6,7.1,7.2,6.9,4.11,0.1693,0.0027,0.0003
2026-09-13,Mumbai,coastal,25.5,2.0,3.6,5.7,5.7,2.81,0.1717,0.0033,0.0001
2026-09-13,Thiruvananthapuram,coastal,0.5,1.0,2.2,3.6,3.6,2.26,0.1292,0.002,0.0001
2026-09-13,Kochi,coastal,0.2,0.6,1.6,2.72,2.72,2.07,0.1099,0.0015,0.0
2026-09-13,Mangaluru,coastal,1.1,0.0,0.0,0.0,0.0,1.27,0.0774,0.0009,0.0
2026-09-13,Panaji,coastal,1.0,1.9,3.5,5.5,5.5,2.97,0.1677,0.0032,0.0001
2026-09-13,Chennai,coastal,2.0,4.0,6.3,9.14,9.14,3.98,0.2399,0.0062,0.0002
2026-09-13,Visakhapatnam,coastal,4.6,1.6,3.1,4.8,4.8,2.82,0.1555,0.0028,0.0001
2026-09-13,Puri,coastal,3.8,3.2,5.3,8.0,8.0,4.21,0.2147,0.005,0.0002
2026-09-13,Kolkata,coastal,10.8,0.3,1.0,2.0,2.0,2.46,0.0943,0.0012,0.0
2026-09-13,Surat,coastal,36.2,24.5,28.9,33.16,33.16,7.88,0.5469,0.0441,0.0025
2026-09-13,Mahabaleshwar,orographic,12.2,0.7,1.8,0.8,0.8,1.96,0.0939,0.0028,0.0003
2026-09-13,Munnar,orographic,23.7,29.5,35.0,45.41,45.41,10.34,0.5275,0.0894,0.0184
2026-09-13,Madikeri,orographic,0.3,0.6,1.6,0.7,0.7,2.04,0.0897,0.0026,0.0002
2026-09-13,Ooty,orographic,12.8,50.0,59.3,80.26,80.26,22.3,0.6302,0.1557,0.0383
2026-09-13,Lonavala,orographic,19.3,5.7,8.5,7.1,7.1,5.45,0.2427,0.0151,0.002
2026-09-13,Wayanad,orographic,0.0,8.2,11.4,10.5,10.5,7.77,0.2938,0.0221,0.0032
2026-09-13,Shimla,orographic,3.7,0.4,1.2,0.4,0.4,0.62,0.0811,0.0022,0.0002
2026-09-13,Dehradun,orographic,6.4,6.0,8.8,7.5,7.5,2.69,0.2494,0.0159,0.0021
2026-09-13,Srinagar,orographic,0.0,2.3,4.1,2.8,2.8,1.48,0.1517,0.0064,0.0007
2026-09-13,Gangtok,orographic,12.1,17.0,20.8,23.02,23.02,4.2,0.4196,0.0489,0.0085
2026-09-13,Guwahati,orographic,19.2,3.1,5.1,3.6,3.6,2.81,0.1762,0.0083,0.001
2026-09-13,Cherrapunji,orographic,15.3,6.7,9.6,8.5,8.5,3.9,0.2644,0.0178,0.0025
2026-09-13,Imphal,orographic,0.6,8.9,12.1,11.4,11.4,3.15,0.3065,0.0241,0.0036
2026-09-13,Agartala,orographic,0.5,0.0,0.0,0.0,0.0,1.17,0.0627,0.0015,0.0001
2026-09-13,Lucknow,normal,0.5,0.2,0.8,0.8,1.3,1.81,0.0542,0.0004,0.0
2026-09-13,Patna,normal,0.4,0.1,0.6,0.6,0.88,0.75,0.0507,0.0004,0.0
2026-09-13,Varanasi,normal,1.7,0.0,0.0,0.0,0.0,0.6,0.047,0.0003,0.0
2026-09-13,Delhi,normal,0.6,0.0,0.0,0.0,0.0,0.24,0.047,0.0003,0.0
2026-09-13,Kanpur,normal,0.9,0.3,1.0,1.0,1.5,1.84,0.0577,0.0005,0.0
2026-09-13,Ranchi,normal,1.3,1.1,2.4,2.5,2.7,2.08,0.0833,0.0008,0.0001
2026-09-13,Jodhpur,normal,0.6,0.5,1.4,1.4,1.9,0.56,0.0645,0.0005,0.0
2026-09-13,Bikaner,normal,0.9,0.2,0.8,0.8,1.3,0.4,0.0542,0.0004,0.0
2026-09-13,Jaisalmer,normal,0.3,0.0,0.0,0.0,0.0,0.0,0.047,0.0003,0.0
2026-09-13,Hyderabad,normal,4.6,0.0,0.0,0.0,0.0,0.57,0.047,0.0003,0.0
2026-09-13,Bengaluru,normal,0.0,0.0,0.0,0.0,0.0,0.32,0.047,0.0003,0.0
2026-09-13,Pune,normal,8.7,0.2,0.8,0.8,1.3,0.92,0.0542,0.0004,0.0
2026-09-13,Kurnool,normal,0.0,0.0,0.0,0.0,0.0,0.82,0.047,0.0003,0.0
2026-09-13,Madurai,normal,2.7,8.0,11.1,10.9,11.5,3.39,0.2315,0.0049,0.0005
2026-09-14,Nagpur,normal,9.8,0.1,0.6,0.6,0.6,1.77,0.0507,0.0004,0.0
2026-09-14,Bhopal,normal,6.5,6.0,8.8,8.7,8.7,5.42,0.1968,0.0036,0.0004
2026-09-14,Raipur,normal,2.3,0.2,0.8,0.8,0.8,2.14,0.0542,0.0004,0.0
2026-09-14,Jabalpur,normal,0.4,1.6,3.1,3.2,3.2,2.98,0.0978,0.0011,0.0001
2026-09-14,Akola,normal,1.5,1.0,2.2,2.3,2.3,2.73,0.0803,0.0008,0.0001
2026-09-14,Amravati,normal,12.5,0.6,1.6,1.6,1.6,1.97,0.0677,0.0006,0.0
2026-09-14,Aurangabad,normal,0.8,0.7,1.7,1.7,1.7,1.98,0.071,0.0006,0.0
2026-09-14,Bhubaneswar,normal,2.6,3.1,5.1,5.24,5.24,3.33,0.1362,0.0019,0.0002
2026-09-14,Mumbai,coastal,10.3,4.9,7.5,10.29,10.29,5.23,0.2656,0.0076,0.0003
2026-09-14,Thiruvananthapuram,coastal,4.4,0.0,0.0,0.0,0.0,1.25,0.0774,0.0009,0.0
2026-09-14,Kochi,coastal,0.6,5.8,8.5,10.98,10.98,5.59,0.289,0.009,0.0004
2026-09-14,Mangaluru,coastal,0.1,0.0,0.0,0.0,0.0,1.12,0.0774,0.0009,0.0
2026-09-14,Panaji,coastal,0.7,2.0,3.6,5.7,5.7,3.41,0.1717,0.0033,0.0001
2026-09-14,Chennai,coastal,22.7,5.3,8.0,10.6,10.6,6.47,0.2763,0.0082,0.0003
2026-09-14,Visakhapatnam,coastal,5.8,0.4,1.2,2.27,2.27,2.19,0.0996,0.0013,0.0
2026-09-14,Puri,coastal,10.7,13.7,17.3,20.12,20.12,8.26,0.434,0.0229,0.0011
2026-09-14,Kolkata,coastal,0.3,0.7,1.7,2.9,2.9,2.23,0.1149,0.0017,0.0
2026-09-14,Surat,coastal,22.4,5.3,8.0,10.6,10.6,7.62,0.2763,0.0082,0.0003
2026-09-14,Mahabaleshwar,orographic,12.9,0.6,1.6,0.7,0.7,2.13,0.0897,0.0026,0.0002
2026-09-14,Munnar,orographic,27.6,15.7,19.3,20.4,20.4,12.02,0.4047,0.0448,0.0077
2026-09-14,Madikeri,orographic,0.1,4.6,7.1,5.5,5.5,4.46,0.2166,0.0121,0.0015
2026-09-14,Ooty,orographic,15.9,13.1,16.6,17.1,17.1,13.77,0.3716,0.0367,0.006
2026-09-14,Lonavala,orographic,10.3,4.7,7.2,5.6,5.6,6.17,0.2191,0.0124,0.0016
2026-09-14,Wayanad,orographic,0.8,7.8,10.8,10.0,10.0,8.36,0.2863,0.021,0.003
2026-09-14,Shimla,orographic,3.1,1.3,2.7,1.4,1.4,0.99,0.1173,0.0041,0.0004
2026-09-14,Dehradun,orographic,1.6,12.6,16.0,16.3,16.3,5.3,0.3647,0.0352,0.0057
2026-09-14,Srinagar,orographic,0.0,0.8,1.8,0.88,0.88,1.06,0.098,0.0031,0.0003
2026-09-14,Gangtok,orographic,14.5,4.4,6.9,5.3,5.3,3.53,0.2116,0.0116,0.0015
2026-09-14,Guwahati,orographic,2.0,0.5,1.4,0.5,0.5,1.57,0.0855,0.0024,0.0002
2026-09-14,Cherrapunji,orographic,2.3,13.5,17.1,17.62,17.62,4.77,0.377,0.038,0.0062
2026-09-14,Imphal,orographic,0.2,1.2,2.5,1.3,1.3,2.51,0.1136,0.0039,0.0004
2026-09-14,Agartala,orographic,0.1,0.0,0.0,0.0,0.0,0.31,0.0627,0.0015,0.0001
2026-09-14,Lucknow,normal,1.7,7.5,10.5,10.32,10.32,3.9,0.2233,0.0046,0.0005
2026-09-14,Patna,normal,6.5,0.6,1.6,1.6,1.6,1.46,0.0677,0.0006,0.0
2026-09-14,Varanasi,normal,0.3,1.6,3.1,3.2,3.2,1.92,0.0978,0.0011,0.0001
2026-09-14,Delhi,normal,3.7,0.0,0.0,0.0,0.0,0.33,0.047,0.0003,0.0
2026-09-14,Kanpur,normal,1.2,11.3,14.8,14.4,14.4,4.94,0.2804,0.0071,0.0008
2026-09-14,Ranchi,normal,2.3,8.5,11.7,11.5,11.5,3.93,0.2395,0.0052,0.0005
2026-09-14,Jodhpur,normal,1.3,7.7,10.7,10.5,10.5,2.89,0.2266,0.0047,0.0005
2026-09-14,Bikaner,normal,0.1,0.0,0.0,0.0,0.0,0.3,0.047,0.0003,0.0
2026-09-14,Jaisalmer,normal,0.4,0.0,0.0,0.0,0.0,0.16,0.047,0.0003,0.0
2026-09-14,Hyderabad,normal,5.5,5.7,8.5,8.5,8.5,3.13,0.1911,0.0034,0.0003
2026-09-14,Bengaluru,normal,9.1,7.5,10.5,10.32,10.32,3.21,0.2233,0.0046,0.0005
2026-09-14,Pune,normal,1.2,0.0,0.0,0.0,0.0,0.68,0.047,0.0003,0.0
2026-09-14,Kurnool,normal,0.0,0.0,0.0,0.0,0.0,0.42,0.047,0.0003,0.0
2026-09-14,Madurai,normal,7.6,10.9,14.3,13.8,13.8,5.69,0.2749,0.0069,0.0008
2026-09-15,Nagpur,break,13.6,5.9,8.6,10.2,8.6,3.68,0.2136,0.0046,0.0002
2026-09-15,Bhopal,break,6.6,0.5,1.4,1.6,1.4,2.17,0.0718,0.0007,0.0
2026-09-15,Raipur,break,0.5,0.0,0.0,0.0,0.0,0.73,0.0525,0.0004,0.0
2026-09-15,Jabalpur,break,1.5,1.9,3.5,4.54,3.7,2.53,0.1174,0.0016,0.0
2026-09-15,Akola,break,1.8,0.4,1.2,1.36,1.2,1.78,0.0681,0.0007,0.0
2026-09-15,Amravati,break,1.1,1.4,2.8,3.85,2.9,2.01,0.1022,0.0013,0.0
2026-09-15,Aurangabad,break,0.3,0.0,0.0,0.0,0.0,0.81,0.0525,0.0004,0.0
2026-09-15,Bhubaneswar,break,2.5,1.4,2.8,3.85,2.9,2.43,0.1022,0.0013,0.0
2026-09-15,Mumbai,coastal,8.2,2.3,4.1,6.2,6.2,4.4,0.1831,0.0037,0.0001
2026-09-15,Thiruvananthapuram,coastal,1.1,0.7,1.7,2.9,2.9,2.17,0.1149,0.0017,0.0
2026-09-15,Kochi,coastal,0.0,0.4,1.2,2.27,2.27,2.65,0.0996,0.0013,0.0
2026-09-15,Mangaluru,coastal,0.0,0.3,1.0,2.0,2.0,2.04,0.0943,0.0012,0.0
2026-09-15,Panaji,coastal,0.2,0.0,0.0,0.0,0.0,1.41,0.0774,0.0009,0.0
2026-09-15,Chennai,coastal,0.4,0.0,0.0,0.0,0.0,1.8,0.0774,0.0009,0.0
2026-09-15,Visakhapatnam,coastal,3.5,1.2,2.5,4.1,4.1,2.6,0.1383,0.0023,0.0001
2026-09-15,Puri,coastal,3.2,0.4,1.2,2.27,2.27,2.86,0.0996,0.0013,0.0
2026-09-15,Kolkata,coastal,0.0,0.2,0.8,1.7,1.7,2.09,0.0888,0.0011,0.0
2026-09-15,Surat,coastal,5.5,4.5,7.0,9.7,9.7,5.49,0.2545,0.007,0.0003
2026-09-15,Mahabaleshwar,orographic,3.6,0.5,1.4,0.5,0.5,2.15,0.0855,0.0024,0.0002
2026-09-15,Munnar,orographic,18.6,19.9,23.8,27.4,27.4,12.22,0.4499,0.0582,0.0106
2026-09-15,Madikeri,orographic,1.3,4.3,6.7,5.1,5.1,5.76,0.209,0.0114,0.0014
2026-09-15,Ooty,orographic,14.0,20.2,24.0,27.86,27.86,12.62,0.4528,0.0592,0.0108
2026-09-15,Lonavala,orographic,2.1,4.3,6.7,5.1,5.1,5.76,0.209,0.0114,0.0014
2026-09-15,Wayanad,orographic,2.4,18.0,21.8,24.1,24.1,11.69,0.4305,0.0521,0.0092
2026-09-15,Shimla,orographic,9.2,2.5,4.3,2.9,2.9,1.63,0.1581,0.0069,0.0008
2026-09-15,Dehradun,orographic,2.0,2.1,3.8,2.4,2.4,2.79,0.1452,0.0059,0.0006
2026-09-15,Srinagar,orographic,0.0,5.3,8.0,6.5,6.5,2.8,0.2335,0.014,0.0018
2026-09-15,Gangtok,orographic,36.6,6.7,9.6,8.5,8.5,4.12,0.2644,0.0178,0.0025
2026-09-15,Guwahati,orographic,5.0,10.6,14.0,13.9,13.9,2.85,0.3349,0.0292,0.0045
2026-09-15,Cherrapunji,orographic,3.0,13.5,17.1,17.62,17.62,4.99,0.377,0.038,0.0062
2026-09-15,Imphal,orographic,1.6,1.5,3.0,1.6,1.6,1.66,0.1246,0.0046,0.0005
2026-09-15,Agartala,orographic,0.3,3.1,5.1,3.6,3.6,1.53,0.1762,0.0083,0.001
2026-09-15,Lucknow,break,2.8,25.3,29.7,28.4,27.5,7.32,0.4498,0.0232,0.0012
2026-09-15,Patna,break,4.2,1.1,2.4,3.4,2.5,1.91,0.0926,0.0011,0.0
2026-09-15,Varanasi,break,1.6,1.5,3.0,4.05,3.1,2.25,0.1054,0.0013,0.0
2026-09-15,Delhi,break,1.6,1.5,3.0,4.05,3.1,2.04,0.1054,0.0013,0.0
2026-09-15,Kanpur,break,5.1,11.9,15.3,16.5,15.0,6.39,0.3126,0.0098,0.0004
2026-09-15,Ranchi,break,0.9,13.2,16.7,18.56,16.31,6.46,0.3298,0.011,0.0005
2026-09-15,Jodhpur,break,2.6,7.1,10.1,11.44,9.88,4.9,0.2366,0.0056,0.0002
2026-09-15,Bikaner,break,0.0,0.0,0.0,0.0,0.0,0.27,0.0525,0.0004,0.0
2026-09-15,Jaisalmer,break,0.0,0.0,0.0,0.0,0.0,0.27,0.0525,0.0004,0.0
2026-09-15,Hyderabad,break,3.1,1.0,2.2,3.25,2.3,2.89,0.0893,0.001,0.0
2026-09-15,Bengaluru,break,9.0,43.7,52.01,42.71,47.62,9.23,0.5585,0.0435,0.0027
2026-09-15,Pune,break,1.1,0.1,0.6,0.7,0.6,1.14,0.0565,0.0005,0.0
2026-09-15,Kurnool,break,0.0,5.4,8.1,9.55,8.1,3.26,0.2034,0.0042,0.0002
2026-09-15,Madurai,break,0.2,10.2,13.5,14.97,12.9,5.67,0.2881,0.0083,0.0004
2026-09-16,Nagpur,break,0.5,1.6,3.1,4.2,3.2,2.47,0.1084,0.0014,0.0
2026-09-16,Bhopal,break,4.6,0.5,1.4,1.6,1.4,1.37,0.0718,0.0007,0.0
2026-09-16,Raipur,break,0.8,1.1,2.4,3.4,2.5,1.58,0.0926,0.0011,0.0
2026-09-16,Jabalpur,break,6.8,0.5,1.4,1.6,1.4,1.55,0.0718,0.0007,0.0
2026-09-16,Akola,break,0.4,0.0,0.0,0.0,0.0,0.52,0.0525,0.0004,0.0
2026-09-16,Amravati,break,0.5,0.1,0.6,0.7,0.6,1.34,0.0565,0.0005,0.0
2026-09-16,Aurangabad,break,1.6,0.0,0.0,0.0,0.0,0.32,0.0525,0.0004,0.0
2026-09-16,Bhubaneswar,break,8.0,1.8,3.4,4.5,3.5,2.06,0.1145,0.0015,0.0
2026-09-16,Mumbai,coastal,2.9,2.6,4.5,6.8,6.8,3.29,0.1941,0.0042,0.0001
2026-09-16,Thiruvananthapuram,coastal,1.3,4.2,6.6,9.4,9.4,3.69,0.2458,0.0065,0.0002
2026-09-16,Kochi,coastal,1.9,7.2,10.2,12.8,12.8,4.83,0.3217,0.0113,0.0005
2026-09-16,Mangaluru,coastal,0.7,0.7,1.7,2.9,2.9,1.89,0.1149,0.0017,0.0
2026-09-16,Panaji,coastal,1.4,2.7,4.6,7.0,7.0,2.98,0.1976,0.0043,0.0001
2026-09-16,Chennai,coastal,0.5,0.4,1.2,2.27,2.27,1.66,0.0996,0.0013,0.0
2026-09-16,Visakhapatnam,coastal,1.5,0.9,2.0,3.4,3.4,2.22,0.1246,0.0019,0.0001
2026-09-16,Puri,coastal,2.5,1.9,3.5,5.5,5.5,2.74,0.1677,0.0032,0.0001
2026-09-16,Kolkata,coastal,1.1,0.0,0.0,0.0,0.0,0.88,0.0774,0.0009,0.0
2026-09-16,Surat,coastal,2.7,3.0,5.0,7.65,7.65,3.75,0.208,0.0047,0.0002
2026-09-16,Mahabaleshwar,orographic,6.9,1.9,3.5,2.1,2.1,2.63,0.1386,0.0055,0.0006
2026-09-16,Munnar,orographic,14.1,7.8,10.8,10.0,10.0,7.79,0.2863,0.021,0.003
2026-09-16,Madikeri,orographic,0.6,2.9,4.9,3.32,3.32,3.46,0.1703,0.0078,0.0009
2026-09-16,Ooty,orographic,6.2,9.2,12.4,11.7,11.7,9.54,0.3118,0.025,0.0037
2026-09-16,Lonavala,orographic,5.7,6.7,9.6,8.5,8.5,6.32,0.2644,0.0178,0.0025
2026-09-16,Wayanad,orographic,0.0,5.6,8.3,7.0,7.0,7.65,0.2404,0.0148,0.002
2026-09-16,Shimla,orographic,1.8,0.0,0.0,0.0,0.0,0.24,0.0627,0.0015,0.0001
2026-09-16,Dehradun,orographic,0.8,11.2,14.7,14.4,14.4,3.33,0.3442,0.031,0.0048
2026-09-16,Srinagar,orographic,0.3,1.6,3.1,1.7,1.7,1.66,0.1282,0.0048,0.0005
2026-09-16,Gangtok,orographic,51.7,9.0,12.2,11.5,11.5,4.25,0.3083,0.0244,0.0036
2026-09-16,Guwahati,orographic,5.7,11.0,14.5,14.2,14.2,4.05,0.3412,0.0303,0.0047
2026-09-16,Cherrapunji,orographic,1.7,13.2,16.7,17.2,17.2,4.26,0.373,0.037,0.006
2026-09-16,Imphal,orographic,2.8,0.2,0.8,0.2,0.2,1.07,0.0722,0.0019,0.0002
2026-09-16,Agartala,orographic,4.9,6.7,9.6,8.5,8.5,2.72,0.2644,0.0178,0.0025
2026-09-16,Lucknow,break,0.9,24.2,28.4,27.73,27.0,6.46,0.4411,0.022,0.0012
2026-09-16,Patna,break,5.0,6.8,9.8,11.32,9.5,3.32,0.2311,0.0053,0.0002
2026-09-16,Varanasi,break,10.4,19.2,23.1,25.56,22.5,5.04,0.3968,0.0169,0.0008
2026-09-16,Delhi,break,0.3,1.1,2.4,3.4,2.5,1.59,0.0926,0.0011,0.0
2026-09-16,Kanpur,break,3.3,25.6,30.0,28.4,27.75,6.44,0.4521,0.0235,0.0013
2026-09-16,Ranchi,break,5.9,16.9,20.7,22.9,20.26,6.05,0.3732,0.0146,0.0007
2026-09-16,Jodhpur,break,2.6,0.4,1.2,1.36,1.2,1.18,0.0681,0.0007,0.0
2026-09-16,Bikaner,break,0.0,0.0,0.0,0.0,0.0,0.0,0.0525,0.0004,0.0
2026-09-16,Jaisalmer,break,0.2,0.0,0.0,0.0,0.0,0.0,0.0525,0.0004,0.0
2026-09-16,Hyderabad,break,2.0,0.6,1.5,1.86,1.5,1.64,0.0754,0.0008,0.0
2026-09-16,Bengaluru,break,5.4,1.4,2.8,3.85,2.9,3.03,0.1022,0.0013,0.0
2026-09-16,Pune,break,5.5,0.8,1.8,2.5,1.9,1.45,0.0824,0.0009,0.0
2026-09-16,Kurnool,break,0.4,0.0,0.0,0.0,0.0,1.08,0.0525,0.0004,0.0
2026-09-16,Madurai,break,10.9,2.2,3.9,5.3,4.2,2.87,0.1261,0.0018,0.0001
2026-09-17,Nagpur,normal,0.7,3.8,6.0,6.1,6.1,3.19,0.1522,0.0023,0.0002
2026-09-17,Bhopal,normal,9.5,3.5,5.6,5.8,5.8,2.89,0.1455,0.0021,0.0002
2026-09-17,Raipur,normal,2.0,0.0,0.0,0.0,0.0,0.93,0.047,0.0003,0.0
2026-09-17,Jabalpur,normal,2.8,3.4,5.5,5.6,5.6,2.89,0.1432,0.002,0.0002
2026-09-17,Akola,normal,1.1,0.0,0.0,0.0,0.0,0.52,0.047,0.0003,0.0
2026-09-17,Amravati,normal,0.7,1.2,2.5,2.7,2.7,1.93,0.0863,0.0009,0.0001
2026-09-17,Aurangabad,normal,0.8,0.5,1.4,1.4,1.4,1.32,0.0645,0.0005,0.0
2026-09-17,Bhubaneswar,normal,3.8,0.2,0.8,0.8,0.8,1.77,0.0542,0.0004,0.0
2026-09-17,Mumbai,coastal,1.6,5.4,8.1,10.6,10.6,6.45,0.2789,0.0084,0.0003
2026-09-17,Thiruvananthapuram,coastal,3.1,1.4,2.8,4.4,4.4,2.93,0.1471,0.0025,0.0001
2026-09-17,Kochi,coastal,3.0,1.3,2.6,4.2,4.2,3.3,0.1427,0.0024,0.0001
2026-09-17,Mangaluru,coastal,0.2,1.9,3.5,5.5,5.5,3.17,0.1677,0.0032,0.0001
2026-09-17,Panaji,coastal,5.6,8.1,11.2,13.8,13.8,6.51,0.3407,0.0129,0.0006
2026-09-17,Chennai,coastal,7.4,2.5,4.3,6.7,6.7,3.48,0.1905,0.004,0.0001
2026-09-17,Visakhapatnam,coastal,1.6,4.4,6.9,9.6,9.6,4.28,0.2516,0.0068,0.0003
2026-09-17,Puri,coastal,5.2,0.2,0.8,1.7,1.7,2.14,0.0888,0.0011,0.0
2026-09-17,Kolkata,coastal,11.8,10.0,13.3,15.8,15.8,6.98,0.3766,0.0162,0.0007
2026-09-17,Surat,coastal,2.1,8.2,11.4,13.83,13.83,6.51,0.3427,0.013,0.0006
2026-09-17,Mahabaleshwar,orographic,11.9,1.5,3.0,1.6,1.6,3.08,0.1246,0.0046,0.0005
2026-09-17,Munnar,orographic,10.6,7.0,10.0,8.9,8.9,8.3,0.2705,0.0187,0.0026
2026-09-17,Madikeri,orographic,6.3,1.7,3.2,1.8,1.8,3.36,0.1317,0.005,0.0005
2026-09-17,Ooty,orographic,34.9,6.7,9.6,8.5,8.5,8.3,0.2644,0.0178,0.0025
2026-09-17,Lonavala,orographic,9.9,7.2,10.2,9.2,9.2,8.24,0.2746,0.0192,0.0027
2026-09-17,Wayanad,orographic,0.7,6.3,9.1,8.0,8.0,8.33,0.2559,0.0167,0.0023
2026-09-17,Shimla,orographic,7.1,6.2,8.9,7.8,7.8,2.81,0.2538,0.0165,0.0022
2026-09-17,Dehradun,orographic,5.8,9.4,12.6,12.0,12.0,5.02,0.3152,0.0256,0.0038
2026-09-17,Srinagar,orographic,8.1,6.2,9.0,7.9,7.9,3.21,0.2538,0.0165,0.0022
2026-09-17,Gangtok,orographic,15.0,18.7,22.6,24.91,24.91,5.63,0.4378,0.0543,0.0097
2026-09-17,Guwahati,orographic,8.3,10.1,13.4,13.08,13.08,4.57,0.3269,0.0277,0.0042
2026-09-17,Cherrapunji,orographic,5.0,27.7,32.86,42.2,42.2,6.1,0.515,0.0835,0.0168
2026-09-17,Imphal,orographic,1.4,1.7,3.2,1.8,1.8,1.44,0.1317,0.005,0.0005
2026-09-17,Agartala,orographic,8.2,12.2,15.6,15.7,15.7,4.77,0.359,0.034,0.0054
2026-09-17,Lucknow,normal,6.7,3.6,5.8,5.9,5.9,4.1,0.1478,0.0021,0.0002
2026-09-17,Patna,normal,1.8,15.3,18.9,18.7,18.7,6.26,0.3294,0.0101,0.0012
2026-09-17,Varanasi,normal,1.2,20.4,24.2,23.2,23.2,7.22,0.3807,0.014,0.0018
2026-09-17,Delhi,normal,2.0,0.0,0.0,0.0,0.0,0.67,0.047,0.0003,0.0
2026-09-17,Kanpur,normal,1.4,7.8,10.8,10.6,10.6,5.36,0.2282,0.0047,0.0005
2026-09-17,Ranchi,normal,6.2,21.0,24.9,23.8,23.8,7.22,0.3861,0.0145,0.0019
2026-09-17,Jodhpur,normal,9.8,0.4,1.2,1.2,1.2,0.91,0.0611,0.0005,0.0
2026-09-17,Bikaner,normal,2.2,0.3,1.0,1.0,1.0,0.63,0.0577,0.0005,0.0
2026-09-17,Jaisalmer,normal,0.1,0.0,0.0,0.0,0.0,0.16,0.047,0.0003,0.0
2026-09-17,Hyderabad,normal,2.1,0.3,1.0,1.0,1.0,1.56,0.0577,0.0005,0.0
2026-09-17,Bengaluru,normal,5.8,7.2,10.2,10.0,10.0,3.48,0.2182,0.0044,0.0004
2026-09-17,Pune,normal,9.3,0.7,1.7,1.7,1.7,1.95,0.071,0.0006,0.0
2026-09-17,Kurnool,normal,1.9,1.9,3.5,3.7,3.7,2.06,0.106,0.0012,0.0001
2026-09-17,Madurai,normal,9.5,1.0,2.2,2.3,2.3,2.38,0.0803,0.0008,0.0001
2026-09-18,Nagpur,normal,4.3,2.9,4.9,5.0,5.0,3.01,0.1314,0.0018,0.0001
2026-09-18,Bhopal,normal,9.6,4.5,7.0,7.1,7.1,3.64,0.1673,0.0027,0.0002
2026-09-18,Raipur,normal,4.6,0.2,0.8,0.8,0.8,1.08,0.0542,0.0004,0.0
2026-09-18,Jabalpur,normal,4.4,7.3,10.3,10.1,10.1,4.55,0.2199,0.0044,0.0005
2026-09-18,Akola,normal,7.5,0.0,0.0,0.0,0.0,0.46,0.047,0.0003,0.0
2026-09-18,Amravati,normal,7.3,1.0,2.2,2.3,2.3,2.08,0.0803,0.0008,0.0001
2026-09-18,Aurangabad,normal,0.8,0.0,0.0,0.0,0.0,0.7,0.047,0.0003,0.0
2026-09-18,Bhubaneswar,normal,22.4,3.4,5.5,5.6,5.6,2.73,0.1432,0.002,0.0002
2026-09-18,Mumbai,coastal,6.7,2.6,4.5,6.8,6.8,4.04,0.1941,0.0042,0.0001
2026-09-18,Thiruvananthapuram,coastal,2.6,0.1,0.6,1.3,1.3,1.91,0.0832,0.001,0.0
2026-09-18,Kochi,coastal,1.6,1.6,3.1,4.8,4.8,2.73,0.1555,0.0028,0.0001
2026-09-18,Mangaluru,coastal,0.8,2.5,4.3,6.7,6.7,3.43,0.1905,0.004,0.0001
2026-09-18,Panaji,coastal,0.5,4.2,6.6,9.4,9.4,4.85,0.2458,0.0065,0.0002
2026-09-18,Chennai,coastal,0.5,2.5,4.3,6.7,6.7,3.61,0.1905,0.004,0.0001
2026-09-18,Visakhapatnam,coastal,1.1,0.5,1.4,2.5,2.5,2.37,0.1048,0.0014,0.0
2026-09-18,Puri,coastal,7.9,12.0,15.4,17.5,17.5,6.77,0.4094,0.0198,0.0009
2026-09-18,Kolkata,coastal,8.9,3.0,5.0,7.65,7.65,4.03,0.208,0.0047,0.0002
2026-09-18,Surat,coastal,21.9,7.2,10.2,12.8,12.8,6.64,0.3217,0.0113,0.0005
2026-09-18,Mahabaleshwar,orographic,6.2,0.7,1.8,0.8,0.8,2.04,0.0939,0.0028,0.0003
2026-09-18,Munnar,orographic,4.9,4.3,6.8,5.2,5.2,5.43,0.209,0.0114,0.0014
2026-09-18,Madikeri,orographic,3.7,1.0,2.2,1.1,1.1,2.37,0.1059,0.0035,0.0003
2026-09-18,Ooty,orographic,2.5,2.1,3.8,2.4,2.4,4.29,0.1452,0.0059,0.0006
2026-09-18,Lonavala,orographic,7.0,7.2,10.2,9.2,9.2,7.62,0.2746,0.0192,0.0027
2026-09-18,Wayanad,orographic,1.3,1.6,3.1,1.7,1.7,3.66,0.1282,0.0048,0.0005
2026-09-18,Shimla,orographic,0.4,0.7,1.7,0.7,0.7,1.28,0.0939,0.0028,0.0003
2026-09-18,Dehradun,orographic,0.0,1.9,3.5,2.1,2.1,2.23,0.1386,0.0055,0.0006
2026-09-18,Srinagar,orographic,0.0,1.9,3.5,2.1,2.1,2.22,0.1386,0.0055,0.0006
2026-09-18,Gangtok,orographic,19.8,3.9,6.2,4.6,4.6,3.09,0.1985,0.0103,0.0013
2026-09-18,Guwahati,orographic,13.6,1.6,3.1,1.7,1.7,2.41,0.1282,0.0048,0.0005
2026-09-18,Cherrapunji,orographic,2.6,13.5,17.1,17.62,17.62,4.51,0.377,0.038,0.0062
2026-09-18,Imphal,orographic,0.3,1.0,2.2,1.1,1.1,1.54,0.1059,0.0035,0.0003
2026-09-18,Agartala,orographic,1.5,2.0,3.6,2.3,2.3,2.65,0.1419,0.0057,0.0006
2026-09-18,Lucknow,normal,5.6,2.5,4.3,4.6,4.6,2.83,0.1216,0.0015,0.0001
2026-09-18,Patna,normal,1.7,4.4,6.9,7.0,7.0,3.82,0.1652,0.0026,0.0002
2026-09-18,Varanasi,normal,0.4,6.4,9.2,9.0,9.0,4.89,0.2041,0.0038,0.0004
2026-09-18,Delhi,normal,2.2,2.5,4.3,4.6,4.6,2.2,0.1216,0.0015,0.0001
2026-09-18,Kanpur,normal,1.7,6.5,9.3,9.0,9.0,4.71,0.2059,0.0039,0.0004
2026-09-18,Ranchi,normal,0.3,4.0,6.3,6.39,6.39,3.8,0.1566,0.0024,0.0002
2026-09-18,Jodhpur,normal,3.0,9.5,12.7,12.6,12.6,3.21,0.2549,0.0059,0.0006
2026-09-18,Bikaner,normal,3.0,7.0,10.0,9.7,9.7,2.65,0.2147,0.0042,0.0004
2026-09-18,Jaisalmer,normal,2.2,0.0,0.0,0.0,0.0,0.0,0.047,0.0003,0.0
2026-09-18,Hyderabad,normal,8.6,5.4,8.1,8.1,8.1,2.96,0.1854,0.0032,0.0003
2026-09-18,Bengaluru,normal,2.3,4.1,6.4,6.6,6.6,3.43,0.1588,0.0024,0.0002
2026-09-18,Pune,normal,2.2,0.1,0.6,0.6,0.6,1.42,0.0507,0.0004,0.0
2026-09-18,Kurnool,normal,1.5,5.4,8.1,8.1,8.1,3.52,0.1854,0.0032,0.0003
2026-09-18,Madurai,normal,0.5,0.0,0.0,0.0,0.0,0.78,0.047,0.0003,0.0
2026-09-19,Nagpur,normal,1.0,0.2,0.8,0.8,0.8,2.07,0.0542,0.0004,0.0
2026-09-19,Bhopal,normal,11.6,5.4,8.1,8.1,8.1,5.53,0.1854,0.0032,0.0003
2026-09-19,Raipur,normal,1.6,7.7,10.7,10.5,10.5,4.01,0.2266,0.0047,0.0005
2026-09-19,Jabalpur,normal,1.1,2.6,4.5,4.7,4.7,3.75,0.1241,0.0016,0.0001
2026-09-19,Akola,normal,2.0,0.0,0.0,0.0,0.0,0.6,0.047,0.0003,0.0
2026-09-19,Amravati,normal,4.1,0.0,0.0,0.0,0.0,1.06,0.047,0.0003,0.0
2026-09-19,Aurangabad,normal,0.1,0.0,0.0,0.0,0.0,0.6,0.047,0.0003,0.0
2026-09-19,Bhubaneswar,normal,10.1,10.9,14.3,13.8,13.8,6.43,0.2749,0.0069,0.0008
2026-09-19,Mumbai,coastal,11.2,1.6,3.1,4.8,4.8,3.5,0.1555,0.0028,0.0001
2026-09-19,Thiruvananthapuram,coastal,19.7,0.0,0.0,0.0,0.0,1.22,0.0774,0.0009,0.0
2026-09-19,Kochi,coastal,5.4,5.8,8.5,10.98,10.98,6.39,0.289,0.009,0.0004
2026-09-19,Mangaluru,coastal,0.4,0.4,1.2,2.27,2.27,2.41,0.0996,0.0013,0.0
2026-09-19,Panaji,coastal,0.7,1.4,2.8,4.4,4.4,3.09,0.1471,0.0025,0.0001
2026-09-19,Chennai,coastal,9.5,14.7,18.4,21.53,21.53,8.64,0.4474,0.0248,0.0012
2026-09-19,Visakhapatnam,coastal,6.7,2.9,4.9,7.5,7.5,3.66,0.2046,0.0046,0.0002
2026-09-19,Puri,coastal,13.4,20.1,24.0,26.8,26.8,10.93,0.508,0.0353,0.0019
2026-09-19,Kolkata,coastal,7.8,3.7,5.9,8.8,8.8,4.73,0.2307,0.0058,0.0002
2026-09-19,Surat,coastal,2.6,3.8,6.0,8.8,8.8,5.24,0.2338,0.0059,0.0002
2026-09-19,Mahabaleshwar,orographic,8.1,1.8,3.4,2.0,2.0,3.21,0.1351,0.0052,0.0006
2026-09-19,Munnar,orographic,15.7,16.5,20.1,21.9,21.9,11.51,0.414,0.0473,0.0082
2026-09-19,Madikeri,orographic,2.8,0.3,1.0,0.3,0.3,2.19,0.0767,0.002,0.0002
2026-09-19,Ooty,orographic,5.2,8.9,12.1,11.4,11.4,7.16,0.3065,0.0241,0.0036
2026-09-19,Lonavala,orographic,5.4,5.6,8.3,7.0,7.0,8.48,0.2404,0.0148,0.002
2026-09-19,Wayanad,orographic,2.1,24.9,29.2,35.46,35.46,10.62,0.4938,0.0744,0.0145
2026-09-19,Shimla,orographic,0.9,0.0,0.0,0.0,0.0,0.36,0.0627,0.0015,0.0001
2026-09-19,Dehradun,orographic,0.0,1.0,2.2,1.1,1.1,1.37,0.1059,0.0035,0.0003
2026-09-19,Srinagar,orographic,0.0,0.0,0.0,0.0,0.0,0.5,0.0627,0.0015,0.0001
2026-09-19,Gangtok,orographic,2.3,9.4,12.6,12.0,12.0,4.55,0.3152,0.0256,0.0038
2026-09-19,Guwahati,orographic,0.2,0.0,0.0,0.0,0.0,0.89,0.0627,0.0015,0.0001
2026-09-19,Cherrapunji,orographic,0.5,10.8,14.2,14.0,14.0,4.83,0.3381,0.0297,0.0046
2026-09-19,Imphal,orographic,0.5,8.8,12.0,11.24,11.24,2.72,0.3047,0.0238,0.0035
2026-09-19,Agartala,orographic,0.9,0.1,0.6,0.1,0.1,1.49,0.0675,0.0017,0.0001
2026-09-19,Lucknow,normal,5.9,0.0,0.0,0.0,0.0,0.97,0.047,0.0003,0.0
2026-09-19,Patna,normal,0.6,5.7,8.4,8.4,8.4,5.07,0.1911,0.0034,0.0003
2026-09-19,Varanasi,normal,2.3,3.9,6.2,6.2,6.2,4.0,0.1544,0.0023,0.0002
2026-09-19,Delhi,normal,0.0,1.7,3.2,3.3,3.3,2.63,0.1006,0.0011,0.0001
2026-09-19,Kanpur,normal,0.0,1.9,3.5,3.7,3.7,3.26,0.106,0.0012,0.0001
2026-09-19,Ranchi,normal,1.8,2.1,3.8,4.0,4.0,3.25,0.1113,0.0013,0.0001
2026-09-19,Jodhpur,normal,0.0,0.0,0.0,0.0,0.0,1.03,0.047,0.0003,0.0
2026-09-19,Bikaner,normal,0.1,0.4,1.1,1.1,1.1,1.69,0.0611,0.0005,0.0
2026-09-19,Jaisalmer,normal,0.0,0.0,0.0,0.0,0.0,0.2,0.047,0.0003,0.0
2026-09-19,Hyderabad,normal,1.1,3.8,6.0,6.1,6.1,3.78,0.1522,0.0023,0.0002
2026-09-19,Bengaluru,normal,1.4,4.9,7.5,7.6,7.6,3.94,0.1755,0.0029,0.0003
2026-09-19,Pune,normal,4.7,0.7,1.7,1.7,1.7,1.75,0.071,0.0006,0.0
2026-09-19,Kurnool,normal,1.0,7.2,10.2,10.0,10.0,4.74,0.2182,0.0044,0.0004
2026-09-19,Madurai,normal,3.7,0.3,1.0,1.0,1.0,1.18,0.0577,0.0005,0.0
2026-09-20,Nagpur,normal,1.9,13.5,17.1,16.6,16.6,5.25,0.3085,0.0087,0.001
2026-09-20,Bhopal,normal,4.7,4.5,7.0,7.1,7.1,4.57,0.1673,0.0027,0.0002
2026-09-20,Raipur,normal,5.5,3.7,5.9,6.0,6.0,4.34,0.15,0.0022,0.0002
2026-09-20,Jabalpur,normal,13.1,2.0,3.6,3.8,3.8,3.12,0.1087,0.0013,0.0001
2026-09-20,Akola,normal,0.3,0.1,0.6,0.6,0.6,1.28,0.0507,0.0004,0.0
2026-09-20,Amravati,normal,1.1,0.4,1.2,1.2,1.2,1.36,0.0611,0.0005,0.0
2026-09-20,Aurangabad,normal,1.6,1.7,3.2,3.3,3.3,2.24,0.1006,0.0011,0.0001
2026-09-20,Bhubaneswar,normal,9.3,0.0,0.0,0.0,0.0,1.63,0.047,0.0003,0.0
2026-09-20,Mumbai,coastal,1.1,0.1,0.6,1.3,1.3,2.27,0.0832,0.001,0.0
2026-09-20,Thiruvananthapuram,coastal,12.2,3.2,5.3,8.0,8.0,3.58,0.2147,0.005,0.0002
2026-09-20,Kochi,coastal,12.8,14.3,18.0,21.0,21.0,9.53,0.4421,0.0241,0.0012
2026-09-20,Mangaluru,coastal,2.8,0.4,1.2,2.27,2.27,2.25,0.0996,0.0013,0.0
2026-09-20,Panaji,coastal,5.4,0.0,0.0,0.0,0.0,1.34,0.0774,0.0009,0.0
2026-09-20,Chennai,coastal,2.4,19.2,23.1,25.36,25.36,10.49,0.4991,0.0335,0.0018
2026-09-20,Visakhapatnam,coastal,1.7,1.5,3.0,4.6,4.6,3.5,0.1514,0.0027,0.0001
2026-09-20,Puri,coastal,13.4,0.0,0.0,0.0,0.0,1.98,0.0774,0.0009,0.0
2026-09-20,Kolkata,coastal,17.2,0.5,1.4,2.5,2.5,2.54,0.1048,0.0014,0.0
2026-09-20,Surat,coastal,4.8,3.0,5.0,7.65,7.65,4.12,0.208,0.0047,0.0002
2026-09-20,Mahabaleshwar,orographic,4.6,2.8,4.7,3.2,3.2,3.82,0.1673,0.0076,0.0009
2026-09-20,Munnar,orographic,9.2,17.8,21.61,23.8,23.8,12.08,0.4284,0.0515,0.0091
2026-09-20,Madikeri,orographic,4.4,2.3,4.1,2.8,2.8,3.52,0.1517,0.0064,0.0007
2026-09-20,Ooty,orographic,4.3,7.2,10.2,9.2,9.2,8.57,0.2746,0.0192,0.0027
2026-09-20,Lonavala,orographic,6.2,0.7,1.8,0.8,0.8,2.97,0.0939,0.0028,0.0003
2026-09-20,Wayanad,orographic,1.5,1.7,3.2,1.8,1.8,4.21,0.1317,0.005,0.0005
2026-09-20,Shimla,orographic,2.1,0.0,0.0,0.0,0.0,0.2,0.0627,0.0015,0.0001
2026-09-20,Dehradun,orographic,0.0,0.0,0.0,0.0,0.0,0.42,0.0627,0.0015,0.0001
2026-09-20,Srinagar,orographic,0.0,0.9,2.0,1.0,1.0,1.07,0.102,0.0033,0.0003
2026-09-20,Gangtok,orographic,0.2,0.0,0.0,0.0,0.0,0.89,0.0627,0.0015,0.0001
2026-09-20,Guwahati,orographic,5.6,6.6,9.5,8.4,8.4,2.46,0.2623,0.0176,0.0024
2026-09-20,Cherrapunji,orographic,8.4,24.4,28.8,35.21,35.21,5.56,0.4898,0.0728,0.0141
2026-09-20,Imphal,orographic,6.3,6.2,9.0,7.9,7.9,4.28,0.2538,0.0165,0.0022
2026-09-20,Agartala,orographic,24.9,13.3,16.8,17.4,17.4,3.08,0.3743,0.0374,0.0061
2026-09-20,Lucknow,normal,0.1,0.0,0.0,0.0,0.0,0.37,0.047,0.0003,0.0
2026-09-20,Patna,normal,0.2,0.0,0.0,0.0,0.0,1.2,0.047,0.0003,0.0
2026-09-20,Varanasi,normal,0.1,0.3,1.0,1.0,1.0,1.65,0.0577,0.0005,0.0
2026-09-20,Delhi,normal,1.5,0.7,1.7,1.7,1.7,1.74,0.071,0.0006,0.0
2026-09-20,Kanpur,normal,3.4,0.0,0.0,0.0,0.0,0.88,0.047,0.0003,0.0
2026-09-20,Ranchi,normal,4.1,9.2,12.4,12.2,12.2,5.28,0.2504,0.0057,0.0006
2026-09-20,Jodhpur,normal,0.8,0.0,0.0,0.0,0.0,0.2,0.047,0.0003,0.0
2026-09-20,Bikaner,normal,0.0,0.0,0.0,0.0,0.0,0.4,0.047,0.0003,0.0
2026-09-20,Jaisalmer,normal,0.0,0.0,0.0,0.0,0.0,0.2,0.047,0.0003,0.0
2026-09-20,Hyderabad,normal,3.1,3.9,6.2,6.2,6.2,3.46,0.1544,0.0023,0.0002
2026-09-20,Bengaluru,normal,13.9,8.0,11.1,10.9,10.9,4.78,0.2315,0.0049,0.0005
2026-09-20,Pune,normal,3.5,0.9,2.0,2.2,2.2,2.22,0.0773,0.0007,0.0001
2026-09-20,Kurnool,normal,19.0,0.3,1.0,1.0,1.0,2.33,0.0577,0.0005,0.0
2026-09-20,Madurai,normal,34.9,57.3,65.0,58.61,58.61,7.92,0.5838,0.0462,0.0078
2026-09-21,Nagpur,normal,2.4,11.7,15.2,14.92,14.92,8.09,0.2857,0.0074,0.0008
2026-09-21,Bhopal,normal,3.6,10.2,13.5,12.9,12.9,7.97,0.2651,0.0064,0.0007
2026-09-21,Raipur,normal,0.9,6.3,9.1,8.9,8.9,6.61,0.2023,0.0038,0.0004
2026-09-21,Jabalpur,normal,7.9,7.4,10.4,10.3,10.3,6.19,0.2216,0.0045,0.0005
2026-09-21,Akola,normal,0.9,10.5,13.9,13.3,13.3,6.29,0.2694,0.0066,0.0007
2026-09-21,Amravati,normal,3.5,7.5,10.5,10.32,10.32,5.1,0.2233,0.0046,0.0005
2026-09-21,Aurangabad,normal,1.7,5.0,7.6,7.7,7.7,5.52,0.1775,0.003,0.0003
2026-09-21,Bhubaneswar,normal,24.3,6.3,9.1,8.9,8.9,4.94,0.2023,0.0038,0.0004
2026-09-21,Mumbai,coastal,1.3,0.4,1.2,2.27,2.27,2.68,0.0996,0.0013,0.0
2026-09-21,Thiruvananthapuram,coastal,8.8,0.0,0.0,0.0,0.0,2.02,0.0774,0.0009,0.0
2026-09-21,Kochi,coastal,23.1,3.0,5.0,7.65,7.65,5.62,0.208,0.0047,0.0002
2026-09-21,Mangaluru,coastal,11.7,4.1,6.4,9.2,9.2,5.49,0.2429,0.0064,0.0002
2026-09-21,Panaji,coastal,0.6,3.0,5.0,7.65,7.65,4.47,0.208,0.0047,0.0002
2026-09-21,Chennai,coastal,12.4,1.1,2.4,3.9,3.9,4.37,0.1338,0.0022,0.0001
2026-09-21,Visakhapatnam,coastal,10.0,1.3,2.6,4.2,0.0,3.81,0.1427,0.0024,0.0001
2026-09-21,Puri,coastal,33.3,1.8,3.4,5.2,0.0,4.11,0.1637,0.0031,0.0001
2026-09-21,Kolkata,coastal,5.5,0.3,1.0,2.0,2.0,2.73,0.0943,0.0012,0.0
2026-09-21,Surat,coastal,1.0,0.5,1.4,2.5,2.5,3.39,0.1048,0.0014,0.0
2026-09-21,Mahabaleshwar,orographic,4.6,10.7,14.1,14.0,14.0,11.01,0.3365,0.0294,0.0046
2026-09-21,Munnar,orographic,7.3,5.2,7.9,6.4,6.4,9.68,0.2312,0.0137,0.0018
2026-09-21,Madikeri,orographic,8.3,5.4,8.1,6.7,6.7,8.46,0.2358,0.0143,0.0019
2026-09-21,Ooty,orographic,3.3,6.2,9.0,7.9,7.9,9.68,0.2538,0.0165,0.0022
2026-09-21,Lonavala,orographic,21.3,7.2,10.2,9.2,9.2,7.26,0.2746,0.0192,0.0027
2026-09-21,Wayanad,orographic,4.2,3.2,5.3,3.7,3.7,5.13,0.1791,0.0086,0.001
2026-09-21,Shimla,orographic,0.8,0.0,0.0,0.0,0.0,0.2,0.0627,0.0015,0.0001
2026-09-21,Dehradun,orographic,1.5,0.0,0.0,0.0,0.0,0.2,0.0627,0.0015,0.0001
2026-09-21,Srinagar,orographic,0.0,0.8,1.9,0.9,0.9,1.26,0.098,0.0031,0.0003
2026-09-21,Gangtok,orographic,6.4,2.3,4.0,2.7,2.7,1.79,0.1517,0.0064,0.0007
2026-09-21,Guwahati,orographic,2.7,5.6,8.3,7.0,7.0,4.52,0.2404,0.0148,0.002
2026-09-21,Cherrapunji,orographic,0.6,9.1,12.3,11.5,11.5,5.34,0.31,0.0247,0.0037
2026-09-21,Imphal,orographic,0.2,9.0,12.2,11.5,11.5,5.33,0.3083,0.0244,0.0036
2026-09-21,Agartala,orographic,2.2,1.4,2.8,1.5,1.5,3.34,0.121,0.0043,0.0004
2026-09-21,Lucknow,normal,0.7,0.0,0.0,0.0,0.0,0.47,0.047,0.0003,0.0
2026-09-21,Patna,normal,1.6,0.0,0.0,0.0,0.0,0.47,0.047,0.0003,0.0
2026-09-21,Varanasi,normal,0.6,3.7,5.9,6.0,6.0,3.88,0.15,0.0022,0.0002
2026-09-21,Delhi,normal,0.1,0.0,0.0,0.0,0.0,0.92,0.047,0.0003,0.0
2026-09-21,Kanpur,normal,2.6,0.0,0.0,0.0,0.0,0.47,0.047,0.0003,0.0
2026-09-21,Ranchi,normal,4.6,11.4,14.9,14.5,14.5,6.68,0.2817,0.0072,0.0008
2026-09-21,Jodhpur,normal,0.0,0.0,0.0,0.0,0.0,0.14,0.047,0.0003,0.0
2026-09-21,Bikaner,normal,0.0,0.0,0.0,0.0,0.0,0.14,0.047,0.0003,0.0
2026-09-21,Jaisalmer,normal,0.0,0.0,0.0,0.0,0.0,0.14,0.047,0.0003,0.0
2026-09-21,Hyderabad,normal,2.3,15.4,19.0,18.9,18.9,6.71,0.3306,0.0101,0.0012
2026-09-21,Bengaluru,normal,7.7,6.0,8.8,8.7,8.7,5.26,0.1968,0.0036,0.0004
2026-09-21,Pune,normal,7.4,12.0,15.4,15.1,15.1,5.96,0.2897,0.0076,0.0009
2026-09-21,Kurnool,normal,5.5,3.9,6.2,6.2,6.2,3.73,0.1544,0.0023,0.0002
2026-09-21,Madurai,normal,0.4,0.2,0.8,0.8,0.8,3.1,0.0542,0.0004,0.0
2026-09-22,Nagpur,normal,5.0,2.5,4.3,4.6,4.6,5.16,0.1216,0.0015,0.0001
2026-09-22,Bhopal,normal,2.5,3.2,5.3,5.3,5.3,5.12,0.1386,0.0019,0.0002
2026-09-22,Raipur,normal,3.9,7.9,10.9,10.7,10.7,6.71,0.2299,0.0048,0.0005
2026-09-22,Jabalpur,normal,3.4,2.1,3.8,4.0,4.0,5.22,0.1113,0.0013,0.0001
2026-09-22,Akola,normal,1.6,11.1,14.6,14.0,14.0,8.21,0.2777,0.007,0.0008
2026-09-22,Amravati,normal,0.4,8.5,11.7,11.5,11.5,6.84,0.2395,0.0052,0.0005
2026-09-22,Aurangabad,normal,1.6,26.0,30.41,28.0,28.0,9.77,0.4267,0.0185,0.0025
2026-09-22,Bhubaneswar,normal,28.2,5.0,7.6,7.7,0.0,6.2,0.1775,0.003,0.0003
2026-09-22,Mumbai,coastal,16.9,0.3,1.0,2.0,2.0,2.77,0.0943,0.0012,0.0
2026-09-22,Thiruvananthapuram,coastal,6.2,0.1,0.6,1.3,1.3,2.38,0.0832,0.001,0.0
2026-09-22,Kochi,coastal,7.4,0.2,0.8,1.7,1.7,2.97,0.0888,0.0011,0.0
2026-09-22,Mangaluru,coastal,0.9,2.8,4.8,7.4,7.4,5.55,0.2011,0.0045,0.0002
2026-09-22,Panaji,coastal,2.0,2.0,3.6,5.7,5.7,5.11,0.1717,0.0033,0.0001
2026-09-22,Chennai,coastal,0.2,0.4,1.2,2.27,2.27,2.88,0.0996,0.0013,0.0
2026-09-22,Visakhapatnam,coastal,123.2,26.6,31.56,35.8,12.0,10.5,0.563,0.0483,0.0028
2026-09-22,Puri,coastal,21.4,6.3,9.1,11.5,0.0,7.82,0.3012,0.0099,0.0004
2026-09-22,Kolkata,coastal,10.3,1.2,2.6,4.1,4.1,3.7,0.1383,0.0023,0.0001
2026-09-22,Surat,coastal,4.0,0.5,1.4,2.5,2.5,3.19,0.1048,0.0014,0.0
2026-09-22,Mahabaleshwar,orographic,11.4,3.9,6.2,4.6,4.6,7.03,0.1985,0.0103,0.0013
2026-09-22,Munnar,orographic,8.9,0.8,1.9,0.9,0.9,4.34,0.098,0.0031,0.0003
2026-09-22,Madikeri,orographic,0.8,0.3,1.0,0.3,0.3,3.54,0.0767,0.002,0.0002
2026-09-22,Ooty,orographic,0.7,0.0,0.0,0.0,0.0,2.46,0.0627,0.0015,0.0001
2026-09-22,Lonavala,orographic,10.3,6.9,9.9,8.8,8.8,9.75,0.2685,0.0184,0.0026
2026-09-22,Wayanad,orographic,0.3,0.0,0.0,0.0,0.0,2.21,0.0627,0.0015,0.0001
2026-09-22,Shimla,orographic,0.0,0.0,0.0,0.0,0.0,0.23,0.0627,0.0015,0.0001
2026-09-22,Dehradun,orographic,0.4,0.0,0.0,0.0,0.0,0.23,0.0627,0.0015,0.0001
2026-09-22,Srinagar,orographic,0.0,1.2,2.6,1.3,1.3,1.48,0.1136,0.0039,0.0004
2026-09-22,Gangtok,orographic,13.1,7.6,10.6,9.7,9.7,3.88,0.2824,0.0204,0.0029
2026-09-22,Guwahati,orographic,11.8,0.4,1.1,0.4,0.4,2.41,0.0811,0.0022,0.0002
2026-09-22,Cherrapunji,orographic,3.2,1.6,3.1,1.7,1.7,3.53,0.1282,0.0048,0.0005
2026-09-22,Imphal,orographic,1.8,3.3,5.4,3.8,3.8,3.91,0.182,0.0088,0.001
2026-09-22,Agartala,orographic,7.0,3.5,5.6,4.1,4.1,2.66,0.1876,0.0093,0.0011
2026-09-22,Lucknow,normal,1.2,0.0,0.0,0.0,0.0,0.5,0.047,0.0003,0.0
2026-09-22,Patna,normal,1.3,0.4,1.2,1.2,1.2,1.19,0.0611,0.0005,0.0
2026-09-22,Varanasi,normal,0.9,0.0,0.0,0.0,0.0,1.25,0.047,0.0003,0.0
2026-09-22,Delhi,normal,0.0,0.0,0.0,0.0,0.0,0.5,0.047,0.0003,0.0
2026-09-22,Kanpur,normal,1.1,0.0,0.0,0.0,0.0,0.5,0.047,0.0003,0.0
2026-09-22,Ranchi,normal,4.6,7.0,10.0,9.7,9.7,5.5,0.2147,0.0042,0.0004
2026-09-22,Jodhpur,normal,0.0,0.0,0.0,0.0,0.0,0.16,0.047,0.0003,0.0
2026-09-22,Bikaner,normal,0.0,0.0,0.0,0.0,0.0,0.16,0.047,0.0003,0.0
2026-09-22,Jaisalmer,normal,0.0,0.0,0.0,0.0,0.0,0.16,0.047,0.0003,0.0
2026-09-22,Hyderabad,normal,0.5,10.6,14.0,13.42,13.42,6.74,0.2708,0.0066,0.0007
2026-09-22,Bengaluru,normal,5.1,0.0,0.0,0.0,0.0,1.8,0.047,0.0003,0.0
2026-09-22,Pune,normal,7.1,0.4,1.2,1.2,1.2,2.97,0.0611,0.0005,0.0
2026-09-22,Kurnool,normal,2.1,22.2,25.9,24.9,24.9,7.29,0.3965,0.0154,0.002
2026-09-22,Madurai,normal,0.8,0.0,0.0,0.0,0.0,1.14,0.047,0.0003,0.0
2026-09-23,Nagpur,normal,5.1,12.9,16.4,16.0,16.0,6.49,0.3011,0.0083,0.001
2026-09-23,Bhopal,normal,1.9,0.0,0.0,0.0,0.0,1.35,0.047,0.0003,0.0
2026-09-23,Raipur,normal,23.0,8.9,12.1,12.0,12.0,5.86,0.2458,0.0055,0.0006
2026-09-23,Jabalpur,normal,2.8,0.9,2.0,2.1,2.1,2.44,0.0773,0.0007,0.0001
2026-09-23,Akola,normal,1.2,4.0,6.3,6.39,6.39,4.4,0.1566,0.0024,0.0002
2026-09-23,Amravati,normal,3.0,2.6,4.5,4.7,4.7,3.74,0.1241,0.0016,0.0001
2026-09-23,Aurangabad,normal,0.7,11.5,15.0,14.62,14.62,7.1,0.2831,0.0073,0.0008
2026-09-23,Bhubaneswar,normal,33.5,7.0,10.0,9.7,0.0,5.63,0.2147,0.0042,0.0004
2026-09-23,Mumbai,coastal,1.8,20.7,24.6,27.3,27.3,8.63,0.5138,0.0364,0.002
2026-09-23,Thiruvananthapuram,coastal,4.9,1.3,2.7,4.21,4.21,2.64,0.1427,0.0024,0.0001
2026-09-23,Kochi,coastal,1.8,4.2,6.6,9.4,9.4,4.36,0.2458,0.0065,0.0002
2026-09-23,Mangaluru,coastal,2.2,4.6,7.1,9.9,9.9,5.03,0.2573,0.0071,0.0003
2026-09-23,Panaji,coastal,20.3,12.8,16.2,18.4,18.4,8.15,0.4213,0.0213,0.001
2026-09-23,Chennai,coastal,3.7,0.2,0.8,1.7,1.7,2.11,0.0888,0.0011,0.0
2026-09-23,Visakhapatnam,coastal,54.6,1.8,3.4,5.2,0.0,4.2,0.1637,0.0031,0.0001
2026-09-23,Puri,coastal,34.9,9.3,12.5,15.0,0.0,8.93,0.3639,0.0149,0.0007
2026-09-23,Kolkata,coastal,28.0,3.9,6.2,9.0,9.0,4.2,0.2369,0.0061,0.0002
2026-09-23,Surat,coastal,2.9,1.5,3.0,4.6,4.6,3.06,0.1514,0.0027,0.0001
2026-09-23,Mahabaleshwar,orographic,2.9,4.5,7.0,5.4,5.4,5.45,0.2141,0.0119,0.0015
2026-09-23,Munnar,orographic,11.0,0.0,0.0,0.0,0.0,1.26,0.0627,0.0015,0.0001
2026-09-23,Madikeri,orographic,2.0,2.3,4.1,2.8,2.8,3.45,0.1517,0.0064,0.0007
2026-09-23,Ooty,orographic,0.0,0.0,0.0,0.0,0.0,0.88,0.0627,0.0015,0.0001
2026-09-23,Lonavala,orographic,10.0,10.5,13.9,13.8,13.8,10.39,0.3333,0.0289,0.0044
2026-09-23,Wayanad,orographic,0.0,0.1,0.6,0.1,0.1,1.61,0.0675,0.0017,0.0001
2026-09-23,Shimla,orographic,0.7,0.0,0.0,0.0,0.0,0.0,0.0627,0.0015,0.0001
2026-09-23,Dehradun,orographic,0.1,0.0,0.0,0.0,0.0,0.0,0.0627,0.0015,0.0001
2026-09-23,Srinagar,orographic,0.2,2.3,4.1,2.8,2.8,1.36,0.1517,0.0064,0.0007
2026-09-23,Gangtok,orographic,26.0,3.8,6.0,4.5,4.5,2.8,0.1958,0.0101,0.0012
2026-09-23,Guwahati,orographic,8.8,0.4,1.2,0.4,0.4,1.1,0.0811,0.0022,0.0002
2026-09-23,Cherrapunji,orographic,14.2,20.9,24.8,28.86,28.86,3.99,0.4594,0.0614,0.0114
2026-09-23,Imphal,orographic,18.4,4.8,7.4,5.8,5.8,2.74,0.2215,0.0127,0.0016
2026-09-23,Agartala,orographic,8.7,20.8,24.7,28.8,28.8,4.14,0.4585,0.0611,0.0113
2026-09-23,Lucknow,normal,15.5,0.0,0.0,0.0,0.0,0.31,0.047,0.0003,0.0
2026-09-23,Patna,normal,9.2,2.9,4.9,5.0,5.0,2.75,0.1314,0.0018,0.0001
2026-09-23,Varanasi,normal,6.3,5.6,8.3,8.33,8.33,3.68,0.1892,0.0033,0.0003
2026-09-23,Delhi,normal,0.0,0.0,0.0,0.0,0.0,0.31,0.047,0.0003,0.0
2026-09-23,Kanpur,normal,17.3,0.0,0.0,0.0,0.0,0.31,0.047,0.0003,0.0
2026-09-23,Ranchi,normal,22.1,9.5,12.7,12.6,12.6,5.99,0.2549,0.0059,0.0006
2026-09-23,Jodhpur,normal,0.0,0.0,0.0,0.0,0.0,0.0,0.047,0.0003,0.0
2026-09-23,Bikaner,normal,0.0,0.0,0.0,0.0,0.0,0.0,0.047,0.0003,0.0
2026-09-23,Jaisalmer,normal,0.0,0.0,0.0,0.0,0.0,0.0,0.047,0.0003,0.0
2026-09-23,Hyderabad,normal,5.0,39.6,46.65,43.8,43.8,8.94,0.5102,0.0301,0.0046
2026-09-23,Bengaluru,normal,1.3,0.0,0.0,0.0,0.0,0.44,0.047,0.0003,0.0
2026-09-23,Pune,normal,2.8,3.7,5.9,6.0,6.0,2.75,0.15,0.0022,0.0002
2026-09-23,Kurnool,normal,12.5,32.0,37.46,34.11,34.11,7.67,0.4676,0.0235,0.0034
2026-09-23,Madurai,normal,0.0,0.0,0.0,0.0,0.0,0.44,0.047,0.0003,0.0
2026-09-24,Nagpur,normal,0.6,10.5,13.9,13.3,13.3,7.33,0.2694,0.0066,0.0007
2026-09-24,Bhopal,normal,2.2,0.0,0.0,0.0,0.0,0.68,0.047,0.0003,0.0
2026-09-24,Raipur,normal,41.1,16.7,20.4,20.0,3.59,8.07,0.3446,0.0111,0.0014
2026-09-24,Jabalpur,normal,9.1,4.0,6.3,6.39,6.39,3.93,0.1566,0.0024,0.0002
2026-09-24,Akola,normal,1.5,0.0,0.0,0.0,0.0,1.59,0.047,0.0003,0.0
2026-09-24,Amravati,normal,3.3,0.5,1.4,1.4,1.4,2.49,0.0645,0.0005,0.0
2026-09-24,Aurangabad,normal,0.0,0.0,0.0,0.0,0.0,1.81,0.047,0.0003,0.0
2026-09-24,Bhubaneswar,normal,51.8,14.1,17.7,17.3,1.7,7.7,0.3157,0.0092,0.0011
2026-09-24,Mumbai,coastal,3.3,11.3,14.8,17.0,17.0,9.77,0.3984,0.0185,0.0009
2026-09-24,Thiruvananthapuram,coastal,10.1,6.6,9.5,11.9,11.9,6.23,0.3082,0.0103,0.0004
2026-09-24,Kochi,coastal,1.3,2.5,4.3,6.7,6.7,4.46,0.1905,0.004,0.0001
2026-09-24,Mangaluru,coastal,17.3,10.7,14.1,16.37,16.37,9.78,0.3886,0.0174,0.0008
2026-09-24,Panaji,coastal,22.4,26.2,30.8,35.7,35.7,12.76,0.56,0.0475,0.0027
2026-09-24,Chennai,coastal,0.0,0.0,0.0,0.0,0.0,1.39,0.0774,0.0009,0.0
2026-09-24,Visakhapatnam,coastal,78.8,10.5,13.9,16.2,0.0,8.59,0.3852,0.0171,0.0008
2026-09-24,Puri,coastal,61.2,25.7,30.1,35.36,10.67,12.82,0.5562,0.0465,0.0027
2026-09-24,Kolkata,coastal,37.3,42.9,51.0,64.71,31.43,16.75,0.6537,0.0823,0.0055
2026-09-24,Surat,coastal,0.0,0.1,0.6,1.3,1.3,2.49,0.0832,0.001,0.0
2026-09-24,Mahabaleshwar,orographic,5.4,2.2,3.9,2.5,2.5,5.15,0.1485,0.0062,0.0007
2026-09-24,Munnar,orographic,4.7,1.2,2.5,1.3,1.3,2.62,0.1136,0.0039,0.0004
2026-09-24,Madikeri,orographic,11.4,1.2,2.5,1.3,1.3,3.17,0.1136,0.0039,0.0004
2026-09-24,Ooty,orographic,0.0,0.0,0.0,0.0,0.0,1.03,0.0627,0.0015,0.0001
2026-09-24,Lonavala,orographic,5.0,4.2,6.6,5.0,5.0,6.46,0.2064,0.0111,0.0014
2026-09-24,Wayanad,orographic,0.3,0.0,0.0,0.0,0.0,1.27,0.0627,0.0015,0.0001
2026-09-24,Shimla,orographic,0.3,0.0,0.0,0.0,0.0,0.21,0.0627,0.0015,0.0001
2026-09-24,Dehradun,orographic,1.7,0.0,0.0,0.0,0.0,0.21,0.0627,0.0015,0.0001
2026-09-24,Srinagar,orographic,0.0,1.0,2.2,1.1,1.1,1.47,0.1059,0.0035,0.0003
2026-09-24,Gangtok,orographic,40.3,18.7,22.6,24.91,24.91,5.44,0.4378,0.0543,0.0097
2026-09-24,Guwahati,orographic,4.1,47.3,57.5,76.1,76.1,7.45,0.6197,0.1471,0.0355
2026-09-24,Cherrapunji,orographic,1.0,39.1,46.2,59.81,59.81,9.15,0.583,0.1207,0.0272
2026-09-24,Imphal,orographic,0.3,9.2,12.4,11.7,11.7,5.32,0.3118,0.025,0.0037
2026-09-24,Agartala,orographic,3.2,3.4,5.5,4.0,4.0,3.47,0.1848,0.0091,0.0011
2026-09-24,Lucknow,normal,2.1,2.4,4.2,4.5,4.5,2.66,0.1191,0.0015,0.0001
2026-09-24,Patna,normal,34.2,9.2,12.4,12.2,12.2,6.06,0.2504,0.0057,0.0006
2026-09-24,Varanasi,normal,23.3,5.4,8.1,8.1,8.1,5.56,0.1854,0.0032,0.0003
2026-09-24,Delhi,normal,0.0,0.0,0.0,0.0,0.0,0.43,0.047,0.0003,0.0
2026-09-24,Kanpur,normal,1.0,5.3,8.0,8.03,8.03,4.13,0.1834,0.0032,0.0003
2026-09-24,Ranchi,normal,32.7,43.8,52.15,47.62,47.62,10.56,0.5304,0.0339,0.0053
2026-09-24,Jodhpur,normal,0.0,0.0,0.0,0.0,0.0,0.2,0.047,0.0003,0.0
2026-09-24,Bikaner,normal,0.0,0.0,0.0,0.0,0.0,0.2,0.047,0.0003,0.0
2026-09-24,Jaisalmer,normal,0.0,0.0,0.0,0.0,0.0,0.2,0.047,0.0003,0.0
2026-09-24,Hyderabad,normal,7.3,87.6,89.5,80.0,80.0,11.32,0.6644,0.0748,0.0144
2026-09-24,Bengaluru,normal,1.6,0.0,0.0,0.0,0.0,0.55,0.047,0.0003,0.0
2026-09-24,Pune,normal,2.2,5.8,8.5,8.5,8.5,4.82,0.193,0.0035,0.0003
2026-09-24,Kurnool,normal,2.6,30.1,35.4,31.81,31.81,7.62,0.4554,0.0219,0.0031
2026-09-24,Madurai,normal,0.0,0.0,0.0,0.0,0.0,0.55,0.047,0.0003,0.0
2026-09-25,Nagpur,normal,11.7,10.6,14.0,13.42,14.12,7.42,0.2708,0.0066,0.0007
2026-09-25,Bhopal,normal,3.2,0.1,0.6,0.6,0.88,1.29,0.0507,0.0004,0.0
2026-09-25,Raipur,normal,121.1,18.2,22.1,21.4,4.57,8.08,0.3599,0.0123,0.0015
2026-09-25,Jabalpur,normal,41.4,2.8,4.7,4.9,5.2,3.77,0.129,0.0017,0.0001
2026-09-25,Akola,normal,0.1,2.4,4.2,4.5,4.9,2.76,0.1191,0.0015,0.0001
2026-09-25,Amravati,normal,0.1,9.6,12.8,12.7,12.93,5.3,0.2564,0.006,0.0006
2026-09-25,Aurangabad,normal,0.2,0.0,0.0,0.0,0.0,0.6,0.047,0.0003,0.0
2026-09-25,Bhubaneswar,normal,34.2,11.3,14.8,14.4,0.2,7.42,0.2804,0.0071,0.0008
2026-09-25,Mumbai,coastal,5.0,5.2,7.9,10.5,10.5,7.9,0.2736,0.0081,0.0003
2026-09-25,Thiruvananthapuram,coastal,4.2,2.5,4.3,6.7,6.7,4.89,0.1905,0.004,0.0001
2026-09-25,Kochi,coastal,0.2,6.6,9.4,11.73,11.73,7.3,0.3082,0.0103,0.0004
2026-09-25,Mangaluru,coastal,19.4,20.8,24.7,27.31,27.31,11.48,0.5147,0.0366,0.002
2026-09-25,Panaji,coastal,8.1,20.5,24.3,27.01,27.01,11.66,0.5119,0.0361,0.0019
2026-09-25,Chennai,coastal,1.5,2.7,4.6,7.0,7.0,3.81,0.1976,0.0043,0.0001
2026-09-25,Visakhapatnam,coastal,18.1,2.5,4.3,6.7,6.7,4.9,0.1905,0.004,0.0001
2026-09-25,Puri,coastal,48.6,15.1,18.7,21.83,2.39,10.21,0.4525,0.0256,0.0013
2026-09-25,Kolkata,coastal,22.1,20.7,24.6,27.3,27.3,11.87,0.5138,0.0364,0.002
2026-09-25,Surat,coastal,0.0,0.1,0.6,1.3,1.3,2.21,0.0832,0.001,0.0
2026-09-25,Mahabaleshwar,orographic,2.0,0.5,1.4,0.5,0.5,2.57,0.0855,0.0024,0.0002
2026-09-25,Munnar,orographic,2.8,0.9,2.0,1.0,1.0,2.94,0.102,0.0033,0.0003
2026-09-25,Madikeri,orographic,22.0,5.1,7.7,6.2,6.2,6.6,0.2288,0.0135,0.0018
2026-09-25,Ooty,orographic,2.5,0.0,0.0,0.0,0.0,0.96,0.0627,0.0015,0.0001
2026-09-25,Lonavala,orographic,2.8,3.1,5.1,3.6,3.6,4.56,0.1762,0.0083,0.001
2026-09-25,Wayanad,orographic,7.1,0.9,2.0,1.0,1.0,2.65,0.102,0.0033,0.0003
2026-09-25,Shimla,orographic,2.1,0.0,0.0,0.0,0.0,0.11,0.0627,0.0015,0.0001
2026-09-25,Dehradun,orographic,3.6,0.9,2.0,1.0,1.0,0.98,0.102,0.0033,0.0003
2026-09-25,Srinagar,orographic,0.0,2.1,3.8,2.4,2.4,1.72,0.1452,0.0059,0.0006
2026-09-25,Gangtok,orographic,21.3,37.6,44.7,57.72,57.72,8.89,0.5754,0.1159,0.0258
2026-09-25,Guwahati,orographic,1.7,21.2,25.0,29.1,29.1,6.92,0.4622,0.0624,0.0116
2026-09-25,Cherrapunji,orographic,2.3,3.4,5.5,4.0,4.0,3.41,0.1848,0.0091,0.0011
2026-09-25,Imphal,orographic,0.4,11.9,15.3,15.3,15.3,5.06,0.3547,0.0331,0.0052
2026-09-25,Agartala,orographic,0.9,15.0,18.7,19.4,19.4,4.13,0.3962,0.0426,0.0072
2026-09-25,Lucknow,normal,93.8,1.4,2.8,2.9,3.2,2.33,0.0921,0.001,0.0001
2026-09-25,Patna,normal,12.8,58.6,66.2,58.61,72.05,12.03,0.5882,0.0474,0.0081
2026-09-25,Varanasi,normal,15.7,9.8,13.0,12.7,13.03,6.38,0.2593,0.0061,0.0007
2026-09-25,Delhi,normal,0.0,0.0,0.0,0.0,0.0,0.33,0.047,0.0003,0.0
2026-09-25,Kanpur,normal,86.6,1.0,2.2,2.3,2.5,2.72,0.0803,0.0008,0.0001
2026-09-25,Ranchi,normal,34.4,16.5,20.1,19.8,18.53,6.7,0.3425,0.011,0.0013
2026-09-25,Jodhpur,normal,0.0,0.0,0.0,0.0,0.0,0.0,0.047,0.0003,0.0
2026-09-25,Bikaner,normal,0.0,0.0,0.0,0.0,0.0,0.0,0.047,0.0003,0.0
2026-09-25,Jaisalmer,normal,0.0,0.0,0.0,0.0,0.0,0.0,0.047,0.0003,0.0
2026-09-25,Hyderabad,normal,0.0,30.3,35.5,32.2,33.58,9.31,0.4567,0.0221,0.0032
2026-09-25,Bengaluru,normal,6.7,1.0,2.2,2.3,2.5,2.08,0.0803,0.0008,0.0001
2026-09-25,Pune,normal,2.0,1.1,2.4,2.5,2.7,3.29,0.0833,0.0008,0.0001
2026-09-25,Kurnool,normal,0.2,5.3,8.0,8.0,7.5,5.09,0.1834,0.0032,0.0003
2026-09-25,Madurai,normal,0.0,0.0,0.0,0.0,0.0,0.48,0.047,0.0003,0.0
