date,district,regime,obs,raw,global_qm,regime_qm,regime_qm_oracle,regime_gbm,p_ge_15.6,p_ge_64.5,p_ge_115.6
2025-06-01,Nagpur,normal,0.0,0.0,0.0,0.0,0.0,0.54,0.0437,0.0002,0.0001
2025-06-01,Bhopal,normal,0.0,0.0,0.0,0.0,0.0,0.54,0.0437,0.0002,0.0001
2025-06-01,Raipur,normal,0.0,0.0,0.0,0.0,0.0,1.77,0.0437,0.0002,0.0001
2025-06-01,Jabalpur,normal,0.3,0.0,0.0,0.0,0.0,0.54,0.0437,0.0002,0.0001
2025-06-01,Akola,normal,0.0,0.0,0.0,0.0,0.0,0.54,0.0437,0.0002,0.0001
2025-06-01,Amravati,normal,0.0,0.0,0.0,0.0,0.0,0.54,0.0437,0.0002,0.0001
2025-06-01,Aurangabad,normal,0.1,0.0,0.0,0.0,0.0,0.54,0.0437,0.0002,0.0001
2025-06-01,Bhubaneswar,normal,0.0,0.0,0.0,0.0,0.0,3.58,0.0437,0.0002,0.0001
2025-06-01,Mumbai,coastal,11.1,2.0,3.9,5.6,5.6,3.58,0.1597,0.0027,0.0004
2025-06-01,Thiruvananthapuram,coastal,2.4,1.3,2.8,4.6,4.6,5.33,0.129,0.0019,0.0003
2025-06-01,Kochi,coastal,3.7,14.1,18.3,25.51,25.51,10.41,0.464,0.024,0.0027
2025-06-01,Mangaluru,depression,8.8,41.1,52.3,41.39,100.17,25.04,0.7339,0.1003,0.0033
2025-06-01,Panaji,coastal,17.1,33.2,40.4,80.21,80.21,21.7,0.6508,0.07,0.0073
2025-06-01,Chennai,coastal,0.0,0.0,0.0,0.0,0.0,0.93,0.0635,0.0006,0.0001
2025-06-01,Visakhapatnam,coastal,0.0,0.0,0.0,0.0,0.0,3.04,0.0635,0.0006,0.0001
2025-06-01,Puri,coastal,0.0,0.0,0.0,0.0,0.0,2.17,0.0635,0.0006,0.0001
2025-06-01,Kolkata,coastal,15.9,0.1,0.6,1.2,1.2,2.03,0.069,0.0007,0.0001
2025-06-01,Surat,coastal,0.2,0.4,1.2,2.02,2.02,2.79,0.0851,0.0009,0.0002
2025-06-01,Mahabaleshwar,orographic,9.9,2.0,3.9,2.5,2.5,4.81,0.1305,0.0052,0.0015
2025-06-01,Munnar,orographic,1.4,0.0,0.0,0.0,0.0,1.32,0.0508,0.0012,0.0004
2025-06-01,Madikeri,orographic,5.7,5.8,9.2,7.1,7.1,5.48,0.2444,0.0159,0.0039
2025-06-01,Ooty,orographic,1.3,0.0,0.0,0.0,0.0,0.67,0.0508,0.0012,0.0004
2025-06-01,Lonavala,orographic,5.6,1.6,3.3,1.9,1.9,3.57,0.116,0.0043,0.0012
2025-06-01,Wayanad,orographic,1.6,0.1,0.6,0.1,0.1,1.01,0.0553,0.0013,0.0004
2025-06-01,Shimla,orographic,0.3,0.3,1.0,0.4,0.4,1.27,0.0641,0.0017,0.0005
2025-06-01,Dehradun,orographic,0.0,0.0,0.0,0.0,0.0,0.28,0.0508,0.0012,0.0004
2025-06-01,Srinagar,orographic,5.6,10.9,14.83,13.2,13.2,6.67,0.3535,0.0337,0.0077
2025-06-01,Gangtok,orographic,11.4,15.9,20.4,21.07,21.07,7.31,0.4318,0.0534,0.0117
2025-06-01,Guwahati,orographic,3.7,28.3,34.66,44.81,44.81,12.17,0.5601,0.107,0.0224
2025-06-01,Cherrapunji,orographic,31.0,38.2,48.3,60.6,60.6,15.56,0.6259,0.1516,0.0315
2025-06-01,Imphal,orographic,14.0,19.2,24.0,26.9,26.9,10.0,0.4732,0.0672,0.0144
2025-06-01,Agartala,orographic,9.9,11.7,15.6,14.2,14.2,8.93,0.3676,0.0367,0.0083
2025-06-01,Lucknow,normal,0.0,0.0,0.0,0.0,0.0,0.48,0.0437,0.0002,0.0001
2025-06-01,Patna,normal,0.0,0.0,0.0,0.0,0.0,0.85,0.0437,0.0002,0.0001
2025-06-01,Varanasi,normal,0.7,0.1,0.6,0.5,0.8,0.94,0.0476,0.0002,0.0001
2025-06-01,Delhi,normal,4.2,0.1,0.6,0.5,0.8,0.94,0.0476,0.0002,0.0001
2025-06-01,Kanpur,normal,0.0,0.6,1.6,1.5,2.1,1.65,0.0663,0.0003,0.0001
2025-06-01,Ranchi,normal,0.1,0.0,0.0,0.0,0.0,0.85,0.0437,0.0002,0.0001
2025-06-01,Jodhpur,normal,0.0,0.0,0.0,0.0,0.0,0.0,0.0437,0.0002,0.0001
2025-06-01,Bikaner,normal,0.0,0.0,0.0,0.0,0.0,0.0,0.0437,0.0002,0.0001
2025-06-01,Jaisalmer,normal,0.0,0.0,0.0,0.0,0.0,0.0,0.0437,0.0002,0.0001
2025-06-01,Hyderabad,normal,0.2,0.0,0.0,0.0,0.0,2.01,0.0437,0.0002,0.0001
2025-06-01,Bengaluru,normal,0.0,0.0,0.0,0.0,0.0,0.71,0.0437,0.0002,0.0001
2025-06-01,Pune,normal,2.0,0.0,0.0,0.0,0.0,0.71,0.0437,0.0002,0.0001
2025-06-01,Kurnool,normal,0.0,0.0,0.0,0.0,0.0,1.38,0.0437,0.0002,0.0001
2025-06-01,Madurai,normal,0.4,0.0,0.0,0.0,0.0,0.71,0.0437,0.0002,0.0001
2025-06-02,Nagpur,normal,1.0,0.0,0.0,0.0,0.0,0.54,0.0437,0.0002,0.0001
2025-06-02,Bhopal,normal,0.0,0.0,0.0,0.0,0.0,0.54,0.0437,0.0002,0.0001
2025-06-02,Raipur,normal,0.2,0.0,0.0,0.0,0.0,0.54,0.0437,0.0002,0.0001
2025-06-02,Jabalpur,normal,2.5,0.0,0.0,0.0,0.0,0.54,0.0437,0.0002,0.0001
2025-06-02,Akola,normal,0.0,0.0,0.0,0.0,0.0,0.54,0.0437,0.0002,0.0001
2025-06-02,Amravati,normal,0.1,0.0,0.0,0.0,0.0,0.54,0.0437,0.0002,0.0001
2025-06-02,Aurangabad,normal,0.3,0.0,0.0,0.0,0.0,0.54,0.0437,0.0002,0.0001
2025-06-02,Bhubaneswar,normal,0.0,0.0,0.0,0.0,0.0,0.54,0.0437,0.0002,0.0001
2025-06-02,Mumbai,coastal,8.8,2.6,4.9,6.7,6.7,4.97,0.184,0.0034,0.0005
2025-06-02,Thiruvananthapuram,coastal,1.7,4.7,7.9,10.6,10.6,6.63,0.2577,0.0064,0.0008
2025-06-02,Kochi,coastal,4.6,10.3,14.1,19.52,19.52,12.15,0.3974,0.0162,0.0019
2025-06-02,Mangaluru,depression,12.6,24.7,30.16,14.05,50.83,21.4,0.6345,0.0536,0.0019
2025-06-02,Panaji,depression,19.0,63.0,74.3,59.64,247.86,30.82,0.8034,0.1652,0.0055
2025-06-02,Chennai,coastal,0.3,0.0,0.0,0.0,0.0,0.93,0.0635,0.0006,0.0001
2025-06-02,Visakhapatnam,coastal,0.0,0.0,0.0,0.0,0.0,0.93,0.0635,0.0006,0.0001
2025-06-02,Puri,coastal,0.0,0.0,0.0,0.0,0.0,0.93,0.0635,0.0006,0.0001
2025-06-02,Kolkata,coastal,0.6,0.0,0.0,0.0,0.0,1.53,0.0635,0.0006,0.0001
2025-06-02,Surat,coastal,8.1,1.5,3.1,4.85,4.85,3.25,0.1381,0.0021,0.0003
2025-06-02,Mahabaleshwar,orographic,5.2,2.5,4.7,3.1,3.1,5.1,0.1478,0.0065,0.0018
2025-06-02,Munnar,orographic,3.8,0.0,0.0,0.0,0.0,0.67,0.0508,0.0012,0.0004
2025-06-02,Madikeri,orographic,6.5,3.3,5.9,3.9,3.9,8.94,0.1739,0.0086,0.0023
2025-06-02,Ooty,orographic,0.9,0.0,0.0,0.0,0.0,0.67,0.0508,0.0012,0.0004
2025-06-02,Lonavala,orographic,3.5,2.2,4.2,2.8,2.8,4.9,0.1376,0.0057,0.0016
2025-06-02,Wayanad,orographic,7.0,0.0,0.0,0.0,0.0,1.32,0.0508,0.0012,0.0004
2025-06-02,Shimla,orographic,6.6,1.7,3.4,2.0,2.0,1.33,0.1197,0.0045,0.0013
2025-06-02,Dehradun,orographic,0.0,0.8,2.0,1.1,1.1,0.57,0.0851,0.0026,0.0008
2025-06-02,Srinagar,orographic,1.7,0.1,0.6,0.1,0.1,1.63,0.0553,0.0013,0.0004
2025-06-02,Gangtok,orographic,14.0,15.6,19.9,20.5,20.5,7.31,0.4277,0.0521,0.0114
2025-06-02,Guwahati,orographic,0.4,17.0,21.4,23.1,23.1,10.12,0.4464,0.0579,0.0126
2025-06-02,Cherrapunji,orographic,9.9,29.2,35.4,46.11,46.11,16.9,0.5671,0.1111,0.0232
2025-06-02,Imphal,orographic,9.7,11.4,15.4,14.0,14.0,9.04,0.3624,0.0356,0.0081
2025-06-02,Agartala,orographic,3.6,5.3,8.7,6.6,6.6,6.43,0.2314,0.0144,0.0036
2025-06-02,Lucknow,normal,0.1,0.0,0.0,0.0,0.0,0.12,0.0437,0.0002,0.0001
2025-06-02,Patna,normal,0.0,0.0,0.0,0.0,0.0,0.12,0.0437,0.0002,0.0001
2025-06-02,Varanasi,normal,0.0,0.0,0.0,0.0,0.0,0.48,0.0437,0.0002,0.0001
2025-06-02,Delhi,normal,0.3,4.8,8.0,8.8,8.8,3.41,0.192,0.002,0.0005
2025-06-02,Kanpur,normal,0.0,0.4,1.2,1.1,1.1,1.74,0.0589,0.0003,0.0001
2025-06-02,Ranchi,normal,0.1,0.0,0.0,0.0,0.0,0.12,0.0437,0.0002,0.0001
2025-06-02,Jodhpur,normal,0.0,0.0,0.0,0.0,0.0,0.0,0.0437,0.0002,0.0001
2025-06-02,Bikaner,normal,0.0,0.5,1.4,1.3,1.3,0.65,0.0626,0.0003,0.0001
2025-06-02,Jaisalmer,normal,0.0,0.0,0.0,0.0,0.0,0.0,0.0437,0.0002,0.0001
2025-06-02,Hyderabad,normal,1.1,0.0,0.0,0.0,0.0,0.71,0.0437,0.0002,0.0001
2025-06-02,Bengaluru,normal,1.5,0.0,0.0,0.0,0.0,0.71,0.0437,0.0002,0.0001
2025-06-02,Pune,normal,0.0,0.1,0.6,0.5,0.5,0.99,0.0476,0.0002,0.0001
2025-06-02,Kurnool,normal,0.7,0.0,0.0,0.0,0.0,0.71,0.0437,0.0002,0.0001
2025-06-02,Madurai,normal,0.0,0.0,0.0,0.0,0.0,0.71,0.0437,0.0002,0.0001
2025-06-03,Nagpur,normal,0.0,0.0,0.0,0.0,0.0,0.54,0.0437,0.0002,0.0001
2025-06-03,Bhopal,normal,8.6,1.1,2.4,2.5,2.5,1.81,0.0839,0.0005,0.0001
2025-06-03,Raipur,normal,0.0,0.0,0.0,0.0,0.0,0.54,0.0437,0.0002,0.0001
2025-06-03,Jabalpur,normal,1.7,1.9,3.7,4.1,4.1,2.24,0.1103,0.0008,0.0002
2025-06-03,Akola,normal,0.0,0.0,0.0,0.0,0.0,0.54,0.0437,0.0002,0.0001
2025-06-03,Amravati,normal,0.0,0.0,0.0,0.0,0.0,0.54,0.0437,0.0002,0.0001
2025-06-03,Aurangabad,normal,0.0,0.0,0.0,0.0,0.0,0.54,0.0437,0.0002,0.0001
2025-06-03,Bhubaneswar,normal,2.8,0.0,0.0,0.0,0.0,0.54,0.0437,0.0002,0.0001
2025-06-03,Mumbai,coastal,12.8,0.4,1.2,2.02,2.02,3.63,0.0851,0.0009,0.0002
2025-06-03,Thiruvananthapuram,coastal,6.8,2.3,4.4,5.9,5.9,5.84,0.1721,0.003,0.0004
2025-06-03,Kochi,coastal,9.6,18.5,23.2,33.31,33.31,16.69,0.5239,0.0337,0.0037
2025-06-03,Mangaluru,depression,25.1,26.0,31.8,15.4,60.71,20.8,0.6452,0.0571,0.002
2025-06-03,Panaji,depression,11.7,63.1,74.3,59.64,248.25,34.15,0.8036,0.1655,0.0055
2025-06-03,Chennai,coastal,1.4,0.0,0.0,0.0,0.0,0.93,0.0635,0.0006,0.0001
2025-06-03,Visakhapatnam,coastal,0.1,0.0,0.0,0.0,0.0,0.93,0.0635,0.0006,0.0001
2025-06-03,Puri,coastal,0.3,0.0,0.0,0.0,0.0,0.93,0.0635,0.0006,0.0001
2025-06-03,Kolkata,coastal,0.2,0.0,0.0,0.0,0.0,0.93,0.0635,0.0006,0.0001
2025-06-03,Surat,coastal,3.0,0.7,1.9,3.0,3.0,3.79,0.1004,0.0012,0.0002
2025-06-03,Mahabaleshwar,orographic,6.5,1.7,3.4,2.0,2.0,5.01,0.1197,0.0045,0.0013
2025-06-03,Munnar,orographic,9.0,0.0,0.0,0.0,0.0,0.67,0.0508,0.0012,0.0004
2025-06-03,Madikeri,orographic,11.5,1.8,3.56,2.2,2.2,6.14,0.1234,0.0048,0.0014
2025-06-03,Ooty,orographic,1.1,0.2,0.8,0.2,0.2,1.43,0.0598,0.0015,0.0005
2025-06-03,Lonavala,orographic,3.1,0.7,1.9,0.9,0.9,4.03,0.081,0.0024,0.0007
2025-06-03,Wayanad,orographic,7.9,0.0,0.0,0.0,0.0,0.67,0.0508,0.0012,0.0004
2025-06-03,Shimla,orographic,19.1,13.4,17.7,17.13,17.13,5.24,0.3954,0.0433,0.0097
2025-06-03,Dehradun,orographic,0.0,0.7,1.8,0.9,0.9,1.09,0.081,0.0024,0.0007
2025-06-03,Srinagar,orographic,14.4,0.5,1.4,0.6,0.6,0.7,0.0727,0.002,0.0006
2025-06-03,Gangtok,orographic,44.4,8.1,11.6,9.6,9.6,5.95,0.2983,0.0236,0.0056
2025-06-03,Guwahati,orographic,0.6,3.9,6.7,4.76,4.76,6.59,0.1922,0.0102,0.0027
2025-06-03,Cherrapunji,orographic,5.7,41.8,52.81,68.7,68.7,18.26,0.645,0.1677,0.0349
2025-06-03,Imphal,orographic,0.6,5.1,8.39,6.2,6.2,6.43,0.2261,0.0137,0.0035
2025-06-03,Agartala,orographic,7.0,10.1,13.93,12.2,12.2,8.01,0.3388,0.0307,0.0071
2025-06-03,Lucknow,normal,0.4,0.1,0.6,0.5,0.5,0.46,0.0476,0.0002,0.0001
2025-06-03,Patna,normal,0.0,0.0,0.0,0.0,0.0,0.12,0.0437,0.0002,0.0001
2025-06-03,Varanasi,normal,7.0,0.7,1.8,1.7,1.7,1.21,0.0699,0.0004,0.0001
2025-06-03,Delhi,normal,0.0,1.2,2.7,2.85,2.85,3.09,0.0873,0.0005,0.0002
2025-06-03,Kanpur,normal,1.4,0.8,2.0,1.8,1.8,1.71,0.0735,0.0004,0.0001
2025-06-03,Ranchi,normal,13.1,0.3,1.0,0.9,0.9,0.79,0.0552,0.0003,0.0001
2025-06-03,Jodhpur,normal,0.0,1.3,2.8,3.0,3.0,1.05,0.0907,0.0006,0.0002
2025-06-03,Bikaner,normal,2.8,1.9,3.7,4.1,4.1,1.66,0.1103,0.0008,0.0002
2025-06-03,Jaisalmer,normal,0.0,0.0,0.0,0.0,0.0,0.0,0.0437,0.0002,0.0001
2025-06-03,Hyderabad,normal,0.2,0.0,0.0,0.0,0.0,0.71,0.0437,0.0002,0.0001
2025-06-03,Bengaluru,normal,1.8,0.0,0.0,0.0,0.0,0.71,0.0437,0.0002,0.0001
2025-06-03,Pune,normal,0.7,0.1,0.6,0.5,0.5,1.76,0.0476,0.0002,0.0001
2025-06-03,Kurnool,normal,0.3,2.3,4.4,4.84,4.84,2.78,0.1228,0.0009,0.0002
2025-06-03,Madurai,normal,0.2,0.0,0.0,0.0,0.0,0.71,0.0437,0.0002,0.0001
2025-06-04,Nagpur,normal,0.1,0.0,0.0,0.0,0.0,0.54,0.0437,0.0002,0.0001
2025-06-04,Bhopal,normal,0.1,0.9,2.2,2.1,2.1,2.79,0.077,0.0004,0.0001
2025-06-04,Raipur,normal,0.0,0.3,1.0,0.9,0.9,1.18,0.0552,0.0003,0.0001
2025-06-04,Jabalpur,normal,2.8,0.0,0.0,0.0,0.0,1.77,0.0437,0.0002,0.0001
2025-06-04,Akola,normal,0.0,0.0,0.0,0.0,0.0,0.54,0.0437,0.0002,0.0001
2025-06-04,Amravati,normal,0.1,0.0,0.0,0.0,0.0,0.54,0.0437,0.0002,0.0001
2025-06-04,Aurangabad,normal,0.2,0.0,0.0,0.0,0.0,0.54,0.0437,0.0002,0.0001
2025-06-04,Bhubaneswar,normal,0.2,0.1,0.6,0.5,0.5,0.79,0.0476,0.0002,0.0001
2025-06-04,Mumbai,coastal,4.5,0.0,0.0,0.0,0.0,1.54,0.0635,0.0006,0.0001
2025-06-04,Thiruvananthapuram,coastal,8.8,1.1,2.4,4.1,4.1,4.33,0.1197,0.0016,0.0003
2025-06-04,Kochi,coastal,17.1,7.5,10.8,14.67,14.67,10.75,0.3355,0.011,0.0014
2025-06-04,Mangaluru,depression,3.1,50.0,61.1,48.35,196.71,30.16,0.7675,0.1266,0.0042
2025-06-04,Panaji,depression,10.7,12.8,17.0,2.2,24.4,14.3,0.4921,0.0236,0.0009
2025-06-04,Chennai,coastal,2.3,1.0,2.3,3.9,3.9,2.3,0.115,0.0015,0.0002
2025-06-04,Visakhapatnam,coastal,0.2,0.1,0.6,1.2,1.2,1.32,0.069,0.0007,0.0001
2025-06-04,Puri,coastal,0.0,0.1,0.6,1.2,1.2,1.32,0.069,0.0007,0.0001
2025-06-04,Kolkata,coastal,3.9,2.8,5.1,7.14,7.14,3.54,0.1918,0.0037,0.0005
2025-06-04,Surat,coastal,0.3,0.0,0.0,0.0,0.0,1.76,0.0635,0.0006,0.0001
2025-06-04,Mahabaleshwar,orographic,10.5,1.0,2.3,1.2,1.2,4.03,0.0931,0.003,0.0009
2025-06-04,Munnar,orographic,10.9,1.9,3.7,2.4,2.4,2.95,0.127,0.005,0.0014
2025-06-04,Madikeri,orographic,2.1,0.4,1.2,0.4,0.4,3.82,0.0684,0.0018,0.0006
2025-06-04,Ooty,orographic,1.8,5.8,9.2,7.1,7.1,5.05,0.2444,0.0159,0.0039
2025-06-04,Lonavala,orographic,6.8,1.2,2.6,1.4,1.4,3.63,0.1009,0.0034,0.001
2025-06-04,Wayanad,orographic,1.2,3.3,5.9,3.9,3.9,4.72,0.1739,0.0086,0.0023
2025-06-04,Shimla,orographic,9.5,7.6,10.9,9.0,9.0,6.09,0.2874,0.0218,0.0052
2025-06-04,Dehradun,orographic,1.2,0.3,1.0,0.4,0.4,0.64,0.0641,0.0017,0.0005
2025-06-04,Srinagar,orographic,4.5,0.4,1.2,0.4,0.4,0.79,0.0684,0.0018,0.0006
2025-06-04,Gangtok,orographic,28.8,3.6,6.2,4.3,4.3,4.54,0.1831,0.0094,0.0025
2025-06-04,Guwahati,orographic,13.8,6.1,9.5,7.4,7.4,5.69,0.252,0.0169,0.0041
2025-06-04,Cherrapunji,orographic,9.7,90.1,98.0,127.85,127.85,27.91,0.7868,0.3622,0.0824
2025-06-04,Imphal,orographic,10.4,4.1,6.9,4.8,4.8,5.53,0.1981,0.0108,0.0028
2025-06-04,Agartala,orographic,5.6,6.8,10.3,8.2,8.2,7.96,0.269,0.0192,0.0046
2025-06-04,Lucknow,normal,0.0,0.5,1.4,1.3,1.3,1.6,0.0626,0.0003,0.0001
2025-06-04,Patna,normal,1.2,0.1,0.6,0.5,0.5,0.46,0.0476,0.0002,0.0001
2025-06-04,Varanasi,normal,4.3,0.5,1.4,1.3,1.3,1.93,0.0626,0.0003,0.0001
2025-06-04,Delhi,normal,0.3,2.8,5.1,5.8,5.8,3.1,0.1378,0.0011,0.0003
2025-06-04,Kanpur,normal,0.0,1.6,3.3,3.4,3.4,2.58,0.1007,0.0007,0.0002
2025-06-04,Ranchi,normal,1.4,0.2,0.8,0.7,0.7,1.19,0.0514,0.0002,0.0001
2025-06-04,Jodhpur,normal,0.0,0.0,0.0,0.0,0.0,0.71,0.0437,0.0002,0.0001
2025-06-04,Bikaner,normal,0.0,3.9,6.7,7.58,7.58,4.38,0.1686,0.0016,0.0004
2025-06-04,Jaisalmer,normal,0.0,0.0,0.0,0.0,0.0,0.0,0.0437,0.0002,0.0001
2025-06-04,Hyderabad,normal,0.1,0.4,1.2,1.1,1.1,1.81,0.0589,0.0003,0.0001
2025-06-04,Bengaluru,normal,0.5,0.3,1.0,0.9,0.9,1.45,0.0552,0.0003,0.0001
2025-06-04,Pune,normal,2.1,0.0,0.0,0.0,0.0,1.37,0.0437,0.0002,0.0001
2025-06-04,Kurnool,normal,0.0,0.0,0.0,0.0,0.0,2.01,0.0437,0.0002,0.0001
2025-06-04,Madurai,normal,0.8,0.2,0.8,0.7,0.7,1.4,0.0514,0.0002,0.0001
2025-06-05,Nagpur,normal,0.1,1.5,3.1,3.3,3.3,1.84,0.0974,0.0006,0.0002
2025-06-05,Bhopal,normal,0.0,0.5,1.4,1.3,1.3,2.86,0.0626,0.0003,0.0001
2025-06-05,Raipur,normal,0.6,0.4,1.2,1.1,1.1,2.17,0.0589,0.0003,0.0001
2025-06-05,Jabalpur,normal,0.0,0.0,0.0,0.0,0.0,0.53,0.0437,0.0002,0.0001
2025-06-05,Akola,normal,0.0,3.2,5.7,6.4,6.4,2.53,0.1493,0.0013,0.0003
2025-06-05,Amravati,normal,0.0,0.7,1.8,1.7,1.7,1.56,0.0699,0.0004,0.0001
2025-06-05,Aurangabad,normal,1.0,1.1,2.4,2.5,2.5,1.84,0.0839,0.0005,0.0001
2025-06-05,Bhubaneswar,normal,4.3,0.1,0.6,0.5,0.5,1.47,0.0476,0.0002,0.0001
2025-06-05,Mumbai,coastal,1.6,0.0,0.0,0.0,0.0,0.91,0.0635,0.0006,0.0001
2025-06-05,Thiruvananthapuram,coastal,0.3,0.0,0.0,0.0,0.0,1.77,0.0635,0.0006,0.0001
2025-06-05,Kochi,coastal,1.1,0.3,1.0,1.8,1.8,4.36,0.0798,0.0008,0.0001
2025-06-05,Mangaluru,coastal,0.4,0.0,0.0,0.0,0.0,4.24,0.0635,0.0006,0.0001
2025-06-05,Panaji,coastal,3.0,0.1,0.6,1.2,1.2,4.0,0.069,0.0007,0.0001
2025-06-05,Chennai,coastal,0.3,1.5,3.1,4.85,4.85,4.05,0.1381,0.0021,0.0003
2025-06-05,Visakhapatnam,coastal,1.2,0.0,0.0,0.0,0.0,1.5,0.0635,0.0006,0.0001
2025-06-05,Puri,coastal,6.2,0.0,0.0,0.0,0.0,1.5,0.0635,0.0006,0.0001
2025-06-05,Kolkata,coastal,5.3,5.1,8.39,11.2,11.2,7.31,0.27,0.007,0.0009
2025-06-05,Surat,coastal,0.0,0.2,0.8,1.53,1.53,1.81,0.0745,0.0008,0.0001
2025-06-05,Mahabaleshwar,orographic,1.4,0.0,0.0,0.0,0.0,1.75,0.0508,0.0012,0.0004
2025-06-05,Munnar,orographic,0.0,4.5,7.5,5.3,5.3,7.73,0.2096,0.0119,0.0031
2025-06-05,Madikeri,orographic,0.3,0.0,0.0,0.0,0.0,1.36,0.0508,0.0012,0.0004
2025-06-05,Ooty,orographic,2.6,0.2,0.8,0.2,0.2,4.26,0.0598,0.0015,0.0005
2025-06-05,Lonavala,orographic,6.2,2.0,3.9,2.5,2.5,4.81,0.1305,0.0052,0.0015
2025-06-05,Wayanad,orographic,0.6,0.0,0.0,0.0,0.0,3.22,0.0508,0.0012,0.0004
2025-06-05,Shimla,orographic,1.7,3.1,5.5,3.6,3.6,3.86,0.1675,0.008,0.0021
2025-06-05,Dehradun,orographic,0.0,0.8,2.0,1.1,1.1,0.74,0.0851,0.0026,0.0008
2025-06-05,Srinagar,orographic,0.0,1.2,2.6,1.4,1.4,1.04,0.1009,0.0034,0.001
2025-06-05,Gangtok,orographic,6.6,6.5,10.0,7.95,7.95,5.65,0.2618,0.0182,0.0044
2025-06-05,Guwahati,orographic,32.7,9.2,12.8,10.54,10.54,8.27,0.3212,0.0274,0.0064
2025-06-05,Cherrapunji,orographic,5.0,18.0,22.6,24.8,24.8,12.91,0.4589,0.0621,0.0134
2025-06-05,Imphal,orographic,4.9,11.9,15.8,14.3,14.3,8.4,0.371,0.0375,0.0085
2025-06-05,Agartala,orographic,36.6,13.0,17.2,16.3,16.3,8.92,0.3891,0.0417,0.0093
2025-06-05,Lucknow,normal,0.0,0.3,1.0,0.9,0.9,1.42,0.0552,0.0003,0.0001
2025-06-05,Patna,normal,0.0,0.0,0.0,0.0,0.0,0.47,0.0437,0.0002,0.0001
2025-06-05,Varanasi,normal,0.9,1.1,2.4,2.5,2.5,2.26,0.0839,0.0005,0.0001
2025-06-05,Delhi,normal,0.0,0.4,1.2,1.1,1.1,2.41,0.0589,0.0003,0.0001
2025-06-05,Kanpur,normal,0.9,1.1,2.4,2.5,2.5,2.86,0.0839,0.0005,0.0001
2025-06-05,Ranchi,normal,0.0,0.7,1.8,1.7,1.7,1.68,0.0699,0.0004,0.0001
2025-06-05,Jodhpur,normal,0.0,0.2,0.8,0.7,0.7,0.3,0.0514,0.0002,0.0001
2025-06-05,Bikaner,normal,0.0,0.0,0.0,0.0,0.0,1.26,0.0437,0.0002,0.0001
2025-06-05,Jaisalmer,normal,0.0,0.0,0.0,0.0,0.0,0.0,0.0437,0.0002,0.0001
2025-06-05,Hyderabad,normal,0.7,0.2,0.8,0.7,0.7,2.24,0.0514,0.0002,0.0001
2025-06-05,Bengaluru,normal,0.0,0.0,0.0,0.0,0.0,1.35,0.0437,0.0002,0.0001
2025-06-05,Pune,normal,1.1,0.0,0.0,0.0,0.0,0.69,0.0437,0.0002,0.0001
2025-06-05,Kurnool,normal,0.0,0.0,0.0,0.0,0.0,0.69,0.0437,0.0002,0.0001
2025-06-05,Madurai,normal,0.1,0.0,0.0,0.0,0.0,1.35,0.0437,0.0002,0.0001
2025-06-06,Nagpur,normal,0.0,0.0,0.0,0.0,0.0,1.79,0.0437,0.0002,0.0001
2025-06-06,Bhopal,normal,0.0,0.1,0.6,0.5,0.5,1.61,0.0476,0.0002,0.0001
2025-06-06,Raipur,normal,0.0,0.1,0.6,0.5,0.5,1.53,0.0476,0.0002,0.0001
2025-06-06,Jabalpur,normal,0.0,0.0,0.0,0.0,0.0,0.53,0.0437,0.0002,0.0001
2025-06-06,Akola,normal,0.0,0.8,1.9,1.71,1.71,3.31,0.0735,0.0004,0.0001
2025-06-06,Amravati,normal,0.0,0.5,1.4,1.3,1.3,2.67,0.0626,0.0003,0.0001
2025-06-06,Aurangabad,normal,0.3,3.8,6.5,7.43,7.43,3.95,0.1659,0.0016,0.0004
2025-06-06,Bhubaneswar,normal,3.5,0.8,2.0,1.8,1.8,2.21,0.0735,0.0004,0.0001
2025-06-06,Mumbai,coastal,4.7,0.1,0.6,1.2,1.2,1.29,0.069,0.0007,0.0001
2025-06-06,Thiruvananthapuram,coastal,0.6,0.0,0.0,0.0,0.0,0.91,0.0635,0.0006,0.0001
2025-06-06,Kochi,coastal,0.9,0.8,2.0,3.4,3.4,2.96,0.1053,0.0013,0.0002
2025-06-06,Mangaluru,coastal,0.8,0.0,0.0,0.0,0.0,0.91,0.0635,0.0006,0.0001
2025-06-06,Panaji,coastal,0.0,0.0,0.0,0.0,0.0,1.5,0.0635,0.0006,0.0001
2025-06-06,Chennai,coastal,1.6,0.0,0.0,0.0,0.0,2.2,0.0635,0.0006,0.0001
2025-06-06,Visakhapatnam,coastal,0.1,0.0,0.0,0.0,0.0,0.91,0.0635,0.0006,0.0001
2025-06-06,Puri,coastal,5.0,0.0,0.0,0.0,0.0,0.91,0.0635,0.0006,0.0001
2025-06-06,Kolkata,coastal,9.7,0.4,1.2,2.02,2.02,4.67,0.0851,0.0009,0.0002
2025-06-06,Surat,coastal,0.0,0.0,0.0,0.0,0.0,1.5,0.0635,0.0006,0.0001
2025-06-06,Mahabaleshwar,orographic,4.0,6.0,9.4,7.3,7.3,4.87,0.2495,0.0166,0.0041
2025-06-06,Munnar,orographic,1.6,4.0,6.8,4.8,4.8,9.23,0.1951,0.0105,0.0027
2025-06-06,Madikeri,orographic,0.1,0.0,0.0,0.0,0.0,0.66,0.0508,0.0012,0.0004
2025-06-06,Ooty,orographic,5.5,1.6,3.3,1.9,1.9,3.07,0.116,0.0043,0.0012
2025-06-06,Lonavala,orographic,12.9,2.2,4.2,2.8,2.8,5.28,0.1376,0.0057,0.0016
2025-06-06,Wayanad,orographic,0.2,0.0,0.0,0.0,0.0,0.66,0.0508,0.0012,0.0004
2025-06-06,Shimla,orographic,0.0,0.0,0.0,0.0,0.0,0.67,0.0508,0.0012,0.0004
2025-06-06,Dehradun,orographic,0.0,0.0,0.0,0.0,0.0,0.43,0.0508,0.0012,0.0004
2025-06-06,Srinagar,orographic,0.0,0.0,0.0,0.0,0.0,0.59,0.0508,0.0012,0.0004
2025-06-06,Gangtok,orographic,6.2,1.2,2.6,1.4,1.4,2.13,0.1009,0.0034,0.001
2025-06-06,Guwahati,orographic,4.8,1.2,2.7,1.5,1.5,4.36,0.1009,0.0034,0.001
2025-06-06,Cherrapunji,orographic,3.4,11.8,15.7,14.3,14.3,9.34,0.3693,0.0371,0.0084
2025-06-06,Imphal,orographic,5.9,0.4,1.2,0.4,0.4,3.94,0.0684,0.0018,0.0006
2025-06-06,Agartala,orographic,7.0,10.5,14.4,12.78,12.78,9.09,0.3462,0.0322,0.0074
2025-06-06,Lucknow,normal,0.0,0.0,0.0,0.0,0.0,0.46,0.0437,0.0002,0.0001
2025-06-06,Patna,normal,1.1,0.0,0.0,0.0,0.0,0.11,0.0437,0.0002,0.0001
2025-06-06,Varanasi,normal,0.0,0.0,0.0,0.0,0.0,0.66,0.0437,0.0002,0.0001
2025-06-06,Delhi,normal,0.0,0.3,1.0,0.9,0.9,1.34,0.0552,0.0003,0.0001
2025-06-06,Kanpur,normal,0.0,0.0,0.0,0.0,0.0,0.66,0.0437,0.0002,0.0001
2025-06-06,Ranchi,normal,0.3,0.1,0.6,0.5,0.5,1.19,0.0476,0.0002,0.0001
2025-06-06,Jodhpur,normal,0.0,0.0,0.0,0.0,0.0,0.32,0.0437,0.0002,0.0001
2025-06-06,Bikaner,normal,0.0,0.0,0.0,0.0,0.0,0.0,0.0437,0.0002,0.0001
2025-06-06,Jaisalmer,normal,0.0,0.0,0.0,0.0,0.0,0.0,0.0437,0.0002,0.0001
2025-06-06,Hyderabad,normal,0.2,1.7,3.4,3.6,3.6,3.29,0.1039,0.0007,0.0002
2025-06-06,Bengaluru,normal,0.2,0.0,0.0,0.0,0.0,0.69,0.0437,0.0002,0.0001
2025-06-06,Pune,normal,1.9,7.6,10.9,12.1,12.1,4.62,0.2558,0.0035,0.0008
2025-06-06,Kurnool,normal,0.3,0.0,0.0,0.0,0.0,0.69,0.0437,0.0002,0.0001
2025-06-06,Madurai,normal,0.5,0.0,0.0,0.0,0.0,0.69,0.0437,0.0002,0.0001
2025-06-07,Nagpur,normal,0.0,0.0,0.0,0.0,0.0,0.53,0.0437,0.0002,0.0001
2025-06-07,Bhopal,normal,0.0,0.0,0.0,0.0,0.0,1.11,0.0437,0.0002,0.0001
2025-06-07,Raipur,normal,0.0,0.0,0.0,0.0,0.0,1.11,0.0437,0.0002,0.0001
2025-06-07,Jabalpur,normal,0.0,0.0,0.0,0.0,0.0,0.53,0.0437,0.0002,0.0001
2025-06-07,Akola,normal,0.4,0.6,1.6,1.5,2.1,2.92,0.0663,0.0003,0.0001
2025-06-07,Amravati,normal,0.0,0.6,1.7,1.6,2.1,2.4,0.0663,0.0003,0.0001
2025-06-07,Aurangabad,normal,0.2,4.4,7.4,8.2,10.8,6.38,0.1818,0.0018,0.0005
2025-06-07,Bhubaneswar,normal,0.0,2.1,4.1,4.5,5.5,3.25,0.1166,0.0009,0.0002
2025-06-07,Mumbai,coastal,8.1,0.1,0.6,1.2,1.2,2.01,0.069,0.0007,0.0001
2025-06-07,Thiruvananthapuram,coastal,0.5,0.0,0.0,0.0,0.0,0.91,0.0635,0.0006,0.0001
2025-06-07,Kochi,coastal,2.8,1.2,2.7,4.5,4.5,4.07,0.1244,0.0017,0.0003
2025-06-07,Mangaluru,coastal,1.2,0.1,0.6,1.2,1.2,1.29,0.069,0.0007,0.0001
2025-06-07,Panaji,coastal,1.2,1.1,2.4,4.1,4.1,2.78,0.1197,0.0016,0.0003
2025-06-07,Chennai,coastal,1.0,0.6,1.6,2.52,2.52,2.34,0.0954,0.0011,0.0002
2025-06-07,Visakhapatnam,coastal,0.3,0.1,0.6,1.2,1.2,1.29,0.069,0.0007,0.0001
2025-06-07,Puri,coastal,0.0,0.0,0.0,0.0,0.0,0.91,0.0635,0.0006,0.0001
2025-06-07,Kolkata,coastal,0.0,0.0,0.0,0.0,0.0,1.57,0.0635,0.0006,0.0001
2025-06-07,Surat,coastal,0.0,0.5,1.4,2.4,2.4,2.23,0.0903,0.001,0.0002
2025-06-07,Mahabaleshwar,orographic,22.0,5.5,8.8,6.8,6.8,9.38,0.2367,0.015,0.0037
2025-06-07,Munnar,orographic,0.6,0.1,0.6,0.1,0.1,3.67,0.0553,0.0013,0.0004
2025-06-07,Madikeri,orographic,2.9,0.5,1.4,0.6,0.6,1.89,0.0727,0.002,0.0006
2025-06-07,Ooty,orographic,2.1,0.8,2.0,1.1,1.1,4.18,0.0851,0.0026,0.0008
2025-06-07,Lonavala,orographic,21.9,0.6,1.7,0.8,0.8,4.18,0.0769,0.0022,0.0007
2025-06-07,Wayanad,orographic,0.2,0.0,0.0,0.0,0.0,0.66,0.0508,0.0012,0.0004
2025-06-07,Shimla,orographic,0.3,0.0,0.0,0.0,0.0,0.0,0.0508,0.0012,0.0004
2025-06-07,Dehradun,orographic,0.0,0.0,0.0,0.0,0.0,0.0,0.0508,0.0012,0.0004
2025-06-07,Srinagar,orographic,0.0,0.6,1.6,0.7,0.7,0.58,0.0769,0.0022,0.0007
2025-06-07,Gangtok,orographic,1.4,1.9,3.7,2.4,2.4,1.89,0.127,0.005,0.0014
2025-06-07,Guwahati,orographic,0.8,0.3,1.0,0.4,0.4,2.35,0.0641,0.0017,0.0005
2025-06-07,Cherrapunji,orographic,3.0,10.9,14.83,13.2,13.2,8.99,0.3535,0.0337,0.0077
2025-06-07,Imphal,orographic,0.6,0.2,0.8,0.2,0.2,1.81,0.0598,0.0015,0.0005
2025-06-07,Agartala,orographic,0.2,5.0,8.2,6.0,6.0,6.71,0.2234,0.0134,0.0034
2025-06-07,Lucknow,normal,0.0,0.0,0.0,0.0,0.0,0.11,0.0437,0.0002,0.0001
2025-06-07,Patna,normal,0.0,0.0,0.0,0.0,0.0,0.11,0.0437,0.0002,0.0001
2025-06-07,Varanasi,normal,0.0,0.0,0.0,0.0,0.0,0.11,0.0437,0.0002,0.0001
2025-06-07,Delhi,normal,0.0,0.0,0.0,0.0,0.0,0.46,0.0437,0.0002,0.0001
2025-06-07,Kanpur,normal,0.0,0.0,0.0,0.0,0.0,0.11,0.0437,0.0002,0.0001
2025-06-07,Ranchi,normal,0.1,0.0,0.0,0.0,0.0,0.47,0.0437,0.0002,0.0001
2025-06-07,Jodhpur,normal,0.0,0.0,0.0,0.0,0.0,0.0,0.0437,0.0002,0.0001
2025-06-07,Bikaner,normal,0.0,0.0,0.0,0.0,0.0,0.0,0.0437,0.0002,0.0001
2025-06-07,Jaisalmer,normal,0.0,0.0,0.0,0.0,0.0,0.0,0.0437,0.0002,0.0001
2025-06-07,Hyderabad,normal,0.0,0.4,1.2,1.1,1.72,3.63,0.0589,0.0003,0.0001
2025-06-07,Bengaluru,normal,0.3,0.0,0.0,0.0,0.0,0.69,0.0437,0.0002,0.0001
2025-06-07,Pune,normal,9.3,2.7,5.0,5.7,6.9,6.43,0.1348,0.0011,0.0003
2025-06-07,Kurnool,normal,0.3,0.1,0.6,0.5,0.8,0.97,0.0476,0.0002,0.0001
2025-06-07,Madurai,normal,0.1,0.0,0.0,0.0,0.0,0.69,0.0437,0.0002,0.0001
2025-06-08,Nagpur,normal,0.1,0.0,0.0,0.0,0.0,0.5,0.0437,0.0002,0.0001
2025-06-08,Bhopal,normal,0.0,0.0,0.0,0.0,0.0,0.5,0.0437,0.0002,0.0001
2025-06-08,Raipur,normal,0.0,0.0,0.0,0.0,0.0,0.5,0.0437,0.0002,0.0001
2025-06-08,Jabalpur,normal,0.0,0.0,0.0,0.0,0.0,0.5,0.0437,0.0002,0.0001
2025-06-08,Akola,normal,0.0,0.0,0.0,0.0,0.0,1.2,0.0437,0.0002,0.0001
2025-06-08,Amravati,normal,0.0,0.7,1.8,1.7,2.37,2.64,0.0699,0.0004,0.0001
2025-06-08,Aurangabad,normal,0.0,22.7,27.5,27.25,25.12,11.19,0.4709,0.0138,0.0027
2025-06-08,Bhubaneswar,normal,0.0,0.0,0.0,0.0,0.0,1.71,0.0437,0.0002,0.0001
2025-06-08,Mumbai,coastal,4.4,0.1,0.6,1.2,1.2,2.2,0.069,0.0007,0.0001
2025-06-08,Thiruvananthapuram,coastal,0.7,0.0,0.0,0.0,0.0,1.03,0.0635,0.0006,0.0001
2025-06-08,Kochi,coastal,5.2,2.3,4.5,6.0,6.0,4.85,0.1721,0.003,0.0004
2025-06-08,Mangaluru,coastal,2.8,2.9,5.2,7.4,7.4,4.4,0.1956,0.0038,0.0005
2025-06-08,Panaji,coastal,4.5,3.4,6.0,8.7,8.7,6.01,0.214,0.0045,0.0006
2025-06-08,Chennai,coastal,2.3,2.9,5.3,7.5,7.5,4.4,0.1956,0.0038,0.0005
2025-06-08,Visakhapatnam,coastal,0.2,0.0,0.0,0.0,0.0,1.66,0.0635,0.0006,0.0001
2025-06-08,Puri,coastal,0.0,0.0,0.0,0.0,0.0,1.03,0.0635,0.0006,0.0001
2025-06-08,Kolkata,coastal,1.6,0.0,0.0,0.0,0.0,1.03,0.0635,0.0006,0.0001
2025-06-08,Surat,coastal,0.0,0.0,0.0,0.0,0.0,1.77,0.0635,0.0006,0.0001
2025-06-08,Mahabaleshwar,orographic,4.6,2.7,5.0,3.2,3.2,7.99,0.1545,0.007,0.0019
2025-06-08,Munnar,orographic,1.8,0.9,2.1,1.1,1.1,2.92,0.0891,0.0028,0.0009
2025-06-08,Madikeri,orographic,1.7,2.2,4.2,2.8,2.8,3.74,0.1376,0.0057,0.0016
2025-06-08,Ooty,orographic,3.5,1.8,3.56,2.2,2.2,4.38,0.1234,0.0048,0.0014
2025-06-08,Lonavala,orographic,7.5,3.0,5.4,3.5,3.5,4.65,0.1643,0.0078,0.0021
2025-06-08,Wayanad,orographic,1.0,0.0,0.0,0.0,0.0,0.72,0.0508,0.0012,0.0004
2025-06-08,Shimla,orographic,0.0,0.0,0.0,0.0,0.0,0.0,0.0508,0.0012,0.0004
2025-06-08,Dehradun,orographic,0.1,0.0,0.0,0.0,0.0,0.0,0.0508,0.0012,0.0004
2025-06-08,Srinagar,orographic,0.0,0.5,1.4,0.6,0.6,0.76,0.0727,0.002,0.0006
2025-06-08,Gangtok,orographic,1.3,1.6,3.3,1.9,1.9,1.49,0.116,0.0043,0.0012
2025-06-08,Guwahati,orographic,0.4,0.6,1.6,0.7,0.7,2.09,0.0769,0.0022,0.0007
2025-06-08,Cherrapunji,orographic,2.0,11.3,15.3,13.88,13.88,9.15,0.3607,0.0352,0.008
2025-06-08,Imphal,orographic,0.1,0.4,1.2,0.4,0.4,2.05,0.0684,0.0018,0.0006
2025-06-08,Agartala,orographic,5.7,3.1,5.5,3.6,3.6,5.2,0.1675,0.008,0.0021
2025-06-08,Lucknow,normal,0.0,0.0,0.0,0.0,0.0,0.0,0.0437,0.0002,0.0001
2025-06-08,Patna,normal,0.0,0.0,0.0,0.0,0.0,0.0,0.0437,0.0002,0.0001
2025-06-08,Varanasi,normal,0.0,0.0,0.0,0.0,0.0,0.0,0.0437,0.0002,0.0001
2025-06-08,Delhi,normal,0.0,0.0,0.0,0.0,0.0,0.0,0.0437,0.0002,0.0001
2025-06-08,Kanpur,normal,0.0,0.0,0.0,0.0,0.0,0.0,0.0437,0.0002,0.0001
2025-06-08,Ranchi,normal,0.2,0.0,0.0,0.0,0.0,0.0,0.0437,0.0002,0.0001
2025-06-08,Jodhpur,normal,0.0,0.0,0.0,0.0,0.0,0.0,0.0437,0.0002,0.0001
2025-06-08,Bikaner,normal,0.0,0.0,0.0,0.0,0.0,0.0,0.0437,0.0002,0.0001
2025-06-08,Jaisalmer,normal,0.0,0.0,0.0,0.0,0.0,0.0,0.0437,0.0002,0.0001
2025-06-08,Hyderabad,normal,0.6,0.3,1.0,0.9,1.37,2.44,0.0552,0.0003,0.0001
2025-06-08,Bengaluru,normal,2.9,0.1,0.6,0.5,0.8,1.05,0.0476,0.0002,0.0001
2025-06-08,Pune,normal,0.4,0.3,1.0,0.9,1.37,3.04,0.0552,0.0003,0.0001
2025-06-08,Kurnool,normal,9.0,2.8,5.1,5.8,7.04,3.8,0.1378,0.0011,0.0003
2025-06-08,Madurai,normal,1.6,0.0,0.0,0.0,0.0,0.76,0.0437,0.0002,0.0001
2025-06-09,Nagpur,normal,0.0,0.0,0.0,0.0,0.0,0.53,0.0437,0.0002,0.0001
2025-06-09,Bhopal,normal,0.0,0.0,0.0,0.0,0.0,0.53,0.0437,0.0002,0.0001
2025-06-09,Raipur,normal,0.0,0.0,0.0,0.0,0.0,0.53,0.0437,0.0002,0.0001
2025-06-09,Jabalpur,normal,0.0,0.0,0.0,0.0,0.0,0.53,0.0437,0.0002,0.0001
2025-06-09,Akola,normal,0.0,0.3,1.0,0.9,0.9,1.19,0.0552,0.0003,0.0001
2025-06-09,Amravati,normal,0.0,0.0,0.0,0.0,0.0,1.42,0.0437,0.0002,0.0001
2025-06-09,Aurangabad,normal,1.0,6.9,10.4,11.4,11.4,8.71,0.241,0.0031,0.0007
2025-06-09,Bhubaneswar,normal,10.1,0.0,0.0,0.0,0.0,0.53,0.0437,0.0002,0.0001
2025-06-09,Mumbai,coastal,2.0,0.5,1.4,2.4,2.4,2.83,0.0903,0.001,0.0002
2025-06-09,Thiruvananthapuram,coastal,0.0,0.2,0.8,1.53,1.53,1.81,0.0745,0.0008,0.0001
2025-06-09,Kochi,coastal,2.9,8.8,12.3,17.1,17.1,8.75,0.3659,0.0134,0.0016
2025-06-09,Mangaluru,coastal,14.1,10.8,14.7,20.6,20.6,10.11,0.4072,0.0172,0.002
2025-06-09,Panaji,coastal,0.6,0.2,0.8,1.53,1.53,4.09,0.0745,0.0008,0.0001
2025-06-09,Chennai,coastal,6.2,0.8,2.0,3.4,3.4,3.93,0.1053,0.0013,0.0002
2025-06-09,Visakhapatnam,coastal,0.0,0.0,0.0,0.0,0.0,0.91,0.0635,0.0006,0.0001
2025-06-09,Puri,coastal,1.1,0.0,0.0,0.0,0.0,0.91,0.0635,0.0006,0.0001
2025-06-09,Kolkata,coastal,0.8,0.0,0.0,0.0,0.0,0.91,0.0635,0.0006,0.0001
2025-06-09,Surat,coastal,0.0,0.0,0.0,0.0,0.0,0.91,0.0635,0.0006,0.0001
2025-06-09,Mahabaleshwar,orographic,5.2,0.6,1.7,0.8,0.8,4.18,0.0769,0.0022,0.0007
2025-06-09,Munnar,orographic,3.2,1.3,2.8,1.6,1.6,4.26,0.1048,0.0036,0.0011
2025-06-09,Madikeri,orographic,5.0,3.1,5.5,3.6,3.6,6.38,0.1675,0.008,0.0021
2025-06-09,Ooty,orographic,18.2,8.1,11.6,9.6,9.6,9.23,0.2983,0.0236,0.0056
2025-06-09,Lonavala,orographic,6.4,3.4,6.0,4.1,4.1,7.61,0.177,0.0088,0.0023
2025-06-09,Wayanad,orographic,0.5,2.6,4.9,3.1,3.1,3.11,0.1512,0.0067,0.0018
2025-06-09,Shimla,orographic,0.0,0.0,0.0,0.0,0.0,0.0,0.0508,0.0012,0.0004
2025-06-09,Dehradun,orographic,0.0,0.0,0.0,0.0,0.0,0.0,0.0508,0.0012,0.0004
2025-06-09,Srinagar,orographic,0.0,0.0,0.0,0.0,0.0,0.33,0.0508,0.0012,0.0004
2025-06-09,Gangtok,orographic,0.0,0.7,1.9,0.9,0.9,1.29,0.081,0.0024,0.0007
2025-06-09,Guwahati,orographic,0.0,0.0,0.0,0.0,0.0,1.22,0.0508,0.0012,0.0004
2025-06-09,Cherrapunji,orographic,6.9,3.4,5.9,4.0,4.0,6.47,0.177,0.0088,0.0023
2025-06-09,Imphal,orographic,2.7,1.5,3.1,1.8,1.8,2.2,0.1123,0.0041,0.0012
2025-06-09,Agartala,orographic,0.9,0.1,0.6,0.1,0.1,2.01,0.0553,0.0013,0.0004
2025-06-09,Lucknow,normal,0.1,0.0,0.0,0.0,0.0,0.11,0.0437,0.0002,0.0001
2025-06-09,Patna,normal,0.0,0.0,0.0,0.0,0.0,0.11,0.0437,0.0002,0.0001
2025-06-09,Varanasi,normal,0.0,0.0,0.0,0.0,0.0,0.11,0.0437,0.0002,0.0001
2025-06-09,Delhi,normal,0.0,0.0,0.0,0.0,0.0,0.11,0.0437,0.0002,0.0001
2025-06-09,Kanpur,normal,0.0,0.0,0.0,0.0,0.0,0.11,0.0437,0.0002,0.0001
2025-06-09,Ranchi,normal,0.3,0.0,0.0,0.0,0.0,0.11,0.0437,0.0002,0.0001
2025-06-09,Jodhpur,normal,0.0,0.0,0.0,0.0,0.0,0.0,0.0437,0.0002,0.0001
2025-06-09,Bikaner,normal,0.0,0.0,0.0,0.0,0.0,0.0,0.0437,0.0002,0.0001
2025-06-09,Jaisalmer,normal,0.0,0.0,0.0,0.0,0.0,0.0,0.0437,0.0002,0.0001
2025-06-09,Hyderabad,normal,6.2,1.7,3.4,3.6,3.6,2.88,0.1039,0.0007,0.0002
2025-06-09,Bengaluru,normal,11.9,9.6,13.3,14.5,14.5,5.42,0.2949,0.0046,0.001
2025-06-09,Pune,normal,2.5,0.0,0.0,0.0,0.0,1.35,0.0437,0.0002,0.0001
2025-06-09,Kurnool,normal,0.0,3.7,6.3,7.3,7.3,5.91,0.1632,0.0015,0.0004
2025-06-09,Madurai,normal,2.3,0.0,0.0,0.0,0.0,0.69,0.0437,0.0002,0.0001
2025-06-10,Nagpur,normal,0.1,0.0,0.0,0.0,0.0,0.54,0.0437,0.0002,0.0001
2025-06-10,Bhopal,normal,0.0,0.0,0.0,0.0,0.0,0.54,0.0437,0.0002,0.0001
2025-06-10,Raipur,normal,0.0,0.6,1.6,1.5,1.5,1.53,0.0663,0.0003,0.0001
2025-06-10,Jabalpur,normal,0.0,0.0,0.0,0.0,0.0,0.54,0.0437,0.0002,0.0001
2025-06-10,Akola,normal,0.0,0.0,0.0,0.0,0.0,1.13,0.0437,0.0002,0.0001
2025-06-10,Amravati,normal,0.0,0.0,0.0,0.0,0.0,0.54,0.0437,0.0002,0.0001
2025-06-10,Aurangabad,normal,2.8,0.2,0.8,0.7,0.7,3.45,0.0514,0.0002,0.0001
2025-06-10,Bhubaneswar,normal,7.4,0.0,0.0,0.0,0.0,0.54,0.0437,0.0002,0.0001
2025-06-10,Mumbai,coastal,0.8,0.4,1.2,2.02,2.02,2.86,0.0851,0.0009,0.0002
2025-06-10,Thiruvananthapuram,coastal,11.4,5.6,9.0,12.3,12.3,5.21,0.2848,0.0078,0.001
2025-06-10,Kochi,depression,17.2,43.2,54.71,43.7,169.96,22.2,0.7427,0.1065,0.0035
2025-06-10,Mangaluru,coastal,16.0,19.6,24.4,35.4,35.4,16.69,0.5367,0.0362,0.004
2025-06-10,Panaji,coastal,1.6,1.1,2.4,4.1,4.1,3.23,0.1197,0.0016,0.0003
2025-06-10,Chennai,coastal,0.3,0.2,0.8,1.53,1.53,2.78,0.0745,0.0008,0.0001
2025-06-10,Visakhapatnam,coastal,13.5,0.0,0.0,0.0,0.0,0.93,0.0635,0.0006,0.0001
2025-06-10,Puri,coastal,1.5,0.1,0.6,1.2,1.2,1.32,0.069,0.0007,0.0001
2025-06-10,Kolkata,coastal,1.4,0.0,0.0,0.0,0.0,0.93,0.0635,0.0006,0.0001
2025-06-10,Surat,coastal,0.0,0.0,0.0,0.0,0.0,0.93,0.0635,0.0006,0.0001
2025-06-10,Mahabaleshwar,orographic,1.6,0.9,2.2,1.1,1.1,3.25,0.0891,0.0028,0.0009
2025-06-10,Munnar,orographic,8.3,5.2,8.6,6.4,6.4,7.02,0.2288,0.0141,0.0035
2025-06-10,Madikeri,orographic,4.3,3.5,6.1,4.2,4.2,7.36,0.1801,0.0091,0.0024
2025-06-10,Ooty,orographic,3.9,6.9,10.4,8.3,8.3,11.56,0.2713,0.0195,0.0047
2025-06-10,Lonavala,orographic,3.3,0.6,1.7,0.8,0.8,4.98,0.0769,0.0022,0.0007
2025-06-10,Wayanad,orographic,12.3,3.2,5.7,3.7,3.7,6.17,0.1707,0.0083,0.0022
2025-06-10,Shimla,orographic,0.0,0.0,0.0,0.0,0.0,0.0,0.0508,0.0012,0.0004
2025-06-10,Dehradun,orographic,0.2,0.0,0.0,0.0,0.0,0.0,0.0508,0.0012,0.0004
2025-06-10,Srinagar,orographic,0.0,0.0,0.0,0.0,0.0,0.0,0.0508,0.0012,0.0004
2025-06-10,Gangtok,orographic,1.4,2.1,4.1,2.7,2.7,1.5,0.1341,0.0055,0.0015
2025-06-10,Guwahati,orographic,0.4,0.0,0.0,0.0,0.0,0.55,0.0508,0.0012,0.0004
2025-06-10,Cherrapunji,orographic,5.8,7.5,10.8,8.94,8.94,7.25,0.2851,0.0215,0.0051
2025-06-10,Imphal,orographic,0.7,12.7,16.7,15.8,15.8,6.98,0.3843,0.0406,0.0091
2025-06-10,Agartala,orographic,13.4,3.1,5.5,3.6,3.6,2.77,0.1675,0.008,0.0021
2025-06-10,Lucknow,normal,0.0,0.0,0.0,0.0,0.0,0.12,0.0437,0.0002,0.0001
2025-06-10,Patna,normal,0.0,0.0,0.0,0.0,0.0,0.12,0.0437,0.0002,0.0001
2025-06-10,Varanasi,normal,0.0,0.0,0.0,0.0,0.0,0.12,0.0437,0.0002,0.0001
2025-06-10,Delhi,normal,0.0,0.0,0.0,0.0,0.0,0.12,0.0437,0.0002,0.0001
2025-06-10,Kanpur,normal,0.0,0.0,0.0,0.0,0.0,0.12,0.0437,0.0002,0.0001
2025-06-10,Ranchi,normal,0.0,0.0,0.0,0.0,0.0,0.12,0.0437,0.0002,0.0001
2025-06-10,Jodhpur,normal,0.0,0.0,0.0,0.0,0.0,0.0,0.0437,0.0002,0.0001
2025-06-10,Bikaner,normal,0.0,0.0,0.0,0.0,0.0,0.0,0.0437,0.0002,0.0001
2025-06-10,Jaisalmer,normal,0.0,0.0,0.0,0.0,0.0,0.0,0.0437,0.0002,0.0001
2025-06-10,Hyderabad,normal,1.6,0.2,0.8,0.7,0.7,2.76,0.0514,0.0002,0.0001
2025-06-10,Bengaluru,normal,5.0,5.1,8.5,9.38,9.38,7.08,0.1994,0.0022,0.0005
2025-06-10,Pune,normal,1.6,0.0,0.0,0.0,0.0,0.71,0.0437,0.0002,0.0001
2025-06-10,Kurnool,normal,0.0,3.1,5.5,6.2,6.2,6.11,0.1465,0.0013,0.0003
2025-06-10,Madurai,normal,0.5,4.0,6.8,7.7,7.7,3.84,0.1713,0.0016,0.0004
2025-06-11,Nagpur,normal,0.0,0.4,1.2,1.1,1.1,1.51,0.0589,0.0003,0.0001
2025-06-11,Bhopal,normal,0.2,0.0,0.0,0.0,0.0,0.54,0.0437,0.0002,0.0001
2025-06-11,Raipur,normal,0.0,1.0,2.3,2.3,2.3,2.3,0.0805,0.0005,0.0001
2025-06-11,Jabalpur,normal,0.0,0.0,0.0,0.0,0.0,0.54,0.0437,0.0002,0.0001
2025-06-11,Akola,normal,0.4,0.0,0.0,0.0,0.0,0.54,0.0437,0.0002,0.0001
2025-06-11,Amravati,normal,0.4,0.0,0.0,0.0,0.0,0.54,0.0437,0.0002,0.0001
2025-06-11,Aurangabad,normal,2.4,0.0,0.0,0.0,0.0,1.13,0.0437,0.0002,0.0001
2025-06-11,Bhubaneswar,normal,3.2,0.3,1.0,0.9,0.9,1.18,0.0552,0.0003,0.0001
2025-06-11,Mumbai,coastal,0.8,0.5,1.4,2.4,2.4,2.81,0.0903,0.001,0.0002
2025-06-11,Thiruvananthapuram,coastal,21.4,2.6,4.9,6.7,6.7,6.1,0.184,0.0034,0.0005
2025-06-11,Kochi,depression,44.4,54.1,66.25,53.2,212.84,34.15,0.7802,0.1388,0.0046
2025-06-11,Mangaluru,coastal,10.7,23.5,28.41,39.4,39.4,19.82,0.5768,0.0455,0.0049
2025-06-11,Panaji,coastal,20.0,10.0,13.8,19.13,19.13,7.74,0.3914,0.0156,0.0019
2025-06-11,Chennai,coastal,7.8,2.4,4.5,6.2,6.2,3.59,0.1761,0.0032,0.0005
2025-06-11,Visakhapatnam,coastal,14.1,0.8,2.0,3.4,3.4,2.3,0.1053,0.0013,0.0002
2025-06-11,Puri,coastal,1.7,0.1,0.6,1.2,1.2,2.03,0.069,0.0007,0.0001
2025-06-11,Kolkata,coastal,0.7,0.0,0.0,0.0,0.0,0.93,0.0635,0.0006,0.0001
2025-06-11,Surat,coastal,0.0,0.0,0.0,0.0,0.0,0.93,0.0635,0.0006,0.0001
2025-06-11,Mahabaleshwar,orographic,4.7,0.4,1.2,0.4,0.4,3.49,0.0684,0.0018,0.0006
2025-06-11,Munnar,orographic,26.2,4.0,6.8,4.8,4.8,8.94,0.1951,0.0105,0.0027
2025-06-11,Madikeri,orographic,7.8,5.7,9.1,7.0,7.0,9.08,0.2419,0.0156,0.0039
2025-06-11,Ooty,orographic,7.0,7.8,11.2,9.2,9.2,11.56,0.2918,0.0225,0.0054
2025-06-11,Lonavala,orographic,2.7,1.1,2.4,1.33,1.33,3.63,0.097,0.0032,0.001
2025-06-11,Wayanad,orographic,3.3,3.8,6.5,4.6,4.6,7.36,0.1892,0.0099,0.0026
2025-06-11,Shimla,orographic,1.0,0.0,0.0,0.0,0.0,0.0,0.0508,0.0012,0.0004
2025-06-11,Dehradun,orographic,4.7,0.0,0.0,0.0,0.0,0.0,0.0508,0.0012,0.0004
2025-06-11,Srinagar,orographic,0.0,0.0,0.0,0.0,0.0,0.0,0.0508,0.0012,0.0004
2025-06-11,Gangtok,orographic,1.2,10.9,14.83,13.2,13.2,5.09,0.3535,0.0337,0.0077
2025-06-11,Guwahati,orographic,2.8,2.8,5.1,3.3,3.3,2.4,0.1578,0.0072,0.002
2025-06-11,Cherrapunji,orographic,2.5,17.3,21.7,23.32,23.32,9.57,0.4502,0.0591,0.0128
2025-06-11,Imphal,orographic,0.2,5.9,9.3,7.2,7.2,6.51,0.247,0.0162,0.004
2025-06-11,Agartala,orographic,10.9,2.3,4.4,2.8,2.8,3.49,0.141,0.006,0.0017
2025-06-11,Lucknow,normal,0.1,0.0,0.0,0.0,0.0,0.12,0.0437,0.0002,0.0001
2025-06-11,Patna,normal,0.0,0.0,0.0,0.0,0.0,0.12,0.0437,0.0002,0.0001
2025-06-11,Varanasi,normal,0.0,0.0,0.0,0.0,0.0,0.12,0.0437,0.0002,0.0001
2025-06-11,Delhi,normal,0.0,0.0,0.0,0.0,0.0,0.12,0.0437,0.0002,0.0001
2025-06-11,Kanpur,normal,0.4,0.0,0.0,0.0,0.0,0.12,0.0437,0.0002,0.0001
2025-06-11,Ranchi,normal,1.1,0.0,0.0,0.0,0.0,0.12,0.0437,0.0002,0.0001
2025-06-11,Jodhpur,normal,0.0,0.0,0.0,0.0,0.0,0.0,0.0437,0.0002,0.0001
2025-06-11,Bikaner,normal,0.0,0.0,0.0,0.0,0.0,0.0,0.0437,0.0002,0.0001
2025-06-11,Jaisalmer,normal,0.0,0.0,0.0,0.0,0.0,0.0,0.0437,0.0002,0.0001
2025-06-11,Hyderabad,normal,2.6,0.0,0.0,0.0,0.0,1.37,0.0437,0.0002,0.0001
2025-06-11,Bengaluru,normal,7.0,4.2,7.1,8.0,8.0,6.58,0.1766,0.0017,0.0004
2025-06-11,Pune,normal,2.4,0.0,0.0,0.0,0.0,0.71,0.0437,0.0002,0.0001
2025-06-11,Kurnool,normal,15.3,1.1,2.4,2.5,2.5,4.05,0.0839,0.0005,0.0001
2025-06-11,Madurai,normal,3.3,0.6,1.6,1.5,1.5,4.26,0.0663,0.0003,0.0001
2025-06-12,Nagpur,normal,0.5,0.5,1.4,1.3,1.3,2.23,0.0626,0.0003,0.0001
2025-06-12,Bhopal,normal,0.0,0.0,0.0,0.0,0.0,0.51,0.0437,0.0002,0.0001
2025-06-12,Raipur,normal,0.3,0.8,2.0,1.8,1.8,2.87,0.0735,0.0004,0.0001
2025-06-12,Jabalpur,normal,0.0,0.2,0.8,0.7,0.7,1.13,0.0514,0.0002,0.0001
2025-06-12,Akola,normal,1.2,2.7,5.0,5.7,5.7,2.5,0.1348,0.0011,0.0003
2025-06-12,Amravati,normal,6.9,4.5,7.5,8.4,8.4,3.45,0.1844,0.0019,0.0005
2025-06-12,Aurangabad,normal,0.0,0.0,0.0,0.0,0.0,0.51,0.0437,0.0002,0.0001
2025-06-12,Bhubaneswar,normal,10.9,0.0,0.0,0.0,0.0,1.1,0.0437,0.0002,0.0001
2025-06-12,Mumbai,coastal,2.8,0.4,1.2,2.02,2.02,2.95,0.0851,0.0009,0.0002
2025-06-12,Thiruvananthapuram,coastal,8.4,5.8,9.2,12.53,12.53,7.25,0.2906,0.0082,0.001
2025-06-12,Kochi,depression,23.1,46.4,57.45,45.23,182.55,29.02,0.7551,0.1159,0.0039
2025-06-12,Mangaluru,depression,112.1,149.2,145.6,98.78,98.78,31.17,0.9009,0.3894,0.0153
2025-06-12,Panaji,coastal,87.7,15.6,19.9,28.67,28.67,16.24,0.4862,0.0272,0.0031
2025-06-12,Chennai,coastal,3.0,10.4,14.3,19.7,19.7,9.94,0.3994,0.0164,0.0019
2025-06-12,Visakhapatnam,coastal,1.2,2.5,4.7,6.49,6.49,4.26,0.1801,0.0033,0.0005
2025-06-12,Puri,coastal,5.7,0.0,0.0,0.0,0.0,1.49,0.0635,0.0006,0.0001
2025-06-12,Kolkata,coastal,1.2,0.1,0.6,1.2,1.2,1.28,0.069,0.0007,0.0001
2025-06-12,Surat,coastal,0.0,0.0,0.0,0.0,0.0,0.9,0.0635,0.0006,0.0001
2025-06-12,Mahabaleshwar,orographic,25.7,2.3,4.5,2.9,2.9,3.53,0.141,0.006,0.0017
2025-06-12,Munnar,orographic,25.1,31.0,37.4,49.01,49.01,23.48,0.5804,0.1192,0.0249
2025-06-12,Madikeri,orographic,22.8,20.5,25.36,28.54,28.54,20.08,0.4878,0.0727,0.0155
2025-06-12,Ooty,orographic,4.3,7.4,10.73,8.89,8.89,11.84,0.2829,0.0212,0.0051
2025-06-12,Lonavala,orographic,18.3,4.7,7.9,5.6,5.6,5.92,0.2152,0.0125,0.0032
2025-06-12,Wayanad,orographic,14.8,13.8,18.1,17.6,17.6,13.65,0.4016,0.0449,0.01
2025-06-12,Shimla,orographic,2.1,0.0,0.0,0.0,0.0,0.0,0.0508,0.0012,0.0004
2025-06-12,Dehradun,orographic,2.0,0.0,0.0,0.0,0.0,0.0,0.0508,0.0012,0.0004
2025-06-12,Srinagar,orographic,0.0,0.0,0.0,0.0,0.0,0.0,0.0508,0.0012,0.0004
2025-06-12,Gangtok,orographic,1.5,14.9,19.22,18.82,18.82,6.83,0.4178,0.0493,0.0109
2025-06-12,Guwahati,orographic,0.1,2.5,4.7,3.1,3.1,3.58,0.1478,0.0065,0.0018
2025-06-12,Cherrapunji,orographic,1.4,16.0,20.4,21.2,21.2,10.37,0.4332,0.0538,0.0118
2025-06-12,Imphal,orographic,0.0,1.1,2.4,1.33,1.33,3.75,0.097,0.0032,0.001
2025-06-12,Agartala,orographic,0.6,2.9,5.2,3.4,3.4,4.29,0.1611,0.0075,0.002
2025-06-12,Lucknow,normal,2.6,0.0,0.0,0.0,0.0,0.0,0.0437,0.0002,0.0001
2025-06-12,Patna,normal,0.4,0.0,0.0,0.0,0.0,0.0,0.0437,0.0002,0.0001
2025-06-12,Varanasi,normal,0.0,0.8,2.0,1.8,1.8,1.22,0.0735,0.0004,0.0001
2025-06-12,Delhi,normal,0.5,0.0,0.0,0.0,0.0,0.0,0.0437,0.0002,0.0001
2025-06-12,Kanpur,normal,1.8,0.0,0.0,0.0,0.0,0.0,0.0437,0.0002,0.0001
2025-06-12,Ranchi,normal,0.0,0.0,0.0,0.0,0.0,0.0,0.0437,0.0002,0.0001
2025-06-12,Jodhpur,normal,0.0,0.0,0.0,0.0,0.0,0.0,0.0437,0.0002,0.0001
2025-06-12,Bikaner,normal,0.0,0.0,0.0,0.0,0.0,0.0,0.0437,0.0002,0.0001
2025-06-12,Jaisalmer,normal,0.0,0.0,0.0,0.0,0.0,0.0,0.0437,0.0002,0.0001
2025-06-12,Hyderabad,normal,10.0,4.4,7.4,8.2,8.2,3.97,0.1818,0.0018,0.0005
2025-06-12,Bengaluru,normal,2.3,13.6,17.87,18.7,18.7,8.57,0.361,0.0071,0.0015
2025-06-12,Pune,normal,28.0,0.2,0.8,0.7,0.7,1.4,0.0514,0.0002,0.0001
2025-06-12,Kurnool,normal,1.8,8.4,12.0,12.8,12.8,4.91,0.2721,0.0039,0.0009
2025-06-12,Madurai,normal,1.4,1.3,2.8,3.0,3.0,3.09,0.0907,0.0006,0.0002
2025-06-13,Nagpur,normal,0.8,0.1,0.6,0.5,0.5,1.61,0.0476,0.0002,0.0001
2025-06-13,Bhopal,normal,0.0,1.1,2.4,2.5,2.5,1.84,0.0839,0.0005,0.0001
2025-06-13,Raipur,normal,0.1,0.0,0.0,0.0,0.0,1.42,0.0437,0.0002,0.0001
2025-06-13,Jabalpur,normal,0.3,2.5,4.7,5.29,5.29,2.69,0.1289,0.001,0.0003
2025-06-13,Akola,normal,4.0,1.6,3.3,3.4,3.4,3.62,0.1007,0.0007,0.0002
2025-06-13,Amravati,normal,0.5,1.7,3.4,3.6,3.6,4.21,0.1039,0.0007,0.0002
2025-06-13,Aurangabad,normal,4.5,0.6,1.6,1.5,1.5,1.56,0.0663,0.0003,0.0001
2025-06-13,Bhubaneswar,normal,2.1,0.0,0.0,0.0,0.0,0.53,0.0437,0.0002,0.0001
2025-06-13,Mumbai,coastal,29.6,0.4,1.2,2.02,2.02,2.92,0.0851,0.0009,0.0002
2025-06-13,Thiruvananthapuram,coastal,34.1,22.3,27.36,39.3,10.5,17.68,0.5653,0.0426,0.0046
2025-06-13,Kochi,depression,29.6,22.5,27.46,10.58,10.58,22.29,0.6148,0.0477,0.0017
2025-06-13,Mangaluru,depression,64.1,115.1,116.03,89.22,89.22,35.54,0.8772,0.3094,0.0113
2025-06-13,Panaji,depression,49.6,30.5,37.11,23.31,23.31,20.09,0.6775,0.0697,0.0024
2025-06-13,Chennai,coastal,3.6,0.4,1.2,2.02,2.02,5.11,0.0851,0.0009,0.0002
2025-06-13,Visakhapatnam,coastal,3.6,0.0,0.0,0.0,0.0,2.2,0.0635,0.0006,0.0001
2025-06-13,Puri,coastal,7.8,0.0,0.0,0.0,0.0,0.91,0.0635,0.0006,0.0001
2025-06-13,Kolkata,coastal,2.1,0.1,0.6,1.2,1.2,2.01,0.069,0.0007,0.0001
2025-06-13,Surat,coastal,3.1,0.0,0.0,0.0,0.0,0.91,0.0635,0.0006,0.0001
2025-06-13,Mahabaleshwar,orographic,30.5,6.9,10.4,8.3,8.3,9.23,0.2713,0.0195,0.0047
2025-06-13,Munnar,orographic,37.1,8.0,11.5,9.5,9.5,11.58,0.2962,0.0232,0.0055
2025-06-13,Madikeri,orographic,12.3,141.9,134.92,146.51,146.51,33.69,0.8492,0.5129,0.1337
2025-06-13,Ooty,orographic,14.0,7.0,10.4,8.5,8.5,11.93,0.2737,0.0198,0.0048
2025-06-13,Lonavala,orographic,31.2,4.1,7.0,4.9,4.9,9.23,0.1981,0.0108,0.0028
2025-06-13,Wayanad,orographic,18.4,13.7,18.0,17.52,17.52,14.48,0.4,0.0445,0.0099
2025-06-13,Shimla,orographic,4.7,0.0,0.0,0.0,0.0,0.0,0.0508,0.0012,0.0004
2025-06-13,Dehradun,orographic,2.0,0.0,0.0,0.0,0.0,0.0,0.0508,0.0012,0.0004
2025-06-13,Srinagar,orographic,0.0,0.0,0.0,0.0,0.0,0.0,0.0508,0.0012,0.0004
2025-06-13,Gangtok,orographic,2.2,17.2,21.6,23.27,23.27,7.29,0.4489,0.0587,0.0128
2025-06-13,Guwahati,orographic,0.5,5.4,8.7,6.6,6.6,5.01,0.2341,0.0147,0.0037
2025-06-13,Cherrapunji,orographic,3.1,13.7,18.0,17.52,17.52,9.44,0.4,0.0445,0.0099
2025-06-13,Imphal,orographic,0.0,1.0,2.3,1.2,1.2,2.65,0.0931,0.003,0.0009
2025-06-13,Agartala,orographic,1.9,1.0,2.3,1.2,1.2,2.9,0.0931,0.003,0.0009
2025-06-13,Lucknow,normal,0.0,0.0,0.0,0.0,0.0,0.11,0.0437,0.0002,0.0001
2025-06-13,Patna,normal,0.5,0.0,0.0,0.0,0.0,0.11,0.0437,0.0002,0.0001
2025-06-13,Varanasi,normal,0.3,0.3,1.0,0.9,0.9,1.57,0.0552,0.0003,0.0001
2025-06-13,Delhi,normal,0.0,0.0,0.0,0.0,0.0,0.11,0.0437,0.0002,0.0001
2025-06-13,Kanpur,normal,0.0,0.0,0.0,0.0,0.0,0.11,0.0437,0.0002,0.0001
2025-06-13,Ranchi,normal,0.0,0.0,0.0,0.0,0.0,0.11,0.0437,0.0002,0.0001
2025-06-13,Jodhpur,normal,0.0,0.0,0.0,0.0,0.0,0.0,0.0437,0.0002,0.0001
2025-06-13,Bikaner,normal,0.0,0.0,0.0,0.0,0.0,0.0,0.0437,0.0002,0.0001
2025-06-13,Jaisalmer,normal,0.0,0.0,0.0,0.0,0.0,0.0,0.0437,0.0002,0.0001
2025-06-13,Hyderabad,normal,0.9,0.1,0.6,0.5,0.5,3.17,0.0476,0.0002,0.0001
2025-06-13,Bengaluru,normal,3.9,5.3,8.7,9.7,9.7,7.33,0.2043,0.0023,0.0005
2025-06-13,Pune,normal,6.2,2.1,4.1,4.5,4.5,3.29,0.1166,0.0009,0.0002
2025-06-13,Kurnool,normal,0.5,1.7,3.4,3.6,3.6,4.96,0.1039,0.0007,0.0002
2025-06-13,Madurai,normal,0.7,0.1,0.6,0.5,0.5,2.42,0.0476,0.0002,0.0001
2025-06-14,Nagpur,normal,4.4,15.8,20.3,20.51,20.51,9.03,0.3919,0.0086,0.0018
2025-06-14,Bhopal,normal,0.9,1.1,2.4,2.5,2.5,4.36,0.0839,0.0005,0.0001
2025-06-14,Raipur,normal,0.6,4.5,7.5,8.4,8.4,5.19,0.1844,0.0019,0.0005
2025-06-14,Jabalpur,normal,1.0,1.4,3.0,3.2,3.2,4.98,0.0941,0.0006,0.0002
2025-06-14,Akola,normal,15.8,9.1,12.7,13.6,13.6,9.98,0.2856,0.0043,0.001
2025-06-14,Amravati,normal,13.2,6.6,10.2,11.1,11.1,8.66,0.2344,0.0029,0.0007
2025-06-14,Aurangabad,normal,9.2,7.5,10.8,12.0,12.0,6.75,0.2538,0.0034,0.0008
2025-06-14,Bhubaneswar,normal,0.8,0.0,0.0,0.0,0.0,1.42,0.0437,0.0002,0.0001
2025-06-14,Mumbai,coastal,58.0,13.8,18.1,25.31,25.31,10.37,0.4593,0.0233,0.0027
2025-06-14,Thiruvananthapuram,depression,52.6,38.3,48.5,35.09,35.09,30.05,0.7211,0.0921,0.0031
2025-06-14,Kochi,depression,59.5,58.6,71.9,56.33,56.33,36.24,0.7926,0.1522,0.0051
2025-06-14,Mangaluru,depression,76.0,53.9,66.15,52.93,52.93,39.64,0.7797,0.1382,0.0046
2025-06-14,Panaji,depression,82.3,319.5,216.41,385.83,385.83,36.24,0.9488,0.6432,0.0372
2025-06-14,Chennai,coastal,2.5,5.0,8.2,10.98,10.98,6.78,0.267,0.0069,0.0009
2025-06-14,Visakhapatnam,coastal,8.0,0.3,1.0,1.8,1.8,2.75,0.0798,0.0008,0.0001
2025-06-14,Puri,coastal,0.2,0.0,0.0,0.0,0.0,1.75,0.0635,0.0006,0.0001
2025-06-14,Kolkata,coastal,1.5,0.0,0.0,0.0,0.0,2.41,0.0635,0.0006,0.0001
2025-06-14,Surat,coastal,21.5,0.0,0.0,0.0,0.0,1.75,0.0635,0.0006,0.0001
2025-06-14,Mahabaleshwar,orographic,23.1,27.9,34.11,44.5,44.5,28.82,0.557,0.1053,0.022
2025-06-14,Munnar,orographic,64.5,25.3,30.8,39.3,39.3,28.82,0.535,0.0937,0.0197
2025-06-14,Madikeri,orographic,39.1,64.3,74.6,93.71,93.71,52.14,0.7298,0.2646,0.0567
2025-06-14,Ooty,orographic,12.5,11.2,15.2,13.7,13.7,17.41,0.3589,0.0348,0.0079
2025-06-14,Lonavala,orographic,35.4,9.6,13.3,11.3,11.3,15.2,0.3291,0.0289,0.0067
2025-06-14,Wayanad,orographic,16.1,34.2,41.76,56.43,56.43,33.19,0.602,0.1336,0.0278
2025-06-14,Shimla,orographic,0.0,0.0,0.0,0.0,0.0,0.4,0.0508,0.0012,0.0004
2025-06-14,Dehradun,orographic,0.0,0.0,0.0,0.0,0.0,0.4,0.0508,0.0012,0.0004
2025-06-14,Srinagar,orographic,0.0,0.0,0.0,0.0,0.0,0.4,0.0508,0.0012,0.0004
2025-06-14,Gangtok,orographic,4.8,25.8,31.76,41.5,41.5,11.87,0.5394,0.0959,0.0202
2025-06-14,Guwahati,orographic,2.2,13.5,17.72,17.4,17.4,9.73,0.397,0.0437,0.0097
2025-06-14,Cherrapunji,orographic,3.3,19.3,24.0,27.0,27.0,12.26,0.4744,0.0676,0.0145
2025-06-14,Imphal,orographic,1.9,7.6,10.9,9.0,9.0,5.84,0.2874,0.0218,0.0052
2025-06-14,Agartala,orographic,2.3,3.3,5.8,3.81,3.81,4.2,0.1739,0.0086,0.0023
2025-06-14,Lucknow,normal,0.2,0.0,0.0,0.0,0.0,0.7,0.0437,0.0002,0.0001
2025-06-14,Patna,normal,0.0,0.0,0.0,0.0,0.0,0.7,0.0437,0.0002,0.0001
2025-06-14,Varanasi,normal,0.0,0.0,0.0,0.0,0.0,1.12,0.0437,0.0002,0.0001
2025-06-14,Delhi,normal,0.3,0.0,0.0,0.0,0.0,0.7,0.0437,0.0002,0.0001
2025-06-14,Kanpur,normal,0.4,0.0,0.0,0.0,0.0,0.7,0.0437,0.0002,0.0001
2025-06-14,Ranchi,normal,0.2,0.2,0.8,0.7,0.7,1.49,0.0514,0.0002,0.0001
2025-06-14,Jodhpur,normal,0.1,0.0,0.0,0.0,0.0,0.42,0.0437,0.0002,0.0001
2025-06-14,Bikaner,normal,0.0,0.0,0.0,0.0,0.0,0.42,0.0437,0.0002,0.0001
2025-06-14,Jaisalmer,normal,0.4,0.0,0.0,0.0,0.0,0.42,0.0437,0.0002,0.0001
2025-06-14,Hyderabad,normal,1.6,0.5,1.4,1.3,1.3,3.42,0.0626,0.0003,0.0001
2025-06-14,Bengaluru,normal,5.7,1.6,3.3,3.4,3.4,5.65,0.1007,0.0007,0.0002
2025-06-14,Pune,normal,31.3,1.0,2.3,2.3,2.3,4.72,0.0805,0.0005,0.0001
2025-06-14,Kurnool,normal,0.4,2.0,3.9,4.3,4.3,5.32,0.1135,0.0008,0.0002
2025-06-14,Madurai,normal,2.7,0.5,1.4,1.3,1.3,3.42,0.0626,0.0003,0.0001
2025-06-15,Nagpur,normal,0.9,7.2,10.6,11.8,11.8,10.15,0.2474,0.0032,0.0007
2025-06-15,Bhopal,normal,5.4,3.4,6.0,6.9,6.9,5.56,0.1549,0.0014,0.0004
2025-06-15,Raipur,normal,0.1,2.3,4.4,4.84,4.84,6.1,0.1228,0.0009,0.0002
2025-06-15,Jabalpur,normal,0.4,0.7,1.8,1.7,1.7,4.71,0.0699,0.0004,0.0001
2025-06-15,Akola,normal,12.7,13.0,17.2,17.9,17.9,12.16,0.3519,0.0067,0.0014
2025-06-15,Amravati,normal,1.1,21.6,26.76,26.31,26.31,15.15,0.4598,0.0129,0.0025
2025-06-15,Aurangabad,normal,5.0,22.8,27.6,27.3,27.3,14.49,0.4718,0.0138,0.0027
2025-06-15,Bhubaneswar,normal,7.1,0.5,1.4,1.3,1.3,2.81,0.0626,0.0003,0.0001
2025-06-15,Mumbai,coastal,55.5,8.8,12.3,17.1,2.0,11.63,0.3659,0.0134,0.0016
2025-06-15,Thiruvananthapuram,depression,30.8,41.3,52.3,41.39,41.39,28.85,0.7348,0.1009,0.0034
2025-06-15,Kochi,depression,69.2,50.4,61.5,48.74,48.74,35.28,0.7689,0.1278,0.0043
2025-06-15,Mangaluru,depression,79.8,81.9,87.81,71.93,71.93,35.56,0.8389,0.2201,0.0075
2025-06-15,Panaji,depression,93.5,105.6,107.52,87.02,87.02,35.56,0.8683,0.2849,0.0102
2025-06-15,Chennai,coastal,0.0,0.4,1.2,2.02,2.02,5.57,0.0851,0.0009,0.0002
2025-06-15,Visakhapatnam,coastal,0.2,1.7,3.4,5.1,5.1,4.32,0.1469,0.0023,0.0003
2025-06-15,Puri,coastal,22.4,2.1,4.1,5.7,5.7,4.41,0.1639,0.0028,0.0004
2025-06-15,Kolkata,coastal,16.0,0.0,0.0,0.0,0.0,1.74,0.0635,0.0006,0.0001
2025-06-15,Surat,coastal,3.9,1.0,2.3,3.9,3.9,3.49,0.115,0.0015,0.0002
2025-06-15,Mahabaleshwar,orographic,32.6,7.9,11.4,9.34,9.34,14.1,0.294,0.0229,0.0054
2025-06-15,Munnar,orographic,122.7,28.8,34.96,45.61,45.61,30.13,0.564,0.1093,0.0229
2025-06-15,Madikeri,orographic,41.4,54.3,66.4,87.3,87.3,47.52,0.698,0.2226,0.0469
2025-06-15,Ooty,orographic,35.8,10.5,14.4,12.78,12.78,17.51,0.3462,0.0322,0.0074
2025-06-15,Lonavala,orographic,23.4,10.5,14.4,12.78,12.78,17.51,0.3462,0.0322,0.0074
2025-06-15,Wayanad,orographic,40.6,46.3,57.4,73.21,73.21,35.67,0.6662,0.1878,0.0392
2025-06-15,Shimla,orographic,0.2,0.1,0.6,0.1,0.1,0.35,0.0553,0.0013,0.0004
2025-06-15,Dehradun,orographic,6.7,0.0,0.0,0.0,0.0,0.3,0.0508,0.0012,0.0004
2025-06-15,Srinagar,orographic,0.2,0.0,0.0,0.0,0.0,0.3,0.0508,0.0012,0.0004
2025-06-15,Gangtok,orographic,17.1,27.9,34.11,44.5,44.5,9.95,0.557,0.1053,0.022
2025-06-15,Guwahati,orographic,19.0,9.7,13.5,11.49,11.49,10.08,0.3311,0.0292,0.0068
2025-06-15,Cherrapunji,orographic,3.2,22.7,27.5,33.72,33.72,14.14,0.5107,0.0823,0.0174
2025-06-15,Imphal,orographic,7.3,3.2,5.7,3.7,3.7,6.24,0.1707,0.0083,0.0022
2025-06-15,Agartala,orographic,8.4,1.4,3.0,1.7,1.7,3.97,0.1086,0.0039,0.0011
2025-06-15,Lucknow,normal,0.0,0.1,0.6,0.5,0.5,0.97,0.0476,0.0002,0.0001
2025-06-15,Patna,normal,1.7,0.3,1.0,0.9,0.9,1.38,0.0552,0.0003,0.0001
2025-06-15,Varanasi,normal,1.0,0.8,2.0,1.8,1.8,2.02,0.0735,0.0004,0.0001
2025-06-15,Delhi,normal,1.3,0.0,0.0,0.0,0.0,0.59,0.0437,0.0002,0.0001
2025-06-15,Kanpur,normal,0.3,1.8,3.56,3.8,3.8,3.05,0.1071,0.0007,0.0002
2025-06-15,Ranchi,normal,0.1,1.3,2.8,3.0,3.0,2.73,0.0907,0.0006,0.0002
2025-06-15,Jodhpur,normal,9.0,9.3,12.9,13.9,13.9,4.82,0.2894,0.0044,0.001
2025-06-15,Bikaner,normal,7.5,0.0,0.0,0.0,0.0,0.33,0.0437,0.0002,0.0001
2025-06-15,Jaisalmer,normal,2.7,1.6,3.3,3.4,3.4,1.39,0.1007,0.0007,0.0002
2025-06-15,Hyderabad,normal,5.4,0.9,2.1,2.0,2.0,3.79,0.077,0.0004,0.0001
2025-06-15,Bengaluru,normal,4.0,1.5,3.1,3.3,3.3,4.99,0.0974,0.0006,0.0002
2025-06-15,Pune,normal,3.7,2.5,4.7,5.29,5.29,4.68,0.1289,0.001,0.0003
2025-06-15,Kurnool,normal,6.3,0.0,0.0,0.0,0.0,2.6,0.0437,0.0002,0.0001
2025-06-15,Madurai,normal,6.0,0.3,1.0,0.9,0.9,3.12,0.0552,0.0003,0.0001
2025-06-16,Nagpur,active,3.2,6.3,9.7,11.65,10.5,9.28,0.2927,0.0092,0.0032
2025-06-16,Bhopal,active,1.0,3.6,6.2,6.94,7.2,8.51,0.2115,0.0049,0.0019
2025-06-16,Raipur,depression,0.2,63.1,74.3,59.64,55.91,17.63,0.8036,0.1655,0.0055
2025-06-16,Jabalpur,active,1.1,10.0,13.8,16.67,14.9,8.29,0.3781,0.016,0.0053
2025-06-16,Akola,active,12.7,1.7,3.4,4.85,3.6,7.97,0.14,0.0024,0.001
2025-06-16,Amravati,active,6.7,2.3,4.4,5.19,4.84,8.91,0.1642,0.0031,0.0012
2025-06-16,Aurangabad,active,9.0,10.9,14.83,17.12,15.6,15.21,0.3956,0.0178,0.0058
2025-06-16,Bhubaneswar,active,18.9,17.7,22.2,26.7,21.71,9.44,0.5,0.0326,0.0099
2025-06-16,Mumbai,coastal,100.9,20.1,24.9,35.81,8.24,20.57,0.5423,0.0374,0.0041
2025-06-16,Thiruvananthapuram,depression,16.6,16.9,21.3,6.19,29.98,22.7,0.5529,0.0333,0.0012
2025-06-16,Kochi,depression,33.8,29.4,35.5,21.3,21.3,30.53,0.6702,0.0666,0.0023
2025-06-16,Mangaluru,depression,50.9,94.1,103.51,80.01,335.2,43.27,0.8556,0.2541,0.0089
2025-06-16,Panaji,depression,52.3,44.2,55.61,44.05,173.89,35.92,0.7467,0.1094,0.0036
2025-06-16,Chennai,coastal,0.0,0.0,0.0,0.0,0.0,2.59,0.0635,0.0006,0.0001
2025-06-16,Visakhapatnam,coastal,0.1,4.7,7.9,10.6,10.6,8.64,0.2577,0.0064,0.0008
2025-06-16,Puri,coastal,17.3,11.2,15.2,21.19,21.19,12.02,0.4148,0.018,0.0021
2025-06-16,Kolkata,coastal,26.6,1.8,3.56,5.4,5.4,4.6,0.1512,0.0024,0.0004
2025-06-16,Surat,coastal,58.5,5.8,9.2,12.53,12.53,7.19,0.2906,0.0082,0.001
2025-06-16,Mahabaleshwar,orographic,112.3,16.7,21.1,22.4,22.4,23.21,0.4425,0.0567,0.0123
2025-06-16,Munnar,orographic,70.4,16.6,21.0,22.2,22.2,25.51,0.4412,0.0562,0.0123
2025-06-16,Madikeri,orographic,28.4,15.3,19.5,19.9,19.9,29.95,0.4235,0.0509,0.0112
2025-06-16,Ooty,orographic,31.6,4.0,6.8,4.8,4.8,14.88,0.1951,0.0105,0.0027
2025-06-16,Lonavala,orographic,110.8,36.0,44.9,58.81,58.81,37.54,0.6132,0.1417,0.0295
2025-06-16,Wayanad,orographic,27.9,4.9,8.1,5.9,5.9,18.2,0.2207,0.0131,0.0033
2025-06-16,Shimla,orographic,10.4,18.4,23.1,25.4,25.4,5.55,0.4638,0.0638,0.0138
2025-06-16,Dehradun,orographic,0.8,0.1,0.6,0.1,0.1,0.42,0.0553,0.0013,0.0004
2025-06-16,Srinagar,orographic,3.5,2.2,4.2,2.8,2.8,1.8,0.1376,0.0057,0.0016
2025-06-16,Gangtok,orographic,5.9,13.6,17.87,17.4,17.4,7.73,0.3985,0.0441,0.0098
2025-06-16,Guwahati,orographic,19.0,22.1,27.2,32.69,32.69,14.19,0.5047,0.0796,0.0169
2025-06-16,Cherrapunji,orographic,28.0,28.8,34.96,45.61,45.61,19.24,0.564,0.1093,0.0229
2025-06-16,Imphal,orographic,7.1,16.1,20.6,21.2,21.2,9.52,0.4345,0.0542,0.0118
2025-06-16,Agartala,orographic,18.7,8.7,12.2,10.2,10.2,7.27,0.311,0.0257,0.006
2025-06-16,Lucknow,active,10.9,0.0,0.0,0.0,0.0,1.24,0.0602,0.0006,0.0003
2025-06-16,Patna,active,0.1,0.8,2.0,2.81,1.8,2.69,0.1001,0.0014,0.0006
2025-06-16,Varanasi,active,9.0,2.0,3.9,5.0,4.3,3.69,0.1523,0.0027,0.0011
2025-06-16,Delhi,active,25.6,0.0,0.0,0.0,0.0,0.89,0.0602,0.0006,0.0003
2025-06-16,Kanpur,active,12.9,1.0,2.3,3.0,2.3,3.15,0.1094,0.0016,0.0007
2025-06-16,Ranchi,active,8.5,0.9,2.2,2.9,2.1,3.15,0.1048,0.0015,0.0006
2025-06-16,Jodhpur,active,1.6,0.0,0.0,0.0,0.0,2.14,0.0602,0.0006,0.0003
2025-06-16,Bikaner,active,6.1,0.5,1.4,2.01,1.3,1.35,0.0857,0.0011,0.0005
2025-06-16,Jaisalmer,active,0.0,1.2,2.6,3.6,2.8,2.44,0.1184,0.0018,0.0008
2025-06-16,Hyderabad,active,1.6,1.2,2.6,3.6,2.8,4.75,0.1184,0.0018,0.0008
2025-06-16,Bengaluru,active,8.8,0.5,1.4,2.01,1.3,4.79,0.0857,0.0011,0.0005
2025-06-16,Pune,active,25.8,33.1,40.36,41.61,34.81,13.1,0.6373,0.0714,0.0203
2025-06-16,Kurnool,active,0.2,0.5,1.4,2.01,1.3,3.3,0.0857,0.0011,0.0005
2025-06-16,Madurai,active,0.2,0.0,0.0,0.0,0.0,2.47,0.0602,0.0006,0.0003
2025-06-17,Nagpur,normal,3.3,19.9,24.7,24.56,24.56,14.31,0.4416,0.0116,0.0023
2025-06-17,Bhopal,normal,1.8,2.7,5.0,5.7,5.7,7.19,0.1348,0.0011,0.0003
2025-06-17,Raipur,normal,6.9,2.6,4.9,5.5,5.5,7.72,0.1319,0.0011,0.0003
2025-06-17,Jabalpur,normal,1.6,16.0,20.4,20.6,20.6,13.3,0.3945,0.0088,0.0018
2025-06-17,Akola,normal,0.0,5.9,9.3,10.3,10.3,7.42,0.2185,0.0026,0.0006
2025-06-17,Amravati,normal,0.1,8.7,12.2,13.02,13.02,9.01,0.2779,0.0041,0.0009
2025-06-17,Aurangabad,normal,1.4,0.0,0.0,0.0,0.0,3.95,0.0437,0.0002,0.0001
2025-06-17,Bhubaneswar,normal,10.4,8.5,12.0,12.8,12.8,10.15,0.274,0.004,0.0009
2025-06-17,Mumbai,depression,17.5,27.8,34.01,18.1,18.1,22.64,0.6589,0.0621,0.0021
2025-06-17,Thiruvananthapuram,coastal,16.1,10.4,14.3,19.7,19.7,13.38,0.3994,0.0164,0.0019
2025-06-17,Kochi,depression,23.5,30.4,36.9,23.3,72.24,23.62,0.6769,0.0694,0.0024
2025-06-17,Mangaluru,depression,51.8,48.9,60.5,47.69,192.39,31.62,0.7639,0.1234,0.0041
2025-06-17,Panaji,depression,32.1,41.0,52.3,40.99,100.17,29.49,0.7335,0.1,0.0033
2025-06-17,Chennai,coastal,0.2,0.5,1.4,2.4,2.4,3.34,0.0903,0.001,0.0002
2025-06-17,Visakhapatnam,coastal,1.6,0.3,1.0,1.8,1.8,4.9,0.0798,0.0008,0.0001
2025-06-17,Puri,coastal,7.4,17.7,22.2,31.66,31.66,17.84,0.5141,0.0319,0.0035
2025-06-17,Kolkata,coastal,30.4,16.7,21.1,29.61,29.61,14.42,0.5012,0.0296,0.0033
2025-06-17,Surat,coastal,14.4,11.1,15.1,20.96,20.96,13.75,0.4129,0.0178,0.0021
2025-06-17,Mahabaleshwar,orographic,35.3,9.2,12.8,10.54,10.54,16.05,0.3212,0.0274,0.0064
2025-06-17,Munnar,orographic,39.5,2.0,3.9,2.5,2.5,8.26,0.1305,0.0052,0.0015
2025-06-17,Madikeri,orographic,19.7,13.9,18.1,17.7,17.7,17.59,0.4031,0.0453,0.0101
2025-06-17,Ooty,orographic,4.0,1.5,3.1,1.8,1.8,7.24,0.1123,0.0041,0.0012
2025-06-17,Lonavala,orographic,19.0,12.1,16.1,15.08,15.08,19.4,0.3744,0.0382,0.0086
2025-06-17,Wayanad,orographic,17.2,6.8,10.3,8.2,8.2,13.38,0.269,0.0192,0.0046
2025-06-17,Shimla,orographic,2.8,5.5,8.8,6.8,6.8,5.76,0.2367,0.015,0.0037
2025-06-17,Dehradun,orographic,0.0,4.3,7.2,5.1,5.1,3.23,0.2039,0.0114,0.0029
2025-06-17,Srinagar,orographic,0.0,4.2,7.1,4.96,4.96,4.37,0.201,0.0111,0.0029
2025-06-17,Gangtok,orographic,3.7,13.0,17.2,16.3,16.3,7.47,0.3891,0.0417,0.0093
2025-06-17,Guwahati,orographic,12.4,27.6,34.0,44.16,44.16,15.75,0.5545,0.1039,0.0218
2025-06-17,Cherrapunji,orographic,73.3,67.7,78.3,94.2,94.2,24.08,0.7391,0.2783,0.0601
2025-06-17,Imphal,orographic,35.8,17.3,21.7,23.32,23.32,10.93,0.4502,0.0591,0.0128
2025-06-17,Agartala,orographic,13.0,8.4,12.0,9.84,9.84,8.95,0.3047,0.0246,0.0058
2025-06-17,Lucknow,normal,16.4,1.8,3.5,3.7,3.7,3.37,0.1071,0.0007,0.0002
2025-06-17,Patna,normal,20.3,0.6,1.6,1.5,1.5,3.25,0.0663,0.0003,0.0001
2025-06-17,Varanasi,normal,6.0,5.4,8.7,9.8,9.8,5.8,0.2067,0.0023,0.0006
2025-06-17,Delhi,normal,16.9,3.8,6.5,7.43,7.43,4.67,0.1659,0.0016,0.0004
2025-06-17,Kanpur,normal,1.8,2.9,5.2,5.9,5.9,4.13,0.1407,0.0012,0.0003
2025-06-17,Ranchi,normal,21.1,20.1,24.9,24.71,24.71,9.37,0.4438,0.0118,0.0023
2025-06-17,Jodhpur,normal,9.6,1.7,3.4,3.6,3.6,1.57,0.1039,0.0007,0.0002
2025-06-17,Bikaner,normal,2.3,1.9,3.7,4.1,4.1,2.24,0.1103,0.0008,0.0002
2025-06-17,Jaisalmer,normal,1.5,0.0,0.0,0.0,0.0,1.06,0.0437,0.0002,0.0001
2025-06-17,Hyderabad,normal,0.1,0.0,0.0,0.0,0.0,2.6,0.0437,0.0002,0.0001
2025-06-17,Bengaluru,normal,6.6,0.1,0.6,0.5,0.5,2.58,0.0476,0.0002,0.0001
2025-06-17,Pune,normal,6.6,0.6,1.6,1.5,1.5,5.38,0.0663,0.0003,0.0001
2025-06-17,Kurnool,normal,0.1,0.3,1.0,0.9,0.9,3.12,0.0552,0.0003,0.0001
2025-06-17,Madurai,normal,0.0,0.0,0.0,0.0,0.0,1.36,0.0437,0.0002,0.0001
2025-06-18,Nagpur,normal,1.5,2.2,4.2,4.7,4.7,6.13,0.1197,0.0009,0.0002
2025-06-18,Bhopal,normal,2.0,0.8,2.0,1.8,1.8,4.03,0.0735,0.0004,0.0001
2025-06-18,Raipur,normal,2.2,21.7,26.8,26.31,26.31,11.55,0.4608,0.013,0.0025
2025-06-18,Jabalpur,normal,0.0,5.3,8.7,9.7,9.7,7.94,0.2043,0.0023,0.0005
2025-06-18,Akola,normal,10.2,0.0,0.0,0.0,0.0,2.93,0.0437,0.0002,0.0001
2025-06-18,Amravati,normal,18.7,0.0,0.0,0.0,0.0,3.29,0.0437,0.0002,0.0001
2025-06-18,Aurangabad,normal,4.0,0.0,0.0,0.0,0.0,0.86,0.0437,0.0002,0.0001
2025-06-18,Bhubaneswar,normal,11.9,2.2,4.2,4.7,4.7,5.55,0.1197,0.0009,0.0002
2025-06-18,Mumbai,coastal,86.1,16.6,21.0,29.51,5.8,17.09,0.4999,0.0294,0.0033
2025-06-18,Thiruvananthapuram,coastal,2.8,2.4,4.5,6.2,6.2,6.97,0.1761,0.0032,0.0005
2025-06-18,Kochi,coastal,9.4,10.9,14.83,20.7,20.7,13.45,0.4091,0.0174,0.0021
2025-06-18,Mangaluru,depression,35.6,43.7,55.46,43.93,171.93,30.01,0.7448,0.1079,0.0036
2025-06-18,Panaji,depression,20.8,31.9,38.7,24.3,80.21,27.92,0.6864,0.0736,0.0025
2025-06-18,Chennai,coastal,0.3,0.6,1.6,2.52,2.52,3.92,0.0954,0.0011,0.0002
2025-06-18,Visakhapatnam,coastal,0.0,0.8,1.9,3.2,3.2,3.73,0.1053,0.0013,0.0002
2025-06-18,Puri,coastal,6.2,3.3,5.8,8.5,8.5,8.63,0.2104,0.0044,0.0006
2025-06-18,Kolkata,coastal,25.3,8.3,11.9,16.24,16.24,11.79,0.3546,0.0125,0.0015
2025-06-18,Surat,depression,21.0,59.5,72.0,56.63,234.09,29.56,0.7949,0.1549,0.0052
2025-06-18,Mahabaleshwar,orographic,43.4,8.7,12.28,10.2,10.2,14.88,0.311,0.0257,0.006
2025-06-18,Munnar,orographic,14.4,0.2,0.8,0.2,0.2,3.75,0.0598,0.0015,0.0005
2025-06-18,Madikeri,orographic,11.5,9.9,13.7,11.94,11.94,16.35,0.3349,0.03,0.0069
2025-06-18,Ooty,orographic,1.9,2.4,4.5,2.9,2.9,6.16,0.1445,0.0062,0.0017
2025-06-18,Lonavala,orographic,79.9,11.0,15.0,13.38,13.38,16.65,0.3553,0.034,0.0078
2025-06-18,Wayanad,orographic,5.6,0.8,2.0,1.1,1.1,7.01,0.0851,0.0026,0.0008
2025-06-18,Shimla,orographic,0.1,10.1,13.93,12.2,12.2,6.32,0.3388,0.0307,0.0071
2025-06-18,Dehradun,orographic,4.6,4.1,6.9,4.8,4.8,4.65,0.1981,0.0108,0.0028
2025-06-18,Srinagar,orographic,0.0,0.0,0.0,0.0,0.0,1.15,0.0508,0.0012,0.0004
2025-06-18,Gangtok,orographic,24.0,13.0,17.2,16.3,16.3,7.16,0.3891,0.0417,0.0093
2025-06-18,Guwahati,orographic,8.1,9.0,12.6,10.4,10.4,9.67,0.3172,0.0267,0.0062
2025-06-18,Cherrapunji,orographic,114.0,33.8,41.02,52.97,52.97,21.58,0.5994,0.1318,0.0274
2025-06-18,Imphal,orographic,23.9,14.3,18.6,18.1,18.1,9.92,0.4091,0.0469,0.0104
2025-06-18,Agartala,orographic,22.2,9.9,13.7,11.94,11.94,9.41,0.3349,0.03,0.0069
2025-06-18,Lucknow,normal,2.5,13.7,18.0,18.9,18.9,7.93,0.3624,0.0072,0.0015
2025-06-18,Patna,normal,22.6,1.9,3.7,4.1,4.1,3.18,0.1103,0.0008,0.0002
2025-06-18,Varanasi,normal,7.6,6.7,10.2,11.17,11.17,7.52,0.2366,0.003,0.0007
2025-06-18,Delhi,normal,5.3,1.0,2.3,2.3,2.3,3.25,0.0805,0.0005,0.0001
2025-06-18,Kanpur,normal,0.3,12.6,16.62,17.51,17.51,8.0,0.3458,0.0065,0.0014
2025-06-18,Ranchi,normal,87.3,28.5,34.8,31.7,31.7,13.27,0.5222,0.0185,0.0035
2025-06-18,Jodhpur,normal,7.2,0.8,2.0,1.8,1.8,1.77,0.0735,0.0004,0.0001
2025-06-18,Bikaner,normal,0.0,0.0,0.0,0.0,0.0,0.77,0.0437,0.0002,0.0001
2025-06-18,Jaisalmer,normal,0.0,0.0,0.0,0.0,0.0,0.0,0.0437,0.0002,0.0001
2025-06-18,Hyderabad,normal,0.2,0.0,0.0,0.0,0.0,0.93,0.0437,0.0002,0.0001
2025-06-18,Bengaluru,normal,1.0,0.1,0.6,0.5,0.5,2.13,0.0476,0.0002,0.0001
2025-06-18,Pune,normal,9.0,0.3,1.0,0.9,0.9,2.91,0.0552,0.0003,0.0001
2025-06-18,Kurnool,normal,0.1,0.0,0.0,0.0,0.0,1.68,0.0437,0.0002,0.0001
2025-06-18,Madurai,normal,0.8,0.0,0.0,0.0,0.0,0.93,0.0437,0.0002,0.0001
2025-06-19,Nagpur,normal,4.3,8.8,12.3,13.3,13.3,8.98,0.2799,0.0041,0.0009
2025-06-19,Bhopal,normal,5.9,9.0,12.6,13.57,13.57,7.92,0.2837,0.0043,0.0009
2025-06-19,Raipur,normal,14.4,5.1,8.39,9.3,9.3,9.47,0.1994,0.0022,0.0005
2025-06-19,Jabalpur,normal,10.3,19.9,24.7,24.56,24.56,14.28,0.4416,0.0116,0.0023
2025-06-19,Akola,normal,9.3,2.7,5.0,5.7,5.7,4.06,0.1348,0.0011,0.0003
2025-06-19,Amravati,normal,16.6,2.4,4.5,5.0,5.0,3.7,0.1258,0.001,0.0003
2025-06-19,Aurangabad,normal,10.3,1.9,3.7,4.1,4.1,3.69,0.1103,0.0008,0.0002
2025-06-19,Bhubaneswar,normal,1.3,0.9,2.2,2.1,2.1,4.7,0.077,0.0004,0.0001
2025-06-19,Mumbai,depression,65.8,32.5,39.3,24.65,80.21,28.28,0.69,0.0753,0.0025
2025-06-19,Thiruvananthapuram,coastal,3.1,0.0,0.0,0.0,0.0,2.89,0.0635,0.0006,0.0001
2025-06-19,Kochi,coastal,7.5,1.9,3.7,5.5,5.5,7.23,0.1555,0.0025,0.0004
2025-06-19,Mangaluru,depression,14.9,35.2,43.7,28.09,83.43,31.82,0.7054,0.0831,0.0028
2025-06-19,Panaji,depression,16.1,21.9,26.9,10.13,39.05,22.98,0.6091,0.0461,0.0016
2025-06-19,Chennai,coastal,0.5,0.0,0.0,0.0,0.0,2.54,0.0635,0.0006,0.0001
2025-06-19,Visakhapatnam,coastal,0.4,1.7,3.4,5.1,5.1,5.07,0.1469,0.0023,0.0003
2025-06-19,Puri,coastal,4.2,3.1,5.5,8.0,8.0,7.23,0.2031,0.0041,0.0006
2025-06-19,Kolkata,coastal,23.5,0.7,1.8,2.8,2.8,5.99,0.1004,0.0012,0.0002
2025-06-19,Surat,depression,15.0,81.9,87.81,71.93,322.22,39.64,0.8389,0.2201,0.0075
2025-06-19,Mahabaleshwar,orographic,94.0,7.0,10.4,8.5,8.5,15.36,0.2737,0.0198,0.0048
2025-06-19,Munnar,orographic,9.2,0.1,0.6,0.1,0.1,2.6,0.0553,0.0013,0.0004
2025-06-19,Madikeri,orographic,11.3,4.9,8.1,5.9,5.9,12.96,0.2207,0.0131,0.0033
2025-06-19,Ooty,orographic,0.5,1.5,3.1,1.8,1.8,6.12,0.1123,0.0041,0.0012
2025-06-19,Lonavala,orographic,71.9,14.6,18.9,18.57,18.57,18.69,0.4135,0.0481,0.0106
2025-06-19,Wayanad,orographic,6.3,0.0,0.0,0.0,0.0,2.56,0.0508,0.0012,0.0004
2025-06-19,Shimla,orographic,7.9,2.5,4.7,3.1,3.1,3.3,0.1478,0.0065,0.0018
2025-06-19,Dehradun,orographic,5.9,17.2,21.6,23.27,23.27,7.29,0.4489,0.0587,0.0128
2025-06-19,Srinagar,orographic,0.0,0.0,0.0,0.0,0.0,0.4,0.0508,0.0012,0.0004
2025-06-19,Gangtok,orographic,51.7,11.2,15.2,13.7,13.7,7.65,0.3589,0.0348,0.0079
2025-06-19,Guwahati,orographic,18.2,16.3,20.7,21.6,21.6,11.42,0.4372,0.055,0.012
2025-06-19,Cherrapunji,orographic,59.7,88.5,93.7,115.6,115.6,27.19,0.784,0.3566,0.0808
2025-06-19,Imphal,orographic,22.8,28.8,34.96,45.61,45.61,14.79,0.564,0.1093,0.0229
2025-06-19,Agartala,orographic,4.2,49.6,61.0,83.43,83.43,22.39,0.6801,0.2023,0.0424
2025-06-19,Lucknow,normal,31.9,30.2,36.7,33.5,33.5,12.88,0.5353,0.0199,0.0037
2025-06-19,Patna,normal,25.8,10.7,14.7,15.4,15.4,8.11,0.3146,0.0053,0.0011
2025-06-19,Varanasi,normal,0.0,11.4,15.4,16.21,16.21,9.12,0.3264,0.0057,0.0012
2025-06-19,Delhi,normal,0.1,4.0,6.8,7.7,7.7,4.71,0.1713,0.0016,0.0004
2025-06-19,Kanpur,normal,22.8,12.4,16.4,17.3,17.3,9.84,0.3426,0.0063,0.0013
2025-06-19,Ranchi,normal,227.5,42.3,53.1,43.31,43.31,17.28,0.6103,0.0309,0.0055
2025-06-19,Jodhpur,normal,0.4,3.2,5.7,6.4,6.4,3.49,0.1493,0.0013,0.0003
2025-06-19,Bikaner,normal,0.0,0.1,0.6,0.5,0.5,0.51,0.0476,0.0002,0.0001
2025-06-19,Jaisalmer,normal,0.0,0.0,0.0,0.0,0.0,0.42,0.0437,0.0002,0.0001
2025-06-19,Hyderabad,normal,2.3,0.0,0.0,0.0,0.0,1.37,0.0437,0.0002,0.0001
2025-06-19,Bengaluru,normal,0.0,0.0,0.0,0.0,0.0,2.11,0.0437,0.0002,0.0001
2025-06-19,Pune,normal,35.3,1.1,2.4,2.5,2.5,3.72,0.0839,0.0005,0.0001
2025-06-19,Kurnool,normal,0.0,0.0,0.0,0.0,0.0,1.37,0.0437,0.0002,0.0001
2025-06-19,Madurai,normal,1.9,0.0,0.0,0.0,0.0,1.37,0.0437,0.0002,0.0001
2025-06-20,Nagpur,normal,1.8,7.9,11.4,12.22,12.22,10.63,0.262,0.0036,0.0008
2025-06-20,Bhopal,depression,14.8,29.3,35.41,21.3,31.72,14.78,0.6695,0.0663,0.0023
2025-06-20,Raipur,normal,5.4,10.6,14.6,15.4,15.4,11.56,0.3128,0.0052,0.0011
2025-06-20,Jabalpur,depression,10.4,21.7,26.8,10.0,26.31,17.07,0.6071,0.0456,0.0016
2025-06-20,Akola,normal,0.2,8.9,12.5,13.4,13.4,9.37,0.2818,0.0042,0.0009
2025-06-20,Amravati,normal,0.5,6.2,9.6,10.5,10.5,7.59,0.2254,0.0027,0.0006
2025-06-20,Aurangabad,normal,0.9,2.4,4.5,5.0,5.0,5.6,0.1258,0.001,0.0003
2025-06-20,Bhubaneswar,normal,0.5,4.0,6.8,7.7,7.7,5.69,0.1713,0.0016,0.0004
2025-06-20,Mumbai,depression,11.3,23.9,29.1,12.75,44.65,22.55,0.6276,0.0515,0.0018
2025-06-20,Thiruvananthapuram,coastal,4.1,0.0,0.0,0.0,0.0,1.79,0.0635,0.0006,0.0001
2025-06-20,Kochi,coastal,6.2,2.0,3.9,5.6,5.6,6.04,0.1597,0.0027,0.0004
2025-06-20,Mangaluru,depression,12.8,31.1,37.5,23.8,72.24,28.62,0.6814,0.0714,0.0024
2025-06-20,Panaji,depression,32.0,37.4,47.6,34.69,100.17,28.7,0.7167,0.0895,0.003
2025-06-20,Chennai,coastal,0.6,0.0,0.0,0.0,0.0,1.79,0.0635,0.0006,0.0001
2025-06-20,Visakhapatnam,coastal,0.0,1.5,3.1,4.85,4.85,5.53,0.1381,0.0021,0.0003
2025-06-20,Puri,coastal,1.3,2.0,3.9,5.6,5.6,6.04,0.1597,0.0027,0.0004
2025-06-20,Kolkata,coastal,3.9,6.1,9.5,12.9,12.9,7.11,0.299,0.0086,0.0011
2025-06-20,Surat,depression,2.3,7.6,10.9,2.0,14.8,13.42,0.3833,0.0125,0.0005
2025-06-20,Mahabaleshwar,orographic,15.7,2.5,4.7,3.1,3.1,9.71,0.1478,0.0065,0.0018
2025-06-20,Munnar,orographic,3.5,0.2,0.8,0.2,0.2,3.29,0.0598,0.0015,0.0005
2025-06-20,Madikeri,orographic,7.8,5.1,8.5,6.3,6.3,12.0,0.2261,0.0137,0.0035
2025-06-20,Ooty,orographic,0.7,3.5,6.1,4.2,4.2,9.83,0.1801,0.0091,0.0024
2025-06-20,Lonavala,orographic,10.9,6.0,9.4,7.3,7.3,13.34,0.2495,0.0166,0.0041
2025-06-20,Wayanad,orographic,2.8,0.7,1.8,0.9,0.9,3.36,0.081,0.0024,0.0007
2025-06-20,Shimla,orographic,6.9,9.5,13.2,11.2,11.2,5.46,0.3272,0.0285,0.0066
2025-06-20,Dehradun,orographic,11.5,23.5,28.41,35.5,35.5,9.86,0.5185,0.0858,0.0181
2025-06-20,Srinagar,orographic,0.0,0.0,0.0,0.0,0.0,0.32,0.0508,0.0012,0.0004
2025-06-20,Gangtok,orographic,15.1,3.0,5.4,3.5,3.5,4.28,0.1643,0.0078,0.0021
2025-06-20,Guwahati,orographic,3.5,23.2,28.2,34.92,34.92,14.97,0.5156,0.0844,0.0179
2025-06-20,Cherrapunji,orographic,32.5,10.2,14.1,12.3,12.3,12.36,0.3406,0.0311,0.0072
2025-06-20,Imphal,orographic,4.4,7.5,10.8,8.94,8.94,9.4,0.2851,0.0215,0.0051
2025-06-20,Agartala,orographic,5.9,5.4,8.7,6.6,6.6,9.7,0.2341,0.0147,0.0037
2025-06-20,Lucknow,normal,8.7,3.1,5.5,6.2,6.2,5.89,0.1465,0.0013,0.0003
2025-06-20,Patna,normal,14.6,1.3,2.8,3.0,3.0,4.11,0.0907,0.0006,0.0002
2025-06-20,Varanasi,normal,19.7,17.0,21.4,21.0,21.0,9.35,0.4074,0.0095,0.0019
2025-06-20,Delhi,normal,1.2,0.7,1.8,1.7,1.7,3.46,0.0699,0.0004,0.0001
2025-06-20,Kanpur,normal,20.5,2.9,5.2,5.9,5.9,5.54,0.1407,0.0012,0.0003
2025-06-20,Ranchi,normal,39.0,4.0,6.8,7.7,7.7,7.91,0.1713,0.0016,0.0004
2025-06-20,Jodhpur,normal,9.2,0.9,2.2,2.1,2.1,2.12,0.077,0.0004,0.0001
2025-06-20,Bikaner,normal,0.0,2.1,4.1,4.5,4.5,2.11,0.1166,0.0009,0.0002
2025-06-20,Jaisalmer,normal,0.4,0.0,0.0,0.0,0.0,0.36,0.0437,0.0002,0.0001
2025-06-20,Hyderabad,normal,0.2,0.1,0.6,0.5,0.5,1.65,0.0476,0.0002,0.0001
2025-06-20,Bengaluru,normal,0.5,0.0,0.0,0.0,0.0,1.41,0.0437,0.0002,0.0001
2025-06-20,Pune,normal,2.5,0.0,0.0,0.0,0.0,2.42,0.0437,0.0002,0.0001
2025-06-20,Kurnool,normal,3.3,0.0,0.0,0.0,0.0,1.41,0.0437,0.0002,0.0001
2025-06-20,Madurai,normal,1.3,0.0,0.0,0.0,0.0,1.41,0.0437,0.0002,0.0001
2025-06-21,Nagpur,normal,15.8,2.4,4.5,5.0,5.0,4.63,0.1258,0.001,0.0003
2025-06-21,Bhopal,normal,16.0,5.9,9.3,10.3,10.3,7.11,0.2185,0.0026,0.0006
2025-06-21,Raipur,normal,0.0,0.4,1.2,1.1,1.1,4.16,0.0589,0.0003,0.0001
2025-06-21,Jabalpur,normal,7.2,8.7,12.28,13.1,13.1,8.28,0.2779,0.0041,0.0009
2025-06-21,Akola,normal,0.7,1.0,2.3,2.3,2.3,4.02,0.0805,0.0005,0.0001
2025-06-21,Amravati,normal,1.4,3.5,6.1,7.04,7.04,5.99,0.1577,0.0014,0.0004
2025-06-21,Aurangabad,normal,1.9,0.2,0.8,0.7,0.7,2.43,0.0514,0.0002,0.0001
2025-06-21,Bhubaneswar,normal,1.0,0.0,0.0,0.0,0.0,2.36,0.0437,0.0002,0.0001
2025-06-21,Mumbai,coastal,10.0,5.7,9.1,12.4,12.4,9.98,0.2877,0.008,0.001
2025-06-21,Thiruvananthapuram,coastal,2.3,0.0,0.0,0.0,0.0,1.03,0.0635,0.0006,0.0001
2025-06-21,Kochi,coastal,5.5,1.5,3.1,4.85,4.85,4.76,0.1381,0.0021,0.0003
2025-06-21,Mangaluru,depression,20.2,21.0,25.71,8.94,36.78,20.62,0.6001,0.0438,0.0015
2025-06-21,Panaji,depression,14.8,31.1,37.5,23.8,72.24,27.18,0.6814,0.0714,0.0024
2025-06-21,Chennai,coastal,0.5,0.2,0.8,1.53,1.53,1.98,0.0745,0.0008,0.0001
2025-06-21,Visakhapatnam,coastal,3.1,0.5,1.4,2.4,2.4,4.01,0.0903,0.001,0.0002
2025-06-21,Puri,coastal,2.8,1.8,3.56,5.4,5.4,5.2,0.1512,0.0024,0.0004
2025-06-21,Kolkata,coastal,3.0,0.1,0.6,1.2,1.2,3.74,0.069,0.0007,0.0001
2025-06-21,Surat,coastal,8.5,4.9,8.1,10.88,10.88,9.62,0.2639,0.0067,0.0009
2025-06-21,Mahabaleshwar,orographic,16.6,5.8,9.2,7.1,7.1,7.95,0.2444,0.0159,0.0039
2025-06-21,Munnar,orographic,2.9,0.3,1.0,0.4,0.4,2.39,0.0641,0.0017,0.0005
2025-06-21,Madikeri,orographic,10.1,3.4,6.0,4.1,4.1,9.49,0.177,0.0088,0.0023
2025-06-21,Ooty,orographic,0.7,3.4,5.9,4.0,4.0,9.49,0.177,0.0088,0.0023
2025-06-21,Lonavala,orographic,12.2,5.4,8.7,6.6,6.6,9.64,0.2341,0.0147,0.0037
2025-06-21,Wayanad,orographic,4.9,0.2,0.8,0.2,0.2,2.79,0.0598,0.0015,0.0005
2025-06-21,Shimla,orographic,7.2,10.4,14.3,12.6,12.6,6.2,0.3444,0.0318,0.0073
2025-06-21,Dehradun,orographic,0.8,8.2,11.8,9.7,9.7,5.85,0.3005,0.0239,0.0057
2025-06-21,Srinagar,orographic,0.0,0.0,0.0,0.0,0.0,0.0,0.0508,0.0012,0.0004
2025-06-21,Gangtok,orographic,9.4,5.7,9.1,7.0,7.0,3.77,0.2419,0.0156,0.0039
2025-06-21,Guwahati,orographic,43.3,39.8,50.2,63.42,63.42,18.84,0.6347,0.1588,0.033
2025-06-21,Cherrapunji,orographic,19.0,21.0,25.71,29.15,29.15,12.05,0.4932,0.0749,0.016
2025-06-21,Imphal,orographic,13.5,14.7,19.07,18.67,18.67,8.99,0.4149,0.0485,0.0107
2025-06-21,Agartala,orographic,19.7,8.6,12.1,10.1,10.1,7.55,0.3089,0.0253,0.0059
2025-06-21,Lucknow,normal,2.4,0.2,0.8,0.7,0.7,1.57,0.0514,0.0002,0.0001
2025-06-21,Patna,normal,8.3,4.1,6.9,7.9,7.9,3.98,0.174,0.0017,0.0004
2025-06-21,Varanasi,normal,7.0,2.1,4.1,4.5,4.5,3.97,0.1166,0.0009,0.0002
2025-06-21,Delhi,normal,1.6,4.7,7.8,8.6,8.6,3.59,0.1895,0.002,0.0005
2025-06-21,Kanpur,normal,0.2,0.8,1.9,1.71,1.71,2.33,0.0735,0.0004,0.0001
2025-06-21,Ranchi,normal,6.7,2.3,4.5,4.9,4.9,3.46,0.1228,0.0009,0.0002
2025-06-21,Jodhpur,normal,28.1,0.0,0.0,0.0,0.0,0.57,0.0437,0.0002,0.0001
2025-06-21,Bikaner,normal,18.7,0.0,0.0,0.0,0.0,0.74,0.0437,0.0002,0.0001
2025-06-21,Jaisalmer,normal,0.3,0.0,0.0,0.0,0.0,0.0,0.0437,0.0002,0.0001
2025-06-21,Hyderabad,normal,0.3,0.0,0.0,0.0,0.0,1.44,0.0437,0.0002,0.0001
2025-06-21,Bengaluru,normal,0.2,0.0,0.0,0.0,0.0,0.76,0.0437,0.0002,0.0001
2025-06-21,Pune,normal,3.6,0.1,0.6,0.5,0.5,1.05,0.0476,0.0002,0.0001
2025-06-21,Kurnool,normal,0.5,0.6,1.7,1.6,1.6,2.06,0.0663,0.0003,0.0001
2025-06-21,Madurai,normal,0.4,0.1,0.6,0.5,0.5,1.05,0.0476,0.0002,0.0001
2025-06-22,Nagpur,normal,11.5,0.1,0.6,0.5,0.5,2.31,0.0476,0.0002,0.0001
2025-06-22,Bhopal,normal,26.1,3.4,5.9,6.8,6.8,6.6,0.1549,0.0014,0.0004
2025-06-22,Raipur,normal,15.6,0.5,1.4,1.3,1.3,2.42,0.0626,0.0003,0.0001
2025-06-22,Jabalpur,normal,7.7,3.9,6.7,7.58,7.58,7.09,0.1686,0.0016,0.0004
2025-06-22,Akola,normal,0.7,0.5,1.4,1.3,1.3,3.06,0.0626,0.0003,0.0001
2025-06-22,Amravati,normal,7.2,0.5,1.4,1.3,1.3,4.07,0.0626,0.0003,0.0001
2025-06-22,Aurangabad,normal,0.2,0.0,0.0,0.0,0.0,1.23,0.0437,0.0002,0.0001
2025-06-22,Bhubaneswar,normal,3.5,3.6,6.3,7.2,7.2,3.61,0.1605,0.0015,0.0004
2025-06-22,Mumbai,coastal,15.8,5.7,9.1,12.4,12.4,9.53,0.2877,0.008,0.001
2025-06-22,Thiruvananthapuram,coastal,7.3,1.1,2.4,4.1,4.1,3.03,0.1197,0.0016,0.0003
2025-06-22,Kochi,coastal,12.6,9.0,12.6,17.22,17.22,10.56,0.3703,0.0138,0.0017
2025-06-22,Mangaluru,depression,40.2,37.9,48.05,34.8,100.17,27.58,0.7192,0.0909,0.003
2025-06-22,Panaji,depression,14.8,42.1,52.96,41.83,100.17,27.58,0.7382,0.1032,0.0034
2025-06-22,Chennai,coastal,1.6,2.8,5.1,7.14,7.14,4.42,0.1918,0.0037,0.0005
2025-06-22,Visakhapatnam,coastal,2.0,0.8,2.0,3.4,3.4,3.39,0.1053,0.0013,0.0002
2025-06-22,Puri,coastal,1.5,3.8,6.5,9.4,9.4,7.66,0.228,0.0051,0.0007
2025-06-22,Kolkata,coastal,28.2,1.6,3.3,5.05,5.05,3.56,0.1425,0.0022,0.0003
2025-06-22,Surat,coastal,12.6,8.1,11.6,15.77,15.77,11.47,0.3499,0.0121,0.0015
2025-06-22,Mahabaleshwar,orographic,19.4,6.7,10.2,8.15,8.15,12.07,0.2666,0.0188,0.0046
2025-06-22,Munnar,orographic,11.4,0.4,1.2,0.4,0.4,2.87,0.0684,0.0018,0.0006
2025-06-22,Madikeri,orographic,14.7,11.4,15.4,14.0,14.0,14.3,0.3624,0.0356,0.0081
2025-06-22,Ooty,orographic,1.0,3.3,5.9,3.9,3.9,9.91,0.1739,0.0086,0.0023
2025-06-22,Lonavala,orographic,15.7,6.5,10.0,7.95,7.95,12.07,0.2618,0.0182,0.0044
2025-06-22,Wayanad,orographic,9.6,3.7,6.3,4.46,4.46,5.43,0.1862,0.0097,0.0025
2025-06-22,Shimla,orographic,2.9,24.3,29.6,37.61,37.61,8.94,0.526,0.0893,0.0188
2025-06-22,Dehradun,orographic,3.1,37.1,47.41,60.11,60.11,10.85,0.6197,0.1466,0.0305
2025-06-22,Srinagar,orographic,0.5,1.6,3.3,1.9,1.9,0.94,0.116,0.0043,0.0012
2025-06-22,Gangtok,orographic,6.5,24.0,29.2,36.7,36.7,8.2,0.5232,0.088,0.0186
2025-06-22,Guwahati,orographic,13.8,27.4,33.6,43.8,43.8,18.05,0.5529,0.103,0.0216
2025-06-22,Cherrapunji,orographic,21.9,15.6,19.9,20.5,20.5,10.86,0.4277,0.0521,0.0114
2025-06-22,Imphal,orographic,13.2,23.0,28.0,34.52,34.52,12.15,0.5136,0.0836,0.0177
2025-06-22,Agartala,orographic,0.9,10.0,13.8,12.08,12.08,9.03,0.3369,0.0303,0.007
2025-06-22,Lucknow,normal,4.9,4.7,7.9,8.7,8.7,3.62,0.1895,0.002,0.0005
2025-06-22,Patna,normal,5.3,0.2,0.8,0.7,0.7,2.37,0.0514,0.0002,0.0001
2025-06-22,Varanasi,normal,3.1,20.3,25.16,24.86,24.86,8.66,0.446,0.0119,0.0024
2025-06-22,Delhi,normal,0.8,2.5,4.7,5.29,5.29,3.82,0.1289,0.001,0.0003
2025-06-22,Kanpur,normal,14.6,13.1,17.3,18.12,18.12,5.93,0.3535,0.0068,0.0014
2025-06-22,Ranchi,normal,4.0,29.1,35.4,31.72,31.72,9.4,0.5269,0.019,0.0036
2025-06-22,Jodhpur,normal,0.6,0.3,1.0,0.9,0.9,0.36,0.0552,0.0003,0.0001
2025-06-22,Bikaner,normal,0.0,0.0,0.0,0.0,0.0,0.0,0.0437,0.0002,0.0001
2025-06-22,Jaisalmer,normal,0.0,0.0,0.0,0.0,0.0,0.0,0.0437,0.0002,0.0001
2025-06-22,Hyderabad,normal,1.0,0.0,0.0,0.0,0.0,0.77,0.0437,0.0002,0.0001
2025-06-22,Bengaluru,normal,1.5,0.6,1.6,1.5,1.5,2.08,0.0663,0.0003,0.0001
2025-06-22,Pune,normal,2.4,0.5,1.4,1.3,1.3,2.73,0.0626,0.0003,0.0001
2025-06-22,Kurnool,normal,0.1,0.3,1.0,0.9,0.9,2.79,0.0552,0.0003,0.0001
2025-06-22,Madurai,normal,0.2,0.0,0.0,0.0,0.0,1.46,0.0437,0.0002,0.0001
2025-06-23,Nagpur,normal,11.5,0.1,0.6,0.5,0.92,1.49,0.0476,0.0002,0.0001
2025-06-23,Bhopal,normal,27.5,0.0,0.0,0.0,0.0,2.43,0.0437,0.0002,0.0001
2025-06-23,Raipur,normal,5.4,0.0,0.0,0.0,0.0,1.22,0.0437,0.0002,0.0001
2025-06-23,Jabalpur,normal,8.4,2.1,4.1,4.5,5.1,4.45,0.1166,0.0009,0.0002
2025-06-23,Akola,normal,17.0,0.0,0.0,0.0,0.0,1.22,0.0437,0.0002,0.0001
2025-06-23,Amravati,normal,18.7,0.2,0.8,0.7,1.3,1.91,0.0514,0.0002,0.0001
2025-06-23,Aurangabad,normal,3.4,0.3,1.0,0.9,1.72,1.18,0.0552,0.0003,0.0001
2025-06-23,Bhubaneswar,normal,19.3,0.4,1.2,1.1,1.97,3.67,0.0589,0.0003,0.0001
2025-06-23,Mumbai,coastal,51.2,13.8,18.1,25.31,25.31,12.68,0.4593,0.0233,0.0027
2025-06-23,Thiruvananthapuram,coastal,3.0,0.0,0.0,0.0,0.0,1.74,0.0635,0.0006,0.0001
2025-06-23,Kochi,coastal,6.5,3.6,6.2,8.9,8.9,8.76,0.2211,0.0048,0.0007
2025-06-23,Mangaluru,depression,25.4,30.7,37.21,23.46,72.24,23.5,0.6788,0.0702,0.0024
2025-06-23,Panaji,depression,41.8,45.8,57.01,44.83,180.19,28.08,0.7529,0.1142,0.0038
2025-06-23,Chennai,coastal,0.0,1.1,2.4,4.1,4.1,4.33,0.1197,0.0016,0.0003
2025-06-23,Visakhapatnam,coastal,22.3,0.6,1.7,2.6,2.6,3.56,0.0954,0.0011,0.0002
2025-06-23,Puri,coastal,5.9,1.1,2.4,4.1,4.1,5.33,0.1197,0.0016,0.0003
2025-06-23,Kolkata,coastal,14.2,2.3,4.4,5.9,5.9,4.57,0.1721,0.003,0.0004
2025-06-23,Surat,coastal,53.0,8.4,12.0,16.7,16.7,10.63,0.3569,0.0127,0.0015
2025-06-23,Mahabaleshwar,orographic,36.5,7.7,11.1,9.1,9.1,11.56,0.2896,0.0222,0.0053
2025-06-23,Munnar,orographic,7.1,0.5,1.4,0.6,0.6,2.61,0.0727,0.002,0.0006
2025-06-23,Madikeri,orographic,9.0,11.6,15.5,14.1,14.1,13.94,0.3659,0.0363,0.0082
2025-06-23,Ooty,orographic,1.1,0.4,1.2,0.4,0.4,4.73,0.0684,0.0018,0.0006
2025-06-23,Lonavala,orographic,35.3,14.5,18.87,18.4,18.4,14.12,0.412,0.0477,0.0105
2025-06-23,Wayanad,orographic,6.2,1.0,2.3,1.2,1.2,4.98,0.0931,0.003,0.0009
2025-06-23,Shimla,orographic,3.9,16.6,21.0,22.2,22.2,7.31,0.4412,0.0562,0.0123
2025-06-23,Dehradun,orographic,6.2,22.4,27.4,33.51,33.51,11.75,0.5077,0.0809,0.0172
2025-06-23,Srinagar,orographic,0.7,0.0,0.0,0.0,0.0,0.58,0.0508,0.0012,0.0004
2025-06-23,Gangtok,orographic,20.5,12.2,16.2,15.2,15.2,6.85,0.3761,0.0386,0.0087
2025-06-23,Guwahati,orographic,31.9,39.2,49.42,63.11,63.11,18.26,0.6314,0.1561,0.0325
2025-06-23,Cherrapunji,orographic,20.1,26.8,32.9,43.37,43.37,12.65,0.548,0.1003,0.0211
2025-06-23,Imphal,orographic,16.7,44.3,55.61,69.49,69.49,18.26,0.6571,0.1789,0.0373
2025-06-23,Agartala,orographic,9.7,12.1,16.1,15.08,15.08,9.02,0.3744,0.0382,0.0086
2025-06-23,Lucknow,normal,3.0,13.5,17.72,18.5,20.54,7.39,0.3595,0.0071,0.0015
2025-06-23,Patna,normal,17.5,10.9,14.83,15.6,17.12,5.17,0.318,0.0054,0.0012
2025-06-23,Varanasi,normal,10.0,7.5,10.8,12.0,13.35,7.17,0.2538,0.0034,0.0008
2025-06-23,Delhi,normal,0.1,4.9,8.1,9.0,9.8,4.47,0.1945,0.0021,0.0005
2025-06-23,Kanpur,normal,1.7,31.5,38.21,34.0,39.16,11.53,0.5448,0.0211,0.0039
2025-06-23,Ranchi,normal,4.8,31.3,37.91,34.0,39.16,13.26,0.5433,0.0209,0.0039
2025-06-23,Jodhpur,normal,3.4,0.0,0.0,0.0,0.0,0.32,0.0437,0.0002,0.0001
2025-06-23,Bikaner,normal,0.0,0.1,0.6,0.5,0.92,0.17,0.0476,0.0002,0.0001
2025-06-23,Jaisalmer,normal,0.0,0.0,0.0,0.0,0.0,0.0,0.0437,0.0002,0.0001
2025-06-23,Hyderabad,normal,0.5,0.0,0.0,0.0,0.0,0.71,0.0437,0.0002,0.0001
2025-06-23,Bengaluru,normal,1.1,0.1,0.6,0.5,0.92,1.87,0.0476,0.0002,0.0001
2025-06-23,Pune,normal,7.8,1.1,2.4,2.5,3.4,3.0,0.0839,0.0005,0.0001
2025-06-23,Kurnool,normal,1.4,0.0,0.0,0.0,0.0,1.37,0.0437,0.0002,0.0001
2025-06-23,Madurai,normal,0.0,0.7,1.8,1.7,2.5,1.92,0.0699,0.0004,0.0001
2025-06-24,Nagpur,normal,17.3,1.0,2.3,2.3,3.0,2.19,0.0805,0.0005,0.0001
2025-06-24,Bhopal,normal,15.1,2.7,5.0,5.7,6.0,2.5,0.1348,0.0011,0.0003
2025-06-24,Raipur,normal,26.6,0.5,1.4,1.3,2.01,1.51,0.0626,0.0003,0.0001
2025-06-24,Jabalpur,normal,22.5,2.0,3.9,4.3,5.0,3.94,0.1135,0.0008,0.0002
2025-06-24,Akola,normal,17.3,0.3,1.0,0.9,1.72,1.18,0.0552,0.0003,0.0001
2025-06-24,Amravati,normal,5.0,0.9,2.2,2.1,2.9,2.19,0.077,0.0004,0.0001
2025-06-24,Aurangabad,normal,3.2,0.9,2.2,2.1,2.9,2.19,0.077,0.0004,0.0001
2025-06-24,Bhubaneswar,normal,18.0,1.4,3.0,3.2,3.85,2.39,0.0941,0.0006,0.0002
2025-06-24,Mumbai,coastal,26.7,20.6,25.46,36.2,36.2,18.02,0.5478,0.0386,0.0042
2025-06-24,Thiruvananthapuram,coastal,11.7,2.3,4.4,5.9,5.9,3.16,0.1721,0.003,0.0004
2025-06-24,Kochi,coastal,7.6,10.6,14.6,20.03,20.03,12.11,0.4033,0.0168,0.002
2025-06-24,Mangaluru,coastal,23.9,17.4,21.77,30.91,30.91,15.98,0.5103,0.0312,0.0035
2025-06-24,Panaji,depression,31.3,27.6,34.0,17.89,61.11,23.86,0.6574,0.0616,0.0021
2025-06-24,Chennai,coastal,0.1,0.0,0.0,0.0,0.0,1.75,0.0635,0.0006,0.0001
2025-06-24,Visakhapatnam,coastal,17.4,3.5,6.1,8.8,8.8,5.58,0.2176,0.0046,0.0006
2025-06-24,Puri,coastal,17.3,2.9,5.2,7.4,7.4,4.61,0.1956,0.0038,0.0005
2025-06-24,Kolkata,coastal,1.8,5.3,8.7,11.6,11.6,7.25,0.276,0.0073,0.001
2025-06-24,Surat,coastal,33.1,10.4,14.3,19.7,19.7,12.42,0.3994,0.0164,0.0019
2025-06-24,Mahabaleshwar,orographic,52.2,9.1,12.7,10.5,10.5,13.5,0.3192,0.0271,0.0063
2025-06-24,Munnar,orographic,28.6,0.3,1.0,0.4,0.4,2.43,0.0641,0.0017,0.0005
2025-06-24,Madikeri,orographic,19.0,9.0,12.6,10.4,10.4,13.73,0.3172,0.0267,0.0062
2025-06-24,Ooty,orographic,1.9,0.0,0.0,0.0,0.0,1.34,0.0508,0.0012,0.0004
2025-06-24,Lonavala,orographic,39.7,17.3,21.7,23.32,23.32,18.79,0.4502,0.0591,0.0128
2025-06-24,Wayanad,orographic,11.5,0.3,1.0,0.4,0.4,2.87,0.0641,0.0017,0.0005
2025-06-24,Shimla,orographic,5.6,5.0,8.2,6.0,6.0,5.44,0.2234,0.0134,0.0034
2025-06-24,Dehradun,orographic,5.4,4.7,7.9,5.6,5.6,5.57,0.2152,0.0125,0.0032
2025-06-24,Srinagar,orographic,0.0,0.6,1.6,0.7,0.7,0.57,0.0769,0.0022,0.0007
2025-06-24,Gangtok,orographic,14.4,11.3,15.3,13.88,13.88,6.65,0.3607,0.0352,0.008
2025-06-24,Guwahati,orographic,19.7,67.8,78.3,94.2,94.2,27.43,0.7393,0.2787,0.0602
2025-06-24,Cherrapunji,orographic,11.1,84.9,92.3,115.6,115.6,23.3,0.7774,0.3438,0.0772
2025-06-24,Imphal,orographic,16.4,9.6,13.3,11.3,11.3,11.3,0.3291,0.0289,0.0067
2025-06-24,Agartala,orographic,3.0,15.3,19.5,19.9,19.9,10.09,0.4235,0.0509,0.0112
2025-06-24,Lucknow,normal,0.9,6.4,9.84,10.6,11.75,7.27,0.2299,0.0028,0.0007
2025-06-24,Patna,normal,3.8,2.4,4.5,5.0,5.29,4.13,0.1258,0.001,0.0003
2025-06-24,Varanasi,normal,4.7,0.4,1.1,1.0,1.87,2.89,0.0589,0.0003,0.0001
2025-06-24,Delhi,normal,1.1,1.6,3.3,3.4,4.55,3.18,0.1007,0.0007,0.0002
2025-06-24,Kanpur,normal,5.3,0.1,0.6,0.5,0.92,2.56,0.0476,0.0002,0.0001
2025-06-24,Ranchi,normal,15.3,34.4,41.9,36.4,41.94,13.58,0.5646,0.0236,0.0043
2025-06-24,Jodhpur,normal,0.0,0.0,0.0,0.0,0.0,0.0,0.0437,0.0002,0.0001
2025-06-24,Bikaner,normal,1.2,0.0,0.0,0.0,0.0,0.31,0.0437,0.0002,0.0001
2025-06-24,Jaisalmer,normal,0.0,0.0,0.0,0.0,0.0,0.0,0.0437,0.0002,0.0001
2025-06-24,Hyderabad,normal,12.4,0.0,0.0,0.0,0.0,0.68,0.0437,0.0002,0.0001
2025-06-24,Bengaluru,normal,0.9,0.0,0.0,0.0,0.0,1.33,0.0437,0.0002,0.0001
2025-06-24,Pune,normal,15.7,1.6,3.3,3.4,4.55,3.59,0.1007,0.0007,0.0002
2025-06-24,Kurnool,normal,1.1,0.0,0.0,0.0,0.0,0.68,0.0437,0.0002,0.0001
2025-06-24,Madurai,normal,0.1,0.0,0.0,0.0,0.0,1.61,0.0437,0.0002,0.0001
2025-06-25,Nagpur,normal,20.5,4.0,6.8,7.7,7.77,4.22,0.1713,0.0016,0.0004
2025-06-25,Bhopal,normal,23.2,1.5,3.1,3.3,4.2,3.86,0.0974,0.0006,0.0002
2025-06-25,Raipur,normal,12.5,2.1,4.1,4.5,5.1,2.88,0.1166,0.0009,0.0002
2025-06-25,Jabalpur,normal,4.6,3.4,5.9,6.8,6.9,5.73,0.1549,0.0014,0.0004
2025-06-25,Akola,normal,11.1,0.0,0.0,0.0,0.0,1.23,0.0437,0.0002,0.0001
2025-06-25,Amravati,normal,12.5,0.1,0.6,0.5,0.92,1.96,0.0476,0.0002,0.0001
2025-06-25,Aurangabad,normal,13.3,0.3,1.0,0.9,1.72,2.45,0.0552,0.0003,0.0001
2025-06-25,Bhubaneswar,normal,31.3,0.8,2.0,1.8,2.81,3.54,0.0735,0.0004,0.0001
2025-06-25,Mumbai,coastal,10.0,5.7,9.1,12.4,12.4,10.22,0.2877,0.008,0.001
2025-06-25,Thiruvananthapuram,coastal,24.0,2.6,4.9,6.7,6.7,5.55,0.184,0.0034,0.0005
2025-06-25,Kochi,coastal,26.7,15.0,19.32,27.92,27.92,14.76,0.4775,0.0259,0.0029
2025-06-25,Mangaluru,depression,39.9,31.7,38.41,24.2,80.21,25.95,0.6852,0.0731,0.0025
2025-06-25,Panaji,depression,9.2,42.8,54.3,43.13,168.39,27.58,0.7411,0.1053,0.0035
2025-06-25,Chennai,coastal,0.5,1.3,2.8,4.6,4.6,3.03,0.129,0.0019,0.0003
2025-06-25,Visakhapatnam,coastal,44.9,0.2,0.8,1.53,1.53,4.43,0.0745,0.0008,0.0001
2025-06-25,Puri,coastal,38.9,4.0,6.8,9.7,1.2,7.66,0.2349,0.0054,0.0007
2025-06-25,Kolkata,coastal,17.0,6.8,10.3,13.8,13.8,11.47,0.3178,0.0098,0.0012
2025-06-25,Surat,coastal,25.1,6.5,10.0,13.6,13.6,12.09,0.3099,0.0093,0.0012
2025-06-25,Mahabaleshwar,orographic,35.3,4.9,8.1,5.9,5.9,10.87,0.2207,0.0131,0.0033
2025-06-25,Munnar,orographic,42.7,1.9,3.7,2.4,2.4,3.79,0.127,0.005,0.0014
2025-06-25,Madikeri,orographic,18.5,14.4,18.8,18.12,18.12,15.87,0.4106,0.0473,0.0105
2025-06-25,Ooty,orographic,1.6,1.3,2.8,1.6,1.6,2.74,0.1048,0.0036,0.0011
2025-06-25,Lonavala,orographic,20.3,10.6,14.6,12.8,12.8,14.14,0.3481,0.0326,0.0075
2025-06-25,Wayanad,orographic,9.7,4.9,8.1,5.9,5.9,5.52,0.2207,0.0131,0.0033
2025-06-25,Shimla,orographic,16.8,10.0,13.8,12.08,12.08,6.29,0.3369,0.0303,0.007
2025-06-25,Dehradun,orographic,13.8,18.4,23.1,25.4,25.4,7.06,0.4638,0.0638,0.0138
2025-06-25,Srinagar,orographic,2.8,15.4,19.6,20.22,20.22,4.79,0.4249,0.0513,0.0113
2025-06-25,Gangtok,orographic,17.9,12.8,17.0,15.98,15.98,7.0,0.3859,0.0409,0.0092
2025-06-25,Guwahati,orographic,14.3,0.7,1.9,0.9,0.9,5.46,0.081,0.0024,0.0007
2025-06-25,Cherrapunji,orographic,17.5,12.3,16.32,15.28,15.28,11.95,0.3777,0.039,0.0088
2025-06-25,Imphal,orographic,13.3,15.8,20.3,20.92,20.92,10.72,0.4304,0.053,0.0116
2025-06-25,Agartala,orographic,4.9,5.9,9.3,7.2,7.2,6.91,0.247,0.0162,0.004
2025-06-25,Lucknow,normal,1.4,14.2,18.47,19.06,21.77,7.95,0.3697,0.0075,0.0016
2025-06-25,Patna,normal,1.4,4.4,7.4,8.2,9.04,4.83,0.1818,0.0018,0.0005
2025-06-25,Varanasi,normal,10.7,6.1,9.6,10.4,11.65,3.59,0.2231,0.0027,0.0006
2025-06-25,Delhi,normal,12.9,19.4,24.2,23.5,30.67,7.85,0.436,0.0112,0.0022
2025-06-25,Kanpur,normal,2.4,10.4,14.3,15.2,17.0,5.46,0.3093,0.0051,0.0011
2025-06-25,Ranchi,normal,7.0,16.4,20.8,20.8,24.31,9.31,0.3997,0.0091,0.0018
2025-06-25,Jodhpur,normal,18.0,0.2,0.8,0.7,1.3,0.33,0.0514,0.0002,0.0001
2025-06-25,Bikaner,normal,12.4,1.1,2.4,2.5,3.4,1.12,0.0839,0.0005,0.0001
2025-06-25,Jaisalmer,normal,1.1,0.0,0.0,0.0,0.0,0.0,0.0437,0.0002,0.0001
2025-06-25,Hyderabad,normal,7.2,0.0,0.0,0.0,0.0,0.77,0.0437,0.0002,0.0001
2025-06-25,Bengaluru,normal,8.6,0.0,0.0,0.0,0.0,0.77,0.0437,0.0002,0.0001
2025-06-25,Pune,normal,3.4,0.5,1.4,1.3,2.01,3.85,0.0626,0.0003,0.0001
2025-06-25,Kurnool,normal,3.2,0.0,0.0,0.0,0.0,0.77,0.0437,0.0002,0.0001
2025-06-25,Madurai,normal,1.6,0.0,0.0,0.0,0.0,0.77,0.0437,0.0002,0.0001
2025-06-26,Nagpur,normal,15.8,2.2,4.2,4.7,5.1,5.03,0.1197,0.0009,0.0002
2025-06-26,Bhopal,normal,17.6,5.9,9.3,10.3,11.27,5.78,0.2185,0.0026,0.0006
2025-06-26,Raipur,normal,20.1,1.1,2.4,2.5,3.4,3.95,0.0839,0.0005,0.0001
2025-06-26,Jabalpur,normal,32.2,5.4,8.7,9.8,10.14,6.91,0.2067,0.0023,0.0006
2025-06-26,Akola,normal,66.7,0.4,1.2,1.1,1.2,1.75,0.0589,0.0003,0.0001
2025-06-26,Amravati,normal,19.0,0.1,0.6,0.5,0.92,1.67,0.0476,0.0002,0.0001
2025-06-26,Aurangabad,normal,23.0,0.5,1.4,1.3,2.01,2.44,0.0626,0.0003,0.0001
2025-06-26,Bhubaneswar,normal,18.4,1.3,2.8,3.0,3.8,3.42,0.0907,0.0006,0.0002
2025-06-26,Mumbai,coastal,25.0,7.8,11.3,15.2,15.2,11.66,0.3428,0.0116,0.0014
2025-06-26,Thiruvananthapuram,coastal,13.2,0.0,0.0,0.0,0.0,2.49,0.0635,0.0006,0.0001
2025-06-26,Kochi,coastal,41.1,6.9,10.4,13.87,13.87,11.94,0.3204,0.01,0.0013
2025-06-26,Mangaluru,depression,34.1,52.4,64.0,52.1,206.16,33.47,0.7752,0.1338,0.0045
2025-06-26,Panaji,depression,7.9,41.6,52.61,41.83,100.17,31.05,0.7361,0.1017,0.0034
2025-06-26,Chennai,coastal,0.5,0.0,0.0,0.0,0.0,2.49,0.0635,0.0006,0.0001
2025-06-26,Visakhapatnam,coastal,22.3,0.0,0.0,0.0,0.0,1.76,0.0635,0.0006,0.0001
2025-06-26,Puri,coastal,10.2,3.5,6.1,8.8,8.8,9.52,0.2176,0.0046,0.0006
2025-06-26,Kolkata,coastal,7.7,6.0,9.4,12.63,12.63,10.02,0.2962,0.0085,0.0011
2025-06-26,Surat,coastal,33.1,3.2,5.7,8.1,8.1,8.23,0.2068,0.0042,0.0006
2025-06-26,Mahabaleshwar,orographic,33.8,3.5,6.1,4.2,4.2,10.16,0.1801,0.0091,0.0024
2025-06-26,Munnar,orographic,44.6,1.6,3.3,1.9,1.9,5.26,0.116,0.0043,0.0012
2025-06-26,Madikeri,orographic,15.2,7.6,10.9,9.0,9.0,12.82,0.2874,0.0218,0.0052
2025-06-26,Ooty,orographic,2.9,2.5,4.7,3.1,3.1,5.63,0.1478,0.0065,0.0018
2025-06-26,Lonavala,orographic,23.7,4.8,8.0,5.7,5.7,11.24,0.2179,0.0128,0.0033
2025-06-26,Wayanad,orographic,16.0,1.3,2.8,1.6,1.6,6.54,0.1048,0.0036,0.0011
2025-06-26,Shimla,orographic,3.5,55.7,68.01,88.6,88.6,14.75,0.7029,0.2286,0.0483
2025-06-26,Dehradun,orographic,0.4,21.0,25.71,29.15,29.15,10.35,0.4932,0.0749,0.016
2025-06-26,Srinagar,orographic,3.8,10.0,13.8,12.08,12.08,6.86,0.3369,0.0303,0.007
2025-06-26,Gangtok,orographic,14.4,13.3,17.6,16.7,16.7,7.22,0.3938,0.0429,0.0096
2025-06-26,Guwahati,orographic,3.4,11.4,15.4,14.0,14.0,6.03,0.3624,0.0356,0.0081
2025-06-26,Cherrapunji,orographic,8.0,9.7,13.5,11.49,11.49,9.48,0.3311,0.0292,0.0068
2025-06-26,Imphal,orographic,6.6,19.6,24.4,27.26,27.26,11.13,0.4778,0.0689,0.0148
2025-06-26,Agartala,orographic,15.4,5.9,9.3,7.2,7.2,6.26,0.247,0.0162,0.004
2025-06-26,Lucknow,normal,0.5,2.0,3.9,4.3,5.0,4.21,0.1135,0.0008,0.0002
2025-06-26,Patna,normal,1.6,8.2,11.8,12.7,13.87,7.11,0.2681,0.0038,0.0009
2025-06-26,Varanasi,normal,4.0,7.7,11.1,12.1,13.57,7.11,0.2579,0.0035,0.0008
2025-06-26,Delhi,normal,11.5,0.7,1.8,1.7,2.5,3.69,0.0699,0.0004,0.0001
2025-06-26,Kanpur,normal,0.4,6.2,9.6,10.5,11.65,6.21,0.2254,0.0027,0.0006
2025-06-26,Ranchi,normal,18.5,17.9,22.6,21.8,27.82,9.39,0.4185,0.0101,0.002
2025-06-26,Jodhpur,normal,21.6,2.8,5.1,5.8,6.0,2.65,0.1378,0.0011,0.0003
2025-06-26,Bikaner,normal,4.6,0.1,0.6,0.5,0.92,0.84,0.0476,0.0002,0.0001
2025-06-26,Jaisalmer,normal,24.4,6.5,10.0,10.8,11.8,4.09,0.2322,0.0029,0.0007
2025-06-26,Hyderabad,normal,9.8,0.1,0.6,0.5,0.92,1.13,0.0476,0.0002,0.0001
2025-06-26,Bengaluru,normal,2.6,0.0,0.0,0.0,0.0,0.83,0.0437,0.0002,0.0001
2025-06-26,Pune,normal,4.2,1.0,2.3,2.3,3.0,3.22,0.0805,0.0005,0.0001
2025-06-26,Kurnool,normal,0.4,1.1,2.4,2.5,3.4,2.57,0.0839,0.0005,0.0001
2025-06-26,Madurai,normal,0.0,0.2,0.8,0.7,1.3,1.6,0.0514,0.0002,0.0001
2025-06-27,Nagpur,normal,3.1,1.6,3.3,3.4,3.4,3.47,0.1007,0.0007,0.0002
2025-06-27,Bhopal,normal,2.8,2.6,4.9,5.5,5.5,4.66,0.1319,0.0011,0.0003
2025-06-27,Raipur,normal,3.1,0.0,0.0,0.0,0.0,1.36,0.0437,0.0002,0.0001
2025-06-27,Jabalpur,normal,13.3,6.6,10.1,11.0,11.0,7.57,0.2344,0.0029,0.0007
2025-06-27,Akola,normal,9.1,0.5,1.4,1.3,1.3,2.19,0.0626,0.0003,0.0001
2025-06-27,Amravati,normal,6.1,1.5,3.1,3.3,3.3,2.27,0.0974,0.0006,0.0002
2025-06-27,Aurangabad,normal,4.0,3.1,5.5,6.2,6.2,2.89,0.1465,0.0013,0.0003
2025-06-27,Bhubaneswar,normal,21.0,5.3,8.7,9.7,9.7,4.99,0.2043,0.0023,0.0005
2025-06-27,Mumbai,coastal,13.9,22.3,27.36,39.3,39.3,18.93,0.5653,0.0426,0.0046
2025-06-27,Thiruvananthapuram,coastal,2.3,0.0,0.0,0.0,0.0,1.03,0.0635,0.0006,0.0001
2025-06-27,Kochi,coastal,13.8,6.1,9.5,12.9,12.9,9.62,0.299,0.0086,0.0011
2025-06-27,Mangaluru,depression,15.9,28.6,34.86,19.4,61.72,24.56,0.6647,0.0643,0.0022
2025-06-27,Panaji,depression,11.2,30.7,37.21,23.46,72.24,25.62,0.6788,0.0702,0.0024
2025-06-27,Chennai,coastal,0.3,0.0,0.0,0.0,0.0,1.03,0.0635,0.0006,0.0001
2025-06-27,Visakhapatnam,coastal,1.7,0.3,1.0,1.8,1.8,2.01,0.0798,0.0008,0.0001
2025-06-27,Puri,coastal,6.8,2.2,4.2,5.9,5.9,6.4,0.168,0.0029,0.0004
2025-06-27,Kolkata,coastal,19.4,3.7,6.3,9.1,9.1,9.14,0.2246,0.0049,0.0007
2025-06-27,Surat,coastal,13.9,15.2,19.5,28.21,28.21,11.34,0.4804,0.0263,0.003
2025-06-27,Mahabaleshwar,orographic,32.1,6.5,10.0,7.95,7.95,11.47,0.2618,0.0182,0.0044
2025-06-27,Munnar,orographic,13.6,0.1,0.6,0.1,0.1,2.73,0.0553,0.0013,0.0004
2025-06-27,Madikeri,orographic,5.2,5.5,8.8,6.8,6.8,10.22,0.2367,0.015,0.0037
2025-06-27,Ooty,orographic,2.0,0.0,0.0,0.0,0.0,2.31,0.0508,0.0012,0.0004
2025-06-27,Lonavala,orographic,21.1,18.2,22.9,24.8,24.8,19.27,0.4614,0.0629,0.0136
2025-06-27,Wayanad,orographic,2.7,0.5,1.4,0.6,0.6,4.09,0.0727,0.002,0.0006
2025-06-27,Shimla,orographic,5.3,12.4,16.4,15.3,15.3,8.3,0.3794,0.0394,0.0089
2025-06-27,Dehradun,orographic,12.7,16.0,20.4,21.2,21.2,6.94,0.4332,0.0538,0.0118
2025-06-27,Srinagar,orographic,24.6,6.8,10.3,8.2,8.2,5.72,0.269,0.0192,0.0046
2025-06-27,Gangtok,orographic,3.7,10.5,14.4,12.78,12.78,6.26,0.3462,0.0322,0.0074
2025-06-27,Guwahati,orographic,9.0,16.7,21.1,22.4,22.4,10.23,0.4425,0.0567,0.0123
2025-06-27,Cherrapunji,orographic,10.5,8.2,11.8,9.7,9.7,8.29,0.3005,0.0239,0.0057
2025-06-27,Imphal,orographic,4.9,10.4,14.3,12.6,12.6,9.2,0.3444,0.0318,0.0073
2025-06-27,Agartala,orographic,7.2,2.1,4.1,2.7,2.7,4.23,0.1341,0.0055,0.0015
2025-06-27,Lucknow,normal,2.0,1.2,2.6,2.8,2.8,2.7,0.0873,0.0005,0.0002
2025-06-27,Patna,normal,6.1,0.1,0.6,0.5,0.5,2.05,0.0476,0.0002,0.0001
2025-06-27,Varanasi,normal,12.1,4.5,7.5,8.4,8.4,5.07,0.1844,0.0019,0.0005
2025-06-27,Delhi,normal,0.5,0.7,1.8,1.7,1.7,1.99,0.0699,0.0004,0.0001
2025-06-27,Kanpur,normal,8.2,1.6,3.3,3.4,3.4,3.03,0.1007,0.0007,0.0002
2025-06-27,Ranchi,normal,8.5,12.6,16.62,17.51,17.51,7.88,0.3458,0.0065,0.0014
2025-06-27,Jodhpur,normal,11.6,5.3,8.7,9.7,9.7,4.82,0.2043,0.0023,0.0005
2025-06-27,Bikaner,normal,0.3,2.3,4.5,4.9,4.9,1.88,0.1228,0.0009,0.0002
2025-06-27,Jaisalmer,normal,7.5,12.0,16.0,16.86,16.86,7.04,0.3363,0.0061,0.0013
2025-06-27,Hyderabad,normal,1.6,0.0,0.0,0.0,0.0,1.44,0.0437,0.0002,0.0001
2025-06-27,Bengaluru,normal,0.6,0.0,0.0,0.0,0.0,0.76,0.0437,0.0002,0.0001
2025-06-27,Pune,normal,4.3,2.0,3.9,4.3,4.3,4.01,0.1135,0.0008,0.0002
2025-06-27,Kurnool,normal,0.5,0.0,0.0,0.0,0.0,1.72,0.0437,0.0002,0.0001
2025-06-27,Madurai,normal,1.9,0.0,0.0,0.0,0.0,1.44,0.0437,0.0002,0.0001
2025-06-28,Nagpur,normal,8.9,2.7,5.0,5.7,5.7,4.41,0.1348,0.0011,0.0003
2025-06-28,Bhopal,normal,7.5,0.1,0.6,0.5,0.5,2.11,0.0476,0.0002,0.0001
2025-06-28,Raipur,normal,1.6,0.0,0.0,0.0,0.0,0.54,0.0437,0.0002,0.0001
2025-06-28,Jabalpur,normal,8.3,0.0,0.0,0.0,0.0,2.68,0.0437,0.0002,0.0001
2025-06-28,Akola,normal,3.7,0.0,0.0,0.0,0.0,1.22,0.0437,0.0002,0.0001
2025-06-28,Amravati,normal,1.6,0.0,0.0,0.0,0.0,1.77,0.0437,0.0002,0.0001
2025-06-28,Aurangabad,normal,1.6,0.0,0.0,0.0,0.0,1.77,0.0437,0.0002,0.0001
2025-06-28,Bhubaneswar,normal,7.5,1.0,2.3,2.3,2.3,3.73,0.0805,0.0005,0.0001
2025-06-28,Mumbai,coastal,21.5,18.2,22.9,33.2,33.2,16.42,0.5203,0.033,0.0036
2025-06-28,Thiruvananthapuram,coastal,9.2,0.0,0.0,0.0,0.0,0.93,0.0635,0.0006,0.0001
2025-06-28,Kochi,coastal,17.0,1.4,3.0,4.7,4.7,5.33,0.1336,0.002,0.0003
2025-06-28,Mangaluru,coastal,17.2,12.2,16.2,23.0,23.0,13.14,0.4328,0.02,0.0023
2025-06-28,Panaji,coastal,18.0,9.4,13.03,17.9,17.9,12.26,0.3789,0.0145,0.0017
2025-06-28,Chennai,coastal,0.5,0.0,0.0,0.0,0.0,0.93,0.0635,0.0006,0.0001
2025-06-28,Visakhapatnam,coastal,0.0,0.3,1.0,1.8,1.8,2.49,0.0798,0.0008,0.0001
2025-06-28,Puri,coastal,4.7,1.9,3.7,5.5,5.5,4.74,0.1555,0.0025,0.0004
2025-06-28,Kolkata,coastal,17.5,2.0,3.9,5.6,5.6,5.82,0.1597,0.0027,0.0004
2025-06-28,Surat,coastal,17.9,7.5,10.8,14.67,14.67,10.7,0.3355,0.011,0.0014
2025-06-28,Mahabaleshwar,orographic,34.9,8.2,11.8,9.7,9.7,11.56,0.3005,0.0239,0.0057
2025-06-28,Munnar,orographic,9.8,1.8,3.56,2.2,2.2,3.45,0.1234,0.0048,0.0014
2025-06-28,Madikeri,orographic,9.5,4.1,6.9,4.8,4.8,8.94,0.1981,0.0108,0.0028
2025-06-28,Ooty,orographic,3.7,1.6,3.3,1.9,1.9,2.43,0.116,0.0043,0.0012
2025-06-28,Lonavala,orographic,22.5,20.0,24.8,27.6,27.6,21.55,0.4823,0.0706,0.0151
2025-06-28,Wayanad,orographic,11.6,0.3,1.0,0.4,0.4,2.38,0.0641,0.0017,0.0005
2025-06-28,Shimla,orographic,3.9,23.8,28.9,36.6,36.6,8.57,0.5213,0.0871,0.0184
2025-06-28,Dehradun,orographic,53.4,43.9,55.61,69.49,69.49,12.65,0.6552,0.1771,0.0369
2025-06-28,Srinagar,orographic,3.4,6.1,9.5,7.4,7.4,4.77,0.252,0.0169,0.0041
2025-06-28,Gangtok,orographic,5.1,17.3,21.7,23.32,23.32,7.1,0.4502,0.0591,0.0128
2025-06-28,Guwahati,orographic,3.4,12.4,16.4,15.3,15.3,9.14,0.3794,0.0394,0.0089
2025-06-28,Cherrapunji,orographic,15.9,14.0,18.27,17.95,17.95,8.64,0.4046,0.0457,0.0101
2025-06-28,Imphal,orographic,1.9,6.5,10.0,7.95,7.95,7.96,0.2618,0.0182,0.0044
2025-06-28,Agartala,orographic,1.1,0.4,1.2,0.4,0.4,2.75,0.0684,0.0018,0.0006
2025-06-28,Lucknow,normal,3.8,1.4,3.0,3.2,3.2,2.65,0.0941,0.0006,0.0002
2025-06-28,Patna,normal,4.8,5.7,9.1,10.2,10.2,3.41,0.2139,0.0025,0.0006
2025-06-28,Varanasi,normal,7.6,20.7,25.5,25.26,25.26,9.15,0.4503,0.0122,0.0024
2025-06-28,Delhi,normal,8.3,3.8,6.5,7.43,7.43,3.49,0.1659,0.0016,0.0004
2025-06-28,Kanpur,normal,4.7,9.1,12.7,13.6,13.6,6.34,0.2856,0.0043,0.001
2025-06-28,Ranchi,normal,8.4,22.2,27.2,26.71,26.71,9.95,0.4659,0.0134,0.0026
2025-06-28,Jodhpur,normal,0.0,0.3,1.0,0.9,0.9,1.47,0.0552,0.0003,0.0001
2025-06-28,Bikaner,normal,0.1,0.3,1.0,0.9,0.9,1.06,0.0552,0.0003,0.0001
2025-06-28,Jaisalmer,normal,0.1,0.0,0.0,0.0,0.0,1.63,0.0437,0.0002,0.0001
2025-06-28,Hyderabad,normal,0.3,0.0,0.0,0.0,0.0,0.71,0.0437,0.0002,0.0001
2025-06-28,Bengaluru,normal,5.0,0.0,0.0,0.0,0.0,0.71,0.0437,0.0002,0.0001
2025-06-28,Pune,normal,7.3,1.2,2.7,2.85,2.85,4.05,0.0873,0.0005,0.0002
2025-06-28,Kurnool,normal,0.3,0.0,0.0,0.0,0.0,0.71,0.0437,0.0002,0.0001
2025-06-28,Madurai,normal,1.1,1.3,2.8,3.0,3.0,2.27,0.0907,0.0006,0.0002
2025-06-29,Nagpur,normal,16.9,0.8,2.0,1.8,1.8,3.31,0.0735,0.0004,0.0001
2025-06-29,Bhopal,normal,35.4,0.6,1.7,1.6,1.6,2.21,0.0663,0.0003,0.0001
2025-06-29,Raipur,normal,1.6,2.1,4.1,4.5,4.5,2.27,0.1166,0.0009,0.0002
2025-06-29,Jabalpur,normal,2.0,1.8,3.5,3.7,3.7,2.27,0.1071,0.0007,0.0002
2025-06-29,Akola,normal,14.5,0.4,1.2,1.1,1.1,1.53,0.0589,0.0003,0.0001
2025-06-29,Amravati,normal,27.4,2.6,4.9,5.5,5.5,2.32,0.1319,0.0011,0.0003
2025-06-29,Aurangabad,normal,3.1,0.0,0.0,0.0,0.0,0.53,0.0437,0.0002,0.0001
2025-06-29,Bhubaneswar,normal,5.7,0.0,0.0,0.0,0.0,1.41,0.0437,0.0002,0.0001
2025-06-29,Mumbai,coastal,18.1,21.8,26.8,39.0,39.0,20.43,0.5603,0.0414,0.0045
2025-06-29,Thiruvananthapuram,coastal,1.9,0.0,0.0,0.0,0.0,0.91,0.0635,0.0006,0.0001
2025-06-29,Kochi,coastal,5.6,0.2,0.8,1.53,1.53,3.06,0.0745,0.0008,0.0001
2025-06-29,Mangaluru,coastal,9.2,16.4,20.8,29.4,29.4,16.13,0.4972,0.029,0.0032
2025-06-29,Panaji,coastal,15.6,19.6,24.4,35.4,35.4,17.21,0.5367,0.0362,0.004
2025-06-29,Chennai,coastal,0.9,0.0,0.0,0.0,0.0,0.91,0.0635,0.0006,0.0001
2025-06-29,Visakhapatnam,coastal,6.8,0.2,0.8,1.53,1.53,2.48,0.0745,0.0008,0.0001
2025-06-29,Puri,coastal,1.9,0.9,2.2,3.6,3.6,3.93,0.1102,0.0014,0.0002
2025-06-29,Kolkata,coastal,44.8,13.0,17.2,24.51,24.51,10.74,0.4464,0.0216,0.0025
2025-06-29,Surat,coastal,15.9,4.9,8.1,10.88,10.88,9.11,0.2639,0.0067,0.0009
2025-06-29,Mahabaleshwar,orographic,34.6,11.4,15.4,14.0,14.0,14.13,0.3624,0.0356,0.0081
2025-06-29,Munnar,orographic,1.6,0.3,1.0,0.4,0.4,3.19,0.0641,0.0017,0.0005
2025-06-29,Madikeri,orographic,9.2,3.0,5.4,3.5,3.5,7.77,0.1643,0.0078,0.0021
2025-06-29,Ooty,orographic,0.0,0.6,1.6,0.7,0.7,4.18,0.0769,0.0022,0.0007
2025-06-29,Lonavala,orographic,23.8,39.2,49.42,63.11,63.11,29.54,0.6314,0.1561,0.0325
2025-06-29,Wayanad,orographic,1.9,0.0,0.0,0.0,0.0,1.3,0.0508,0.0012,0.0004
2025-06-29,Shimla,orographic,14.5,7.5,10.8,8.94,8.94,6.37,0.2851,0.0215,0.0051
2025-06-29,Dehradun,orographic,36.0,29.2,35.4,45.97,45.97,13.75,0.5671,0.1111,0.0232
2025-06-29,Srinagar,orographic,1.0,2.4,4.5,2.9,2.9,2.55,0.1445,0.0062,0.0017
2025-06-29,Gangtok,orographic,0.9,13.5,17.72,17.4,17.4,7.08,0.397,0.0437,0.0097
2025-06-29,Guwahati,orographic,5.9,11.5,15.42,14.1,14.1,9.23,0.3641,0.0359,0.0082
2025-06-29,Cherrapunji,orographic,16.6,3.1,5.5,3.6,3.6,5.73,0.1675,0.008,0.0021
2025-06-29,Imphal,orographic,7.0,23.6,28.61,35.56,35.56,11.45,0.5194,0.0862,0.0182
2025-06-29,Agartala,orographic,2.3,0.0,0.0,0.0,0.0,1.15,0.0508,0.0012,0.0004
2025-06-29,Lucknow,normal,10.4,10.9,14.83,15.6,15.6,6.38,0.318,0.0054,0.0012
2025-06-29,Patna,normal,14.8,6.6,10.2,11.1,11.1,6.72,0.2344,0.0029,0.0007
2025-06-29,Varanasi,normal,18.2,9.5,13.2,14.3,14.3,8.19,0.2931,0.0045,0.001
2025-06-29,Delhi,normal,16.2,11.6,15.5,16.4,16.4,7.55,0.3297,0.0058,0.0013
2025-06-29,Kanpur,normal,3.7,2.8,5.1,5.8,5.8,4.91,0.1378,0.0011,0.0003
2025-06-29,Ranchi,normal,29.9,13.3,17.6,18.36,18.36,8.4,0.3565,0.0069,0.0015
2025-06-29,Jodhpur,normal,4.4,0.8,2.0,1.8,1.8,0.98,0.0735,0.0004,0.0001
2025-06-29,Bikaner,normal,0.0,0.0,0.0,0.0,0.0,0.31,0.0437,0.0002,0.0001
2025-06-29,Jaisalmer,normal,0.4,0.0,0.0,0.0,0.0,0.0,0.0437,0.0002,0.0001
2025-06-29,Hyderabad,normal,1.5,0.0,0.0,0.0,0.0,0.69,0.0437,0.0002,0.0001
2025-06-29,Bengaluru,normal,0.2,0.0,0.0,0.0,0.0,0.69,0.0437,0.0002,0.0001
2025-06-29,Pune,normal,5.9,0.9,2.2,2.1,2.1,3.8,0.077,0.0004,0.0001
2025-06-29,Kurnool,normal,0.4,0.1,0.6,0.5,0.5,0.97,0.0476,0.0002,0.0001
2025-06-29,Madurai,normal,0.0,0.0,0.0,0.0,0.0,2.04,0.0437,0.0002,0.0001
2025-06-30,Nagpur,normal,34.5,7.7,11.1,12.1,13.57,7.23,0.2579,0.0035,0.0008
2025-06-30,Bhopal,normal,13.3,1.6,3.3,3.4,4.55,4.33,0.1007,0.0007,0.0002
2025-06-30,Raipur,normal,12.5,4.2,7.1,8.0,8.28,7.66,0.1766,0.0017,0.0004
2025-06-30,Jabalpur,normal,16.4,8.7,12.2,13.02,15.12,9.45,0.2779,0.0041,0.0009
2025-06-30,Akola,normal,12.9,1.5,3.1,3.3,4.2,3.93,0.0974,0.0006,0.0002
2025-06-30,Amravati,normal,6.7,4.0,6.8,7.7,7.77,7.66,0.1713,0.0016,0.0004
2025-06-30,Aurangabad,normal,8.3,0.1,0.6,0.5,0.92,1.52,0.0476,0.0002,0.0001
2025-06-30,Bhubaneswar,normal,13.2,0.0,0.0,0.0,0.0,1.16,0.0437,0.0002,0.0001
2025-06-30,Mumbai,depression,22.2,24.7,30.16,14.05,50.83,24.64,0.6345,0.0536,0.0019
2025-06-30,Thiruvananthapuram,coastal,0.5,0.0,0.0,0.0,0.0,1.6,0.0635,0.0006,0.0001
2025-06-30,Kochi,coastal,3.8,1.0,2.3,3.9,3.9,4.49,0.115,0.0015,0.0002
2025-06-30,Mangaluru,depression,17.3,25.8,31.76,15.4,60.71,26.56,0.6436,0.0566,0.0019
2025-06-30,Panaji,depression,15.8,32.2,39.1,24.45,80.21,30.3,0.6882,0.0745,0.0025
2025-06-30,Chennai,coastal,0.3,0.0,0.0,0.0,0.0,1.6,0.0635,0.0006,0.0001
2025-06-30,Visakhapatnam,coastal,4.6,0.1,0.6,1.2,1.2,3.1,0.069,0.0007,0.0001
2025-06-30,Puri,coastal,7.2,0.1,0.6,1.2,1.2,3.35,0.069,0.0007,0.0001
2025-06-30,Kolkata,coastal,12.7,10.0,13.8,19.13,19.13,16.05,0.3914,0.0156,0.0019
2025-06-30,Surat,coastal,9.2,18.0,22.6,32.85,32.85,19.77,0.5178,0.0325,0.0036
2025-06-30,Mahabaleshwar,orographic,38.6,5.5,8.8,6.8,6.8,14.48,0.2367,0.015,0.0037
2025-06-30,Munnar,orographic,5.0,0.0,0.0,0.0,0.0,2.2,0.0508,0.0012,0.0004
2025-06-30,Madikeri,orographic,6.9,3.2,5.7,3.7,3.7,9.09,0.1707,0.0083,0.0022
2025-06-30,Ooty,orographic,0.4,0.0,0.0,0.0,0.0,2.38,0.0508,0.0012,0.0004
2025-06-30,Lonavala,orographic,22.1,21.5,26.61,30.81,30.81,36.61,0.4985,0.077,0.0164
2025-06-30,Wayanad,orographic,3.3,0.0,0.0,0.0,0.0,1.3,0.0508,0.0012,0.0004
2025-06-30,Shimla,orographic,11.7,13.6,17.87,17.4,17.4,7.93,0.3985,0.0441,0.0098
2025-06-30,Dehradun,orographic,10.8,24.1,29.3,37.21,37.21,11.75,0.5241,0.0884,0.0187
2025-06-30,Srinagar,orographic,0.2,1.1,2.4,1.33,1.33,2.22,0.097,0.0032,0.001
2025-06-30,Gangtok,orographic,12.4,14.2,18.47,18.1,18.1,8.33,0.4076,0.0465,0.0103
2025-06-30,Guwahati,orographic,45.8,14.4,18.8,18.12,18.12,11.48,0.4106,0.0473,0.0105
2025-06-30,Cherrapunji,orographic,17.7,18.9,23.6,26.6,26.6,10.65,0.4697,0.0659,0.0142
2025-06-30,Imphal,orographic,6.4,13.3,17.6,16.7,16.7,11.67,0.3938,0.0429,0.0096
2025-06-30,Agartala,orographic,1.6,1.1,2.4,1.33,1.33,2.7,0.097,0.0032,0.001
2025-06-30,Lucknow,normal,38.7,30.4,36.9,33.6,39.16,13.84,0.5367,0.0201,0.0037
2025-06-30,Patna,normal,18.8,12.0,16.0,16.86,19.5,10.24,0.3363,0.0061,0.0013
2025-06-30,Varanasi,normal,17.5,21.1,26.0,25.72,32.91,13.03,0.4546,0.0125,0.0025
2025-06-30,Delhi,normal,17.3,6.4,9.84,10.6,11.75,9.2,0.2299,0.0028,0.0007
2025-06-30,Kanpur,normal,10.7,19.1,23.8,23.11,30.67,10.36,0.4326,0.011,0.0022
2025-06-30,Ranchi,normal,6.3,59.2,72.0,54.71,103.83,20.04,0.6809,0.0477,0.0082
2025-06-30,Jodhpur,normal,0.4,0.2,0.8,0.7,1.3,1.21,0.0514,0.0002,0.0001
2025-06-30,Bikaner,normal,0.0,0.0,0.0,0.0,0.0,0.25,0.0437,0.0002,0.0001
2025-06-30,Jaisalmer,normal,0.0,0.0,0.0,0.0,0.0,0.25,0.0437,0.0002,0.0001
2025-06-30,Hyderabad,normal,8.7,0.1,0.6,0.5,0.92,1.62,0.0476,0.0002,0.0001
2025-06-30,Bengaluru,normal,1.0,0.0,0.0,0.0,0.0,1.24,0.0437,0.0002,0.0001
2025-06-30,Pune,normal,4.3,1.7,3.4,3.6,4.8,5.11,0.1039,0.0007,0.0002
2025-06-30,Kurnool,normal,0.1,0.2,0.8,0.7,1.3,3.19,0.0514,0.0002,0.0001
2025-06-30,Madurai,normal,0.0,0.0,0.0,0.0,0.0,1.24,0.0437,0.0002,0.0001
2025-07-01,Nagpur,normal,19.3,4.5,7.5,8.4,9.58,9.58,0.1844,0.0019,0.0005
2025-07-01,Bhopal,normal,12.3,34.4,41.9,36.4,41.94,15.34,0.5646,0.0236,0.0043
2025-07-01,Raipur,normal,43.9,3.3,5.8,6.5,6.4,8.15,0.1521,0.0013,0.0003
2025-07-01,Jabalpur,depression,17.0,53.0,65.56,52.3,103.83,22.18,0.777,0.1355,0.0045
2025-07-01,Akola,normal,23.7,2.2,4.2,4.7,5.1,5.99,0.1197,0.0009,0.0002
2025-07-01,Amravati,normal,22.3,4.4,7.4,8.2,9.04,9.31,0.1818,0.0018,0.0005
2025-07-01,Aurangabad,normal,12.2,0.3,1.0,0.9,1.72,3.56,0.0552,0.0003,0.0001
2025-07-01,Bhubaneswar,normal,29.0,5.6,9.0,9.98,10.6,6.01,0.2115,0.0024,0.0006
2025-07-01,Mumbai,depression,34.3,27.1,33.36,16.76,60.71,27.56,0.6537,0.0602,0.0021
2025-07-01,Thiruvananthapuram,coastal,1.7,0.0,0.0,0.0,0.0,2.1,0.0635,0.0006,0.0001
2025-07-01,Kochi,coastal,6.4,0.3,1.0,1.8,1.8,4.14,0.0798,0.0008,0.0001
2025-07-01,Mangaluru,depression,10.1,23.3,28.3,11.76,39.4,25.58,0.6222,0.0498,0.0017
2025-07-01,Panaji,depression,20.6,28.6,34.86,19.4,61.72,27.56,0.6647,0.0643,0.0022
2025-07-01,Chennai,coastal,1.1,0.0,0.0,0.0,0.0,2.1,0.0635,0.0006,0.0001
2025-07-01,Visakhapatnam,coastal,39.7,0.2,0.8,1.53,1.53,3.86,0.0745,0.0008,0.0001
2025-07-01,Puri,coastal,11.2,0.9,2.2,3.6,3.6,4.56,0.1102,0.0014,0.0002
2025-07-01,Kolkata,coastal,6.5,0.3,1.0,1.8,1.8,5.89,0.0798,0.0008,0.0001
2025-07-01,Surat,coastal,9.2,18.0,22.6,32.85,32.85,20.86,0.5178,0.0325,0.0036
2025-07-01,Mahabaleshwar,orographic,31.9,6.1,9.6,7.45,7.45,12.97,0.252,0.0169,0.0041
2025-07-01,Munnar,orographic,6.4,0.0,0.0,0.0,0.0,1.85,0.0508,0.0012,0.0004
2025-07-01,Madikeri,orographic,10.7,4.2,7.1,4.96,4.96,11.02,0.201,0.0111,0.0029
2025-07-01,Ooty,orographic,0.3,0.6,1.6,0.7,0.7,3.75,0.0769,0.0022,0.0007
2025-07-01,Lonavala,orographic,19.3,11.3,15.3,13.88,13.88,20.55,0.3607,0.0352,0.008
2025-07-01,Wayanad,orographic,4.9,0.2,0.8,0.2,0.2,2.81,0.0598,0.0015,0.0005
2025-07-01,Shimla,orographic,14.6,28.5,34.8,44.96,44.96,9.9,0.5617,0.1079,0.0226
2025-07-01,Dehradun,orographic,2.2,15.2,19.5,19.5,19.5,7.87,0.4221,0.0505,0.0111
2025-07-01,Srinagar,orographic,0.0,0.3,1.0,0.4,0.4,0.93,0.0641,0.0017,0.0005
2025-07-01,Gangtok,orographic,5.2,16.1,20.6,21.2,21.2,7.73,0.4345,0.0542,0.0118
2025-07-01,Guwahati,orographic,17.8,38.9,49.3,61.05,61.05,19.09,0.6298,0.1547,0.0322
2025-07-01,Cherrapunji,orographic,10.2,11.3,15.3,13.88,13.88,11.66,0.3607,0.0352,0.008
2025-07-01,Imphal,orographic,3.5,9.2,12.8,10.54,10.54,11.07,0.3212,0.0274,0.0064
2025-07-01,Agartala,orographic,3.6,0.2,0.8,0.2,0.2,3.1,0.0598,0.0015,0.0005
2025-07-01,Lucknow,normal,15.5,0.8,2.0,1.8,2.81,4.8,0.0735,0.0004,0.0001
2025-07-01,Patna,normal,3.3,7.6,10.9,12.1,13.45,8.43,0.2558,0.0035,0.0008
2025-07-01,Varanasi,normal,13.3,10.0,13.8,14.9,16.67,10.03,0.3022,0.0048,0.0011
2025-07-01,Delhi,normal,9.1,16.3,20.7,20.71,24.31,9.55,0.3984,0.009,0.0018
2025-07-01,Kanpur,normal,8.6,9.1,12.7,13.6,15.6,10.03,0.2856,0.0043,0.001
2025-07-01,Ranchi,normal,6.0,0.4,1.2,1.1,1.97,5.66,0.0589,0.0003,0.0001
2025-07-01,Jodhpur,normal,0.2,0.0,0.0,0.0,0.0,0.76,0.0437,0.0002,0.0001
2025-07-01,Bikaner,normal,0.1,0.8,2.0,1.8,2.81,1.24,0.0735,0.0004,0.0001
2025-07-01,Jaisalmer,normal,0.0,0.0,0.0,0.0,0.0,0.45,0.0437,0.0002,0.0001
2025-07-01,Hyderabad,normal,9.6,0.1,0.6,0.5,0.92,2.76,0.0476,0.0002,0.0001
2025-07-01,Bengaluru,normal,0.1,0.0,0.0,0.0,0.0,1.61,0.0437,0.0002,0.0001
2025-07-01,Pune,normal,2.1,2.7,5.0,5.7,6.0,6.84,0.1348,0.0011,0.0003
2025-07-01,Kurnool,normal,8.5,0.0,0.0,0.0,0.0,2.42,0.0437,0.0002,0.0001
2025-07-01,Madurai,normal,0.0,0.0,0.0,0.0,0.0,1.61,0.0437,0.0002,0.0001
2025-07-02,Nagpur,normal,5.7,22.4,27.4,27.0,27.0,13.28,0.4679,0.0135,0.0026
2025-07-02,Bhopal,normal,14.1,6.7,10.2,11.17,11.17,10.46,0.2366,0.003,0.0007
2025-07-02,Raipur,normal,6.8,0.9,2.2,2.1,2.1,3.89,0.077,0.0004,0.0001
2025-07-02,Jabalpur,normal,3.5,0.9,2.2,2.1,2.1,6.45,0.077,0.0004,0.0001
2025-07-02,Akola,normal,20.2,6.9,10.4,11.4,11.4,7.82,0.241,0.0031,0.0007
2025-07-02,Amravati,normal,13.9,3.4,5.9,6.8,6.8,7.19,0.1549,0.0014,0.0004
2025-07-02,Aurangabad,normal,11.3,0.0,0.0,0.0,0.0,1.65,0.0437,0.0002,0.0001
2025-07-02,Bhubaneswar,normal,13.0,4.7,7.9,8.7,8.7,7.38,0.1895,0.002,0.0005
2025-07-02,Mumbai,depression,40.8,20.9,25.7,8.84,36.25,22.66,0.599,0.0435,0.0015
2025-07-02,Thiruvananthapuram,coastal,3.1,0.0,0.0,0.0,0.0,1.33,0.0635,0.0006,0.0001
2025-07-02,Kochi,coastal,15.2,0.1,0.6,1.2,1.2,2.67,0.069,0.0007,0.0001
2025-07-02,Mangaluru,depression,41.6,44.0,55.61,44.05,173.11,29.37,0.7459,0.1088,0.0036
2025-07-02,Panaji,depression,59.0,42.1,52.96,41.83,100.17,29.37,0.7382,0.1032,0.0034
2025-07-02,Chennai,coastal,1.3,2.1,4.1,5.7,5.7,3.83,0.1639,0.0028,0.0004
2025-07-02,Visakhapatnam,coastal,17.5,0.3,1.0,1.8,1.8,3.13,0.0798,0.0008,0.0001
2025-07-02,Puri,coastal,15.0,0.1,0.6,1.2,1.2,2.87,0.069,0.0007,0.0001
2025-07-02,Kolkata,coastal,34.6,8.0,11.5,15.5,15.5,7.55,0.3476,0.0119,0.0015
2025-07-02,Surat,coastal,17.5,15.4,19.6,28.36,28.36,18.46,0.4833,0.0268,0.003
2025-07-02,Mahabaleshwar,orographic,39.6,14.7,19.07,18.67,18.67,16.31,0.4149,0.0485,0.0107
2025-07-02,Munnar,orographic,14.2,0.4,1.2,0.4,0.4,2.47,0.0684,0.0018,0.0006
2025-07-02,Madikeri,orographic,30.3,5.7,9.1,7.0,7.0,10.92,0.2419,0.0156,0.0039
2025-07-02,Ooty,orographic,7.9,2.3,4.4,2.8,2.8,4.37,0.141,0.006,0.0017
2025-07-02,Lonavala,orographic,32.4,13.3,17.6,16.7,16.7,17.56,0.3938,0.0429,0.0096
2025-07-02,Wayanad,orographic,23.3,1.3,2.8,1.6,1.6,3.94,0.1048,0.0036,0.0011
2025-07-02,Shimla,orographic,6.8,15.9,20.4,21.07,21.07,7.76,0.4318,0.0534,0.0117
2025-07-02,Dehradun,orographic,7.7,9.2,12.8,10.54,10.54,6.48,0.3212,0.0274,0.0064
2025-07-02,Srinagar,orographic,0.0,5.4,8.7,6.6,6.6,2.86,0.2341,0.0147,0.0037
2025-07-02,Gangtok,orographic,11.4,15.7,20.1,20.62,20.62,7.76,0.4291,0.0525,0.0115
2025-07-02,Guwahati,orographic,60.7,35.5,44.1,58.25,58.25,23.17,0.6101,0.1394,0.029
2025-07-02,Cherrapunji,orographic,23.8,13.8,18.1,17.6,17.6,9.91,0.4016,0.0449,0.01
2025-07-02,Imphal,orographic,32.0,24.0,29.2,36.7,36.7,12.81,0.5232,0.088,0.0186
2025-07-02,Agartala,orographic,4.2,1.6,3.3,1.9,1.9,2.49,0.116,0.0043,0.0012
2025-07-02,Lucknow,normal,7.6,3.6,6.2,7.2,7.2,3.71,0.1605,0.0015,0.0004
2025-07-02,Patna,normal,1.3,2.9,5.2,5.9,5.9,4.64,0.1407,0.0012,0.0003
2025-07-02,Varanasi,normal,19.7,7.0,10.4,11.5,11.5,7.38,0.2431,0.0031,0.0007
2025-07-02,Delhi,normal,1.1,4.0,6.8,7.7,7.7,6.3,0.1713,0.0016,0.0004
2025-07-02,Kanpur,normal,25.4,5.2,8.6,9.53,9.53,5.86,0.2019,0.0022,0.0005
2025-07-02,Ranchi,normal,4.5,9.5,13.2,14.3,14.3,5.43,0.2931,0.0045,0.001
2025-07-02,Jodhpur,normal,19.8,0.0,0.0,0.0,0.0,0.16,0.0437,0.0002,0.0001
2025-07-02,Bikaner,normal,5.6,1.3,2.8,3.0,3.0,1.93,0.0907,0.0006,0.0002
2025-07-02,Jaisalmer,normal,0.3,0.0,0.0,0.0,0.0,0.16,0.0437,0.0002,0.0001
2025-07-02,Hyderabad,normal,4.9,0.5,1.4,1.3,1.3,3.05,0.0626,0.0003,0.0001
2025-07-02,Bengaluru,normal,8.9,0.5,1.4,1.3,1.3,2.23,0.0626,0.0003,0.0001
2025-07-02,Pune,normal,21.5,2.5,4.7,5.29,5.29,5.1,0.1289,0.001,0.0003
2025-07-02,Kurnool,normal,15.6,0.0,0.0,0.0,0.0,1.01,0.0437,0.0002,0.0001
2025-07-02,Madurai,normal,0.7,0.1,0.6,0.5,0.5,1.34,0.0476,0.0002,0.0001
2025-07-03,Nagpur,normal,7.1,2.1,4.1,4.5,5.5,8.99,0.1166,0.0009,0.0002
2025-07-03,Bhopal,normal,6.5,1.8,3.5,3.7,4.7,7.54,0.1071,0.0007,0.0002
2025-07-03,Raipur,normal,15.9,3.8,6.5,7.43,9.6,6.64,0.1659,0.0016,0.0004
2025-07-03,Jabalpur,normal,10.5,10.7,14.7,15.4,18.04,9.14,0.3146,0.0053,0.0011
2025-07-03,Akola,normal,0.8,0.5,1.4,1.3,1.97,6.74,0.0626,0.0003,0.0001
2025-07-03,Amravati,normal,4.0,2.0,3.9,4.3,5.3,7.26,0.1135,0.0008,0.0002
2025-07-03,Aurangabad,normal,1.4,0.0,0.0,0.0,0.0,1.67,0.0437,0.0002,0.0001
2025-07-03,Bhubaneswar,normal,17.6,6.4,9.84,10.6,12.4,11.66,0.2299,0.0028,0.0007
2025-07-03,Mumbai,coastal,26.3,12.4,16.4,23.11,23.11,18.14,0.4363,0.0204,0.0024
2025-07-03,Thiruvananthapuram,coastal,0.8,0.0,0.0,0.0,0.0,1.95,0.0635,0.0006,0.0001
2025-07-03,Kochi,coastal,4.4,0.0,0.0,0.0,0.0,2.87,0.0635,0.0006,0.0001
2025-07-03,Mangaluru,coastal,21.4,14.4,18.8,26.8,26.8,20.22,0.4686,0.0246,0.0028
2025-07-03,Panaji,depression,39.7,22.1,27.2,10.43,39.2,28.5,0.611,0.0467,0.0016
2025-07-03,Chennai,coastal,0.0,0.8,2.0,3.4,3.4,5.91,0.1053,0.0013,0.0002
2025-07-03,Visakhapatnam,coastal,3.2,0.0,0.0,0.0,0.0,2.87,0.0635,0.0006,0.0001
2025-07-03,Puri,coastal,7.2,1.6,3.3,5.05,5.05,5.0,0.1425,0.0022,0.0003
2025-07-03,Kolkata,coastal,10.9,11.8,15.7,22.21,22.21,16.51,0.4257,0.0192,0.0022
2025-07-03,Surat,coastal,19.1,14.4,18.8,26.8,26.8,17.18,0.4686,0.0246,0.0028
2025-07-03,Mahabaleshwar,orographic,29.8,5.4,8.7,6.6,6.6,17.17,0.2341,0.0147,0.0037
2025-07-03,Munnar,orographic,2.9,0.9,2.2,1.1,1.1,6.09,0.0891,0.0028,0.0009
2025-07-03,Madikeri,orographic,11.4,3.7,6.3,4.46,4.46,15.63,0.1862,0.0097,0.0025
2025-07-03,Ooty,orographic,1.2,2.9,5.2,3.4,3.4,11.27,0.1611,0.0075,0.002
2025-07-03,Lonavala,orographic,21.7,9.2,12.8,10.54,10.54,22.91,0.3212,0.0274,0.0064
2025-07-03,Wayanad,orographic,5.7,0.4,1.2,0.4,0.4,7.63,0.0684,0.0018,0.0006
2025-07-03,Shimla,orographic,4.2,18.9,23.6,26.6,26.6,9.48,0.4697,0.0659,0.0142
2025-07-03,Dehradun,orographic,13.8,48.9,60.5,82.58,82.58,14.07,0.6773,0.1992,0.0417
2025-07-03,Srinagar,orographic,0.6,5.3,8.7,6.55,6.55,5.75,0.2314,0.0144,0.0036
2025-07-03,Gangtok,orographic,14.4,52.1,63.85,84.73,84.73,16.3,0.6899,0.2132,0.0448
2025-07-03,Guwahati,orographic,11.0,32.3,39.1,51.11,51.11,30.49,0.5895,0.125,0.026
2025-07-03,Cherrapunji,orographic,39.2,18.3,23.0,25.17,25.17,15.52,0.4626,0.0633,0.0137
2025-07-03,Imphal,orographic,22.7,13.9,18.1,17.7,17.7,14.94,0.4031,0.0453,0.0101
2025-07-03,Agartala,orographic,2.0,5.7,9.1,7.0,7.0,7.63,0.2419,0.0156,0.0039
2025-07-03,Lucknow,normal,9.4,5.8,9.2,10.3,11.9,6.56,0.2162,0.0025,0.0006
2025-07-03,Patna,normal,4.3,4.5,7.5,8.4,11.03,5.99,0.1844,0.0019,0.0005
2025-07-03,Varanasi,normal,6.2,14.8,19.2,19.7,20.38,9.53,0.3782,0.0079,0.0016
2025-07-03,Delhi,normal,0.9,6.0,9.4,10.4,11.98,6.56,0.2208,0.0026,0.0006
2025-07-03,Kanpur,normal,2.0,8.4,12.0,12.8,15.02,8.21,0.2721,0.0039,0.0009
2025-07-03,Ranchi,normal,9.0,29.4,35.5,32.07,29.37,13.02,0.5292,0.0193,0.0036
2025-07-03,Jodhpur,normal,18.8,4.4,7.4,8.2,10.8,4.59,0.1818,0.0018,0.0005
2025-07-03,Bikaner,normal,2.4,1.9,3.7,4.1,5.05,3.66,0.1103,0.0008,0.0002
2025-07-03,Jaisalmer,normal,1.7,0.2,0.8,0.7,1.0,0.86,0.0514,0.0002,0.0001
2025-07-03,Hyderabad,normal,1.8,0.6,1.6,1.5,2.1,4.15,0.0663,0.0003,0.0001
2025-07-03,Bengaluru,normal,5.5,0.0,0.0,0.0,0.0,2.42,0.0437,0.0002,0.0001
2025-07-03,Pune,normal,5.1,0.1,0.6,0.5,0.8,3.62,0.0476,0.0002,0.0001
2025-07-03,Kurnool,normal,1.0,0.0,0.0,0.0,0.0,1.33,0.0437,0.0002,0.0001
2025-07-03,Madurai,normal,0.0,0.3,1.0,0.9,1.37,3.33,0.0552,0.0003,0.0001
2025-07-04,Nagpur,normal,9.0,0.3,1.0,0.9,0.9,3.24,0.0552,0.0003,0.0001
2025-07-04,Bhopal,normal,15.9,10.1,13.93,15.0,15.0,9.07,0.304,0.0049,0.0011
2025-07-04,Raipur,normal,22.1,0.8,2.0,1.8,1.8,4.64,0.0735,0.0004,0.0001
2025-07-04,Jabalpur,depression,44.6,42.1,52.96,41.83,42.52,17.06,0.7382,0.1032,0.0034
2025-07-04,Akola,normal,3.9,0.2,0.8,0.7,0.7,2.6,0.0514,0.0002,0.0001
2025-07-04,Amravati,normal,5.2,1.8,3.56,3.8,3.8,4.77,0.1071,0.0007,0.0002
2025-07-04,Aurangabad,normal,2.3,0.0,0.0,0.0,0.0,0.88,0.0437,0.0002,0.0001
2025-07-04,Bhubaneswar,normal,17.1,1.4,3.0,3.2,3.2,5.04,0.0941,0.0006,0.0002
2025-07-04,Mumbai,coastal,20.2,21.0,25.71,36.78,36.78,20.8,0.552,0.0395,0.0043
2025-07-04,Thiruvananthapuram,coastal,1.7,0.1,0.6,1.2,1.2,1.75,0.069,0.0007,0.0001
2025-07-04,Kochi,coastal,2.9,1.4,3.0,4.7,4.7,3.39,0.1336,0.002,0.0003
2025-07-04,Mangaluru,depression,18.9,38.6,48.85,35.5,100.17,25.2,0.7226,0.093,0.0031
2025-07-04,Panaji,depression,33.8,32.2,39.1,24.45,80.21,28.52,0.6882,0.0745,0.0025
2025-07-04,Chennai,coastal,0.1,1.0,2.3,3.9,3.9,4.32,0.115,0.0015,0.0002
2025-07-04,Visakhapatnam,coastal,1.3,0.0,0.0,0.0,0.0,1.29,0.0635,0.0006,0.0001
2025-07-04,Puri,coastal,12.8,1.4,3.0,4.7,4.7,5.14,0.1336,0.002,0.0003
2025-07-04,Kolkata,coastal,16.4,11.6,15.5,22.0,22.0,14.8,0.4221,0.0188,0.0022
2025-07-04,Surat,coastal,24.0,9.5,13.2,17.97,17.97,14.03,0.3811,0.0147,0.0018
2025-07-04,Mahabaleshwar,orographic,43.4,8.7,12.2,10.2,10.2,13.28,0.311,0.0257,0.006
2025-07-04,Munnar,orographic,4.5,1.6,3.3,1.9,1.9,5.09,0.116,0.0043,0.0012
2025-07-04,Madikeri,orographic,15.7,5.4,8.7,6.6,6.6,11.18,0.2341,0.0147,0.0037
2025-07-04,Ooty,orographic,0.4,1.9,3.7,2.4,2.4,6.26,0.127,0.005,0.0014
2025-07-04,Lonavala,orographic,23.3,17.6,22.2,23.77,23.77,23.63,0.454,0.0604,0.0131
2025-07-04,Wayanad,orographic,7.3,1.4,3.0,1.7,1.7,4.08,0.1086,0.0039,0.0011
2025-07-04,Shimla,orographic,1.1,6.5,10.0,7.95,7.95,6.72,0.2618,0.0182,0.0044
2025-07-04,Dehradun,orographic,7.6,11.6,15.5,14.1,14.1,9.52,0.3659,0.0363,0.0082
2025-07-04,Srinagar,orographic,0.0,0.0,0.0,0.0,0.0,1.13,0.0508,0.0012,0.0004
2025-07-04,Gangtok,orographic,14.9,31.0,37.4,49.01,49.01,16.07,0.5804,0.1192,0.0249
2025-07-04,Guwahati,orographic,43.6,21.0,25.71,29.15,29.15,15.61,0.4932,0.0749,0.016
2025-07-04,Cherrapunji,orographic,56.3,41.3,52.3,68.02,68.02,21.65,0.6425,0.1655,0.0344
2025-07-04,Imphal,orographic,15.9,12.9,17.1,16.18,16.18,9.99,0.3875,0.0413,0.0093
2025-07-04,Agartala,orographic,7.0,3.3,5.8,3.81,3.81,5.66,0.1739,0.0086,0.0023
2025-07-04,Lucknow,normal,4.2,0.4,1.2,1.1,1.1,2.86,0.0589,0.0003,0.0001
2025-07-04,Patna,normal,2.3,1.6,3.3,3.4,3.4,3.37,0.1007,0.0007,0.0002
2025-07-04,Varanasi,normal,13.9,9.3,12.9,13.9,13.9,8.18,0.2894,0.0044,0.001
2025-07-04,Delhi,normal,0.3,0.0,0.0,0.0,0.0,1.58,0.0437,0.0002,0.0001
2025-07-04,Kanpur,normal,1.1,0.1,0.6,0.5,0.5,2.4,0.0476,0.0002,0.0001
2025-07-04,Ranchi,normal,5.5,10.9,14.83,15.6,15.6,8.92,0.318,0.0054,0.0012
2025-07-04,Jodhpur,normal,10.6,0.4,1.2,1.1,1.1,2.11,0.0589,0.0003,0.0001
2025-07-04,Bikaner,normal,0.3,2.3,4.5,4.9,4.9,2.9,0.1228,0.0009,0.0002
2025-07-04,Jaisalmer,normal,5.4,0.4,1.1,1.0,1.0,1.1,0.0589,0.0003,0.0001
2025-07-04,Hyderabad,normal,11.5,0.3,1.0,0.9,0.9,2.95,0.0552,0.0003,0.0001
2025-07-04,Bengaluru,normal,1.6,0.0,0.0,0.0,0.0,0.98,0.0437,0.0002,0.0001
2025-07-04,Pune,normal,6.0,1.5,3.1,3.3,3.3,3.43,0.0974,0.0006,0.0002
2025-07-04,Kurnool,normal,2.2,0.1,0.6,0.5,0.5,1.31,0.0476,0.0002,0.0001
2025-07-04,Madurai,normal,0.0,0.0,0.0,0.0,0.0,1.74,0.0437,0.0002,0.0001
2025-07-05,Nagpur,normal,2.8,4.9,8.1,9.0,9.0,4.57,0.1945,0.0021,0.0005
2025-07-05,Bhopal,normal,9.0,16.4,20.8,20.8,20.8,12.73,0.3997,0.0091,0.0018
2025-07-05,Raipur,normal,3.4,21.6,26.76,26.31,26.31,9.86,0.4598,0.0129,0.0025
2025-07-05,Jabalpur,normal,25.5,5.2,8.5,9.4,9.4,10.69,0.2019,0.0022,0.0005
2025-07-05,Akola,normal,6.2,3.0,5.4,6.0,6.0,3.73,0.1436,0.0012,0.0003
2025-07-05,Amravati,normal,7.6,4.6,7.6,8.5,8.5,6.59,0.1869,0.0019,0.0005
2025-07-05,Aurangabad,normal,7.9,0.3,1.0,0.9,0.9,1.65,0.0552,0.0003,0.0001
2025-07-05,Bhubaneswar,normal,16.5,0.5,1.4,1.3,1.3,3.94,0.0626,0.0003,0.0001
2025-07-05,Mumbai,depression,37.9,34.0,41.36,26.0,80.21,28.52,0.6987,0.0796,0.0027
2025-07-05,Thiruvananthapuram,coastal,1.2,0.0,0.0,0.0,0.0,2.0,0.0635,0.0006,0.0001
2025-07-05,Kochi,coastal,1.8,0.2,0.8,1.53,1.53,3.6,0.0745,0.0008,0.0001
2025-07-05,Mangaluru,depression,36.3,29.9,36.36,22.77,66.22,28.49,0.6736,0.068,0.0023
2025-07-05,Panaji,depression,40.6,25.5,31.48,14.74,58.74,24.99,0.6411,0.0558,0.0019
2025-07-05,Chennai,coastal,2.7,0.2,0.8,1.53,1.53,3.39,0.0745,0.0008,0.0001
2025-07-05,Visakhapatnam,coastal,0.0,0.0,0.0,0.0,0.0,1.29,0.0635,0.0006,0.0001
2025-07-05,Puri,coastal,15.1,1.7,3.4,5.1,1.2,5.14,0.1469,0.0023,0.0003
2025-07-05,Kolkata,coastal,7.6,19.4,24.2,34.76,34.76,19.03,0.5344,0.0358,0.0039
2025-07-05,Surat,coastal,25.5,28.3,34.66,61.72,61.72,22.03,0.6172,0.0574,0.006
2025-07-05,Mahabaleshwar,orographic,55.9,12.8,17.0,15.98,15.98,17.83,0.3859,0.0409,0.0092
2025-07-05,Munnar,orographic,10.8,1.6,3.3,1.9,1.9,5.74,0.116,0.0043,0.0012
2025-07-05,Madikeri,orographic,12.9,13.1,17.3,16.53,16.53,16.69,0.3907,0.0421,0.0094
2025-07-05,Ooty,orographic,0.7,0.9,2.2,1.1,1.1,5.08,0.0891,0.0028,0.0009
2025-07-05,Lonavala,orographic,39.5,25.0,30.56,39.12,39.12,31.59,0.5324,0.0924,0.0195
2025-07-05,Wayanad,orographic,8.7,1.5,3.1,1.8,1.8,5.83,0.1123,0.0041,0.0012
2025-07-05,Shimla,orographic,1.6,3.9,6.7,4.76,4.76,4.68,0.1922,0.0102,0.0027
2025-07-05,Dehradun,orographic,5.0,1.8,3.56,2.2,2.2,2.89,0.1234,0.0048,0.0014
2025-07-05,Srinagar,orographic,0.0,1.6,3.3,1.9,1.9,0.94,0.116,0.0043,0.0012
2025-07-05,Gangtok,orographic,30.0,10.6,14.6,12.8,12.8,7.26,0.3481,0.0326,0.0075
2025-07-05,Guwahati,orographic,31.3,14.8,19.2,18.8,18.8,10.93,0.4164,0.0489,0.0108
2025-07-05,Cherrapunji,orographic,32.4,50.6,61.6,83.43,83.43,33.03,0.6841,0.2066,0.0433
2025-07-05,Imphal,orographic,29.1,1.4,3.0,1.7,1.7,4.9,0.1086,0.0039,0.0011
2025-07-05,Agartala,orographic,5.5,5.8,9.2,7.1,7.1,5.56,0.2444,0.0159,0.0039
2025-07-05,Lucknow,normal,3.2,3.5,6.1,7.04,7.04,3.62,0.1577,0.0014,0.0004
2025-07-05,Patna,normal,1.0,0.8,2.0,1.8,1.8,2.44,0.0735,0.0004,0.0001
2025-07-05,Varanasi,normal,5.0,19.3,24.0,23.31,23.31,9.34,0.4349,0.0112,0.0022
2025-07-05,Delhi,normal,3.4,0.4,1.1,1.0,1.0,1.34,0.0589,0.0003,0.0001
2025-07-05,Kanpur,normal,16.8,5.2,8.6,9.53,9.53,3.75,0.2019,0.0022,0.0005
2025-07-05,Ranchi,normal,8.0,33.7,40.76,35.71,35.71,12.26,0.56,0.023,0.0042
2025-07-05,Jodhpur,normal,2.4,3.3,5.8,6.5,6.5,2.72,0.1521,0.0013,0.0003
2025-07-05,Bikaner,normal,1.0,0.0,0.0,0.0,0.0,0.96,0.0437,0.0002,0.0001
2025-07-05,Jaisalmer,normal,0.1,0.0,0.0,0.0,0.0,0.52,0.0437,0.0002,0.0001
2025-07-05,Hyderabad,normal,2.9,0.3,1.0,0.9,0.9,2.73,0.0552,0.0003,0.0001
2025-07-05,Bengaluru,normal,2.8,0.0,0.0,0.0,0.0,0.98,0.0437,0.0002,0.0001
2025-07-05,Pune,normal,7.5,3.5,6.1,7.04,7.04,6.42,0.1577,0.0014,0.0004
2025-07-05,Kurnool,normal,2.3,0.0,0.0,0.0,0.0,1.74,0.0437,0.0002,0.0001
2025-07-05,Madurai,normal,0.3,0.0,0.0,0.0,0.0,0.98,0.0437,0.0002,0.0001
2025-07-06,Nagpur,normal,18.4,28.1,34.5,31.31,18.84,16.27,0.519,0.0182,0.0034
2025-07-06,Bhopal,normal,11.0,4.4,7.4,8.2,8.2,10.33,0.1818,0.0018,0.0005
2025-07-06,Raipur,depression,29.3,24.7,30.16,14.05,29.2,19.08,0.6345,0.0536,0.0019
2025-07-06,Jabalpur,normal,56.1,15.2,19.5,19.7,19.7,12.65,0.3838,0.0082,0.0017
2025-07-06,Akola,normal,7.2,3.0,5.4,6.0,6.0,7.12,0.1436,0.0012,0.0003
2025-07-06,Amravati,normal,12.6,7.0,10.4,11.5,11.5,10.94,0.2431,0.0031,0.0007
2025-07-06,Aurangabad,normal,10.3,0.8,2.0,1.8,1.8,3.94,0.0735,0.0004,0.0001
2025-07-06,Bhubaneswar,normal,24.7,2.3,4.4,4.84,4.84,4.57,0.1228,0.0009,0.0002
2025-07-06,Mumbai,coastal,31.3,10.9,14.83,20.7,20.7,16.38,0.4091,0.0174,0.0021
2025-07-06,Thiruvananthapuram,coastal,2.7,0.0,0.0,0.0,0.0,1.77,0.0635,0.0006,0.0001
2025-07-06,Kochi,coastal,8.3,4.8,8.0,10.7,10.7,7.71,0.2608,0.0066,0.0009
2025-07-06,Mangaluru,depression,40.7,20.8,25.6,8.77,36.2,25.47,0.598,0.0432,0.0015
2025-07-06,Panaji,depression,12.5,21.8,26.8,10.03,39.0,25.47,0.6081,0.0459,0.0016
2025-07-06,Chennai,coastal,2.2,0.4,1.2,2.02,2.02,4.47,0.0851,0.0009,0.0002
2025-07-06,Visakhapatnam,coastal,0.5,0.0,0.0,0.0,0.0,1.77,0.0635,0.0006,0.0001
2025-07-06,Puri,coastal,36.8,2.1,4.1,5.7,5.7,6.49,0.1639,0.0028,0.0004
2025-07-06,Kolkata,depression,15.0,27.1,33.36,16.76,60.71,27.44,0.6537,0.0602,0.0021
2025-07-06,Surat,depression,30.1,37.5,47.6,34.74,100.17,32.97,0.7172,0.0897,0.003
2025-07-06,Mahabaleshwar,orographic,55.6,12.0,16.0,14.6,14.6,21.53,0.3727,0.0378,0.0085
2025-07-06,Munnar,orographic,14.1,1.5,3.1,1.8,1.8,7.38,0.1123,0.0041,0.0012
2025-07-06,Madikeri,orographic,20.6,9.6,13.3,11.3,11.3,20.58,0.3291,0.0289,0.0067
2025-07-06,Ooty,orographic,1.6,0.5,1.4,0.6,0.6,5.94,0.0727,0.002,0.0006
2025-07-06,Lonavala,orographic,38.8,23.9,29.1,36.61,36.61,36.76,0.5223,0.0875,0.0185
2025-07-06,Wayanad,orographic,11.3,1.4,3.0,1.7,1.7,7.38,0.1086,0.0039,0.0011
2025-07-06,Shimla,orographic,7.8,16.5,20.9,22.2,22.2,7.13,0.4399,0.0558,0.0122
2025-07-06,Dehradun,orographic,14.1,31.3,37.91,49.26,49.26,9.01,0.5825,0.1205,0.0251
2025-07-06,Srinagar,orographic,7.1,15.0,19.32,19.07,19.07,5.97,0.4193,0.0497,0.0109
2025-07-06,Gangtok,orographic,18.1,6.2,9.6,7.5,7.5,5.85,0.2545,0.0172,0.0042
2025-07-06,Guwahati,orographic,12.1,33.8,41.02,52.97,52.97,17.77,0.5994,0.1318,0.0274
2025-07-06,Cherrapunji,orographic,12.7,77.3,86.1,105.7,105.7,35.03,0.762,0.3157,0.0696
2025-07-06,Imphal,orographic,19.4,17.4,21.8,23.54,23.54,9.67,0.4515,0.0596,0.0129
2025-07-06,Agartala,orographic,9.0,6.0,9.4,7.3,7.3,7.53,0.2495,0.0166,0.0041
2025-07-06,Lucknow,normal,1.6,4.4,7.4,8.2,8.2,6.44,0.1818,0.0018,0.0005
2025-07-06,Patna,normal,0.5,0.3,1.0,0.9,0.9,2.45,0.0552,0.0003,0.0001
2025-07-06,Varanasi,normal,2.2,15.5,19.7,20.0,20.0,10.89,0.3878,0.0084,0.0017
2025-07-06,Delhi,normal,7.4,7.9,11.4,12.22,12.22,6.25,0.262,0.0036,0.0008
2025-07-06,Kanpur,normal,2.5,19.5,24.3,23.5,23.5,10.04,0.4371,0.0113,0.0022
2025-07-06,Ranchi,normal,23.3,28.0,34.32,31.3,31.3,15.06,0.5182,0.0181,0.0034
2025-07-06,Jodhpur,normal,0.2,0.0,0.0,0.0,0.0,1.2,0.0437,0.0002,0.0001
2025-07-06,Bikaner,normal,5.9,0.0,0.0,0.0,0.0,0.3,0.0437,0.0002,0.0001
2025-07-06,Jaisalmer,normal,0.0,0.0,0.0,0.0,0.0,0.3,0.0437,0.0002,0.0001
2025-07-06,Hyderabad,normal,2.4,0.0,0.0,0.0,0.0,2.23,0.0437,0.0002,0.0001
2025-07-06,Bengaluru,normal,2.0,0.0,0.0,0.0,0.0,1.33,0.0437,0.0002,0.0001
2025-07-06,Pune,normal,6.3,2.4,4.6,5.1,5.1,6.89,0.1258,0.001,0.0003
2025-07-06,Kurnool,normal,0.3,0.0,0.0,0.0,0.0,1.33,0.0437,0.0002,0.0001
2025-07-06,Madurai,normal,0.5,0.0,0.0,0.0,0.0,1.33,0.0437,0.0002,0.0001
2025-07-07,Nagpur,depression,79.5,87.5,93.7,76.4,76.4,31.93,0.847,0.2359,0.0081
2025-07-07,Bhopal,active,10.7,18.2,22.9,28.03,28.03,13.63,0.5062,0.0338,0.0103
2025-07-07,Raipur,active,51.3,9.7,13.5,16.12,16.12,16.17,0.372,0.0155,0.0051
2025-07-07,Jabalpur,depression,37.4,73.0,83.2,66.22,103.83,26.21,0.824,0.1945,0.0066
2025-07-07,Akola,active,19.2,17.7,22.2,26.7,26.7,11.71,0.5,0.0326,0.0099
2025-07-07,Amravati,depression,40.7,25.4,31.1,14.67,14.67,16.74,0.6403,0.0555,0.0019
2025-07-07,Aurangabad,active,17.9,7.2,10.6,12.9,12.9,7.25,0.3158,0.0108,0.0037
2025-07-07,Bhubaneswar,active,10.3,2.3,4.4,5.19,5.19,5.85,0.1642,0.0031,0.0012
2025-07-07,Mumbai,coastal,7.6,10.1,13.93,19.32,19.32,14.62,0.3934,0.0158,0.0019
2025-07-07,Thiruvananthapuram,coastal,1.5,0.0,0.0,0.0,0.0,1.98,0.0635,0.0006,0.0001
2025-07-07,Kochi,coastal,2.2,0.6,1.7,2.6,2.6,6.14,0.0954,0.0011,0.0002
2025-07-07,Mangaluru,depression,23.1,12.2,16.2,2.2,23.0,19.33,0.4816,0.0222,0.0008
2025-07-07,Panaji,depression,11.6,15.3,19.5,4.6,28.3,22.89,0.5311,0.0294,0.0011
2025-07-07,Chennai,coastal,0.1,0.1,0.6,1.2,1.2,3.25,0.069,0.0007,0.0001
2025-07-07,Visakhapatnam,coastal,0.4,0.0,0.0,0.0,0.0,1.98,0.0635,0.0006,0.0001
2025-07-07,Puri,coastal,4.0,0.0,0.0,0.0,0.0,3.13,0.0635,0.0006,0.0001
2025-07-07,Kolkata,coastal,21.5,7.7,11.1,15.0,15.0,14.46,0.3404,0.0114,0.0014
2025-07-07,Surat,depression,4.7,12.5,16.5,2.2,23.2,20.62,0.4869,0.0229,0.0009
2025-07-07,Mahabaleshwar,orographic,40.3,7.9,11.4,9.34,9.34,18.39,0.294,0.0229,0.0054
2025-07-07,Munnar,orographic,13.5,0.6,1.7,0.8,0.8,6.15,0.0769,0.0022,0.0007
2025-07-07,Madikeri,orographic,12.9,7.6,10.9,9.0,9.0,18.39,0.2874,0.0218,0.0052
2025-07-07,Ooty,orographic,0.7,0.2,0.8,0.2,0.2,3.8,0.0598,0.0015,0.0005
2025-07-07,Lonavala,orographic,27.1,20.7,25.5,28.86,28.86,40.07,0.49,0.0736,0.0157
2025-07-07,Wayanad,orographic,8.0,0.0,0.0,0.0,0.0,3.59,0.0508,0.0012,0.0004
2025-07-07,Shimla,orographic,1.9,26.8,32.9,43.37,43.37,10.32,0.548,0.1003,0.0211
2025-07-07,Dehradun,orographic,9.9,110.6,113.5,134.96,134.96,15.8,0.817,0.4286,0.1028
2025-07-07,Srinagar,orographic,4.9,5.2,8.6,6.4,6.4,4.96,0.2288,0.0141,0.0035
2025-07-07,Gangtok,orographic,1.1,6.5,10.0,7.95,7.95,4.74,0.2618,0.0182,0.0044
2025-07-07,Guwahati,orographic,0.3,4.5,7.5,5.3,5.3,10.26,0.2096,0.0119,0.0031
2025-07-07,Cherrapunji,orographic,10.9,16.2,20.67,21.4,21.4,17.98,0.4359,0.0546,0.0119
2025-07-07,Imphal,orographic,19.5,25.6,31.7,40.65,40.65,20.86,0.5377,0.095,0.02
2025-07-07,Agartala,orographic,13.1,4.2,7.1,4.96,4.96,7.22,0.201,0.0111,0.0029
2025-07-07,Lucknow,active,5.3,2.7,5.0,6.0,6.0,4.38,0.1795,0.0036,0.0014
2025-07-07,Patna,active,2.7,0.0,0.0,0.0,0.0,0.99,0.0602,0.0006,0.0003
2025-07-07,Varanasi,active,0.3,2.1,4.1,5.1,5.1,4.53,0.1563,0.0029,0.0012
2025-07-07,Delhi,active,13.5,34.1,41.56,41.76,41.76,11.29,0.6435,0.0741,0.021
2025-07-07,Kanpur,active,9.3,1.7,3.4,4.85,4.85,5.05,0.14,0.0024,0.001
2025-07-07,Ranchi,active,19.8,8.9,12.5,15.6,15.6,8.31,0.3551,0.0139,0.0046
2025-07-07,Jodhpur,active,0.0,0.3,1.0,1.72,1.72,0.79,0.0758,0.0009,0.0004
2025-07-07,Bikaner,active,0.6,0.0,0.0,0.0,0.0,0.52,0.0602,0.0006,0.0003
2025-07-07,Jaisalmer,active,0.0,0.0,0.0,0.0,0.0,0.52,0.0602,0.0006,0.0003
2025-07-07,Hyderabad,active,3.0,0.0,0.0,0.0,0.0,1.77,0.0602,0.0006,0.0003
2025-07-07,Bengaluru,active,0.8,0.0,0.0,0.0,0.0,1.77,0.0602,0.0006,0.0003
2025-07-07,Pune,active,3.1,2.2,4.2,5.1,5.1,5.58,0.1603,0.003,0.0012
2025-07-07,Kurnool,active,0.9,0.0,0.0,0.0,0.0,1.77,0.0602,0.0006,0.0003
2025-07-07,Madurai,active,0.8,0.0,0.0,0.0,0.0,1.77,0.0602,0.0006,0.0003
2025-07-08,Nagpur,depression,50.4,36.1,45.2,31.19,31.19,29.66,0.7101,0.0857,0.0029
2025-07-08,Bhopal,depression,1.3,19.1,23.8,7.88,23.11,19.12,0.5796,0.0389,0.0014
2025-07-08,Raipur,active,10.2,16.2,20.67,24.31,20.7,15.74,0.4804,0.0292,0.009
2025-07-08,Jabalpur,depression,12.7,48.3,58.91,46.4,48.31,32.02,0.7618,0.1216,0.004
2025-07-08,Akola,depression,10.8,35.1,43.6,27.49,38.31,26.47,0.7048,0.0828,0.0028
2025-07-08,Amravati,depression,19.1,84.9,92.3,74.76,74.76,31.93,0.8434,0.2286,0.0079
2025-07-08,Aurangabad,active,13.4,3.1,5.5,6.24,6.2,8.23,0.1941,0.0042,0.0016
2025-07-08,Bhubaneswar,active,4.9,0.0,0.0,0.0,0.0,3.2,0.0602,0.0006,0.0003
2025-07-08,Mumbai,depression,3.7,19.1,23.8,7.88,34.61,21.27,0.5796,0.0389,0.0014
2025-07-08,Thiruvananthapuram,coastal,1.6,0.0,0.0,0.0,0.0,1.98,0.0635,0.0006,0.0001
2025-07-08,Kochi,coastal,5.8,4.4,7.4,10.3,10.3,7.41,0.2481,0.006,0.0008
2025-07-08,Mangaluru,coastal,20.0,14.4,18.8,26.8,26.8,15.95,0.4686,0.0246,0.0028
2025-07-08,Panaji,depression,16.1,27.0,33.2,16.4,60.71,26.14,0.6529,0.0599,0.0021
2025-07-08,Chennai,coastal,1.3,0.2,0.8,1.53,1.53,3.68,0.0745,0.0008,0.0001
2025-07-08,Visakhapatnam,coastal,0.0,0.0,0.0,0.0,0.0,1.98,0.0635,0.0006,0.0001
2025-07-08,Puri,coastal,1.7,0.2,0.8,1.53,1.53,2.99,0.0745,0.0008,0.0001
2025-07-08,Kolkata,coastal,27.2,0.0,0.0,0.0,0.0,4.42,0.0635,0.0006,0.0001
2025-07-08,Surat,coastal,6.2,11.8,15.7,22.21,22.21,15.57,0.4257,0.0192,0.0022
2025-07-08,Mahabaleshwar,orographic,29.1,7.6,10.9,9.0,9.0,16.85,0.2874,0.0218,0.0052
2025-07-08,Munnar,orographic,7.1,0.3,1.0,0.4,0.4,4.19,0.0641,0.0017,0.0005
2025-07-08,Madikeri,orographic,16.4,10.7,14.7,12.9,12.9,19.16,0.3499,0.0329,0.0075
2025-07-08,Ooty,orographic,0.4,0.2,0.8,0.2,0.2,3.58,0.0598,0.0015,0.0005
2025-07-08,Lonavala,orographic,11.7,19.3,24.0,27.0,27.0,33.51,0.4744,0.0676,0.0145
2025-07-08,Wayanad,orographic,4.9,0.5,1.4,0.6,0.6,3.4,0.0727,0.002,0.0006
2025-07-08,Shimla,orographic,6.8,9.5,13.2,11.2,11.2,6.66,0.3272,0.0285,0.0066
2025-07-08,Dehradun,orographic,4.5,3.1,5.5,3.6,3.6,6.07,0.1675,0.008,0.0021
2025-07-08,Srinagar,orographic,9.3,0.9,2.2,1.1,1.1,1.55,0.0891,0.0028,0.0009
2025-07-08,Gangtok,orographic,21.7,11.2,15.2,13.7,13.7,5.4,0.3589,0.0348,0.0079
2025-07-08,Guwahati,orographic,0.9,22.8,27.6,34.4,34.4,13.03,0.5117,0.0827,0.0175
2025-07-08,Cherrapunji,orographic,33.7,13.2,17.4,16.63,16.63,13.17,0.3923,0.0425,0.0095
2025-07-08,Imphal,orographic,8.9,17.0,21.4,23.1,23.1,14.67,0.4464,0.0579,0.0126
2025-07-08,Agartala,orographic,39.1,4.1,6.9,4.8,4.8,7.22,0.1981,0.0108,0.0028
2025-07-08,Lucknow,active,0.6,10.1,13.93,16.77,15.0,6.69,0.3801,0.0162,0.0053
2025-07-08,Patna,active,0.1,0.0,0.0,0.0,0.0,0.69,0.0602,0.0006,0.0003
2025-07-08,Varanasi,active,2.5,0.0,0.0,0.0,0.0,1.16,0.0602,0.0006,0.0003
2025-07-08,Delhi,active,0.0,2.7,5.0,6.0,5.7,6.14,0.1795,0.0036,0.0014
2025-07-08,Kanpur,active,20.0,1.6,3.3,4.55,3.4,3.04,0.1358,0.0023,0.0009
2025-07-08,Ranchi,active,1.7,0.4,1.2,1.97,1.1,3.46,0.0808,0.001,0.0004
2025-07-08,Jodhpur,active,0.0,0.2,0.8,1.3,0.7,0.91,0.0707,0.0008,0.0004
2025-07-08,Bikaner,active,0.2,0.0,0.0,0.0,0.0,0.52,0.0602,0.0006,0.0003
2025-07-08,Jaisalmer,active,0.3,0.0,0.0,0.0,0.0,0.52,0.0602,0.0006,0.0003
2025-07-08,Hyderabad,active,1.7,0.0,0.0,0.0,0.0,1.77,0.0602,0.0006,0.0003
2025-07-08,Bengaluru,active,0.4,0.0,0.0,0.0,0.0,1.77,0.0602,0.0006,0.0003
2025-07-08,Pune,active,1.4,1.8,3.56,4.9,3.8,5.56,0.1441,0.0025,0.001
2025-07-08,Kurnool,active,2.2,0.1,0.6,0.92,0.5,2.04,0.0655,0.0007,0.0003
2025-07-08,Madurai,active,0.3,0.0,0.0,0.0,0.0,1.77,0.0602,0.0006,0.0003
2025-07-09,Nagpur,depression,42.8,17.0,21.4,6.2,6.2,15.58,0.5542,0.0336,0.0012
2025-07-09,Bhopal,normal,4.1,5.6,9.0,9.98,9.98,10.41,0.2115,0.0024,0.0006
2025-07-09,Raipur,normal,29.7,15.4,19.6,19.82,19.82,15.09,0.3865,0.0084,0.0017
2025-07-09,Jabalpur,depression,19.8,64.3,74.6,60.9,56.91,27.95,0.8063,0.1691,0.0057
2025-07-09,Akola,normal,21.5,4.7,7.9,8.7,8.7,10.99,0.1895,0.002,0.0005
2025-07-09,Amravati,normal,35.8,4.8,8.0,8.8,8.8,11.6,0.192,0.002,0.0005
2025-07-09,Aurangabad,normal,11.1,2.3,4.4,4.84,4.84,6.18,0.1228,0.0009,0.0002
2025-07-09,Bhubaneswar,normal,0.6,5.1,8.5,9.38,9.38,5.97,0.1994,0.0022,0.0005
2025-07-09,Mumbai,depression,15.4,27.6,34.0,17.89,61.11,25.75,0.6574,0.0616,0.0021
2025-07-09,Thiruvananthapuram,coastal,0.5,0.0,0.0,0.0,0.0,2.08,0.0635,0.0006,0.0001
2025-07-09,Kochi,coastal,4.4,9.6,13.3,18.27,18.27,14.89,0.3832,0.0149,0.0018
2025-07-09,Mangaluru,depression,20.4,23.1,28.1,11.09,39.4,20.34,0.6204,0.0493,0.0017
2025-07-09,Panaji,depression,15.8,36.5,46.05,32.24,92.32,29.95,0.7122,0.0868,0.0029
2025-07-09,Chennai,coastal,2.5,0.0,0.0,0.0,0.0,2.82,0.0635,0.0006,0.0001
2025-07-09,Visakhapatnam,coastal,0.0,0.0,0.0,0.0,0.0,2.08,0.0635,0.0006,0.0001
2025-07-09,Puri,coastal,2.0,0.7,1.8,2.8,2.8,4.53,0.1004,0.0012,0.0002
2025-07-09,Kolkata,coastal,11.2,1.2,2.7,4.5,4.5,4.38,0.1244,0.0017,0.0003
2025-07-09,Surat,coastal,9.4,15.1,19.4,28.1,28.1,16.28,0.479,0.0261,0.0029
2025-07-09,Mahabaleshwar,orographic,24.9,6.4,9.84,7.9,7.9,17.34,0.2594,0.0178,0.0044
2025-07-09,Munnar,orographic,4.8,0.3,1.0,0.4,0.4,3.8,0.0641,0.0017,0.0005
2025-07-09,Madikeri,orographic,10.6,12.0,16.0,14.6,14.6,20.53,0.3727,0.0378,0.0085
2025-07-09,Ooty,orographic,1.7,1.1,2.4,1.33,1.33,4.97,0.097,0.0032,0.001
2025-07-09,Lonavala,orographic,21.5,14.5,18.87,18.4,18.4,21.16,0.412,0.0477,0.0105
2025-07-09,Wayanad,orographic,3.7,0.7,1.8,0.9,0.9,4.87,0.081,0.0024,0.0007
2025-07-09,Shimla,orographic,14.1,9.6,13.3,11.3,11.3,6.23,0.3291,0.0289,0.0067
2025-07-09,Dehradun,orographic,38.3,13.2,17.4,16.63,16.63,5.32,0.3923,0.0425,0.0095
2025-07-09,Srinagar,orographic,9.5,2.5,4.7,3.1,3.1,1.83,0.1478,0.0065,0.0018
2025-07-09,Gangtok,orographic,68.8,7.2,10.6,8.7,8.7,5.76,0.2783,0.0205,0.0049
2025-07-09,Guwahati,orographic,14.8,13.6,17.87,17.4,17.4,11.14,0.3985,0.0441,0.0098
2025-07-09,Cherrapunji,orographic,92.3,16.5,20.9,22.2,22.2,12.25,0.4399,0.0558,0.0122
2025-07-09,Imphal,orographic,34.3,2.2,4.2,2.8,2.8,6.37,0.1376,0.0057,0.0016
2025-07-09,Agartala,orographic,24.2,6.9,10.4,8.3,8.3,8.96,0.2713,0.0195,0.0047
2025-07-09,Lucknow,normal,8.4,3.1,5.5,6.2,6.2,5.33,0.1465,0.0013,0.0003
2025-07-09,Patna,normal,0.9,0.2,0.8,0.7,0.7,1.37,0.0514,0.0002,0.0001
2025-07-09,Varanasi,normal,0.7,0.0,0.0,0.0,0.0,0.64,0.0437,0.0002,0.0001
2025-07-09,Delhi,normal,14.9,3.0,5.4,6.0,6.0,4.58,0.1436,0.0012,0.0003
2025-07-09,Kanpur,normal,0.8,22.2,27.2,26.71,26.71,9.51,0.4659,0.0134,0.0026
2025-07-09,Ranchi,normal,21.4,3.4,5.9,6.8,6.8,4.23,0.1549,0.0014,0.0004
2025-07-09,Jodhpur,normal,0.6,0.0,0.0,0.0,0.0,0.63,0.0437,0.0002,0.0001
2025-07-09,Bikaner,normal,0.8,0.0,0.0,0.0,0.0,0.34,0.0437,0.0002,0.0001
2025-07-09,Jaisalmer,normal,0.0,0.0,0.0,0.0,0.0,0.34,0.0437,0.0002,0.0001
2025-07-09,Hyderabad,normal,0.6,0.1,0.6,0.5,0.5,1.85,0.0476,0.0002,0.0001
2025-07-09,Bengaluru,normal,1.5,0.0,0.0,0.0,0.0,1.59,0.0437,0.0002,0.0001
2025-07-09,Pune,normal,2.4,0.6,1.7,1.6,1.6,5.09,0.0663,0.0003,0.0001
2025-07-09,Kurnool,normal,0.0,0.0,0.0,0.0,0.0,2.39,0.0437,0.0002,0.0001
2025-07-09,Madurai,normal,0.1,0.0,0.0,0.0,0.0,1.59,0.0437,0.0002,0.0001
2025-07-10,Nagpur,normal,4.6,2.7,5.0,5.7,6.9,9.26,0.1348,0.0011,0.0003
2025-07-10,Bhopal,normal,12.6,4.6,7.6,8.5,11.26,9.43,0.1869,0.0019,0.0005
2025-07-10,Raipur,depression,7.7,74.0,83.2,66.22,61.41,21.85,0.8258,0.1974,0.0067
2025-07-10,Jabalpur,depression,25.7,38.4,48.65,35.1,40.75,24.03,0.7216,0.0924,0.0031
2025-07-10,Akola,normal,0.8,0.7,1.9,1.7,2.4,6.08,0.0699,0.0004,0.0001
2025-07-10,Amravati,normal,10.3,1.1,2.4,2.5,3.11,6.43,0.0839,0.0005,0.0001
2025-07-10,Aurangabad,normal,0.9,0.0,0.0,0.0,0.0,3.31,0.0437,0.0002,0.0001
2025-07-10,Bhubaneswar,normal,5.6,3.4,5.9,6.8,8.31,9.28,0.1549,0.0014,0.0004
2025-07-10,Mumbai,depression,6.5,15.2,19.5,4.6,28.21,16.31,0.5296,0.0292,0.0011
2025-07-10,Thiruvananthapuram,coastal,0.8,0.0,0.0,0.0,0.0,2.14,0.0635,0.0006,0.0001
2025-07-10,Kochi,coastal,5.1,1.6,3.3,5.05,5.05,7.35,0.1425,0.0022,0.0003
2025-07-10,Mangaluru,depression,8.6,26.9,33.1,16.3,60.71,26.24,0.6522,0.0596,0.002
2025-07-10,Panaji,depression,20.4,35.2,43.7,28.09,83.43,32.31,0.7054,0.0831,0.0028
2025-07-10,Chennai,coastal,1.2,0.0,0.0,0.0,0.0,2.14,0.0635,0.0006,0.0001
2025-07-10,Visakhapatnam,coastal,1.1,0.0,0.0,0.0,0.0,2.14,0.0635,0.0006,0.0001
2025-07-10,Puri,coastal,2.8,3.2,5.7,8.1,8.1,6.26,0.2068,0.0042,0.0006
2025-07-10,Kolkata,coastal,20.1,6.1,9.5,12.9,12.9,8.12,0.299,0.0086,0.0011
2025-07-10,Surat,coastal,3.3,9.0,12.6,17.22,17.22,14.82,0.3703,0.0138,0.0017
2025-07-10,Mahabaleshwar,orographic,10.6,7.8,11.3,9.2,9.2,15.44,0.2918,0.0225,0.0054
2025-07-10,Munnar,orographic,5.5,2.1,4.1,2.7,2.7,5.63,0.1341,0.0055,0.0015
2025-07-10,Madikeri,orographic,15.8,6.1,9.5,7.4,7.4,15.11,0.252,0.0169,0.0041
2025-07-10,Ooty,orographic,4.7,3.7,6.3,4.46,4.46,8.91,0.1862,0.0097,0.0025
2025-07-10,Lonavala,orographic,5.2,8.0,11.5,9.5,9.5,16.76,0.2962,0.0232,0.0055
2025-07-10,Wayanad,orographic,2.8,0.5,1.4,0.6,0.6,5.12,0.0727,0.002,0.0006
2025-07-10,Shimla,orographic,18.3,5.3,8.7,6.55,6.55,5.22,0.2314,0.0144,0.0036
2025-07-10,Dehradun,orographic,5.6,17.1,21.4,23.1,23.1,7.26,0.4477,0.0583,0.0127
2025-07-10,Srinagar,orographic,2.4,1.8,3.56,2.2,2.2,2.16,0.1234,0.0048,0.0014
2025-07-10,Gangtok,orographic,25.7,7.0,10.4,8.5,8.5,5.69,0.2737,0.0198,0.0048
2025-07-10,Guwahati,orographic,6.3,14.2,18.47,18.1,18.1,11.3,0.4076,0.0465,0.0103
2025-07-10,Cherrapunji,orographic,24.1,5.0,8.2,6.0,6.0,8.54,0.2234,0.0134,0.0034
2025-07-10,Imphal,orographic,1.4,2.2,4.2,2.8,2.8,4.86,0.1376,0.0057,0.0016
2025-07-10,Agartala,orographic,20.2,0.2,0.8,0.2,0.2,4.49,0.0598,0.0015,0.0005
2025-07-10,Lucknow,normal,1.5,9.3,12.9,13.9,16.42,7.64,0.2894,0.0044,0.001
2025-07-10,Patna,normal,5.5,0.4,1.2,1.1,1.72,2.42,0.0589,0.0003,0.0001
2025-07-10,Varanasi,normal,19.0,0.5,1.4,1.3,1.97,2.02,0.0626,0.0003,0.0001
2025-07-10,Delhi,normal,3.6,17.4,21.77,21.36,22.22,8.44,0.4124,0.0098,0.002
2025-07-10,Kanpur,normal,0.7,5.9,9.3,10.3,11.9,6.72,0.2185,0.0026,0.0006
2025-07-10,Ranchi,normal,13.1,9.6,13.3,14.5,16.5,8.15,0.2949,0.0046,0.001
2025-07-10,Jodhpur,normal,0.0,0.0,0.0,0.0,0.0,0.36,0.0437,0.0002,0.0001
2025-07-10,Bikaner,normal,0.1,0.0,0.0,0.0,0.0,0.36,0.0437,0.0002,0.0001
2025-07-10,Jaisalmer,normal,0.0,0.0,0.0,0.0,0.0,0.36,0.0437,0.0002,0.0001
2025-07-10,Hyderabad,normal,0.7,0.0,0.0,0.0,0.0,2.46,0.0437,0.0002,0.0001
2025-07-10,Bengaluru,normal,5.3,5.1,8.5,9.38,11.8,5.69,0.1994,0.0022,0.0005
2025-07-10,Pune,normal,0.1,0.1,0.6,0.5,0.8,3.14,0.0476,0.0002,0.0001
2025-07-10,Kurnool,normal,1.4,0.0,0.0,0.0,0.0,1.64,0.0437,0.0002,0.0001
2025-07-10,Madurai,normal,1.0,0.0,0.0,0.0,0.0,1.64,0.0437,0.0002,0.0001
2025-07-11,Nagpur,normal,19.0,13.1,17.3,18.12,18.12,11.77,0.3535,0.0068,0.0014
2025-07-11,Bhopal,normal,1.1,12.5,16.5,17.36,17.36,13.0,0.3442,0.0064,0.0014
2025-07-11,Raipur,depression,11.4,48.9,60.5,47.69,49.3,31.91,0.7639,0.1234,0.0041
2025-07-11,Jabalpur,depression,31.7,58.5,71.85,55.9,54.71,34.97,0.7923,0.1519,0.0051
2025-07-11,Akola,normal,0.7,0.7,1.8,1.7,1.7,4.68,0.0699,0.0004,0.0001
2025-07-11,Amravati,normal,0.1,0.3,1.0,0.9,0.9,3.97,0.0552,0.0003,0.0001
2025-07-11,Aurangabad,normal,2.6,0.0,0.0,0.0,0.0,1.84,0.0437,0.0002,0.0001
2025-07-11,Bhubaneswar,normal,9.0,10.8,14.7,15.5,15.5,12.68,0.3163,0.0053,0.0012
2025-07-11,Mumbai,coastal,6.1,5.3,8.7,11.6,11.6,12.26,0.276,0.0073,0.001
2025-07-11,Thiruvananthapuram,coastal,2.1,0.0,0.0,0.0,0.0,2.14,0.0635,0.0006,0.0001
2025-07-11,Kochi,coastal,11.3,1.0,2.3,3.9,3.9,5.51,0.115,0.0015,0.0002
2025-07-11,Mangaluru,depression,22.9,39.9,50.2,36.38,100.17,36.09,0.7286,0.0968,0.0032
2025-07-11,Panaji,depression,15.8,28.9,35.1,19.61,63.17,32.22,0.6668,0.0652,0.0022
2025-07-11,Chennai,coastal,5.9,0.0,0.0,0.0,0.0,2.14,0.0635,0.0006,0.0001
2025-07-11,Visakhapatnam,coastal,0.2,0.0,0.0,0.0,0.0,2.14,0.0635,0.0006,0.0001
2025-07-11,Puri,coastal,5.6,7.5,10.8,14.67,14.67,11.25,0.3355,0.011,0.0014
2025-07-11,Kolkata,coastal,2.7,2.9,5.2,7.4,7.4,9.32,0.1956,0.0038,0.0005
2025-07-11,Surat,coastal,13.7,5.5,8.8,11.98,11.98,11.57,0.2819,0.0077,0.001
2025-07-11,Mahabaleshwar,orographic,10.0,4.5,7.5,5.3,5.3,15.58,0.2096,0.0119,0.0031
2025-07-11,Munnar,orographic,7.0,1.1,2.4,1.33,1.33,7.44,0.097,0.0032,0.001
2025-07-11,Madikeri,orographic,17.0,5.4,8.7,6.6,6.6,13.59,0.2341,0.0147,0.0037
2025-07-11,Ooty,orographic,1.1,4.1,6.9,4.8,4.8,13.5,0.1981,0.0108,0.0028
2025-07-11,Lonavala,orographic,12.1,7.4,10.73,8.89,8.89,18.15,0.2829,0.0212,0.0051
2025-07-11,Wayanad,orographic,4.1,1.4,3.0,1.7,1.7,5.5,0.1086,0.0039,0.0011
2025-07-11,Shimla,orographic,13.1,3.5,6.1,4.2,4.2,4.31,0.1801,0.0091,0.0024
2025-07-11,Dehradun,orographic,0.2,9.7,13.5,11.49,11.49,7.38,0.3311,0.0292,0.0068
2025-07-11,Srinagar,orographic,3.5,7.0,10.4,8.5,8.5,4.74,0.2737,0.0198,0.0048
2025-07-11,Gangtok,orographic,3.1,5.2,8.6,6.4,6.4,4.83,0.2288,0.0141,0.0035
2025-07-11,Guwahati,orographic,0.4,1.9,3.7,2.4,2.4,6.57,0.127,0.005,0.0014
2025-07-11,Cherrapunji,orographic,4.0,0.8,2.0,1.1,1.1,4.69,0.0851,0.0026,0.0008
2025-07-11,Imphal,orographic,0.1,1.5,3.1,1.8,1.8,4.33,0.1123,0.0041,0.0012
2025-07-11,Agartala,orographic,2.2,2.2,4.2,2.8,2.8,3.7,0.1376,0.0057,0.0016
2025-07-11,Lucknow,normal,11.0,0.7,1.8,1.7,1.7,3.82,0.0699,0.0004,0.0001
2025-07-11,Patna,normal,2.0,1.2,2.6,2.8,2.8,2.93,0.0873,0.0005,0.0002
2025-07-11,Varanasi,normal,30.2,5.2,8.6,9.53,9.53,4.37,0.2019,0.0022,0.0005
2025-07-11,Delhi,normal,0.4,11.2,15.2,16.0,16.0,9.67,0.3231,0.0056,0.0012
2025-07-11,Kanpur,normal,9.9,5.7,9.1,10.2,10.2,5.76,0.2139,0.0025,0.0006
2025-07-11,Ranchi,normal,17.0,4.2,7.1,8.0,8.0,6.2,0.1766,0.0017,0.0004
2025-07-11,Jodhpur,normal,4.2,0.0,0.0,0.0,0.0,0.36,0.0437,0.0002,0.0001
2025-07-11,Bikaner,normal,13.4,0.1,0.6,0.5,0.5,0.45,0.0476,0.0002,0.0001
2025-07-11,Jaisalmer,normal,10.1,0.0,0.0,0.0,0.0,0.36,0.0437,0.0002,0.0001
2025-07-11,Hyderabad,normal,0.3,0.0,0.0,0.0,0.0,1.64,0.0437,0.0002,0.0001
2025-07-11,Bengaluru,normal,5.0,0.4,1.2,1.1,1.1,5.56,0.0589,0.0003,0.0001
2025-07-11,Pune,normal,1.8,0.1,0.6,0.5,0.5,2.8,0.0476,0.0002,0.0001
2025-07-11,Kurnool,normal,4.1,0.5,1.4,1.3,1.3,3.1,0.0626,0.0003,0.0001
2025-07-11,Madurai,normal,1.8,0.0,0.0,0.0,0.0,1.64,0.0437,0.0002,0.0001
2025-07-12,Nagpur,normal,2.4,6.5,10.0,10.8,10.8,9.83,0.2322,0.0029,0.0007
2025-07-12,Bhopal,normal,18.6,9.7,13.5,14.57,14.57,11.1,0.2968,0.0047,0.001
2025-07-12,Raipur,normal,4.0,5.5,8.8,9.8,9.8,10.33,0.2091,0.0024,0.0006
2025-07-12,Jabalpur,depression,47.6,20.4,25.26,8.3,25.0,17.22,0.5938,0.0422,0.0015
2025-07-12,Akola,normal,0.4,0.3,1.0,0.9,0.9,2.81,0.0552,0.0003,0.0001
2025-07-12,Amravati,normal,1.1,1.0,2.3,2.3,2.3,2.81,0.0805,0.0005,0.0001
2025-07-12,Aurangabad,normal,2.0,0.0,0.0,0.0,0.0,0.91,0.0437,0.0002,0.0001
2025-07-12,Bhubaneswar,normal,11.4,2.4,4.5,5.0,5.0,6.0,0.1258,0.001,0.0003
2025-07-12,Mumbai,coastal,4.9,3.1,5.5,8.0,8.0,8.05,0.2031,0.0041,0.0006
2025-07-12,Thiruvananthapuram,coastal,2.6,0.0,0.0,0.0,0.0,1.33,0.0635,0.0006,0.0001
2025-07-12,Kochi,coastal,27.0,6.0,9.4,12.63,12.63,6.45,0.2962,0.0085,0.0011
2025-07-12,Mangaluru,depression,37.0,40.4,51.0,38.43,100.17,32.13,0.7308,0.0982,0.0033
2025-07-12,Panaji,depression,23.9,23.4,28.3,11.98,39.4,22.66,0.6231,0.0501,0.0017
2025-07-12,Chennai,coastal,22.1,0.3,1.0,1.8,1.8,2.33,0.0798,0.0008,0.0001
2025-07-12,Visakhapatnam,coastal,4.1,0.3,1.0,1.8,1.8,2.33,0.0798,0.0008,0.0001
2025-07-12,Puri,coastal,3.7,0.1,0.6,1.2,1.2,4.53,0.069,0.0007,0.0001
2025-07-12,Kolkata,coastal,9.3,0.5,1.4,2.4,2.4,4.22,0.0903,0.001,0.0002
2025-07-12,Surat,coastal,9.1,7.2,10.6,14.3,14.3,11.7,0.3281,0.0105,0.0013
2025-07-12,Mahabaleshwar,orographic,14.0,4.2,7.1,4.96,4.96,10.75,0.201,0.0111,0.0029
2025-07-12,Munnar,orographic,7.6,2.1,4.1,2.7,2.7,5.21,0.1341,0.0055,0.0015
2025-07-12,Madikeri,orographic,6.2,6.6,10.1,8.0,8.0,12.97,0.2642,0.0185,0.0045
2025-07-12,Ooty,orographic,0.9,3.3,5.9,3.9,3.9,10.75,0.1739,0.0086,0.0023
2025-07-12,Lonavala,orographic,11.1,5.5,8.8,6.8,6.8,11.57,0.2367,0.015,0.0037
2025-07-12,Wayanad,orographic,3.0,0.3,1.0,0.4,0.4,3.89,0.0641,0.0017,0.0005
2025-07-12,Shimla,orographic,5.3,2.1,4.1,2.7,2.7,2.39,0.1341,0.0055,0.0015
2025-07-12,Dehradun,orographic,0.2,1.7,3.4,2.0,2.0,2.33,0.1197,0.0045,0.0013
2025-07-12,Srinagar,orographic,4.7,3.2,5.7,3.7,3.7,3.75,0.1707,0.0083,0.0022
2025-07-12,Gangtok,orographic,4.6,9.9,13.7,11.94,11.94,5.91,0.3349,0.03,0.0069
2025-07-12,Guwahati,orographic,0.6,6.6,10.2,8.1,8.1,6.78,0.2642,0.0185,0.0045
2025-07-12,Cherrapunji,orographic,10.3,19.5,24.3,27.11,27.11,7.17,0.4767,0.0684,0.0147
2025-07-12,Imphal,orographic,4.2,7.9,11.4,9.34,9.34,6.53,0.294,0.0229,0.0054
2025-07-12,Agartala,orographic,11.9,2.2,4.2,2.8,2.8,3.93,0.1376,0.0057,0.0016
2025-07-12,Lucknow,normal,27.7,4.9,8.1,9.0,9.0,3.83,0.1945,0.0021,0.0005
2025-07-12,Patna,normal,0.7,2.0,3.9,4.3,4.3,2.97,0.1135,0.0008,0.0002
2025-07-12,Varanasi,normal,12.8,9.4,13.03,14.1,14.1,7.5,0.2912,0.0045,0.001
2025-07-12,Delhi,normal,2.7,2.3,4.4,4.84,4.84,4.2,0.1228,0.0009,0.0002
2025-07-12,Kanpur,normal,19.7,10.4,14.3,15.2,15.2,7.5,0.3093,0.0051,0.0011
2025-07-12,Ranchi,normal,6.5,16.0,20.4,20.6,20.6,8.21,0.3945,0.0088,0.0018
2025-07-12,Jodhpur,normal,0.9,0.1,0.6,0.5,0.5,0.31,0.0476,0.0002,0.0001
2025-07-12,Bikaner,normal,0.1,1.1,2.4,2.5,2.5,1.44,0.0839,0.0005,0.0001
2025-07-12,Jaisalmer,normal,0.0,0.0,0.0,0.0,0.0,0.16,0.0437,0.0002,0.0001
2025-07-12,Hyderabad,normal,1.3,0.0,0.0,0.0,0.0,1.01,0.0437,0.0002,0.0001
2025-07-12,Bengaluru,normal,0.8,0.1,0.6,0.5,0.5,2.27,0.0476,0.0002,0.0001
2025-07-12,Pune,normal,0.8,0.0,0.0,0.0,0.0,1.79,0.0437,0.0002,0.0001
2025-07-12,Kurnool,normal,13.8,0.0,0.0,0.0,0.0,1.9,0.0437,0.0002,0.0001
2025-07-12,Madurai,normal,0.0,1.0,2.3,2.3,2.3,2.35,0.0805,0.0005,0.0001
2025-07-13,Nagpur,normal,1.9,3.8,6.5,7.43,9.6,7.46,0.1659,0.0016,0.0004
2025-07-13,Bhopal,normal,14.2,7.7,11.1,12.1,13.87,9.81,0.2579,0.0035,0.0008
2025-07-13,Raipur,normal,1.5,0.1,0.6,0.5,0.8,3.58,0.0476,0.0002,0.0001
2025-07-13,Jabalpur,normal,3.1,6.8,10.3,11.22,12.87,10.46,0.2388,0.003,0.0007
2025-07-13,Akola,normal,1.9,0.7,1.9,1.7,2.4,2.81,0.0699,0.0004,0.0001
2025-07-13,Amravati,normal,0.4,4.2,7.1,8.0,9.9,4.62,0.1766,0.0017,0.0004
2025-07-13,Aurangabad,normal,0.9,0.0,0.0,0.0,0.0,0.91,0.0437,0.0002,0.0001
2025-07-13,Bhubaneswar,normal,21.7,16.0,20.4,20.6,21.31,9.65,0.3945,0.0088,0.0018
2025-07-13,Mumbai,coastal,14.7,1.1,2.4,4.1,4.1,5.0,0.1197,0.0016,0.0003
2025-07-13,Thiruvananthapuram,coastal,1.5,0.0,0.0,0.0,0.0,1.33,0.0635,0.0006,0.0001
2025-07-13,Kochi,coastal,16.1,22.0,27.0,39.1,39.1,19.29,0.5623,0.0419,0.0045
2025-07-13,Mangaluru,depression,28.8,42.4,53.2,42.06,100.17,32.13,0.7395,0.1041,0.0035
2025-07-13,Panaji,depression,19.3,36.7,46.4,33.44,92.32,28.74,0.7132,0.0874,0.0029
2025-07-13,Chennai,coastal,0.8,0.4,1.2,2.02,2.02,3.42,0.0851,0.0009,0.0002
2025-07-13,Visakhapatnam,coastal,3.0,0.5,1.4,2.4,2.4,3.42,0.0903,0.001,0.0002
2025-07-13,Puri,coastal,17.2,12.3,16.32,23.0,23.0,9.61,0.4346,0.0202,0.0023
2025-07-13,Kolkata,coastal,11.2,1.4,3.0,4.7,4.7,4.04,0.1336,0.002,0.0003
2025-07-13,Surat,coastal,23.8,1.7,3.4,5.15,5.15,6.87,0.1469,0.0023,0.0003
2025-07-13,Mahabaleshwar,orographic,16.9,4.4,7.4,5.2,5.2,10.92,0.2067,0.0117,0.003
2025-07-13,Munnar,orographic,5.9,2.8,5.1,3.3,3.3,7.47,0.1578,0.0072,0.002
2025-07-13,Madikeri,orographic,13.9,11.8,15.7,14.3,14.3,16.23,0.3693,0.0371,0.0084
2025-07-13,Ooty,orographic,2.3,3.4,5.9,4.0,4.0,10.75,0.177,0.0088,0.0023
2025-07-13,Lonavala,orographic,14.5,6.3,9.8,7.7,7.7,10.92,0.2569,0.0175,0.0043
2025-07-13,Wayanad,orographic,9.5,4.7,7.9,5.6,5.6,6.33,0.2152,0.0125,0.0032
2025-07-13,Shimla,orographic,4.6,13.4,17.7,17.13,17.13,5.23,0.3954,0.0433,0.0097
2025-07-13,Dehradun,orographic,1.2,9.3,12.9,10.79,10.79,4.99,0.3232,0.0278,0.0065
2025-07-13,Srinagar,orographic,0.0,4.1,6.9,4.8,4.8,3.8,0.1981,0.0108,0.0028
2025-07-13,Gangtok,orographic,6.0,12.9,17.1,16.18,16.18,6.7,0.3875,0.0413,0.0093
2025-07-13,Guwahati,orographic,1.9,17.0,21.4,23.1,23.1,10.53,0.4464,0.0579,0.0126
2025-07-13,Cherrapunji,orographic,3.1,22.7,27.5,33.72,33.72,15.25,0.5107,0.0823,0.0174
2025-07-13,Imphal,orographic,1.1,3.6,6.2,4.3,4.3,6.5,0.1831,0.0094,0.0025
2025-07-13,Agartala,orographic,22.6,7.4,10.7,8.8,8.8,6.78,0.2829,0.0212,0.0051
2025-07-13,Lucknow,normal,7.4,5.5,8.8,9.8,11.83,5.23,0.2091,0.0024,0.0006
2025-07-13,Patna,normal,0.3,0.3,1.0,0.9,1.37,1.7,0.0552,0.0003,0.0001
2025-07-13,Varanasi,normal,7.0,4.8,8.0,8.8,11.4,5.92,0.192,0.002,0.0005
2025-07-13,Delhi,normal,18.6,2.3,4.4,4.84,5.9,3.34,0.1228,0.0009,0.0002
2025-07-13,Kanpur,normal,4.0,12.5,16.5,17.36,19.23,8.37,0.3442,0.0064,0.0014
2025-07-13,Ranchi,normal,9.3,12.3,16.32,17.21,18.77,8.94,0.341,0.0063,0.0013
2025-07-13,Jodhpur,normal,3.1,0.1,0.6,0.5,0.8,0.7,0.0476,0.0002,0.0001
2025-07-13,Bikaner,normal,0.1,0.4,1.2,1.1,1.72,1.53,0.0589,0.0003,0.0001
2025-07-13,Jaisalmer,normal,0.0,0.0,0.0,0.0,0.0,0.17,0.0437,0.0002,0.0001
2025-07-13,Hyderabad,normal,0.0,0.0,0.0,0.0,0.0,1.01,0.0437,0.0002,0.0001
2025-07-13,Bengaluru,normal,7.6,2.8,5.1,5.8,7.04,4.26,0.1378,0.0011,0.0003
2025-07-13,Pune,normal,1.7,0.1,0.6,0.5,0.8,1.34,0.0476,0.0002,0.0001
2025-07-13,Kurnool,normal,0.5,0.1,0.6,0.5,0.8,1.34,0.0476,0.0002,0.0001
2025-07-13,Madurai,normal,0.5,6.4,9.84,10.6,12.4,5.42,0.2299,0.0028,0.0007
2025-07-14,Nagpur,normal,10.5,0.7,1.8,1.7,1.7,5.89,0.0699,0.0004,0.0001
2025-07-14,Bhopal,normal,25.7,0.4,1.2,1.1,1.1,6.12,0.0589,0.0003,0.0001
2025-07-14,Raipur,normal,3.7,5.4,8.7,9.8,9.8,5.81,0.2067,0.0023,0.0006
2025-07-14,Jabalpur,normal,9.9,8.4,12.0,12.8,12.8,11.05,0.2721,0.0039,0.0009
2025-07-14,Akola,normal,4.1,0.0,0.0,0.0,0.0,2.81,0.0437,0.0002,0.0001
2025-07-14,Amravati,normal,6.5,0.0,0.0,0.0,0.0,4.17,0.0437,0.0002,0.0001
2025-07-14,Aurangabad,normal,11.6,0.0,0.0,0.0,0.0,1.46,0.0437,0.0002,0.0001
2025-07-14,Bhubaneswar,normal,21.3,12.2,16.2,17.1,17.1,14.19,0.3395,0.0062,0.0013
2025-07-14,Mumbai,coastal,51.0,3.3,5.9,8.6,8.6,7.25,0.2104,0.0044,0.0006
2025-07-14,Thiruvananthapuram,coastal,11.3,0.0,0.0,0.0,0.0,1.72,0.0635,0.0006,0.0001
2025-07-14,Kochi,coastal,18.0,9.8,13.6,18.87,18.87,15.53,0.3873,0.0153,0.0018
2025-07-14,Mangaluru,depression,40.0,43.1,54.71,43.7,169.57,34.24,0.7423,0.1062,0.0035
2025-07-14,Panaji,depression,45.8,31.2,37.91,24.1,72.24,31.1,0.682,0.0716,0.0024
2025-07-14,Chennai,coastal,5.2,0.0,0.0,0.0,0.0,2.65,0.0635,0.0006,0.0001
2025-07-14,Visakhapatnam,coastal,4.5,0.1,0.6,1.2,1.2,3.45,0.069,0.0007,0.0001
2025-07-14,Puri,coastal,24.1,13.9,18.1,25.31,25.31,16.18,0.4609,0.0235,0.0027
2025-07-14,Kolkata,coastal,35.7,3.7,6.3,9.1,9.1,8.27,0.2246,0.0049,0.0007
2025-07-14,Surat,coastal,16.4,11.1,15.1,20.96,20.96,11.97,0.4129,0.0178,0.0021
2025-07-14,Mahabaleshwar,orographic,46.9,7.6,10.9,9.0,9.0,16.77,0.2874,0.0218,0.0052
2025-07-14,Munnar,orographic,10.5,1.0,2.3,1.2,1.2,7.28,0.0931,0.003,0.0009
2025-07-14,Madikeri,orographic,12.0,7.8,11.3,9.2,9.2,18.43,0.2918,0.0225,0.0054
2025-07-14,Ooty,orographic,0.5,0.2,0.8,0.2,0.2,7.37,0.0598,0.0015,0.0005
2025-07-14,Lonavala,orographic,30.3,7.7,11.1,9.1,9.1,16.77,0.2896,0.0222,0.0053
2025-07-14,Wayanad,orographic,4.3,0.3,1.0,0.4,0.4,7.37,0.0641,0.0017,0.0005
2025-07-14,Shimla,orographic,14.1,15.9,20.4,21.07,21.07,7.98,0.4318,0.0534,0.0117
2025-07-14,Dehradun,orographic,1.0,10.5,14.4,12.78,12.78,7.16,0.3462,0.0322,0.0074
2025-07-14,Srinagar,orographic,10.0,11.3,15.3,13.88,13.88,6.44,0.3607,0.0352,0.008
2025-07-14,Gangtok,orographic,17.4,1.2,2.7,1.5,1.5,2.86,0.1009,0.0034,0.001
2025-07-14,Guwahati,orographic,10.6,15.6,19.9,20.5,20.5,15.1,0.4277,0.0521,0.0114
2025-07-14,Cherrapunji,orographic,9.4,48.5,59.71,81.23,81.23,29.0,0.6756,0.1975,0.0413
2025-07-14,Imphal,orographic,7.0,16.9,21.3,22.67,22.67,12.68,0.4451,0.0575,0.0125
2025-07-14,Agartala,orographic,10.7,2.4,4.5,2.9,2.9,6.57,0.1445,0.0062,0.0017
2025-07-14,Lucknow,normal,4.7,26.0,31.8,29.61,29.61,10.88,0.5014,0.0164,0.0031
2025-07-14,Patna,normal,3.9,4.3,7.2,8.1,8.1,4.04,0.1792,0.0018,0.0004
2025-07-14,Varanasi,normal,44.1,12.8,17.0,17.7,17.7,8.38,0.3489,0.0066,0.0014
2025-07-14,Delhi,normal,17.6,10.5,14.4,15.4,15.4,7.4,0.3111,0.0052,0.0011
2025-07-14,Kanpur,normal,3.5,17.7,22.2,21.71,21.71,9.79,0.4161,0.01,0.002
2025-07-14,Ranchi,normal,11.7,18.6,23.3,22.76,22.76,10.01,0.4268,0.0106,0.0021
2025-07-14,Jodhpur,normal,42.7,14.7,19.07,19.46,19.46,5.71,0.3768,0.0079,0.0016
2025-07-14,Bikaner,normal,8.6,1.6,3.3,3.4,3.4,2.0,0.1007,0.0007,0.0002
2025-07-14,Jaisalmer,normal,0.0,1.3,2.8,3.0,3.0,1.65,0.0907,0.0006,0.0002
2025-07-14,Hyderabad,normal,1.2,0.0,0.0,0.0,0.0,1.15,0.0437,0.0002,0.0001
2025-07-14,Bengaluru,normal,8.8,0.0,0.0,0.0,0.0,2.78,0.0437,0.0002,0.0001
2025-07-14,Pune,normal,7.8,0.7,1.9,1.7,1.7,3.48,0.0699,0.0004,0.0001
2025-07-14,Kurnool,normal,1.0,0.0,0.0,0.0,0.0,1.97,0.0437,0.0002,0.0001
2025-07-14,Madurai,normal,0.5,2.5,4.7,5.29,5.29,6.36,0.1289,0.001,0.0003
2025-07-15,Nagpur,break,4.3,1.6,3.3,4.25,4.25,4.21,0.1328,0.001,0.0001
2025-07-15,Bhopal,break,28.5,2.7,5.0,6.9,6.9,4.48,0.1757,0.0015,0.0002
2025-07-15,Raipur,break,3.8,3.8,6.5,9.6,9.6,7.99,0.2139,0.0022,0.0002
2025-07-15,Jabalpur,break,3.5,10.0,13.8,17.1,17.1,11.36,0.372,0.0069,0.0006
2025-07-15,Akola,break,4.5,0.9,2.2,2.61,2.61,3.03,0.1024,0.0006,0.0001
2025-07-15,Amravati,break,1.5,0.3,1.0,1.37,1.37,2.59,0.074,0.0004,0.0
2025-07-15,Aurangabad,break,5.5,1.2,2.6,3.3,3.3,3.2,0.1157,0.0008,0.0001
2025-07-15,Bhubaneswar,break,9.5,1.9,3.7,5.05,5.05,6.73,0.145,0.0011,0.0001
2025-07-15,Mumbai,coastal,15.8,9.1,12.7,17.3,17.3,13.92,0.3725,0.0139,0.0017
2025-07-15,Thiruvananthapuram,coastal,3.5,0.1,0.6,1.2,1.2,2.19,0.069,0.0007,0.0001
2025-07-15,Kochi,coastal,16.5,17.0,21.4,30.2,30.2,18.67,0.5051,0.0303,0.0034
2025-07-15,Mangaluru,depression,58.7,50.8,61.7,49.22,49.22,39.61,0.7701,0.129,0.0043
2025-07-15,Panaji,depression,43.1,30.5,37.11,23.31,72.24,26.35,0.6775,0.0697,0.0024
2025-07-15,Chennai,coastal,1.8,0.0,0.0,0.0,0.0,1.65,0.0635,0.0006,0.0001
2025-07-15,Visakhapatnam,coastal,4.1,0.0,0.0,0.0,0.0,2.48,0.0635,0.0006,0.0001
2025-07-15,Puri,coastal,5.5,2.1,4.1,5.7,5.7,7.61,0.1639,0.0028,0.0004
2025-07-15,Kolkata,coastal,26.1,1.8,3.5,5.2,5.2,7.27,0.1512,0.0024,0.0004
2025-07-15,Surat,coastal,2.0,11.4,15.4,21.7,21.7,15.13,0.4185,0.0184,0.0022
2025-07-15,Mahabaleshwar,orographic,65.1,5.5,8.8,6.8,6.8,14.45,0.2367,0.015,0.0037
2025-07-15,Munnar,orographic,12.2,4.3,7.2,5.1,5.1,9.09,0.2039,0.0114,0.0029
2025-07-15,Madikeri,orographic,36.0,11.8,15.7,14.3,14.3,19.69,0.3693,0.0371,0.0084
2025-07-15,Ooty,orographic,1.8,2.4,4.5,2.9,2.9,5.87,0.1445,0.0062,0.0017
2025-07-15,Lonavala,orographic,35.0,9.3,12.9,10.79,10.79,18.96,0.3232,0.0278,0.0065
2025-07-15,Wayanad,orographic,8.2,6.0,9.4,7.3,7.3,8.2,0.2495,0.0166,0.0041
2025-07-15,Shimla,orographic,9.0,27.9,34.11,44.5,44.5,12.02,0.557,0.1053,0.022
2025-07-15,Dehradun,orographic,4.2,19.4,24.2,27.01,27.01,8.04,0.4755,0.068,0.0146
2025-07-15,Srinagar,orographic,3.6,2.8,5.1,3.3,3.3,4.91,0.1578,0.0072,0.002
2025-07-15,Gangtok,orographic,29.9,10.4,14.3,12.6,12.6,4.83,0.3444,0.0318,0.0073
2025-07-15,Guwahati,orographic,23.8,13.3,17.6,16.7,16.7,11.74,0.3938,0.0429,0.0096
2025-07-15,Cherrapunji,orographic,13.8,8.2,11.8,9.7,9.7,13.55,0.3005,0.0239,0.0057
2025-07-15,Imphal,orographic,1.3,21.6,26.76,31.0,31.0,18.19,0.4995,0.0775,0.0165
2025-07-15,Agartala,orographic,6.2,1.8,3.56,2.2,2.2,4.77,0.1234,0.0048,0.0014
2025-07-15,Lucknow,break,0.2,2.9,5.2,7.54,7.54,6.53,0.183,0.0017,0.0002
2025-07-15,Patna,break,21.7,13.5,17.72,19.63,19.63,8.45,0.4343,0.01,0.0008
2025-07-15,Varanasi,break,25.6,9.7,13.5,16.84,16.84,9.1,0.366,0.0066,0.0006
2025-07-15,Delhi,break,7.3,5.9,9.3,11.9,11.9,6.85,0.2767,0.0036,0.0003
2025-07-15,Kanpur,break,8.0,13.1,17.3,19.52,19.52,9.83,0.4278,0.0096,0.0008
2025-07-15,Ranchi,break,13.1,31.7,38.41,31.85,31.85,15.91,0.6221,0.0299,0.0021
2025-07-15,Jodhpur,break,4.0,133.8,134.92,61.41,61.41,16.81,0.8614,0.1767,0.0115
2025-07-15,Bikaner,break,31.4,8.9,12.5,15.72,15.72,5.71,0.3492,0.0059,0.0005
2025-07-15,Jaisalmer,break,0.0,23.0,28.0,25.22,25.22,8.51,0.5519,0.0197,0.0015
2025-07-15,Hyderabad,break,2.7,0.0,0.0,0.0,0.0,1.4,0.0588,0.0003,0.0
2025-07-15,Bengaluru,break,2.8,2.7,5.0,6.9,6.9,4.03,0.1757,0.0015,0.0002
2025-07-15,Pune,break,33.9,0.7,1.9,2.4,2.4,3.93,0.0932,0.0005,0.0001
2025-07-15,Kurnool,break,6.9,0.3,1.0,1.37,1.37,2.37,0.074,0.0004,0.0
2025-07-15,Madurai,break,0.2,0.0,0.0,0.0,0.0,2.84,0.0588,0.0003,0.0
2025-07-16,Nagpur,normal,1.1,7.1,10.5,11.7,11.7,7.44,0.2453,0.0032,0.0007
2025-07-16,Bhopal,normal,6.2,10.3,14.1,15.1,15.1,8.83,0.3076,0.005,0.0011
2025-07-16,Raipur,normal,14.8,9.4,13.03,14.1,14.1,10.1,0.2912,0.0045,0.001
2025-07-16,Jabalpur,normal,27.4,16.6,21.0,20.8,20.8,12.3,0.4023,0.0092,0.0019
2025-07-16,Akola,normal,0.0,6.1,9.5,10.4,10.4,4.81,0.2231,0.0027,0.0006
2025-07-16,Amravati,normal,5.3,11.4,15.4,16.21,16.21,6.73,0.3264,0.0057,0.0012
2025-07-16,Aurangabad,normal,0.9,0.1,0.6,0.5,0.5,2.68,0.0476,0.0002,0.0001
2025-07-16,Bhubaneswar,normal,16.4,8.4,12.0,12.8,12.8,7.73,0.2721,0.0039,0.0009
2025-07-16,Mumbai,coastal,7.9,2.2,4.2,5.9,5.9,7.67,0.168,0.0029,0.0004
2025-07-16,Thiruvananthapuram,coastal,15.7,0.7,1.8,2.8,2.8,3.91,0.1004,0.0012,0.0002
2025-07-16,Kochi,coastal,59.1,10.0,13.8,19.13,19.13,15.56,0.3914,0.0156,0.0019
2025-07-16,Mangaluru,depression,97.3,33.0,40.3,25.05,25.05,32.86,0.693,0.0768,0.0026
2025-07-16,Panaji,coastal,14.5,11.2,15.2,21.19,21.19,15.56,0.4148,0.018,0.0021
2025-07-16,Chennai,coastal,16.2,0.0,0.0,0.0,0.0,1.45,0.0635,0.0006,0.0001
2025-07-16,Visakhapatnam,coastal,3.9,0.2,0.8,1.53,1.53,2.53,0.0745,0.0008,0.0001
2025-07-16,Puri,coastal,3.4,5.4,8.7,11.7,11.7,8.83,0.279,0.0075,0.001
2025-07-16,Kolkata,coastal,2.3,5.4,8.7,11.7,11.7,8.83,0.279,0.0075,0.001
2025-07-16,Surat,coastal,1.6,0.7,1.9,3.0,3.0,6.17,0.1004,0.0012,0.0002
2025-07-16,Mahabaleshwar,orographic,15.0,2.8,5.1,3.4,3.4,9.63,0.1578,0.0072,0.002
2025-07-16,Munnar,orographic,55.1,7.7,11.1,9.1,9.1,13.63,0.2896,0.0222,0.0053
2025-07-16,Madikeri,orographic,45.4,9.8,13.6,11.7,11.7,16.58,0.333,0.0296,0.0068
2025-07-16,Ooty,orographic,45.2,5.9,9.3,7.2,7.2,9.58,0.247,0.0162,0.004
2025-07-16,Lonavala,orographic,8.6,4.0,6.8,4.8,4.8,12.41,0.1951,0.0105,0.0027
2025-07-16,Wayanad,orographic,85.1,6.9,10.4,8.3,8.3,13.63,0.2713,0.0195,0.0047
2025-07-16,Shimla,orographic,1.2,13.9,18.1,17.7,17.7,6.91,0.4031,0.0453,0.0101
2025-07-16,Dehradun,orographic,4.6,21.6,26.76,31.0,31.0,9.81,0.4995,0.0775,0.0165
2025-07-16,Srinagar,orographic,9.2,0.0,0.0,0.0,0.0,0.62,0.0508,0.0012,0.0004
2025-07-16,Gangtok,orographic,17.5,4.6,7.6,5.5,5.5,5.07,0.2124,0.0122,0.0031
2025-07-16,Guwahati,orographic,0.9,13.7,18.0,17.52,17.52,10.35,0.4,0.0445,0.0099
2025-07-16,Cherrapunji,orographic,3.5,7.0,10.4,8.5,8.5,8.74,0.2737,0.0198,0.0048
2025-07-16,Imphal,orographic,0.7,13.7,18.0,17.52,17.52,11.02,0.4,0.0445,0.0099
2025-07-16,Agartala,orographic,5.1,2.0,3.9,2.5,2.5,4.02,0.1305,0.0052,0.0015
2025-07-16,Lucknow,normal,7.1,12.8,17.0,17.7,17.7,6.82,0.3489,0.0066,0.0014
2025-07-16,Patna,normal,28.4,17.8,22.4,21.76,21.76,8.65,0.4173,0.0101,0.002
2025-07-16,Varanasi,normal,48.0,12.9,17.1,17.8,17.8,8.17,0.3504,0.0067,0.0014
2025-07-16,Delhi,normal,8.2,10.2,14.1,15.07,15.07,7.32,0.3058,0.005,0.0011
2025-07-16,Kanpur,normal,6.8,5.7,9.1,10.2,10.2,5.78,0.2139,0.0025,0.0006
2025-07-16,Ranchi,normal,4.6,15.9,20.4,20.6,20.6,9.22,0.3932,0.0087,0.0018
2025-07-16,Jodhpur,normal,1.1,0.4,1.2,1.1,1.1,3.83,0.0589,0.0003,0.0001
2025-07-16,Bikaner,normal,0.0,3.6,6.2,7.2,7.2,5.85,0.1605,0.0015,0.0004
2025-07-16,Jaisalmer,normal,0.0,11.8,15.7,16.6,16.6,8.44,0.333,0.006,0.0013
2025-07-16,Hyderabad,normal,4.3,0.5,1.4,1.3,1.3,2.4,0.0626,0.0003,0.0001
2025-07-16,Bengaluru,normal,13.8,4.8,8.0,8.8,8.8,7.12,0.192,0.002,0.0005
2025-07-16,Pune,normal,1.5,0.5,1.4,1.3,1.3,3.7,0.0626,0.0003,0.0001
2025-07-16,Kurnool,normal,10.2,0.3,1.0,0.9,0.9,2.9,0.0552,0.0003,0.0001
2025-07-16,Madurai,normal,0.9,1.4,3.0,3.2,3.2,2.95,0.0941,0.0006,0.0002
2025-07-17,Nagpur,normal,5.9,7.9,11.4,12.22,14.15,9.37,0.262,0.0036,0.0008
2025-07-17,Bhopal,normal,6.9,1.9,3.7,4.1,5.05,5.98,0.1103,0.0008,0.0002
2025-07-17,Raipur,normal,7.3,8.8,12.3,13.3,15.62,9.81,0.2799,0.0041,0.0009
2025-07-17,Jabalpur,normal,19.7,18.0,22.6,21.9,22.93,13.25,0.4197,0.0102,0.0021
2025-07-17,Akola,normal,3.6,1.4,3.0,3.2,3.91,4.91,0.0941,0.0006,0.0002
2025-07-17,Amravati,normal,0.3,5.0,8.2,9.08,11.4,8.1,0.197,0.0021,0.0005
2025-07-17,Aurangabad,normal,0.1,0.1,0.6,0.5,0.8,2.09,0.0476,0.0002,0.0001
2025-07-17,Bhubaneswar,normal,5.8,2.4,4.6,5.1,6.18,5.6,0.1258,0.001,0.0003
2025-07-17,Mumbai,coastal,4.1,1.2,2.7,4.5,4.5,5.0,0.1244,0.0017,0.0003
2025-07-17,Thiruvananthapuram,coastal,6.0,0.2,0.8,1.53,1.53,3.36,0.0745,0.0008,0.0001
2025-07-17,Kochi,coastal,21.0,8.2,11.8,16.0,2.0,12.33,0.3523,0.0123,0.0015
2025-07-17,Mangaluru,coastal,31.3,16.2,20.67,29.21,29.21,18.46,0.4945,0.0285,0.0032
2025-07-17,Panaji,coastal,12.2,4.3,7.2,10.13,10.13,9.99,0.2448,0.0058,0.0008
2025-07-17,Chennai,coastal,4.4,20.7,25.5,36.2,36.2,13.53,0.5488,0.0388,0.0042
2025-07-17,Visakhapatnam,coastal,9.1,0.6,1.6,2.52,2.52,3.57,0.0954,0.0011,0.0002
2025-07-17,Puri,coastal,6.9,0.0,0.0,0.0,0.0,3.71,0.0635,0.0006,0.0001
2025-07-17,Kolkata,coastal,1.0,0.0,0.0,0.0,0.0,3.71,0.0635,0.0006,0.0001
2025-07-17,Surat,coastal,0.9,0.4,1.2,2.02,2.02,3.76,0.0851,0.0009,0.0002
2025-07-17,Mahabaleshwar,orographic,7.9,0.9,2.2,1.1,1.1,4.95,0.0891,0.0028,0.0009
2025-07-17,Munnar,orographic,15.5,3.3,5.8,3.81,3.81,9.62,0.1739,0.0086,0.0023
2025-07-17,Madikeri,orographic,78.1,9.1,12.7,10.5,10.5,16.06,0.3192,0.0271,0.0063
2025-07-17,Ooty,orographic,19.8,8.2,11.8,9.7,9.7,12.97,0.3005,0.0239,0.0057
2025-07-17,Lonavala,orographic,3.7,2.0,3.9,2.5,2.5,7.44,0.1305,0.0052,0.0015
2025-07-17,Wayanad,orographic,27.5,2.7,5.0,3.2,3.2,9.62,0.1545,0.007,0.0019
2025-07-17,Shimla,orographic,2.6,16.1,20.6,21.2,21.2,7.07,0.4345,0.0542,0.0118
2025-07-17,Dehradun,orographic,1.2,23.9,29.1,36.61,36.61,10.31,0.5223,0.0875,0.0185
2025-07-17,Srinagar,orographic,1.5,2.3,4.4,2.8,2.8,1.44,0.141,0.006,0.0017
2025-07-17,Gangtok,orographic,0.0,4.6,7.6,5.5,5.5,4.52,0.2124,0.0122,0.0031
2025-07-17,Guwahati,orographic,3.0,5.8,9.2,7.1,7.1,7.3,0.2444,0.0159,0.0039
2025-07-17,Cherrapunji,orographic,15.1,5.1,8.5,6.3,6.3,6.68,0.2261,0.0137,0.0035
2025-07-17,Imphal,orographic,3.3,8.8,12.3,10.2,10.2,8.85,0.3131,0.026,0.0061
2025-07-17,Agartala,orographic,18.1,9.8,13.6,11.7,11.7,7.5,0.333,0.0296,0.0068
2025-07-17,Lucknow,normal,7.8,18.3,23.0,22.2,23.24,9.13,0.4233,0.0104,0.0021
2025-07-17,Patna,normal,18.5,6.5,10.0,10.8,12.48,7.89,0.2322,0.0029,0.0007
2025-07-17,Varanasi,normal,84.5,117.4,127.4,100.81,61.41,15.86,0.801,0.1124,0.0183
2025-07-17,Delhi,normal,1.4,31.6,38.3,34.0,31.34,11.98,0.5455,0.0212,0.0039
2025-07-17,Kanpur,normal,26.5,23.5,28.41,27.71,25.66,9.54,0.4786,0.0144,0.0028
2025-07-17,Ranchi,normal,1.1,10.8,14.7,15.5,18.04,8.71,0.3163,0.0053,0.0012
2025-07-17,Jodhpur,normal,1.6,0.2,0.8,0.7,1.0,0.77,0.0514,0.0002,0.0001
2025-07-17,Bikaner,normal,0.4,2.0,3.9,4.3,5.3,3.05,0.1135,0.0008,0.0002
2025-07-17,Jaisalmer,normal,0.1,0.0,0.0,0.0,0.0,1.87,0.0437,0.0002,0.0001
2025-07-17,Hyderabad,normal,7.0,3.7,6.3,7.3,9.43,4.69,0.1632,0.0015,0.0004
2025-07-17,Bengaluru,normal,13.9,11.6,15.5,16.4,18.6,9.29,0.3297,0.0058,0.0013
2025-07-17,Pune,normal,1.1,0.4,1.2,1.1,1.72,3.22,0.0589,0.0003,0.0001
2025-07-17,Kurnool,normal,7.1,2.1,4.1,4.5,5.5,3.87,0.1166,0.0009,0.0002
2025-07-17,Madurai,normal,0.0,8.9,12.5,13.4,15.72,6.89,0.2818,0.0042,0.0009
2025-07-18,Nagpur,break,1.1,0.8,2.0,2.51,2.51,5.69,0.0978,0.0006,0.0001
2025-07-18,Bhopal,break,9.3,0.8,2.0,2.51,2.51,5.19,0.0978,0.0006,0.0001
2025-07-18,Raipur,break,0.3,1.5,3.1,4.15,4.15,6.08,0.1286,0.0009,0.0001
2025-07-18,Jabalpur,break,4.2,3.5,6.1,8.87,8.87,10.85,0.2039,0.002,0.0002
2025-07-18,Akola,break,0.5,0.3,1.0,1.37,1.37,4.37,0.074,0.0004,0.0
2025-07-18,Amravati,break,0.2,1.1,2.4,3.11,3.11,5.64,0.1113,0.0007,0.0001
2025-07-18,Aurangabad,break,0.0,0.0,0.0,0.0,0.0,2.62,0.0588,0.0003,0.0
2025-07-18,Bhubaneswar,break,3.1,0.0,0.0,0.0,0.0,3.35,0.0588,0.0003,0.0
2025-07-18,Mumbai,coastal,2.7,1.7,3.4,5.15,5.15,6.62,0.1469,0.0023,0.0003
2025-07-18,Thiruvananthapuram,coastal,9.9,2.3,4.4,5.9,5.9,5.8,0.1721,0.003,0.0004
2025-07-18,Kochi,coastal,29.0,9.2,12.8,17.54,2.0,15.96,0.3747,0.0141,0.0017
2025-07-18,Mangaluru,coastal,23.2,21.9,26.9,39.05,39.05,30.49,0.5613,0.0416,0.0045
2025-07-18,Panaji,coastal,26.4,4.5,7.5,10.4,10.4,11.76,0.2513,0.0061,0.0008
2025-07-18,Chennai,coastal,9.2,4.2,7.1,10.03,10.03,14.62,0.2415,0.0057,0.0008
2025-07-18,Visakhapatnam,coastal,2.7,0.8,2.0,3.4,3.4,5.29,0.1053,0.0013,0.0002
2025-07-18,Puri,coastal,0.1,0.0,0.0,0.0,0.0,2.06,0.0635,0.0006,0.0001
2025-07-18,Kolkata,coastal,8.4,0.3,1.0,1.8,1.8,3.39,0.0798,0.0008,0.0001
2025-07-18,Surat,coastal,0.7,0.3,1.0,1.8,1.8,4.57,0.0798,0.0008,0.0001
2025-07-18,Mahabaleshwar,orographic,6.1,2.9,5.2,3.4,3.4,8.3,0.1611,0.0075,0.002
2025-07-18,Munnar,orographic,24.3,11.2,15.2,13.7,13.7,15.59,0.3589,0.0348,0.0079
2025-07-18,Madikeri,orographic,24.1,6.2,9.6,7.5,7.5,15.17,0.2545,0.0172,0.0042
2025-07-18,Ooty,orographic,12.1,1.8,3.56,2.2,2.2,10.17,0.1234,0.0048,0.0014
2025-07-18,Lonavala,orographic,5.8,2.7,5.0,3.2,3.2,10.33,0.1545,0.007,0.0019
2025-07-18,Wayanad,orographic,9.4,4.4,7.4,5.2,5.2,12.41,0.2067,0.0117,0.003
2025-07-18,Shimla,orographic,2.7,1.2,2.6,1.4,1.4,4.02,0.1009,0.0034,0.001
2025-07-18,Dehradun,orographic,1.3,0.0,0.0,0.0,0.0,2.88,0.0508,0.0012,0.0004
2025-07-18,Srinagar,orographic,0.1,1.9,3.7,2.4,2.4,2.8,0.127,0.005,0.0014
2025-07-18,Gangtok,orographic,0.2,2.1,4.1,2.7,2.7,3.03,0.1341,0.0055,0.0015
2025-07-18,Guwahati,orographic,0.6,0.0,0.0,0.0,0.0,3.38,0.0508,0.0012,0.0004
2025-07-18,Cherrapunji,orographic,5.5,9.9,13.7,11.94,11.94,10.28,0.3349,0.03,0.0069
2025-07-18,Imphal,orographic,4.2,6.6,10.1,8.0,8.0,10.1,0.2642,0.0185,0.0045
2025-07-18,Agartala,orographic,1.9,21.5,26.61,30.81,30.81,15.17,0.4985,0.077,0.0164
2025-07-18,Lucknow,break,4.3,0.1,0.6,0.8,0.8,4.15,0.0639,0.0003,0.0
2025-07-18,Patna,break,1.7,2.0,3.9,5.3,5.3,4.47,0.149,0.0012,0.0001
2025-07-18,Varanasi,break,0.0,0.2,0.8,1.0,1.0,5.24,0.069,0.0003,0.0
2025-07-18,Delhi,break,4.1,3.1,5.5,8.0,8.0,7.19,0.1901,0.0018,0.0002
2025-07-18,Kanpur,break,22.5,0.6,1.7,2.1,2.1,5.16,0.0885,0.0005,0.0001
2025-07-18,Ranchi,break,0.6,16.8,21.2,22.22,22.22,9.91,0.482,0.0132,0.001
2025-07-18,Jodhpur,break,25.2,2.2,4.2,5.79,5.79,2.48,0.1568,0.0013,0.0001
2025-07-18,Bikaner,break,28.4,11.2,15.2,18.57,18.57,6.76,0.395,0.0079,0.0006
2025-07-18,Jaisalmer,break,8.8,0.0,0.0,0.0,0.0,0.49,0.0588,0.0003,0.0
2025-07-18,Hyderabad,break,12.5,8.0,11.5,14.39,14.39,8.79,0.3292,0.0052,0.0004
2025-07-18,Bengaluru,break,11.4,7.3,10.6,13.57,13.57,9.13,0.3126,0.0047,0.0004
2025-07-18,Pune,break,1.1,0.2,0.8,1.0,1.0,3.48,0.069,0.0003,0.0
2025-07-18,Kurnool,break,4.6,10.0,13.8,17.1,17.1,8.75,0.372,0.0069,0.0006
2025-07-18,Madurai,break,0.2,0.0,0.0,0.0,0.0,3.92,0.0588,0.0003,0.0
2025-07-19,Nagpur,break,0.3,0.2,0.8,1.0,1.0,4.05,0.069,0.0003,0.0
2025-07-19,Bhopal,break,0.0,0.2,0.8,1.0,1.0,4.05,0.069,0.0003,0.0
2025-07-19,Raipur,break,0.2,0.1,0.6,0.8,0.8,3.89,0.0639,0.0003,0.0
2025-07-19,Jabalpur,break,0.0,0.0,0.0,0.0,0.0,3.88,0.0588,0.0003,0.0
2025-07-19,Akola,break,0.1,0.0,0.0,0.0,0.0,2.62,0.0588,0.0003,0.0
2025-07-19,Amravati,break,0.0,0.0,0.0,0.0,0.0,2.9,0.0588,0.0003,0.0
2025-07-19,Aurangabad,break,0.0,0.0,0.0,0.0,0.0,1.76,0.0588,0.0003,0.0
2025-07-19,Bhubaneswar,break,10.6,6.7,10.2,12.78,12.78,6.84,0.2977,0.0042,0.0004
2025-07-19,Mumbai,coastal,6.3,2.3,4.4,5.9,5.9,7.29,0.1721,0.003,0.0004
2025-07-19,Thiruvananthapuram,coastal,30.0,6.9,10.4,13.87,13.87,12.28,0.3204,0.01,0.0013
2025-07-19,Kochi,coastal,50.8,32.1,39.01,80.21,24.4,28.41,0.6438,0.0672,0.007
2025-07-19,Mangaluru,depression,103.4,44.4,55.61,44.05,174.68,34.3,0.7475,0.11,0.0037
2025-07-19,Panaji,coastal,21.8,10.5,14.4,19.83,19.83,15.48,0.4014,0.0166,0.002
2025-07-19,Chennai,coastal,7.0,4.0,6.8,9.7,9.7,11.46,0.2349,0.0054,0.0007
2025-07-19,Visakhapatnam,coastal,17.6,16.6,21.0,29.51,29.51,14.97,0.4999,0.0294,0.0033
2025-07-19,Puri,coastal,4.4,15.2,19.5,28.21,28.21,11.67,0.4804,0.0263,0.003
2025-07-19,Kolkata,coastal,3.0,2.4,4.5,6.2,6.2,5.8,0.1761,0.0032,0.0005
2025-07-19,Surat,coastal,1.9,1.9,3.7,5.5,5.5,5.78,0.1555,0.0025,0.0004
2025-07-19,Mahabaleshwar,orographic,7.9,3.2,5.7,3.7,3.7,9.75,0.1707,0.0083,0.0022
2025-07-19,Munnar,orographic,79.2,16.2,20.67,21.4,21.4,27.3,0.4359,0.0546,0.0119
2025-07-19,Madikeri,orographic,46.7,26.9,33.1,43.52,43.52,30.46,0.5488,0.1008,0.0212
2025-07-19,Ooty,orographic,15.1,34.0,41.36,55.32,55.32,29.24,0.6007,0.1327,0.0276
2025-07-19,Lonavala,orographic,9.7,5.2,8.6,6.4,6.4,12.41,0.2288,0.0141,0.0035
2025-07-19,Wayanad,orographic,18.1,59.9,72.0,89.5,89.5,40.05,0.7167,0.2464,0.0524
2025-07-19,Shimla,orographic,4.3,0.2,0.8,0.2,0.2,1.21,0.0598,0.0015,0.0005
2025-07-19,Dehradun,orographic,0.2,1.1,2.4,1.33,1.33,1.38,0.097,0.0032,0.001
2025-07-19,Srinagar,orographic,0.0,0.3,1.0,0.4,0.4,1.26,0.0641,0.0017,0.0005
2025-07-19,Gangtok,orographic,3.2,7.0,10.4,8.5,8.5,5.89,0.2737,0.0198,0.0048
2025-07-19,Guwahati,orographic,2.9,15.6,19.9,20.5,20.5,8.07,0.4277,0.0521,0.0114
2025-07-19,Cherrapunji,orographic,9.5,8.9,12.5,10.3,10.3,10.65,0.3151,0.0264,0.0062
2025-07-19,Imphal,orographic,2.4,6.6,10.1,8.0,8.0,9.78,0.2642,0.0185,0.0045
2025-07-19,Agartala,orographic,3.5,1.9,3.7,2.4,2.4,8.36,0.127,0.005,0.0014
2025-07-19,Lucknow,break,0.0,0.0,0.0,0.0,0.0,1.19,0.0588,0.0003,0.0
2025-07-19,Patna,break,0.3,0.1,0.6,0.8,0.8,2.22,0.0639,0.0003,0.0
2025-07-19,Varanasi,break,0.1,0.0,0.0,0.0,0.0,1.19,0.0588,0.0003,0.0
2025-07-19,Delhi,break,0.0,0.0,0.0,0.0,0.0,1.61,0.0588,0.0003,0.0
2025-07-19,Kanpur,break,0.0,0.0,0.0,0.0,0.0,1.36,0.0588,0.0003,0.0
2025-07-19,Ranchi,break,8.2,21.1,26.0,24.0,24.0,14.99,0.5327,0.0177,0.0013
2025-07-19,Jodhpur,break,46.7,15.7,20.1,21.3,21.3,7.47,0.4671,0.0121,0.0009
2025-07-19,Bikaner,break,8.1,10.4,14.3,17.26,17.26,7.67,0.3799,0.0072,0.0006
2025-07-19,Jaisalmer,break,45.8,7.1,10.5,13.4,13.4,4.63,0.3077,0.0045,0.0004
2025-07-19,Hyderabad,break,8.5,0.0,0.0,0.0,0.0,3.87,0.0588,0.0003,0.0
2025-07-19,Bengaluru,break,21.1,3.2,5.7,8.1,8.1,7.54,0.1936,0.0018,0.0002
2025-07-19,Pune,break,1.0,0.6,1.7,2.1,2.1,3.88,0.0885,0.0005,0.0001
2025-07-19,Kurnool,break,1.0,6.8,10.3,12.87,12.87,9.29,0.3003,0.0043,0.0004
2025-07-19,Madurai,break,4.9,1.2,2.7,3.4,3.4,3.48,0.1157,0.0008,0.0001
2025-07-20,Nagpur,normal,0.7,0.5,1.4,1.3,1.97,3.88,0.0626,0.0003,0.0001
2025-07-20,Bhopal,normal,0.1,0.9,2.2,2.1,2.61,3.94,0.077,0.0004,0.0001
2025-07-20,Raipur,normal,24.5,72.5,83.2,62.7,61.41,16.39,0.7201,0.0618,0.0104
2025-07-20,Jabalpur,normal,0.1,1.3,2.8,3.0,3.7,3.28,0.0907,0.0006,0.0002
2025-07-20,Akola,normal,0.2,0.0,0.0,0.0,0.0,1.38,0.0437,0.0002,0.0001
2025-07-20,Amravati,normal,0.0,0.0,0.0,0.0,0.0,1.38,0.0437,0.0002,0.0001
2025-07-20,Aurangabad,normal,0.0,0.0,0.0,0.0,0.0,1.38,0.0437,0.0002,0.0001
2025-07-20,Bhubaneswar,normal,3.0,7.2,10.6,11.8,13.57,11.25,0.2474,0.0032,0.0007
2025-07-20,Mumbai,coastal,12.3,3.7,6.3,9.1,9.1,9.63,0.2246,0.0049,0.0007
2025-07-20,Thiruvananthapuram,coastal,35.9,5.5,8.8,11.98,1.2,11.67,0.2819,0.0077,0.001
2025-07-20,Kochi,depression,33.7,46.4,57.45,45.23,45.23,33.35,0.7551,0.1159,0.0039
2025-07-20,Mangaluru,depression,55.2,67.2,76.72,62.22,62.22,43.19,0.8126,0.1776,0.006
2025-07-20,Panaji,depression,20.7,51.8,63.5,50.71,203.8,33.73,0.7733,0.132,0.0044
2025-07-20,Chennai,coastal,0.2,9.8,13.6,18.87,18.87,15.4,0.3873,0.0153,0.0018
2025-07-20,Visakhapatnam,coastal,46.5,15.4,19.6,28.36,28.36,20.77,0.4833,0.0268,0.003
2025-07-20,Puri,coastal,7.3,1.5,3.1,4.85,4.85,7.56,0.1381,0.0021,0.0003
2025-07-20,Kolkata,coastal,8.1,0.4,1.2,2.02,2.02,5.38,0.0851,0.0009,0.0002
2025-07-20,Surat,coastal,4.6,2.1,4.1,5.7,5.7,6.74,0.1639,0.0028,0.0004
2025-07-20,Mahabaleshwar,orographic,16.0,3.2,5.7,3.7,3.7,9.63,0.1707,0.0083,0.0022
2025-07-20,Munnar,orographic,45.9,12.6,16.62,15.7,15.7,22.69,0.3827,0.0402,0.009
2025-07-20,Madikeri,orographic,61.5,33.5,40.71,52.82,52.82,43.62,0.5975,0.1304,0.0271
2025-07-20,Ooty,orographic,29.7,22.5,27.46,33.56,33.56,36.76,0.5087,0.0814,0.0173
2025-07-20,Lonavala,orographic,12.5,3.2,5.7,3.7,3.7,11.28,0.1707,0.0083,0.0022
2025-07-20,Wayanad,orographic,25.9,84.3,89.6,115.6,115.6,62.19,0.7763,0.3416,0.0766
2025-07-20,Shimla,orographic,4.0,5.3,8.7,6.55,6.55,3.4,0.2314,0.0144,0.0036
2025-07-20,Dehradun,orographic,4.2,1.7,3.4,2.0,2.0,1.75,0.1197,0.0045,0.0013
2025-07-20,Srinagar,orographic,0.0,1.2,2.7,1.5,1.5,1.29,0.1009,0.0034,0.001
2025-07-20,Gangtok,orographic,74.8,45.4,56.51,72.12,72.12,11.2,0.6622,0.1838,0.0383
2025-07-20,Guwahati,orographic,12.3,13.6,17.87,17.4,17.4,11.05,0.3985,0.0441,0.0098
2025-07-20,Cherrapunji,orographic,21.6,10.4,14.3,12.6,12.6,10.87,0.3444,0.0318,0.0073
2025-07-20,Imphal,orographic,3.5,18.8,23.6,26.32,26.32,12.35,0.4686,0.0655,0.0141
2025-07-20,Agartala,orographic,5.5,9.5,13.2,11.2,11.2,9.01,0.3272,0.0285,0.0066
2025-07-20,Lucknow,normal,3.8,0.0,0.0,0.0,0.0,0.59,0.0437,0.0002,0.0001
2025-07-20,Patna,normal,2.6,0.3,1.0,0.9,1.37,2.17,0.0552,0.0003,0.0001
2025-07-20,Varanasi,normal,3.0,0.0,0.0,0.0,0.0,0.59,0.0437,0.0002,0.0001
2025-07-20,Delhi,normal,0.0,0.0,0.0,0.0,0.0,0.59,0.0437,0.0002,0.0001
2025-07-20,Kanpur,normal,0.9,0.0,0.0,0.0,0.0,0.59,0.0437,0.0002,0.0001
2025-07-20,Ranchi,normal,3.7,22.1,27.2,26.7,24.97,14.1,0.4649,0.0133,0.0026
2025-07-20,Jodhpur,normal,0.7,1.4,3.0,3.2,3.91,3.25,0.0941,0.0006,0.0002
2025-07-20,Bikaner,normal,0.0,0.0,0.0,0.0,0.0,2.2,0.0437,0.0002,0.0001
2025-07-20,Jaisalmer,normal,8.9,0.1,0.6,0.5,0.8,2.16,0.0476,0.0002,0.0001
2025-07-20,Hyderabad,normal,2.1,0.2,0.8,0.7,1.0,2.28,0.0514,0.0002,0.0001
2025-07-20,Bengaluru,normal,16.0,3.7,6.3,7.3,9.43,7.86,0.1632,0.0015,0.0004
2025-07-20,Pune,normal,3.4,0.3,1.0,0.9,1.37,3.82,0.0552,0.0003,0.0001
2025-07-20,Kurnool,normal,18.8,0.1,0.6,0.5,0.8,4.73,0.0476,0.0002,0.0001
2025-07-20,Madurai,normal,0.4,0.2,0.8,0.7,1.0,4.01,0.0514,0.0002,0.0001
2025-07-21,Nagpur,normal,5.4,8.6,12.1,12.8,12.8,5.61,0.276,0.004,0.0009
2025-07-21,Bhopal,normal,7.0,0.5,1.4,1.3,1.3,3.38,0.0626,0.0003,0.0001
2025-07-21,Raipur,depression,27.5,20.6,25.46,8.6,25.2,18.38,0.5959,0.0427,0.0015
2025-07-21,Jabalpur,normal,13.5,3.4,6.0,6.9,6.9,5.85,0.1549,0.0014,0.0004
2025-07-21,Akola,normal,0.5,1.7,3.4,3.6,3.6,2.89,0.1039,0.0007,0.0002
2025-07-21,Amravati,normal,2.3,5.3,8.7,9.7,9.7,4.32,0.2043,0.0023,0.0005
2025-07-21,Aurangabad,normal,11.0,6.0,9.4,10.4,10.4,4.32,0.2208,0.0026,0.0006
2025-07-21,Bhubaneswar,normal,5.2,0.3,1.0,0.9,0.9,4.26,0.0552,0.0003,0.0001
2025-07-21,Mumbai,coastal,17.7,5.1,8.39,11.2,11.2,9.81,0.27,0.007,0.0009
2025-07-21,Thiruvananthapuram,coastal,34.8,2.2,4.2,5.9,1.2,6.71,0.168,0.0029,0.0004
2025-07-21,Kochi,coastal,24.2,11.7,15.6,22.13,22.13,17.18,0.4239,0.019,0.0022
2025-07-21,Mangaluru,depression,35.3,49.9,61.05,48.22,196.32,39.05,0.7672,0.1263,0.0042
2025-07-21,Panaji,depression,24.3,36.1,45.2,31.19,92.32,31.85,0.7101,0.0857,0.0029
2025-07-21,Chennai,coastal,2.5,2.9,5.2,7.4,7.4,8.5,0.1956,0.0038,0.0005
2025-07-21,Visakhapatnam,coastal,10.8,2.7,5.0,6.8,6.8,8.55,0.1879,0.0036,0.0005
2025-07-21,Puri,coastal,2.9,1.4,3.0,4.7,4.7,5.0,0.1336,0.002,0.0003
2025-07-21,Kolkata,coastal,2.3,0.5,1.4,2.4,2.4,3.45,0.0903,0.001,0.0002
2025-07-21,Surat,coastal,6.6,1.3,2.8,4.6,4.6,5.0,0.129,0.0019,0.0003
2025-07-21,Mahabaleshwar,orographic,18.4,3.7,6.3,4.46,4.46,8.88,0.1862,0.0097,0.0025
2025-07-21,Munnar,orographic,26.2,3.8,6.5,4.6,4.6,11.72,0.1892,0.0099,0.0026
2025-07-21,Madikeri,orographic,23.8,10.7,14.7,12.9,12.9,15.96,0.3499,0.0329,0.0075
2025-07-21,Ooty,orographic,5.1,2.3,4.4,2.8,2.8,8.48,0.141,0.006,0.0017
2025-07-21,Lonavala,orographic,28.9,9.1,12.7,10.5,10.5,12.26,0.3192,0.0271,0.0063
2025-07-21,Wayanad,orographic,13.9,2.1,4.1,2.7,2.7,10.15,0.1341,0.0055,0.0015
2025-07-21,Shimla,orographic,41.1,70.5,80.2,98.01,98.01,12.29,0.7462,0.2895,0.0629
2025-07-21,Dehradun,orographic,47.5,33.5,40.71,52.82,52.82,7.95,0.5975,0.1304,0.0271
2025-07-21,Srinagar,orographic,13.5,3.4,5.9,4.0,4.0,3.02,0.177,0.0088,0.0023
2025-07-21,Gangtok,orographic,5.5,1.6,3.3,1.9,1.9,3.6,0.116,0.0043,0.0012
2025-07-21,Guwahati,orographic,8.5,0.6,1.6,0.7,0.7,4.39,0.0769,0.0022,0.0007
2025-07-21,Cherrapunji,orographic,8.8,14.1,18.3,18.02,18.02,10.0,0.4061,0.0461,0.0102
2025-07-21,Imphal,orographic,0.2,1.5,3.1,1.8,1.8,5.4,0.1123,0.0041,0.0012
2025-07-21,Agartala,orographic,3.1,6.8,10.3,8.2,8.2,8.84,0.269,0.0192,0.0046
2025-07-21,Lucknow,normal,0.5,0.2,0.8,0.7,0.7,0.9,0.0514,0.0002,0.0001
2025-07-21,Patna,normal,0.1,1.2,2.6,2.8,2.8,2.21,0.0873,0.0005,0.0002
2025-07-21,Varanasi,normal,0.2,2.9,5.2,5.9,5.9,2.72,0.1407,0.0012,0.0003
2025-07-21,Delhi,normal,0.4,8.0,11.5,12.37,12.37,4.91,0.2641,0.0037,0.0008
2025-07-21,Kanpur,normal,5.5,0.0,0.0,0.0,0.0,0.24,0.0437,0.0002,0.0001
2025-07-21,Ranchi,normal,4.5,14.2,18.47,19.06,19.06,8.94,0.3697,0.0075,0.0016
2025-07-21,Jodhpur,normal,0.4,0.0,0.0,0.0,0.0,0.86,0.0437,0.0002,0.0001
2025-07-21,Bikaner,normal,0.8,0.0,0.0,0.0,0.0,0.16,0.0437,0.0002,0.0001
2025-07-21,Jaisalmer,normal,0.6,0.0,0.0,0.0,0.0,0.49,0.0437,0.0002,0.0001
2025-07-21,Hyderabad,normal,3.0,7.8,11.2,12.2,12.2,5.51,0.26,0.0036,0.0008
2025-07-21,Bengaluru,normal,17.5,4.5,7.5,8.4,8.4,7.67,0.1844,0.0019,0.0005
2025-07-21,Pune,normal,30.6,0.0,0.0,0.0,0.0,1.79,0.0437,0.0002,0.0001
2025-07-21,Kurnool,normal,12.4,14.1,18.3,19.0,19.0,6.54,0.3683,0.0075,0.0016
2025-07-21,Madurai,normal,0.0,0.0,0.0,0.0,0.0,1.79,0.0437,0.0002,0.0001
2025-07-22,Nagpur,depression,35.1,38.6,48.85,35.5,40.81,18.29,0.7226,0.093,0.0031
2025-07-22,Bhopal,normal,21.8,11.7,15.6,16.5,16.5,9.08,0.3314,0.0059,0.0013
2025-07-22,Raipur,depression,14.9,22.9,27.8,10.73,27.4,19.29,0.6186,0.0488,0.0017
2025-07-22,Jabalpur,normal,8.8,13.4,17.7,18.5,18.5,13.02,0.358,0.007,0.0015
2025-07-22,Akola,normal,12.7,7.2,10.6,11.8,11.8,10.09,0.2474,0.0032,0.0007
2025-07-22,Amravati,normal,19.0,10.3,14.1,15.1,15.1,12.7,0.3076,0.005,0.0011
2025-07-22,Aurangabad,normal,8.1,2.6,4.9,5.5,5.5,7.22,0.1319,0.0011,0.0003
2025-07-22,Bhubaneswar,normal,1.8,0.1,0.6,0.5,0.5,3.05,0.0476,0.0002,0.0001
2025-07-22,Mumbai,coastal,18.4,9.7,13.5,18.77,18.77,14.99,0.3852,0.0151,0.0018
2025-07-22,Thiruvananthapuram,coastal,10.9,0.2,0.8,1.53,1.53,4.26,0.0745,0.0008,0.0001
2025-07-22,Kochi,coastal,18.7,12.2,16.2,23.0,23.0,16.68,0.4328,0.02,0.0023
2025-07-22,Mangaluru,depression,47.6,54.6,66.5,53.78,214.81,42.58,0.7817,0.1403,0.0047
2025-07-22,Panaji,depression,29.3,45.8,57.01,44.83,180.19,35.06,0.7529,0.1142,0.0038
2025-07-22,Chennai,coastal,1.1,0.3,1.0,1.8,1.8,4.31,0.0798,0.0008,0.0001
2025-07-22,Visakhapatnam,coastal,5.5,4.6,7.6,10.5,10.5,9.52,0.2545,0.0063,0.0008
2025-07-22,Puri,coastal,9.3,0.0,0.0,0.0,0.0,3.3,0.0635,0.0006,0.0001
2025-07-22,Kolkata,coastal,0.5,1.0,2.3,3.9,3.9,4.73,0.115,0.0015,0.0002
2025-07-22,Surat,coastal,7.9,11.9,15.8,22.43,22.43,12.9,0.4275,0.0194,0.0023
2025-07-22,Mahabaleshwar,orographic,28.1,7.2,10.6,8.7,8.7,15.24,0.2783,0.0205,0.0049
2025-07-22,Munnar,orographic,28.3,4.0,6.8,4.8,4.8,12.88,0.1951,0.0105,0.0027
2025-07-22,Madikeri,orographic,26.0,4.2,7.1,4.96,4.96,14.83,0.201,0.0111,0.0029
2025-07-22,Ooty,orographic,4.1,0.2,0.8,0.2,0.2,4.81,0.0598,0.0015,0.0005
2025-07-22,Lonavala,orographic,24.0,16.3,20.7,21.6,21.6,25.96,0.4372,0.055,0.012
2025-07-22,Wayanad,orographic,7.3,2.4,4.6,3.0,3.0,7.77,0.1445,0.0062,0.0017
2025-07-22,Shimla,orographic,1.0,24.5,29.8,38.06,38.06,13.98,0.5278,0.0902,0.019
2025-07-22,Dehradun,orographic,1.3,5.8,9.2,7.1,7.1,6.44,0.2444,0.0159,0.0039
2025-07-22,Srinagar,orographic,24.4,17.5,21.9,23.6,23.6,6.93,0.4527,0.06,0.013
2025-07-22,Gangtok,orographic,6.7,6.7,10.2,8.15,8.15,5.0,0.2666,0.0188,0.0046
2025-07-22,Guwahati,orographic,14.8,2.3,4.5,2.9,2.9,3.64,0.141,0.006,0.0017
2025-07-22,Cherrapunji,orographic,7.8,15.5,19.7,20.4,20.4,12.22,0.4263,0.0517,0.0114
2025-07-22,Imphal,orographic,1.5,2.3,4.4,2.8,2.8,4.6,0.141,0.006,0.0017
2025-07-22,Agartala,orographic,5.7,13.3,17.6,16.7,16.7,10.63,0.3938,0.0429,0.0096
2025-07-22,Lucknow,normal,0.6,0.0,0.0,0.0,0.0,1.23,0.0437,0.0002,0.0001
2025-07-22,Patna,normal,1.2,1.1,2.4,2.5,2.5,3.66,0.0839,0.0005,0.0001
2025-07-22,Varanasi,normal,0.0,1.1,2.4,2.5,2.5,3.8,0.0839,0.0005,0.0001
2025-07-22,Delhi,normal,0.2,7.4,10.73,11.9,11.9,8.15,0.2517,0.0034,0.0008
2025-07-22,Kanpur,normal,0.7,0.3,1.0,0.9,0.9,1.63,0.0552,0.0003,0.0001
2025-07-22,Ranchi,normal,6.3,9.1,12.7,13.6,13.6,9.26,0.2856,0.0043,0.001
2025-07-22,Jodhpur,normal,0.3,0.0,0.0,0.0,0.0,0.45,0.0437,0.0002,0.0001
2025-07-22,Bikaner,normal,0.2,0.0,0.0,0.0,0.0,0.45,0.0437,0.0002,0.0001
2025-07-22,Jaisalmer,normal,0.0,0.0,0.0,0.0,0.0,0.45,0.0437,0.0002,0.0001
2025-07-22,Hyderabad,normal,5.5,10.0,13.8,14.9,14.9,10.26,0.3022,0.0048,0.0011
2025-07-22,Bengaluru,normal,9.1,2.1,4.1,4.5,4.5,6.68,0.1166,0.0009,0.0002
2025-07-22,Pune,normal,26.3,0.6,1.7,1.6,1.6,3.19,0.0663,0.0003,0.0001
2025-07-22,Kurnool,normal,8.5,3.5,6.1,7.04,7.04,8.78,0.1577,0.0014,0.0004
2025-07-22,Madurai,normal,0.2,0.0,0.0,0.0,0.0,1.61,0.0437,0.0002,0.0001
2025-07-23,Nagpur,depression,19.2,41.4,52.35,41.39,41.72,29.53,0.7352,0.1012,0.0034
2025-07-23,Bhopal,depression,24.4,30.9,37.4,23.6,33.65,18.92,0.6801,0.0708,0.0024
2025-07-23,Raipur,depression,17.9,24.2,29.41,13.63,28.0,23.4,0.6302,0.0523,0.0018
2025-07-23,Jabalpur,normal,7.2,17.5,21.9,21.4,21.4,16.6,0.4136,0.0098,0.002
2025-07-23,Akola,normal,8.2,14.0,18.27,19.0,19.0,13.37,0.3668,0.0074,0.0015
2025-07-23,Amravati,normal,7.5,12.1,16.1,17.1,17.1,14.77,0.3379,0.0062,0.0013
2025-07-23,Aurangabad,normal,3.0,2.8,5.1,5.8,5.8,7.39,0.1378,0.0011,0.0003
2025-07-23,Bhubaneswar,normal,10.4,5.1,8.39,9.3,9.3,6.27,0.1994,0.0022,0.0005
2025-07-23,Mumbai,coastal,18.6,24.6,30.0,49.73,49.73,22.09,0.5869,0.0482,0.0051
2025-07-23,Thiruvananthapuram,coastal,18.3,9.2,12.8,17.54,17.54,10.47,0.3747,0.0141,0.0017
2025-07-23,Kochi,coastal,28.9,10.6,14.6,20.03,20.03,15.72,0.4033,0.0168,0.002
2025-07-23,Mangaluru,depression,59.9,56.0,68.36,54.27,220.32,46.89,0.7856,0.1445,0.0048
2025-07-23,Panaji,depression,59.3,39.2,49.42,36.04,100.17,39.47,0.7254,0.0947,0.0032
2025-07-23,Chennai,coastal,3.8,1.0,2.3,3.9,3.9,4.63,0.115,0.0015,0.0002
2025-07-23,Visakhapatnam,coastal,3.4,2.5,4.7,6.49,6.49,7.78,0.1801,0.0033,0.0005
2025-07-23,Puri,coastal,32.3,4.1,6.9,9.88,9.88,7.23,0.2382,0.0055,0.0007
2025-07-23,Kolkata,coastal,0.8,2.5,4.7,6.49,6.49,5.91,0.1801,0.0033,0.0005
2025-07-23,Surat,coastal,10.5,6.6,10.1,13.72,13.72,13.55,0.3125,0.0095,0.0012
2025-07-23,Mahabaleshwar,orographic,47.5,17.0,21.4,23.1,23.1,29.55,0.4464,0.0579,0.0126
2025-07-23,Munnar,orographic,39.8,9.7,13.5,11.49,11.49,18.03,0.3311,0.0292,0.0068
2025-07-23,Madikeri,orographic,31.9,9.7,13.5,11.49,11.49,18.03,0.3311,0.0292,0.0068
2025-07-23,Ooty,orographic,12.3,1.2,2.7,1.5,1.5,5.24,0.1009,0.0034,0.001
2025-07-23,Lonavala,orographic,19.7,19.7,24.5,27.4,27.4,40.43,0.479,0.0693,0.0149
2025-07-23,Wayanad,orographic,32.8,2.7,5.0,3.2,3.2,9.77,0.1545,0.007,0.0019
2025-07-23,Shimla,orographic,4.3,10.1,13.93,12.2,12.2,7.45,0.3388,0.0307,0.0071
2025-07-23,Dehradun,orographic,1.4,5.2,8.6,6.4,6.4,4.6,0.2288,0.0141,0.0035
2025-07-23,Srinagar,orographic,4.1,17.1,21.4,23.1,23.1,8.08,0.4477,0.0583,0.0127
2025-07-23,Gangtok,orographic,1.6,2.3,4.4,2.8,2.8,2.63,0.141,0.006,0.0017
2025-07-23,Guwahati,orographic,2.0,0.3,1.0,0.4,0.4,3.37,0.0641,0.0017,0.0005
2025-07-23,Cherrapunji,orographic,7.8,19.7,24.5,27.4,27.4,15.1,0.479,0.0693,0.0149
2025-07-23,Imphal,orographic,0.2,23.4,28.3,35.41,35.41,11.09,0.5175,0.0853,0.0181
2025-07-23,Agartala,orographic,5.8,21.3,26.3,30.13,30.13,15.08,0.4964,0.0762,0.0162
2025-07-23,Lucknow,normal,6.6,2.0,3.9,4.3,4.3,3.11,0.1135,0.0008,0.0002
2025-07-23,Patna,normal,0.0,0.1,0.6,0.5,0.5,1.78,0.0476,0.0002,0.0001
2025-07-23,Varanasi,normal,2.5,0.0,0.0,0.0,0.0,1.24,0.0437,0.0002,0.0001
2025-07-23,Delhi,normal,1.2,5.7,9.1,10.2,10.2,5.94,0.2139,0.0025,0.0006
2025-07-23,Kanpur,normal,3.2,1.3,2.8,3.0,3.0,2.77,0.0907,0.0006,0.0002
2025-07-23,Ranchi,normal,9.3,5.7,9.0,10.0,10.0,6.31,0.2139,0.0025,0.0006
2025-07-23,Jodhpur,normal,0.0,0.0,0.0,0.0,0.0,0.36,0.0437,0.0002,0.0001
2025-07-23,Bikaner,normal,0.0,0.0,0.0,0.0,0.0,0.36,0.0437,0.0002,0.0001
2025-07-23,Jaisalmer,normal,0.0,0.0,0.0,0.0,0.0,0.36,0.0437,0.0002,0.0001
2025-07-23,Hyderabad,normal,8.1,13.1,17.3,18.12,18.12,11.32,0.3535,0.0068,0.0014
2025-07-23,Bengaluru,normal,7.0,1.2,2.6,2.8,2.8,5.58,0.0873,0.0005,0.0002
2025-07-23,Pune,normal,3.4,3.6,6.2,7.2,7.2,6.01,0.1605,0.0015,0.0004
2025-07-23,Kurnool,normal,15.0,1.9,3.7,4.1,4.1,6.72,0.1103,0.0008,0.0002
2025-07-23,Madurai,normal,0.0,0.0,0.0,0.0,0.0,1.64,0.0437,0.0002,0.0001
2025-07-24,Nagpur,depression,21.8,21.0,25.71,8.94,25.5,22.36,0.6001,0.0438,0.0015
2025-07-24,Bhopal,normal,14.8,2.9,5.2,5.9,5.9,10.24,0.1407,0.0012,0.0003
2025-07-24,Raipur,depression,11.2,27.4,33.6,17.61,31.01,20.46,0.656,0.061,0.0021
2025-07-24,Jabalpur,depression,25.1,34.6,42.01,26.3,36.4,22.65,0.7021,0.0814,0.0027
2025-07-24,Akola,normal,6.8,0.3,1.0,0.9,0.9,6.05,0.0552,0.0003,0.0001
2025-07-24,Amravati,normal,7.5,0.6,1.6,1.5,1.5,6.59,0.0663,0.0003,0.0001
2025-07-24,Aurangabad,normal,8.4,0.2,0.8,0.7,0.7,4.26,0.0514,0.0002,0.0001
2025-07-24,Bhubaneswar,normal,16.1,8.2,11.8,12.7,12.7,11.36,0.2681,0.0038,0.0009
2025-07-24,Mumbai,depression,14.9,18.7,23.4,7.59,34.2,21.88,0.575,0.0379,0.0013
2025-07-24,Thiruvananthapuram,coastal,30.9,1.8,3.56,5.4,5.4,7.96,0.1512,0.0024,0.0004
2025-07-24,Kochi,coastal,26.0,5.9,9.3,12.6,12.6,11.49,0.2934,0.0083,0.0011
2025-07-24,Mangaluru,depression,41.7,55.7,68.01,54.22,219.14,44.46,0.7848,0.1436,0.0048
2025-07-24,Panaji,depression,33.2,42.1,52.96,41.83,100.17,36.62,0.7382,0.1032,0.0034
2025-07-24,Chennai,coastal,2.6,1.3,2.8,4.6,4.6,5.63,0.129,0.0019,0.0003
2025-07-24,Visakhapatnam,coastal,13.3,9.0,12.6,17.22,17.22,12.85,0.3703,0.0138,0.0017
2025-07-24,Puri,coastal,8.0,29.0,35.3,64.62,64.62,23.13,0.6224,0.0592,0.0062
2025-07-24,Kolkata,coastal,10.5,6.4,9.84,13.4,13.4,11.26,0.3072,0.0091,0.0012
2025-07-24,Surat,coastal,4.1,10.4,14.3,19.7,19.7,15.39,0.3994,0.0164,0.0019
2025-07-24,Mahabaleshwar,orographic,45.0,12.3,16.32,15.28,15.28,23.21,0.3777,0.039,0.0088
2025-07-24,Munnar,orographic,73.1,3.3,5.8,3.81,3.81,12.68,0.1739,0.0086,0.0023
2025-07-24,Madikeri,orographic,45.5,6.3,9.7,7.6,7.6,15.05,0.2569,0.0175,0.0043
2025-07-24,Ooty,orographic,5.3,2.2,4.2,2.8,2.8,7.31,0.1376,0.0057,0.0016
2025-07-24,Lonavala,orographic,24.4,17.9,22.6,24.8,24.8,30.16,0.4577,0.0617,0.0133
2025-07-24,Wayanad,orographic,16.5,2.3,4.5,2.9,2.9,7.85,0.141,0.006,0.0017
2025-07-24,Shimla,orographic,1.0,2.1,4.1,2.7,2.7,3.15,0.1341,0.0055,0.0015
2025-07-24,Dehradun,orographic,1.6,7.2,10.6,8.7,8.7,5.9,0.2783,0.0205,0.0049
2025-07-24,Srinagar,orographic,0.5,0.5,1.4,0.6,0.6,2.86,0.0727,0.002,0.0006
2025-07-24,Gangtok,orographic,8.3,9.2,12.8,10.54,10.54,5.69,0.3212,0.0274,0.0064
2025-07-24,Guwahati,orographic,0.0,5.2,8.6,6.4,6.4,4.82,0.2288,0.0141,0.0035
2025-07-24,Cherrapunji,orographic,7.4,17.5,21.9,23.6,23.6,13.55,0.4527,0.06,0.013
2025-07-24,Imphal,orographic,17.4,33.5,40.71,52.82,52.82,22.28,0.5975,0.1304,0.0271
2025-07-24,Agartala,orographic,17.5,18.0,22.6,24.8,24.8,13.55,0.4589,0.0621,0.0134
2025-07-24,Lucknow,normal,0.1,0.1,0.6,0.5,0.5,2.03,0.0476,0.0002,0.0001
2025-07-24,Patna,normal,3.4,2.0,3.9,4.3,4.3,3.57,0.1135,0.0008,0.0002
2025-07-24,Varanasi,normal,11.6,0.1,0.6,0.5,0.5,1.19,0.0476,0.0002,0.0001
2025-07-24,Delhi,normal,1.5,0.5,1.4,1.3,1.3,3.69,0.0626,0.0003,0.0001
2025-07-24,Kanpur,normal,3.8,5.0,8.2,9.08,9.08,5.53,0.197,0.0021,0.0005
2025-07-24,Ranchi,normal,6.4,80.7,87.3,63.81,63.81,16.59,0.7397,0.0708,0.0118
2025-07-24,Jodhpur,normal,0.2,0.2,0.8,0.7,0.7,0.69,0.0514,0.0002,0.0001
2025-07-24,Bikaner,normal,0.2,0.0,0.0,0.0,0.0,0.45,0.0437,0.0002,0.0001
2025-07-24,Jaisalmer,normal,0.0,0.0,0.0,0.0,0.0,0.45,0.0437,0.0002,0.0001
2025-07-24,Hyderabad,normal,8.5,4.3,7.2,8.1,8.1,9.19,0.1792,0.0018,0.0004
2025-07-24,Bengaluru,normal,3.8,0.8,2.0,1.8,1.8,5.17,0.0735,0.0004,0.0001
2025-07-24,Pune,normal,4.6,2.1,4.1,4.5,4.5,6.74,0.1166,0.0009,0.0002
2025-07-24,Kurnool,normal,15.7,2.8,5.1,5.8,5.8,7.17,0.1378,0.0011,0.0003
2025-07-24,Madurai,normal,0.5,0.8,2.0,1.8,1.8,3.19,0.0735,0.0004,0.0001
2025-07-25,Nagpur,depression,17.9,64.0,74.5,60.9,103.83,31.93,0.8057,0.1682,0.0056
2025-07-25,Bhopal,active,13.9,22.3,27.36,33.16,33.16,12.97,0.5514,0.0436,0.0129
2025-07-25,Raipur,depression,36.4,69.4,80.0,63.91,103.83,31.93,0.8171,0.1841,0.0062
2025-07-25,Jabalpur,depression,34.9,22.6,27.5,10.68,33.16,23.24,0.6158,0.048,0.0017
2025-07-25,Akola,active,8.5,25.6,31.7,39.16,39.16,11.46,0.5819,0.0519,0.0151
2025-07-25,Amravati,active,9.6,18.3,23.0,28.23,28.23,9.98,0.5074,0.034,0.0103
2025-07-25,Aurangabad,active,43.2,1.5,3.1,4.2,1.2,4.08,0.1315,0.0021,0.0009
2025-07-25,Bhubaneswar,depression,26.3,26.0,31.8,15.4,39.16,16.74,0.6452,0.0571,0.002
2025-07-25,Mumbai,depression,40.3,30.4,36.9,23.3,72.24,31.83,0.6769,0.0694,0.0024
2025-07-25,Thiruvananthapuram,coastal,16.1,1.0,2.3,3.9,3.9,5.19,0.115,0.0015,0.0002
2025-07-25,Kochi,coastal,17.7,20.1,24.9,35.81,35.81,20.11,0.5423,0.0374,0.0041
2025-07-25,Mangaluru,depression,22.1,45.9,57.01,44.83,180.58,40.19,0.7532,0.1144,0.0038
2025-07-25,Panaji,depression,46.1,40.3,51.0,38.43,100.17,40.19,0.7304,0.0979,0.0033
2025-07-25,Chennai,coastal,1.3,0.1,0.6,1.2,1.2,3.59,0.069,0.0007,0.0001
2025-07-25,Visakhapatnam,depression,16.1,28.0,34.32,18.19,61.72,24.38,0.6604,0.0627,0.0021
2025-07-25,Puri,depression,12.4,20.4,25.26,8.3,36.2,27.46,0.5938,0.0422,0.0015
2025-07-25,Kolkata,coastal,17.9,9.8,13.6,18.87,18.87,14.18,0.3873,0.0153,0.0018
2025-07-25,Surat,coastal,17.6,13.2,17.4,24.9,24.9,15.65,0.4497,0.0221,0.0025
2025-07-25,Mahabaleshwar,orographic,87.2,47.5,57.9,76.16,76.16,44.29,0.6714,0.1931,0.0403
2025-07-25,Munnar,orographic,36.0,10.9,14.83,13.2,13.2,14.37,0.3535,0.0337,0.0077
2025-07-25,Madikeri,orographic,28.6,8.6,12.1,10.1,10.1,14.71,0.3089,0.0253,0.0059
2025-07-25,Ooty,orographic,8.2,2.4,4.6,3.0,3.0,7.54,0.1445,0.0062,0.0017
2025-07-25,Lonavala,orographic,39.1,30.3,36.7,48.33,48.33,43.85,0.5753,0.116,0.0242
2025-07-25,Wayanad,orographic,14.3,5.2,8.6,6.4,6.4,10.78,0.2288,0.0141,0.0035
2025-07-25,Shimla,orographic,11.0,3.4,5.9,4.0,4.0,3.4,0.177,0.0088,0.0023
2025-07-25,Dehradun,orographic,0.4,1.2,2.6,1.4,1.4,1.84,0.1009,0.0034,0.001
2025-07-25,Srinagar,orographic,0.1,0.1,0.6,0.1,0.1,0.52,0.0553,0.0013,0.0004
2025-07-25,Gangtok,orographic,48.0,25.5,31.48,40.42,40.42,7.78,0.5368,0.0946,0.0199
2025-07-25,Guwahati,orographic,8.5,4.4,7.4,5.2,5.2,7.34,0.2067,0.0117,0.003
2025-07-25,Cherrapunji,orographic,23.0,5.5,8.8,6.8,6.8,9.94,0.2367,0.015,0.0037
2025-07-25,Imphal,orographic,8.6,0.3,1.0,0.4,0.4,6.19,0.0641,0.0017,0.0005
2025-07-25,Agartala,orographic,2.6,0.7,1.8,0.9,0.9,6.67,0.081,0.0024,0.0007
2025-07-25,Lucknow,active,5.4,6.8,10.3,12.55,12.55,4.99,0.3057,0.0101,0.0035
2025-07-25,Patna,active,29.0,1.5,3.1,4.2,4.2,3.04,0.1315,0.0021,0.0009
2025-07-25,Varanasi,active,15.7,6.1,9.5,11.65,11.65,3.96,0.2873,0.0089,0.0031
2025-07-25,Delhi,active,0.5,0.7,1.8,2.5,2.5,2.39,0.0954,0.0013,0.0006
2025-07-25,Kanpur,active,15.1,1.2,2.7,3.7,3.7,3.3,0.1184,0.0018,0.0008
2025-07-25,Ranchi,active,28.0,20.1,24.9,31.85,31.85,14.66,0.5283,0.0383,0.0115
2025-07-25,Jodhpur,active,0.1,0.0,0.0,0.0,0.0,0.75,0.0602,0.0006,0.0003
2025-07-25,Bikaner,active,0.0,0.0,0.0,0.0,0.0,0.52,0.0602,0.0006,0.0003
2025-07-25,Jaisalmer,active,0.0,0.0,0.0,0.0,0.0,0.52,0.0602,0.0006,0.0003
2025-07-25,Hyderabad,active,14.9,11.0,15.0,17.12,17.12,9.4,0.3974,0.018,0.0059
2025-07-25,Bengaluru,active,9.2,0.4,1.2,1.97,1.97,4.31,0.0808,0.001,0.0004
2025-07-25,Pune,active,6.3,13.1,17.3,20.54,20.54,8.62,0.4342,0.0224,0.0071
2025-07-25,Kurnool,active,7.7,0.9,2.2,2.9,2.9,4.78,0.1048,0.0015,0.0006
2025-07-25,Madurai,active,0.4,0.0,0.0,0.0,0.0,2.63,0.0602,0.0006,0.0003
2025-07-26,Nagpur,depression,47.8,24.8,30.21,14.12,38.71,25.65,0.6354,0.0539,0.0019
2025-07-26,Bhopal,depression,12.9,35.0,43.2,27.2,41.94,26.7,0.7043,0.0825,0.0028
2025-07-26,Raipur,depression,14.6,37.8,48.0,34.8,41.94,30.29,0.7187,0.0906,0.003
2025-07-26,Jabalpur,depression,38.6,44.2,55.61,44.05,44.47,26.96,0.7467,0.1094,0.0036
2025-07-26,Akola,depression,32.8,45.0,56.4,44.33,44.47,26.96,0.7498,0.1118,0.0037
2025-07-26,Amravati,depression,31.7,98.5,105.7,80.28,103.83,31.67,0.8607,0.2661,0.0094
2025-07-26,Aurangabad,active,34.4,30.4,36.9,39.16,23.3,13.24,0.6192,0.0643,0.0184
2025-07-26,Bhubaneswar,active,3.7,2.7,5.0,6.0,6.0,11.21,0.1795,0.0036,0.0014
2025-07-26,Mumbai,depression,17.4,35.6,44.2,29.84,83.43,35.47,0.7075,0.0842,0.0028
2025-07-26,Thiruvananthapuram,coastal,14.2,2.6,4.9,6.7,6.7,5.66,0.184,0.0034,0.0005
2025-07-26,Kochi,depression,38.9,19.6,24.4,8.09,35.4,23.68,0.5852,0.0401,0.0014
2025-07-26,Mangaluru,depression,54.9,42.5,53.31,42.43,100.17,40.19,0.7399,0.1044,0.0035
2025-07-26,Panaji,depression,18.9,39.5,50.2,36.04,100.17,38.58,0.7268,0.0956,0.0032
2025-07-26,Chennai,coastal,1.1,0.0,0.0,0.0,0.0,2.7,0.0635,0.0006,0.0001
2025-07-26,Visakhapatnam,coastal,8.2,0.6,1.6,2.52,2.52,7.48,0.0954,0.0011,0.0002
2025-07-26,Puri,coastal,3.5,2.2,4.2,5.9,5.9,8.98,0.168,0.0029,0.0004
2025-07-26,Kolkata,coastal,6.5,2.4,4.5,6.2,6.2,7.59,0.1761,0.0032,0.0005
2025-07-26,Surat,coastal,14.8,4.1,7.0,9.9,9.9,11.05,0.2382,0.0055,0.0007
2025-07-26,Mahabaleshwar,orographic,91.7,63.2,74.3,93.71,93.71,68.51,0.7266,0.2601,0.0556
2025-07-26,Munnar,orographic,93.5,7.3,10.6,8.74,8.74,18.39,0.2806,0.0208,0.005
2025-07-26,Madikeri,orographic,47.1,52.0,63.8,84.73,84.73,42.25,0.6895,0.2127,0.0447
2025-07-26,Ooty,orographic,20.6,3.0,5.4,3.5,3.5,9.04,0.1643,0.0078,0.0021
2025-07-26,Lonavala,orographic,51.6,69.8,80.0,97.51,97.51,55.76,0.7445,0.2867,0.0622
2025-07-26,Wayanad,orographic,29.9,15.6,19.9,20.5,20.5,21.88,0.4277,0.0521,0.0114
2025-07-26,Shimla,orographic,7.3,6.6,10.1,8.0,8.0,4.74,0.2642,0.0185,0.0045
2025-07-26,Dehradun,orographic,0.6,29.1,35.4,45.76,45.76,6.42,0.5664,0.1106,0.0231
2025-07-26,Srinagar,orographic,5.5,8.9,12.5,10.3,10.3,3.3,0.3151,0.0264,0.0062
2025-07-26,Gangtok,orographic,33.2,14.8,19.2,18.8,18.8,6.84,0.4164,0.0489,0.0108
2025-07-26,Guwahati,orographic,10.2,20.7,25.5,28.86,28.86,13.03,0.49,0.0736,0.0157
2025-07-26,Cherrapunji,orographic,25.2,10.8,14.7,13.0,13.0,9.9,0.3517,0.0333,0.0076
2025-07-26,Imphal,orographic,29.6,22.1,27.2,32.69,32.69,9.67,0.5047,0.0796,0.0169
2025-07-26,Agartala,orographic,5.6,4.1,6.9,4.8,4.8,5.09,0.1981,0.0108,0.0028
2025-07-26,Lucknow,active,6.9,0.0,0.0,0.0,0.0,1.92,0.0602,0.0006,0.0003
2025-07-26,Patna,active,1.7,4.8,8.0,9.8,9.8,4.57,0.2501,0.0067,0.0024
2025-07-26,Varanasi,active,11.8,0.8,2.0,2.81,2.81,3.02,0.1001,0.0014,0.0006
2025-07-26,Delhi,active,2.3,2.2,4.2,5.1,5.1,2.94,0.1603,0.003,0.0012
2025-07-26,Kanpur,active,11.5,3.6,6.2,6.94,6.94,3.86,0.2115,0.0049,0.0019
2025-07-26,Ranchi,active,21.2,4.6,7.79,9.66,9.66,6.89,0.244,0.0064,0.0023
2025-07-26,Jodhpur,active,30.1,0.2,0.8,1.3,1.3,0.77,0.0707,0.0008,0.0004
2025-07-26,Bikaner,active,4.4,0.1,0.6,0.92,0.92,0.62,0.0655,0.0007,0.0003
2025-07-26,Jaisalmer,active,0.0,0.0,0.0,0.0,0.0,0.52,0.0602,0.0006,0.0003
2025-07-26,Hyderabad,active,23.5,3.1,5.5,6.24,6.24,8.33,0.1941,0.0042,0.0016
2025-07-26,Bengaluru,active,8.8,0.1,0.6,0.92,0.92,2.83,0.0655,0.0007,0.0003
2025-07-26,Pune,active,5.6,19.1,23.8,30.67,30.67,11.95,0.5169,0.0359,0.0108
2025-07-26,Kurnool,active,4.2,0.9,2.2,2.9,2.9,4.4,0.1048,0.0015,0.0006
2025-07-26,Madurai,active,5.0,0.0,0.0,0.0,0.0,1.77,0.0602,0.0006,0.0003
2025-07-27,Nagpur,normal,0.1,8.0,11.5,12.37,14.39,12.18,0.2641,0.0037,0.0008
2025-07-27,Bhopal,depression,5.8,101.5,107.52,87.02,61.41,27.57,0.864,0.2741,0.0097
2025-07-27,Raipur,normal,1.2,2.1,4.1,4.5,5.5,8.6,0.1166,0.0009,0.0002
2025-07-27,Jabalpur,normal,3.0,3.0,5.4,6.0,7.9,10.56,0.1436,0.0012,0.0003
2025-07-27,Akola,normal,4.7,3.5,6.1,7.04,8.87,11.84,0.1577,0.0014,0.0004
2025-07-27,Amravati,normal,4.8,4.9,8.1,9.0,11.4,11.83,0.1945,0.0021,0.0005
2025-07-27,Aurangabad,normal,12.9,2.9,5.2,5.9,7.54,9.48,0.1407,0.0012,0.0003
2025-07-27,Bhubaneswar,normal,0.8,2.8,5.1,5.8,7.04,7.44,0.1378,0.0011,0.0003
2025-07-27,Mumbai,depression,10.5,16.1,20.6,5.59,29.2,20.28,0.5422,0.0314,0.0011
2025-07-27,Thiruvananthapuram,coastal,1.8,0.7,1.8,2.8,2.8,5.51,0.1004,0.0012,0.0002
2025-07-27,Kochi,coastal,6.7,2.9,5.2,7.4,7.4,10.18,0.1956,0.0038,0.0005
2025-07-27,Mangaluru,depression,12.2,59.5,72.0,56.63,234.09,40.56,0.7949,0.1549,0.0052
2025-07-27,Panaji,depression,3.2,29.0,35.3,20.91,64.62,27.79,0.6675,0.0655,0.0022
2025-07-27,Chennai,coastal,0.1,0.0,0.0,0.0,0.0,2.14,0.0635,0.0006,0.0001
2025-07-27,Visakhapatnam,coastal,0.0,0.0,0.0,0.0,0.0,3.01,0.0635,0.0006,0.0001
2025-07-27,Puri,coastal,1.9,0.1,0.6,1.2,1.2,3.83,0.069,0.0007,0.0001
2025-07-27,Kolkata,coastal,6.1,1.4,3.0,4.7,4.7,6.09,0.1336,0.002,0.0003
2025-07-27,Surat,coastal,12.0,24.4,29.7,48.45,48.45,21.89,0.5851,0.0477,0.0051
2025-07-27,Mahabaleshwar,orographic,77.2,14.4,18.8,18.12,18.12,25.34,0.4106,0.0473,0.0105
2025-07-27,Munnar,orographic,15.2,1.4,3.0,1.7,1.7,9.79,0.1086,0.0039,0.0011
2025-07-27,Madikeri,orographic,14.5,13.4,17.7,17.13,17.13,25.34,0.3954,0.0433,0.0097
2025-07-27,Ooty,orographic,3.5,1.4,3.0,1.7,1.7,7.22,0.1086,0.0039,0.0011
2025-07-27,Lonavala,orographic,54.9,28.7,34.9,45.34,45.34,44.12,0.5633,0.1088,0.0228
2025-07-27,Wayanad,orographic,14.5,4.6,7.6,5.5,5.5,14.37,0.2124,0.0122,0.0031
2025-07-27,Shimla,orographic,4.8,15.4,19.6,20.22,20.22,6.75,0.4249,0.0513,0.0113
2025-07-27,Dehradun,orographic,2.6,21.8,26.8,31.4,31.4,9.72,0.5016,0.0783,0.0167
2025-07-27,Srinagar,orographic,0.0,0.0,0.0,0.0,0.0,1.54,0.0508,0.0012,0.0004
2025-07-27,Gangtok,orographic,2.5,14.1,18.3,18.02,18.02,6.33,0.4061,0.0461,0.0102
2025-07-27,Guwahati,orographic,48.7,47.5,57.9,76.16,76.16,23.96,0.6714,0.1931,0.0403
2025-07-27,Cherrapunji,orographic,56.5,15.7,20.1,20.62,20.62,12.21,0.4291,0.0525,0.0115
2025-07-27,Imphal,orographic,27.2,23.5,28.41,35.5,35.5,16.22,0.5185,0.0858,0.0181
2025-07-27,Agartala,orographic,13.1,21.4,26.41,30.3,30.3,13.23,0.4975,0.0766,0.0163
2025-07-27,Lucknow,normal,1.1,0.6,1.7,1.6,2.1,2.08,0.0663,0.0003,0.0001
2025-07-27,Patna,normal,2.5,0.5,1.4,1.3,1.97,3.37,0.0626,0.0003,0.0001
2025-07-27,Varanasi,normal,3.1,2.3,4.4,4.84,5.9,3.65,0.1228,0.0009,0.0002
2025-07-27,Delhi,normal,0.9,0.0,0.0,0.0,0.0,1.32,0.0437,0.0002,0.0001
2025-07-27,Kanpur,normal,2.0,0.0,0.0,0.0,0.0,1.93,0.0437,0.0002,0.0001
2025-07-27,Ranchi,normal,2.6,0.5,1.4,1.3,1.97,3.37,0.0626,0.0003,0.0001
2025-07-27,Jodhpur,normal,23.8,12.2,16.2,17.1,18.72,5.05,0.3395,0.0062,0.0013
2025-07-27,Bikaner,normal,0.0,0.3,1.0,0.9,1.37,0.86,0.0552,0.0003,0.0001
2025-07-27,Jaisalmer,normal,3.5,1.7,3.4,3.6,4.4,1.41,0.1039,0.0007,0.0002
2025-07-27,Hyderabad,normal,0.9,0.1,0.6,0.5,0.8,3.44,0.0476,0.0002,0.0001
2025-07-27,Bengaluru,normal,1.7,0.3,1.0,0.9,1.37,3.37,0.0552,0.0003,0.0001
2025-07-27,Pune,normal,7.2,3.7,6.3,7.3,9.43,9.42,0.1632,0.0015,0.0004
2025-07-27,Kurnool,normal,1.0,0.0,0.0,0.0,0.0,2.73,0.0437,0.0002,0.0001
2025-07-27,Madurai,normal,0.0,0.0,0.0,0.0,0.0,1.64,0.0437,0.0002,0.0001
2025-07-28,Nagpur,break,4.6,2.2,4.2,5.79,5.79,7.24,0.1568,0.0013,0.0001
2025-07-28,Bhopal,break,37.7,3.0,5.4,7.9,1.2,11.95,0.1866,0.0017,0.0002
2025-07-28,Raipur,break,2.4,2.6,4.9,6.79,6.79,6.8,0.172,0.0015,0.0001
2025-07-28,Jabalpur,break,2.3,4.3,7.2,10.3,10.3,8.14,0.23,0.0025,0.0002
2025-07-28,Akola,break,5.2,3.9,6.7,9.6,9.6,9.08,0.2172,0.0023,0.0002
2025-07-28,Amravati,break,2.4,2.4,4.5,6.1,6.1,6.97,0.1645,0.0014,0.0001
2025-07-28,Aurangabad,break,2.1,0.4,1.2,1.72,1.72,5.51,0.0789,0.0004,0.0
2025-07-28,Bhubaneswar,break,0.1,0.4,1.2,1.72,1.72,5.86,0.0789,0.0004,0.0
2025-07-28,Mumbai,coastal,8.8,6.8,10.3,13.8,13.8,16.26,0.3178,0.0098,0.0012
2025-07-28,Thiruvananthapuram,coastal,0.7,0.0,0.0,0.0,0.0,3.25,0.0635,0.0006,0.0001
2025-07-28,Kochi,coastal,0.8,0.4,1.2,2.02,2.02,5.44,0.0851,0.0009,0.0002
2025-07-28,Mangaluru,depression,7.6,23.5,28.41,12.0,39.4,29.36,0.624,0.0504,0.0017
2025-07-28,Panaji,depression,4.4,25.8,31.76,15.4,60.71,29.49,0.6436,0.0566,0.0019
2025-07-28,Chennai,coastal,0.0,0.3,1.0,1.8,1.8,3.27,0.0798,0.0008,0.0001
2025-07-28,Visakhapatnam,coastal,0.0,0.0,0.0,0.0,0.0,1.98,0.0635,0.0006,0.0001
2025-07-28,Puri,coastal,1.8,2.1,4.1,5.7,5.7,5.6,0.1639,0.0028,0.0004
2025-07-28,Kolkata,coastal,15.9,7.5,10.8,14.67,14.67,10.9,0.3355,0.011,0.0014
2025-07-28,Surat,coastal,7.0,20.3,25.16,36.2,36.2,27.74,0.5445,0.0379,0.0041
2025-07-28,Mahabaleshwar,orographic,51.0,13.5,17.72,17.4,17.4,25.64,0.397,0.0437,0.0097
2025-07-28,Munnar,orographic,4.6,1.4,3.0,1.7,1.7,8.36,0.1086,0.0039,0.0011
2025-07-28,Madikeri,orographic,13.0,5.9,9.3,7.2,7.2,18.21,0.247,0.0162,0.004
2025-07-28,Ooty,orographic,4.3,1.6,3.3,1.9,1.9,8.24,0.116,0.0043,0.0012
2025-07-28,Lonavala,orographic,30.2,27.2,33.5,43.71,43.71,44.77,0.5513,0.1021,0.0214
2025-07-28,Wayanad,orographic,5.0,1.3,2.8,1.6,1.6,9.32,0.1048,0.0036,0.0011
2025-07-28,Shimla,orographic,3.1,12.9,17.1,16.18,16.18,9.1,0.3875,0.0413,0.0093
2025-07-28,Dehradun,orographic,10.2,24.2,29.41,37.46,37.46,13.91,0.5251,0.0888,0.0188
2025-07-28,Srinagar,orographic,0.0,1.2,2.6,1.4,1.4,1.42,0.1009,0.0034,0.001
2025-07-28,Gangtok,orographic,45.9,24.2,29.41,37.46,37.46,11.44,0.5251,0.0888,0.0188
2025-07-28,Guwahati,orographic,24.8,19.6,24.4,27.26,27.26,21.2,0.4778,0.0689,0.0148
2025-07-28,Cherrapunji,orographic,29.6,33.0,40.3,51.82,51.82,23.91,0.5942,0.1282,0.0267
2025-07-28,Imphal,orographic,19.8,20.1,24.9,27.84,27.84,21.16,0.4834,0.071,0.0152
2025-07-28,Agartala,orographic,17.4,5.5,8.8,6.8,6.8,12.4,0.2367,0.015,0.0037
2025-07-28,Lucknow,break,6.1,5.9,9.3,11.9,11.9,5.19,0.2767,0.0036,0.0003
2025-07-28,Patna,break,17.9,5.1,8.39,11.66,11.66,5.0,0.2541,0.0031,0.0003
2025-07-28,Varanasi,break,2.7,0.1,0.6,0.8,0.8,2.58,0.0639,0.0003,0.0
2025-07-28,Delhi,break,1.6,6.1,9.5,12.03,12.03,4.94,0.2821,0.0038,0.0003
2025-07-28,Kanpur,break,7.3,0.3,1.0,1.37,1.37,1.87,0.074,0.0004,0.0
2025-07-28,Ranchi,break,32.3,9.6,13.3,16.5,16.5,7.0,0.3639,0.0065,0.0005
2025-07-28,Jodhpur,break,0.3,7.8,11.3,14.02,14.02,7.41,0.3246,0.0051,0.0004
2025-07-28,Bikaner,break,0.4,0.0,0.0,0.0,0.0,0.88,0.0588,0.0003,0.0
2025-07-28,Jaisalmer,break,0.0,2.3,4.4,5.9,5.9,3.36,0.1607,0.0013,0.0001
2025-07-28,Hyderabad,break,0.0,0.0,0.0,0.0,0.0,2.7,0.0588,0.0003,0.0
2025-07-28,Bengaluru,break,0.5,0.4,1.2,1.72,1.72,4.28,0.0789,0.0004,0.0
2025-07-28,Pune,break,4.7,2.4,4.6,6.18,6.18,7.15,0.1645,0.0014,0.0001
2025-07-28,Kurnool,break,0.0,0.0,0.0,0.0,0.0,1.82,0.0588,0.0003,0.0
2025-07-28,Madurai,break,2.0,0.0,0.0,0.0,0.0,1.82,0.0588,0.0003,0.0
2025-07-29,Nagpur,normal,31.7,4.6,7.6,8.5,9.66,7.19,0.1869,0.0019,0.0005
2025-07-29,Bhopal,normal,78.1,28.8,34.96,31.72,19.41,12.69,0.5245,0.0187,0.0035
2025-07-29,Raipur,normal,13.5,13.0,17.2,17.9,20.5,10.14,0.3519,0.0067,0.0014
2025-07-29,Jabalpur,normal,24.9,13.4,17.7,18.5,20.54,11.57,0.358,0.007,0.0015
2025-07-29,Akola,normal,9.3,1.4,3.0,3.2,3.85,5.52,0.0941,0.0006,0.0002
2025-07-29,Amravati,normal,4.1,0.3,1.0,0.9,1.72,3.58,0.0552,0.0003,0.0001
2025-07-29,Aurangabad,normal,8.3,2.3,4.5,4.9,5.24,3.81,0.1228,0.0009,0.0002
2025-07-29,Bhubaneswar,normal,16.3,0.2,0.8,0.7,1.3,2.8,0.0514,0.0002,0.0001
2025-07-29,Mumbai,coastal,8.6,7.3,10.6,14.4,14.4,13.48,0.3306,0.0107,0.0013
2025-07-29,Thiruvananthapuram,coastal,0.5,0.0,0.0,0.0,0.0,1.55,0.0635,0.0006,0.0001
2025-07-29,Kochi,coastal,2.2,15.6,19.9,28.67,28.67,12.93,0.4862,0.0272,0.0031
2025-07-29,Mangaluru,depression,8.8,49.8,61.0,48.07,195.93,38.67,0.7669,0.126,0.0042
2025-07-29,Panaji,depression,5.0,28.0,34.32,18.19,61.72,27.13,0.6604,0.0627,0.0021
2025-07-29,Chennai,coastal,0.0,0.3,1.0,1.8,1.8,3.58,0.0798,0.0008,0.0001
2025-07-29,Visakhapatnam,coastal,0.0,0.0,0.0,0.0,0.0,1.55,0.0635,0.0006,0.0001
2025-07-29,Puri,coastal,35.5,2.5,4.7,6.49,6.49,6.28,0.1801,0.0033,0.0005
2025-07-29,Kolkata,depression,52.3,48.7,60.1,47.14,191.6,28.95,0.7632,0.1228,0.0041
2025-07-29,Surat,coastal,5.9,7.1,10.5,14.12,14.12,14.23,0.3255,0.0103,0.0013
2025-07-29,Mahabaleshwar,orographic,45.3,10.1,13.93,12.2,12.2,17.76,0.3388,0.0307,0.0071
2025-07-29,Munnar,orographic,5.3,2.1,4.1,2.7,2.7,6.71,0.1341,0.0055,0.0015
2025-07-29,Madikeri,orographic,15.5,10.4,14.3,12.6,12.6,16.56,0.3444,0.0318,0.0073
2025-07-29,Ooty,orographic,5.5,2.5,4.7,3.1,3.1,6.83,0.1478,0.0065,0.0018
2025-07-29,Lonavala,orographic,33.3,29.3,35.41,46.21,46.21,34.28,0.5679,0.1115,0.0233
2025-07-29,Wayanad,orographic,4.1,3.4,5.9,4.0,4.0,9.49,0.177,0.0088,0.0023
2025-07-29,Shimla,orographic,14.1,11.5,15.42,14.1,14.1,7.19,0.3641,0.0359,0.0082
2025-07-29,Dehradun,orographic,22.2,29.2,35.4,45.97,45.97,11.72,0.5671,0.1111,0.0232
2025-07-29,Srinagar,orographic,0.0,6.0,9.4,7.3,7.3,3.55,0.2495,0.0166,0.0041
2025-07-29,Gangtok,orographic,26.0,4.5,7.5,5.3,5.3,6.28,0.2096,0.0119,0.0031
2025-07-29,Guwahati,orographic,23.8,15.9,20.4,21.07,21.07,12.69,0.4318,0.0534,0.0117
2025-07-29,Cherrapunji,orographic,7.4,13.6,17.87,17.4,17.4,11.48,0.3985,0.0441,0.0098
2025-07-29,Imphal,orographic,15.2,21.9,26.9,31.72,31.72,16.38,0.5026,0.0788,0.0168
2025-07-29,Agartala,orographic,8.8,5.3,8.7,6.55,6.55,6.98,0.2314,0.0144,0.0036
2025-07-29,Lucknow,normal,6.8,14.7,19.07,19.46,22.88,8.42,0.3768,0.0079,0.0016
2025-07-29,Patna,normal,26.9,14.8,19.2,19.7,23.38,8.42,0.3782,0.0079,0.0016
2025-07-29,Varanasi,normal,2.3,16.9,21.3,20.9,24.59,7.08,0.4061,0.0094,0.0019
2025-07-29,Delhi,normal,3.8,13.5,17.72,18.5,20.54,8.42,0.3595,0.0071,0.0015
2025-07-29,Kanpur,normal,9.0,20.3,25.16,24.86,32.81,8.39,0.446,0.0119,0.0024
2025-07-29,Ranchi,normal,9.9,21.0,25.71,25.5,32.91,11.28,0.4535,0.0124,0.0024
2025-07-29,Jodhpur,normal,0.0,0.0,0.0,0.0,0.0,1.81,0.0437,0.0002,0.0001
2025-07-29,Bikaner,normal,0.0,0.0,0.0,0.0,0.0,0.21,0.0437,0.0002,0.0001
2025-07-29,Jaisalmer,normal,0.0,0.0,0.0,0.0,0.0,1.06,0.0437,0.0002,0.0001
2025-07-29,Hyderabad,normal,0.5,0.0,0.0,0.0,0.0,1.15,0.0437,0.0002,0.0001
2025-07-29,Bengaluru,normal,1.1,0.5,1.4,1.3,2.01,3.52,0.0626,0.0003,0.0001
2025-07-29,Pune,normal,3.1,1.0,2.3,2.3,3.0,4.71,0.0805,0.0005,0.0001
2025-07-29,Kurnool,normal,0.7,0.0,0.0,0.0,0.0,1.15,0.0437,0.0002,0.0001
2025-07-29,Madurai,normal,0.6,0.0,0.0,0.0,0.0,1.15,0.0437,0.0002,0.0001
2025-07-30,Nagpur,normal,3.6,8.0,11.5,12.37,12.37,9.33,0.2641,0.0037,0.0008
2025-07-30,Bhopal,normal,10.1,1.5,3.1,3.3,1.2,6.4,0.0974,0.0006,0.0002
2025-07-30,Raipur,normal,1.4,18.0,22.6,21.9,21.9,12.85,0.4197,0.0102,0.0021
2025-07-30,Jabalpur,normal,51.1,14.3,18.6,19.2,19.2,11.75,0.3712,0.0076,0.0016
2025-07-30,Akola,normal,1.9,4.1,6.9,7.9,7.9,6.06,0.174,0.0017,0.0004
2025-07-30,Amravati,normal,3.7,3.2,5.7,6.4,6.4,3.77,0.1493,0.0013,0.0003
2025-07-30,Aurangabad,normal,1.3,1.4,3.0,3.2,3.2,4.39,0.0941,0.0006,0.0002
2025-07-30,Bhubaneswar,normal,10.3,3.8,6.5,7.43,7.43,4.48,0.1659,0.0016,0.0004
2025-07-30,Mumbai,coastal,7.8,9.7,13.5,18.77,18.77,14.11,0.3852,0.0151,0.0018
2025-07-30,Thiruvananthapuram,coastal,1.2,0.0,0.0,0.0,0.0,1.31,0.0635,0.0006,0.0001
2025-07-30,Kochi,coastal,4.4,2.6,4.9,6.7,6.7,7.68,0.184,0.0034,0.0005
2025-07-30,Mangaluru,depression,7.5,15.4,19.6,4.6,28.36,20.79,0.5325,0.0297,0.0011
2025-07-30,Panaji,depression,4.1,26.9,33.1,16.3,60.71,25.17,0.6522,0.0596,0.002
2025-07-30,Chennai,coastal,0.5,0.0,0.0,0.0,0.0,2.02,0.0635,0.0006,0.0001
2025-07-30,Visakhapatnam,coastal,0.1,0.0,0.0,0.0,0.0,1.31,0.0635,0.0006,0.0001
2025-07-30,Puri,coastal,7.6,1.2,2.6,4.26,4.26,5.18,0.1244,0.0017,0.0003
2025-07-30,Kolkata,coastal,18.7,10.7,14.7,20.34,2.2,17.24,0.4053,0.017,0.002
2025-07-30,Surat,coastal,1.3,1.3,2.8,4.6,4.6,6.52,0.129,0.0019,0.0003
2025-07-30,Mahabaleshwar,orographic,30.2,5.1,8.5,6.3,6.3,12.27,0.2261,0.0137,0.0035
2025-07-30,Munnar,orographic,6.4,2.1,4.1,2.7,2.7,6.31,0.1341,0.0055,0.0015
2025-07-30,Madikeri,orographic,15.2,8.5,12.0,10.0,10.0,14.55,0.3069,0.0249,0.0059
2025-07-30,Ooty,orographic,6.5,1.3,2.8,1.6,1.6,5.87,0.1048,0.0036,0.0011
2025-07-30,Lonavala,orographic,20.9,13.0,17.2,16.3,16.3,18.16,0.3891,0.0417,0.0093
2025-07-30,Wayanad,orographic,3.1,0.4,1.2,0.4,0.4,5.97,0.0684,0.0018,0.0006
2025-07-30,Shimla,orographic,14.1,11.4,15.4,14.0,14.0,6.78,0.3624,0.0356,0.0081
2025-07-30,Dehradun,orographic,6.5,3.3,5.9,3.9,3.9,5.85,0.1739,0.0086,0.0023
2025-07-30,Srinagar,orographic,52.1,15.6,19.9,20.5,20.5,6.71,0.4277,0.0521,0.0114
2025-07-30,Gangtok,orographic,5.8,7.4,10.73,8.89,8.89,5.65,0.2829,0.0212,0.0051
2025-07-30,Guwahati,orographic,23.1,17.5,21.9,23.6,23.6,12.17,0.4527,0.06,0.013
2025-07-30,Cherrapunji,orographic,16.1,7.0,10.4,8.5,8.5,9.14,0.2737,0.0198,0.0048
2025-07-30,Imphal,orographic,5.4,12.7,16.7,15.8,15.8,11.01,0.3843,0.0406,0.0091
2025-07-30,Agartala,orographic,11.5,6.7,10.2,8.15,8.15,8.25,0.2666,0.0188,0.0046
2025-07-30,Lucknow,normal,24.9,13.8,18.1,18.9,18.9,8.46,0.3639,0.0073,0.0015
2025-07-30,Patna,normal,6.6,15.7,20.1,20.36,20.36,9.01,0.3905,0.0086,0.0018
2025-07-30,Varanasi,normal,15.5,15.0,19.32,19.7,19.7,9.23,0.381,0.0081,0.0017
2025-07-30,Delhi,normal,15.3,2.9,5.2,5.9,5.9,5.25,0.1407,0.0012,0.0003
2025-07-30,Kanpur,normal,20.3,38.1,48.3,40.7,40.7,16.11,0.5873,0.027,0.0049
2025-07-30,Ranchi,normal,2.3,12.8,17.0,17.7,17.7,9.23,0.3489,0.0066,0.0014
2025-07-30,Jodhpur,normal,0.2,0.0,0.0,0.0,0.0,0.15,0.0437,0.0002,0.0001
2025-07-30,Bikaner,normal,0.0,0.1,0.6,0.5,0.5,0.3,0.0476,0.0002,0.0001
2025-07-30,Jaisalmer,normal,0.0,0.0,0.0,0.0,0.0,0.15,0.0437,0.0002,0.0001
2025-07-30,Hyderabad,normal,2.9,0.2,0.8,0.7,0.7,1.81,0.0514,0.0002,0.0001
2025-07-30,Bengaluru,normal,0.4,0.0,0.0,0.0,0.0,1.93,0.0437,0.0002,0.0001
2025-07-30,Pune,normal,1.4,0.6,1.7,1.6,1.6,3.91,0.0663,0.0003,0.0001
2025-07-30,Kurnool,normal,1.1,0.7,1.8,1.7,1.7,2.39,0.0699,0.0004,0.0001
2025-07-30,Madurai,normal,0.2,0.0,0.0,0.0,0.0,0.99,0.0437,0.0002,0.0001
2025-07-31,Nagpur,break,0.8,9.7,13.5,16.84,16.84,11.36,0.366,0.0066,0.0006
2025-07-31,Bhopal,break,1.3,2.0,3.9,5.3,5.3,5.22,0.149,0.0012,0.0001
2025-07-31,Raipur,break,0.6,5.9,9.3,11.9,11.9,9.96,0.2767,0.0036,0.0003
2025-07-31,Jabalpur,break,0.4,3.3,5.8,8.14,8.14,7.8,0.1971,0.0019,0.0002
2025-07-31,Akola,break,0.8,0.2,0.8,1.0,1.0,4.85,0.069,0.0003,0.0
2025-07-31,Amravati,break,1.3,0.3,1.0,1.37,1.37,4.08,0.074,0.0004,0.0
2025-07-31,Aurangabad,break,1.6,0.9,2.2,2.61,2.61,4.82,0.1024,0.0006,0.0001
2025-07-31,Bhubaneswar,break,1.4,0.5,1.4,1.97,1.97,5.41,0.0837,0.0004,0.0001
2025-07-31,Mumbai,coastal,3.9,3.7,6.3,9.1,9.1,10.98,0.2246,0.0049,0.0007
2025-07-31,Thiruvananthapuram,coastal,3.3,0.0,0.0,0.0,0.0,1.65,0.0635,0.0006,0.0001
2025-07-31,Kochi,coastal,11.5,1.5,3.1,4.85,4.85,5.61,0.1381,0.0021,0.0003
2025-07-31,Mangaluru,coastal,11.9,15.3,19.5,28.3,28.3,18.19,0.4819,0.0265,0.003
2025-07-31,Panaji,coastal,6.7,13.5,17.72,24.93,24.93,16.19,0.4546,0.0227,0.0026
2025-07-31,Chennai,coastal,2.0,0.0,0.0,0.0,0.0,1.65,0.0635,0.0006,0.0001
2025-07-31,Visakhapatnam,coastal,2.0,0.0,0.0,0.0,0.0,1.65,0.0635,0.0006,0.0001
2025-07-31,Puri,coastal,1.1,0.6,1.7,2.6,2.6,5.1,0.0954,0.0011,0.0002
2025-07-31,Kolkata,coastal,46.6,4.5,7.5,10.4,10.4,11.27,0.2513,0.0061,0.0008
2025-07-31,Surat,coastal,1.9,1.2,2.7,4.5,4.5,5.49,0.1244,0.0017,0.0003
2025-07-31,Mahabaleshwar,orographic,22.1,4.4,7.4,5.2,5.2,13.49,0.2067,0.0117,0.003
2025-07-31,Munnar,orographic,9.3,4.6,7.6,5.5,5.5,11.47,0.2124,0.0122,0.0031
2025-07-31,Madikeri,orographic,14.2,4.1,6.9,4.8,4.8,14.23,0.1981,0.0108,0.0028
2025-07-31,Ooty,orographic,2.6,2.0,3.9,2.5,2.5,7.55,0.1305,0.0052,0.0015
2025-07-31,Lonavala,orographic,15.1,8.0,11.5,9.5,9.5,17.19,0.2962,0.0232,0.0055
2025-07-31,Wayanad,orographic,3.7,1.0,2.3,1.2,1.2,5.09,0.0931,0.003,0.0009
2025-07-31,Shimla,orographic,33.8,6.6,10.1,8.0,8.0,6.66,0.2642,0.0185,0.0045
2025-07-31,Dehradun,orographic,19.3,9.7,13.5,11.49,11.49,6.5,0.3311,0.0292,0.0068
2025-07-31,Srinagar,orographic,7.2,3.1,5.5,3.6,3.6,4.97,0.1675,0.008,0.0021
2025-07-31,Gangtok,orographic,4.3,8.1,11.6,9.6,9.6,6.33,0.2983,0.0236,0.0056
2025-07-31,Guwahati,orographic,13.2,11.3,15.3,13.88,13.88,12.46,0.3607,0.0352,0.008
2025-07-31,Cherrapunji,orographic,35.2,16.1,20.6,21.2,21.2,12.56,0.4345,0.0542,0.0118
2025-07-31,Imphal,orographic,1.1,2.0,3.9,2.5,2.5,6.55,0.1305,0.0052,0.0015
2025-07-31,Agartala,orographic,7.9,9.8,13.6,11.7,11.7,11.07,0.333,0.0296,0.0068
2025-07-31,Lucknow,break,6.7,40.2,50.81,44.32,44.32,13.88,0.6716,0.0405,0.0028
2025-07-31,Patna,break,2.7,10.8,14.7,18.04,18.04,8.79,0.3875,0.0076,0.0006
2025-07-31,Varanasi,break,1.6,10.4,14.3,17.26,17.26,8.79,0.3799,0.0072,0.0006
2025-07-31,Delhi,break,29.2,13.1,17.3,19.52,19.52,7.74,0.4278,0.0096,0.0008
2025-07-31,Kanpur,break,12.4,1.8,3.56,4.85,4.85,6.21,0.141,0.0011,0.0001
2025-07-31,Ranchi,break,10.4,15.3,19.5,21.13,21.13,9.88,0.4614,0.0117,0.0009
2025-07-31,Jodhpur,break,0.9,39.3,49.72,44.32,44.32,9.18,0.667,0.0394,0.0027
2025-07-31,Bikaner,break,4.6,4.0,6.8,9.84,9.84,3.81,0.2204,0.0023,0.0002
2025-07-31,Jaisalmer,break,0.0,0.0,0.0,0.0,0.0,0.44,0.0588,0.0003,0.0
2025-07-31,Hyderabad,break,1.0,0.0,0.0,0.0,0.0,2.15,0.0588,0.0003,0.0
2025-07-31,Bengaluru,break,1.1,0.0,0.0,0.0,0.0,1.4,0.0588,0.0003,0.0
2025-07-31,Pune,break,1.5,0.7,1.9,2.4,2.4,3.93,0.0932,0.0005,0.0001
2025-07-31,Kurnool,break,0.5,0.2,0.8,1.0,1.0,3.39,0.069,0.0003,0.0
2025-07-31,Madurai,break,0.0,0.1,0.6,0.8,0.8,1.8,0.0639,0.0003,0.0
2025-08-01,Nagpur,break,0.4,1.2,2.7,3.4,3.4,4.19,0.1157,0.0008,0.0001
2025-08-01,Bhopal,break,1.6,1.3,2.8,3.7,3.7,4.0,0.1201,0.0008,0.0001
2025-08-01,Raipur,break,0.4,3.0,5.4,7.9,7.9,4.78,0.1866,0.0017,0.0002
2025-08-01,Jabalpur,break,6.2,6.6,10.1,12.63,12.63,6.54,0.2952,0.0041,0.0004
2025-08-01,Akola,break,0.9,0.0,0.0,0.0,0.0,1.88,0.0588,0.0003,0.0
2025-08-01,Amravati,break,1.4,0.2,0.8,1.0,1.0,2.67,0.069,0.0003,0.0
2025-08-01,Aurangabad,break,0.8,0.0,0.0,0.0,0.0,2.1,0.0588,0.0003,0.0
2025-08-01,Bhubaneswar,break,1.0,1.2,2.7,3.4,3.4,3.13,0.1157,0.0008,0.0001
2025-08-01,Mumbai,coastal,4.1,2.5,4.7,6.49,6.49,5.79,0.1801,0.0033,0.0005
2025-08-01,Thiruvananthapuram,coastal,6.9,0.0,0.0,0.0,0.0,1.76,0.0635,0.0006,0.0001
2025-08-01,Kochi,coastal,11.6,0.6,1.6,2.52,2.52,5.15,0.0954,0.0011,0.0002
2025-08-01,Mangaluru,coastal,20.0,13.1,17.3,24.61,24.61,13.26,0.4481,0.0219,0.0025
2025-08-01,Panaji,coastal,4.7,17.1,21.4,30.2,30.2,16.77,0.5064,0.0305,0.0034
2025-08-01,Chennai,coastal,0.3,0.0,0.0,0.0,0.0,1.76,0.0635,0.0006,0.0001
2025-08-01,Visakhapatnam,coastal,1.0,0.3,1.0,1.8,1.8,2.92,0.0798,0.0008,0.0001
2025-08-01,Puri,coastal,8.3,0.3,1.0,1.8,1.8,4.13,0.0798,0.0008,0.0001
2025-08-01,Kolkata,coastal,11.9,3.7,6.3,9.1,9.1,8.3,0.2246,0.0049,0.0007
2025-08-01,Surat,coastal,2.3,1.1,2.4,4.1,4.1,5.36,0.1197,0.0016,0.0003
2025-08-01,Mahabaleshwar,orographic,21.8,5.1,8.39,6.2,6.2,9.5,0.2261,0.0137,0.0035
2025-08-01,Munnar,orographic,3.6,4.4,7.4,5.2,5.2,9.5,0.2067,0.0117,0.003
2025-08-01,Madikeri,orographic,10.0,4.7,7.9,5.6,5.6,9.5,0.2152,0.0125,0.0032
2025-08-01,Ooty,orographic,4.0,2.4,4.5,2.9,2.9,7.04,0.1445,0.0062,0.0017
2025-08-01,Lonavala,orographic,17.1,8.1,11.6,9.6,9.6,11.56,0.2983,0.0236,0.0056
2025-08-01,Wayanad,orographic,2.8,1.4,3.0,1.7,1.7,5.92,0.1086,0.0039,0.0011
2025-08-01,Shimla,orographic,11.2,15.5,19.7,20.4,20.4,6.68,0.4263,0.0517,0.0114
2025-08-01,Dehradun,orographic,3.6,16.0,20.4,21.2,21.2,7.03,0.4332,0.0538,0.0118
2025-08-01,Srinagar,orographic,5.4,6.6,10.1,8.0,8.0,4.97,0.2642,0.0185,0.0045
2025-08-01,Gangtok,orographic,1.9,5.6,9.0,6.9,6.9,4.86,0.2393,0.0153,0.0038
2025-08-01,Guwahati,orographic,12.9,11.2,15.2,13.7,13.7,8.19,0.3589,0.0348,0.0079
2025-08-01,Cherrapunji,orographic,33.4,27.9,34.11,44.5,44.5,15.69,0.557,0.1053,0.022
2025-08-01,Imphal,orographic,0.4,2.0,3.9,2.5,2.5,3.83,0.1305,0.0052,0.0015
2025-08-01,Agartala,orographic,12.5,1.6,3.3,1.9,1.9,3.99,0.116,0.0043,0.0012
2025-08-01,Lucknow,break,7.4,1.5,3.1,4.15,4.15,5.47,0.1286,0.0009,0.0001
2025-08-01,Patna,break,13.1,16.2,20.67,21.42,21.42,9.63,0.474,0.0126,0.001
2025-08-01,Varanasi,break,5.8,8.4,12.0,15.02,15.02,7.83,0.3383,0.0055,0.0005
2025-08-01,Delhi,break,7.5,1.6,3.3,4.25,4.25,4.84,0.1328,0.001,0.0001
2025-08-01,Kanpur,break,3.6,1.0,2.3,2.9,2.9,3.51,0.1069,0.0007,0.0001
2025-08-01,Ranchi,break,2.0,13.8,18.1,19.86,19.86,9.43,0.439,0.0103,0.0008
2025-08-01,Jodhpur,break,0.3,13.6,17.87,19.73,19.73,9.48,0.4359,0.0101,0.0008
2025-08-01,Bikaner,break,7.3,1.7,3.4,4.4,4.4,2.72,0.1369,0.001,0.0001
2025-08-01,Jaisalmer,break,0.5,2.8,5.1,7.19,7.19,3.26,0.1794,0.0016,0.0002
2025-08-01,Hyderabad,break,0.0,0.0,0.0,0.0,0.0,1.1,0.0588,0.0003,0.0
2025-08-01,Bengaluru,break,1.4,1.8,3.5,4.7,4.7,3.07,0.141,0.0011,0.0001
2025-08-01,Pune,break,0.7,0.3,1.0,1.37,1.37,2.74,0.074,0.0004,0.0
2025-08-01,Kurnool,break,0.5,0.0,0.0,0.0,0.0,1.68,0.0588,0.0003,0.0
2025-08-01,Madurai,break,0.7,1.4,3.0,3.91,3.91,3.04,0.1244,0.0009,0.0001
2025-08-02,Nagpur,break,0.5,0.0,0.0,0.0,0.0,2.45,0.0588,0.0003,0.0
2025-08-02,Bhopal,break,11.7,1.9,3.7,5.05,5.05,4.21,0.145,0.0011,0.0001
2025-08-02,Raipur,break,0.4,5.0,8.2,11.4,11.4,5.54,0.2512,0.003,0.0003
2025-08-02,Jabalpur,break,8.8,0.9,2.2,2.61,2.61,3.77,0.1024,0.0006,0.0001
2025-08-02,Akola,break,0.5,0.1,0.6,0.8,0.8,1.63,0.0639,0.0003,0.0
2025-08-02,Amravati,break,0.2,0.1,0.6,0.8,0.8,2.35,0.0639,0.0003,0.0
2025-08-02,Aurangabad,break,0.8,0.0,0.0,0.0,0.0,1.26,0.0588,0.0003,0.0
2025-08-02,Bhubaneswar,break,6.1,0.3,1.0,1.37,1.37,3.23,0.074,0.0004,0.0
2025-08-02,Mumbai,coastal,8.7,4.0,6.8,9.7,9.7,8.83,0.2349,0.0054,0.0007
2025-08-02,Thiruvananthapuram,coastal,3.0,0.0,0.0,0.0,0.0,1.76,0.0635,0.0006,0.0001
2025-08-02,Kochi,coastal,46.7,0.5,1.4,2.4,2.4,4.29,0.0903,0.001,0.0002
2025-08-02,Mangaluru,coastal,37.4,6.9,10.4,13.87,13.87,11.48,0.3204,0.01,0.0013
2025-08-02,Panaji,coastal,3.3,14.5,18.87,26.8,26.8,13.21,0.4701,0.0248,0.0028
2025-08-02,Chennai,coastal,0.3,0.0,0.0,0.0,0.0,1.76,0.0635,0.0006,0.0001
2025-08-02,Visakhapatnam,coastal,0.3,0.3,1.0,1.8,1.8,3.72,0.0798,0.0008,0.0001
2025-08-02,Puri,coastal,3.0,0.3,1.0,1.8,1.8,3.72,0.0798,0.0008,0.0001
2025-08-02,Kolkata,coastal,20.9,0.5,1.4,2.4,2.4,4.74,0.0903,0.001,0.0002
2025-08-02,Surat,coastal,1.4,3.6,6.2,8.9,8.9,7.12,0.2211,0.0048,0.0007
2025-08-02,Mahabaleshwar,orographic,17.2,2.4,4.6,3.0,3.0,6.61,0.1445,0.0062,0.0017
2025-08-02,Munnar,orographic,23.6,5.9,9.3,7.2,7.2,9.5,0.247,0.0162,0.004
2025-08-02,Madikeri,orographic,11.0,4.9,8.1,5.9,5.9,9.5,0.2207,0.0131,0.0033
2025-08-02,Ooty,orographic,21.4,4.5,7.5,5.3,5.3,10.09,0.2096,0.0119,0.0031
2025-08-02,Lonavala,orographic,17.1,4.6,7.6,5.5,5.5,10.2,0.2124,0.0122,0.0031
2025-08-02,Wayanad,orographic,17.3,3.0,5.4,3.5,3.5,7.93,0.1643,0.0078,0.0021
2025-08-02,Shimla,orographic,11.8,26.4,32.3,42.2,42.2,10.39,0.5446,0.0986,0.0207
2025-08-02,Dehradun,orographic,8.6,16.0,20.4,21.2,21.2,8.34,0.4332,0.0538,0.0118
2025-08-02,Srinagar,orographic,0.0,9.5,13.2,11.2,11.2,5.93,0.3272,0.0285,0.0066
2025-08-02,Gangtok,orographic,11.4,32.6,39.3,51.21,51.21,8.98,0.5915,0.1264,0.0263
2025-08-02,Guwahati,orographic,46.2,33.4,40.7,52.82,52.82,14.16,0.5968,0.13,0.0271
2025-08-02,Cherrapunji,orographic,38.4,35.1,43.6,57.72,57.72,18.58,0.6077,0.1376,0.0286
2025-08-02,Imphal,orographic,1.0,14.4,18.8,18.12,18.12,7.45,0.4106,0.0473,0.0105
2025-08-02,Agartala,orographic,10.3,2.1,4.1,2.7,2.7,3.68,0.1341,0.0055,0.0015
2025-08-02,Lucknow,break,15.3,16.1,20.6,21.36,21.36,8.93,0.4726,0.0125,0.001
2025-08-02,Patna,break,57.3,31.8,38.51,31.85,31.85,16.19,0.6228,0.03,0.0021
2025-08-02,Varanasi,break,22.8,13.8,18.1,19.86,19.86,8.42,0.439,0.0103,0.0008
2025-08-02,Delhi,break,0.9,0.3,1.0,1.37,1.37,2.53,0.074,0.0004,0.0
2025-08-02,Kanpur,break,16.8,7.1,10.5,13.57,13.57,6.05,0.3077,0.0045,0.0004
2025-08-02,Ranchi,break,12.5,41.1,52.3,44.32,44.32,15.13,0.676,0.0417,0.0029
2025-08-02,Jodhpur,break,0.0,2.5,4.7,6.34,6.34,4.53,0.1683,0.0014,0.0001
2025-08-02,Bikaner,break,6.3,0.0,0.0,0.0,0.0,1.19,0.0588,0.0003,0.0
2025-08-02,Jaisalmer,break,0.0,0.0,0.0,0.0,0.0,1.3,0.0588,0.0003,0.0
2025-08-02,Hyderabad,break,0.2,0.0,0.0,0.0,0.0,1.1,0.0588,0.0003,0.0
2025-08-02,Bengaluru,break,1.2,0.7,1.8,2.37,2.37,3.76,0.0932,0.0005,0.0001
2025-08-02,Pune,break,1.8,0.6,1.7,2.1,2.1,2.89,0.0885,0.0005,0.0001
2025-08-02,Kurnool,break,0.2,0.2,0.8,1.0,1.0,1.89,0.069,0.0003,0.0
2025-08-02,Madurai,break,2.9,0.4,1.2,1.72,1.72,3.55,0.0789,0.0004,0.0
2025-08-03,Nagpur,break,0.4,0.8,2.0,2.51,2.51,2.47,0.0978,0.0006,0.0001
2025-08-03,Bhopal,break,1.3,0.9,2.2,2.61,2.61,3.87,0.1024,0.0006,0.0001
2025-08-03,Raipur,break,0.0,0.2,0.8,1.0,1.0,3.18,0.069,0.0003,0.0
2025-08-03,Jabalpur,break,7.4,5.0,8.2,11.4,11.4,4.56,0.2512,0.003,0.0003
2025-08-03,Akola,break,0.4,0.0,0.0,0.0,0.0,1.88,0.0588,0.0003,0.0
2025-08-03,Amravati,break,0.0,0.0,0.0,0.0,0.0,1.88,0.0588,0.0003,0.0
2025-08-03,Aurangabad,break,0.5,0.2,0.8,1.0,1.0,2.04,0.069,0.0003,0.0
2025-08-03,Bhubaneswar,break,15.3,0.2,0.8,1.0,1.0,2.67,0.069,0.0003,0.0
2025-08-03,Mumbai,coastal,4.0,2.0,3.9,5.6,5.6,5.8,0.1597,0.0027,0.0004
2025-08-03,Thiruvananthapuram,coastal,6.4,0.6,1.7,2.6,2.6,3.56,0.0954,0.0011,0.0002
2025-08-03,Kochi,coastal,26.6,10.5,14.4,19.83,19.83,9.16,0.4014,0.0166,0.002
2025-08-03,Mangaluru,coastal,12.7,1.8,3.56,5.4,5.4,5.96,0.1512,0.0024,0.0004
2025-08-03,Panaji,coastal,3.2,3.6,6.2,8.9,8.9,9.58,0.2211,0.0048,0.0007
2025-08-03,Chennai,coastal,3.8,5.6,9.0,12.3,12.3,6.78,0.2848,0.0078,0.001
2025-08-03,Visakhapatnam,coastal,2.7,0.1,0.6,1.2,1.2,3.23,0.069,0.0007,0.0001
2025-08-03,Puri,coastal,9.5,0.2,0.8,1.53,1.53,3.68,0.0745,0.0008,0.0001
2025-08-03,Kolkata,coastal,8.2,2.0,3.9,5.6,5.6,4.89,0.1597,0.0027,0.0004
2025-08-03,Surat,coastal,1.7,2.1,4.1,5.7,5.7,5.8,0.1639,0.0028,0.0004
2025-08-03,Mahabaleshwar,orographic,6.2,1.8,3.56,2.2,2.2,6.92,0.1234,0.0048,0.0014
2025-08-03,Munnar,orographic,66.2,12.1,16.1,15.08,15.08,13.6,0.3744,0.0382,0.0086
2025-08-03,Madikeri,orographic,10.5,5.9,9.3,7.2,7.2,9.5,0.247,0.0162,0.004
2025-08-03,Ooty,orographic,23.7,31.0,37.4,49.01,49.01,23.68,0.5804,0.1192,0.0249
2025-08-03,Lonavala,orographic,3.7,2.9,5.2,3.4,3.4,7.94,0.1611,0.0075,0.002
2025-08-03,Wayanad,orographic,13.4,3.8,6.5,4.6,4.6,9.45,0.1892,0.0099,0.0026
2025-08-03,Shimla,orographic,13.8,13.1,17.3,16.53,16.53,7.58,0.3907,0.0421,0.0094
2025-08-03,Dehradun,orographic,11.7,35.7,44.36,58.31,58.31,13.69,0.6113,0.1403,0.0292
2025-08-03,Srinagar,orographic,0.0,4.1,6.9,4.8,4.8,5.16,0.1981,0.0108,0.0028
2025-08-03,Gangtok,orographic,9.2,74.4,83.2,99.11,99.11,18.76,0.7555,0.3047,0.0667
2025-08-03,Guwahati,orographic,16.6,18.6,23.3,25.7,25.7,11.06,0.4662,0.0646,0.0139
2025-08-03,Cherrapunji,orographic,57.1,13.5,17.72,17.4,17.4,10.23,0.397,0.0437,0.0097
2025-08-03,Imphal,orographic,1.4,1.0,2.3,1.2,1.2,4.35,0.0931,0.003,0.0009
2025-08-03,Agartala,orographic,2.5,9.5,13.2,11.2,11.2,7.25,0.3272,0.0285,0.0066
2025-08-03,Lucknow,break,40.8,21.2,26.21,24.05,24.05,13.79,0.5337,0.0178,0.0013
2025-08-03,Patna,break,28.3,47.3,57.7,44.32,44.32,18.72,0.7036,0.0499,0.0034
2025-08-03,Varanasi,break,50.9,36.1,45.2,39.03,39.03,14.68,0.6495,0.0353,0.0025
2025-08-03,Delhi,break,0.7,0.1,0.6,0.8,0.8,1.89,0.0639,0.0003,0.0
2025-08-03,Kanpur,break,38.8,11.7,15.6,18.6,18.6,8.33,0.404,0.0083,0.0007
2025-08-03,Ranchi,break,19.1,26.3,32.2,26.9,26.9,16.36,0.5816,0.0235,0.0017
2025-08-03,Jodhpur,break,0.0,0.0,0.0,0.0,0.0,1.3,0.0588,0.0003,0.0
2025-08-03,Bikaner,break,0.0,0.0,0.0,0.0,0.0,0.48,0.0588,0.0003,0.0
2025-08-03,Jaisalmer,break,0.0,0.0,0.0,0.0,0.0,0.48,0.0588,0.0003,0.0
2025-08-03,Hyderabad,break,0.6,0.2,0.8,1.0,1.0,1.89,0.069,0.0003,0.0
2025-08-03,Bengaluru,break,5.5,9.7,13.5,16.84,16.84,5.22,0.366,0.0066,0.0006
2025-08-03,Pune,break,1.2,0.9,2.2,2.61,2.61,3.18,0.1024,0.0006,0.0001
2025-08-03,Kurnool,break,1.7,0.2,0.8,1.0,1.0,2.49,0.069,0.0003,0.0
2025-08-03,Madurai,break,29.7,6.7,10.2,12.78,12.78,4.55,0.2977,0.0042,0.0004
2025-08-04,Nagpur,break,0.2,0.2,0.8,1.0,1.0,2.98,0.069,0.0003,0.0
2025-08-04,Bhopal,break,0.0,1.9,3.7,5.05,5.05,3.76,0.145,0.0011,0.0001
2025-08-04,Raipur,break,0.0,1.9,3.7,5.05,5.05,3.31,0.145,0.0011,0.0001
2025-08-04,Jabalpur,break,0.1,9.4,13.03,16.42,16.42,7.36,0.3598,0.0064,0.0005
2025-08-04,Akola,break,0.3,0.0,0.0,0.0,0.0,1.26,0.0588,0.0003,0.0
2025-08-04,Amravati,break,0.2,0.0,0.0,0.0,0.0,1.26,0.0588,0.0003,0.0
2025-08-04,Aurangabad,break,0.9,0.0,0.0,0.0,0.0,1.88,0.0588,0.0003,0.0
2025-08-04,Bhubaneswar,break,1.1,0.2,0.8,1.0,1.0,2.67,0.069,0.0003,0.0
2025-08-04,Mumbai,coastal,3.5,0.9,2.2,3.6,3.6,5.26,0.1102,0.0014,0.0002
2025-08-04,Thiruvananthapuram,coastal,2.8,21.0,25.71,36.78,36.78,15.09,0.552,0.0395,0.0043
2025-08-04,Kochi,coastal,6.3,35.4,43.9,83.43,83.43,21.86,0.664,0.0758,0.0078
2025-08-04,Mangaluru,coastal,7.9,15.2,19.5,28.21,28.21,12.35,0.4804,0.0263,0.003
2025-08-04,Panaji,coastal,8.2,1.4,3.0,4.7,4.7,5.31,0.1336,0.002,0.0003
2025-08-04,Chennai,coastal,21.3,17.3,21.7,30.72,30.72,14.28,0.509,0.031,0.0034
2025-08-04,Visakhapatnam,coastal,4.4,0.3,1.0,1.8,1.8,3.72,0.0798,0.0008,0.0001
2025-08-04,Puri,coastal,0.2,0.0,0.0,0.0,0.0,2.52,0.0635,0.0006,0.0001
2025-08-04,Kolkata,coastal,16.9,8.4,12.0,16.7,16.7,10.22,0.3569,0.0127,0.0015
2025-08-04,Surat,coastal,1.6,0.7,1.9,3.0,3.0,5.26,0.1004,0.0012,0.0002
2025-08-04,Mahabaleshwar,orographic,5.0,1.9,3.7,2.4,2.4,6.92,0.127,0.005,0.0014
2025-08-04,Munnar,orographic,4.0,35.0,43.2,57.61,57.61,27.69,0.607,0.1372,0.0285
2025-08-04,Madikeri,orographic,5.3,15.3,19.5,19.9,19.9,16.65,0.4235,0.0509,0.0112
2025-08-04,Ooty,orographic,14.5,25.0,30.56,39.12,39.12,28.21,0.5324,0.0924,0.0195
2025-08-04,Lonavala,orographic,3.8,1.4,3.0,1.7,1.7,6.06,0.1086,0.0039,0.0011
2025-08-04,Wayanad,orographic,6.7,8.0,11.5,9.5,9.5,10.78,0.2962,0.0232,0.0055
2025-08-04,Shimla,orographic,4.7,9.1,12.7,10.5,10.5,7.51,0.3192,0.0271,0.0063
2025-08-04,Dehradun,orographic,10.0,19.4,24.2,27.01,27.01,9.34,0.4755,0.068,0.0146
2025-08-04,Srinagar,orographic,0.0,3.1,5.5,3.6,3.6,3.69,0.1675,0.008,0.0021
2025-08-04,Gangtok,orographic,4.8,8.3,11.9,9.74,9.74,7.87,0.3026,0.0242,0.0057
2025-08-04,Guwahati,orographic,11.9,6.1,9.5,7.4,7.4,7.36,0.252,0.0169,0.0041
2025-08-04,Cherrapunji,orographic,25.7,84.0,89.2,114.91,114.91,22.33,0.7757,0.3405,0.0763
2025-08-04,Imphal,orographic,1.2,6.6,10.1,8.0,8.0,4.99,0.2642,0.0185,0.0045
2025-08-04,Agartala,orographic,27.2,26.1,31.86,41.5,41.5,11.89,0.542,0.0972,0.0204
2025-08-04,Lucknow,break,66.8,15.9,20.4,21.31,21.31,10.59,0.4699,0.0123,0.001
2025-08-04,Patna,break,10.0,14.7,19.07,20.3,20.3,10.75,0.4527,0.0111,0.0009
2025-08-04,Varanasi,break,23.9,9.0,12.6,16.4,16.4,10.22,0.3514,0.006,0.0005
2025-08-04,Delhi,break,0.1,7.4,10.73,13.72,13.72,6.02,0.3151,0.0048,0.0004
2025-08-04,Kanpur,break,28.0,69.8,80.0,61.41,61.41,16.76,0.7726,0.0815,0.0053
2025-08-04,Ranchi,break,3.6,4.4,7.4,10.8,10.8,7.42,0.2331,0.0026,0.0002
2025-08-04,Jodhpur,break,0.1,0.0,0.0,0.0,0.0,0.48,0.0588,0.0003,0.0
2025-08-04,Bikaner,break,0.0,0.0,0.0,0.0,0.0,0.48,0.0588,0.0003,0.0
2025-08-04,Jaisalmer,break,0.0,0.0,0.0,0.0,0.0,0.48,0.0588,0.0003,0.0
2025-08-04,Hyderabad,break,4.1,2.5,4.7,6.34,6.34,3.37,0.1683,0.0014,0.0001
2025-08-04,Bengaluru,break,2.6,37.3,47.41,39.03,39.03,11.43,0.6563,0.0368,0.0026
2025-08-04,Pune,break,1.1,0.4,1.2,1.72,1.72,3.27,0.0789,0.0004,0.0
2025-08-04,Kurnool,break,0.9,8.3,11.9,14.94,14.94,4.55,0.336,0.0055,0.0005
2025-08-04,Madurai,break,7.9,7.9,11.4,14.15,14.15,5.96,0.3269,0.0051,0.0004
2025-08-05,Nagpur,break,0.3,0.6,1.7,2.1,2.1,3.0,0.0885,0.0005,0.0001
2025-08-05,Bhopal,break,0.4,0.3,1.0,1.37,1.37,3.23,0.074,0.0004,0.0
2025-08-05,Raipur,break,0.2,0.0,0.0,0.0,0.0,2.45,0.0588,0.0003,0.0
2025-08-05,Jabalpur,break,0.4,4.2,7.1,9.9,9.9,6.04,0.2268,0.0025,0.0002
2025-08-05,Akola,break,0.0,0.0,0.0,0.0,0.0,1.26,0.0588,0.0003,0.0
2025-08-05,Amravati,break,0.6,0.0,0.0,0.0,0.0,1.26,0.0588,0.0003,0.0
2025-08-05,Aurangabad,break,0.6,0.0,0.0,0.0,0.0,1.26,0.0588,0.0003,0.0
2025-08-05,Bhubaneswar,break,4.2,0.2,0.8,1.0,1.0,2.67,0.069,0.0003,0.0
2025-08-05,Mumbai,coastal,4.3,0.3,1.0,1.8,1.8,4.08,0.0798,0.0008,0.0001
2025-08-05,Thiruvananthapuram,depression,3.4,35.2,43.7,28.09,83.43,22.57,0.7054,0.0831,0.0028
2025-08-05,Kochi,depression,15.0,76.4,83.41,66.68,300.58,29.08,0.83,0.2044,0.0069
2025-08-05,Mangaluru,coastal,42.4,18.3,23.0,33.2,33.2,17.08,0.5215,0.0332,0.0037
2025-08-05,Panaji,coastal,8.0,1.7,3.4,5.1,5.1,5.55,0.1469,0.0023,0.0003
2025-08-05,Chennai,coastal,4.0,1.4,3.0,4.7,4.7,6.28,0.1336,0.002,0.0003
2025-08-05,Visakhapatnam,coastal,0.1,0.0,0.0,0.0,0.0,2.52,0.0635,0.0006,0.0001
2025-08-05,Puri,coastal,1.5,0.0,0.0,0.0,0.0,1.76,0.0635,0.0006,0.0001
2025-08-05,Kolkata,coastal,17.7,13.1,17.3,24.61,24.61,11.94,0.4481,0.0219,0.0025
2025-08-05,Surat,coastal,2.3,1.4,3.0,4.7,4.7,4.96,0.1336,0.002,0.0003
2025-08-05,Mahabaleshwar,orographic,3.8,1.6,3.3,1.9,1.9,6.35,0.116,0.0043,0.0012
2025-08-05,Munnar,orographic,9.3,28.8,34.96,45.61,45.61,30.32,0.564,0.1093,0.0229
2025-08-05,Madikeri,orographic,76.9,35.3,43.75,57.72,57.72,29.7,0.6089,0.1385,0.0288
2025-08-05,Ooty,orographic,15.6,17.7,22.2,23.87,23.87,20.84,0.4552,0.0608,0.0132
2025-08-05,Lonavala,orographic,8.4,1.3,2.8,1.6,1.6,6.45,0.1048,0.0036,0.0011
2025-08-05,Wayanad,orographic,17.8,13.6,17.87,17.4,17.4,14.56,0.3985,0.0441,0.0098
2025-08-05,Shimla,orographic,9.4,28.6,34.86,45.04,45.04,8.74,0.5625,0.1084,0.0227
2025-08-05,Dehradun,orographic,16.1,41.8,52.81,68.7,68.7,14.55,0.645,0.1677,0.0349
2025-08-05,Srinagar,orographic,0.1,8.9,12.5,10.3,10.3,5.0,0.3151,0.0264,0.0062
2025-08-05,Gangtok,orographic,2.4,25.3,30.8,39.3,39.3,8.4,0.535,0.0937,0.0197
2025-08-05,Guwahati,orographic,7.6,11.6,15.5,14.1,14.1,7.16,0.3659,0.0363,0.0082
2025-08-05,Cherrapunji,orographic,13.4,65.4,74.71,93.71,93.71,28.27,0.7329,0.269,0.0578
2025-08-05,Imphal,orographic,1.3,0.7,1.9,0.9,0.9,3.32,0.081,0.0024,0.0007
2025-08-05,Agartala,orographic,14.9,5.6,9.0,6.9,6.9,7.36,0.2393,0.0153,0.0038
2025-08-05,Lucknow,break,6.7,39.4,50.11,44.32,44.32,17.55,0.6675,0.0395,0.0027
2025-08-05,Patna,break,0.4,0.1,0.6,0.8,0.8,3.44,0.0639,0.0003,0.0
2025-08-05,Varanasi,break,6.8,5.0,8.2,11.4,11.4,6.55,0.2512,0.003,0.0003
2025-08-05,Delhi,break,8.3,16.1,20.6,21.36,21.36,9.26,0.4726,0.0125,0.001
2025-08-05,Kanpur,break,3.5,103.0,107.52,61.41,61.41,23.58,0.8298,0.1308,0.0084
2025-08-05,Ranchi,break,2.4,8.3,11.9,14.94,14.94,7.25,0.336,0.0055,0.0005
2025-08-05,Jodhpur,break,0.0,0.0,0.0,0.0,0.0,0.48,0.0588,0.0003,0.0
2025-08-05,Bikaner,break,0.0,0.0,0.0,0.0,0.0,0.48,0.0588,0.0003,0.0
2025-08-05,Jaisalmer,break,0.0,0.0,0.0,0.0,0.0,0.48,0.0588,0.0003,0.0
2025-08-05,Hyderabad,break,6.6,4.5,7.5,11.03,11.03,5.84,0.2362,0.0027,0.0002
2025-08-05,Bengaluru,break,15.3,27.8,34.01,28.61,28.61,12.42,0.5937,0.0252,0.0018
2025-08-05,Pune,break,4.6,0.5,1.4,1.97,1.97,2.88,0.0837,0.0004,0.0001
2025-08-05,Kurnool,break,4.9,4.5,7.5,11.03,11.03,5.67,0.2362,0.0027,0.0002
2025-08-05,Madurai,break,9.2,3.4,6.0,8.57,8.57,5.57,0.2005,0.002,0.0002
2025-08-06,Nagpur,break,0.8,0.0,0.0,0.0,0.0,2.12,0.0588,0.0003,0.0
2025-08-06,Bhopal,break,0.0,0.2,0.8,1.0,1.0,2.67,0.069,0.0003,0.0
2025-08-06,Raipur,break,2.6,0.0,0.0,0.0,0.0,1.26,0.0588,0.0003,0.0
2025-08-06,Jabalpur,break,0.2,3.8,6.5,9.6,9.6,5.42,0.2139,0.0022,0.0002
2025-08-06,Akola,break,0.2,0.0,0.0,0.0,0.0,1.26,0.0588,0.0003,0.0
2025-08-06,Amravati,break,0.4,0.0,0.0,0.0,0.0,1.26,0.0588,0.0003,0.0
2025-08-06,Aurangabad,break,1.8,0.2,0.8,1.0,1.0,2.04,0.069,0.0003,0.0
2025-08-06,Bhubaneswar,break,6.8,5.2,8.6,11.8,11.8,4.32,0.257,0.0031,0.0003
2025-08-06,Mumbai,coastal,1.2,0.5,1.4,2.4,2.4,4.09,0.0903,0.001,0.0002
2025-08-06,Thiruvananthapuram,coastal,0.1,2.4,4.5,6.2,6.2,7.06,0.1761,0.0032,0.0005
2025-08-06,Kochi,depression,1.6,14.8,19.2,4.28,27.35,11.75,0.5238,0.0283,0.001
2025-08-06,Mangaluru,depression,32.0,41.7,52.81,41.83,100.17,23.26,0.7365,0.102,0.0034
2025-08-06,Panaji,coastal,64.6,1.6,3.3,5.05,5.05,5.67,0.1425,0.0022,0.0003
2025-08-06,Chennai,coastal,2.1,1.0,2.3,3.9,3.9,5.15,0.115,0.0015,0.0002
2025-08-06,Visakhapatnam,coastal,1.0,0.1,0.6,1.2,1.2,2.31,0.069,0.0007,0.0001
2025-08-06,Puri,coastal,1.1,4.1,7.0,9.9,9.9,6.66,0.2382,0.0055,0.0007
2025-08-06,Kolkata,coastal,17.7,8.9,12.5,17.2,17.2,11.55,0.3681,0.0136,0.0016
2025-08-06,Surat,coastal,0.7,1.0,2.3,3.9,3.9,5.15,0.115,0.0015,0.0002
2025-08-06,Mahabaleshwar,orographic,7.1,1.5,3.1,1.8,1.8,6.45,0.1123,0.0041,0.0012
2025-08-06,Munnar,orographic,1.3,10.5,14.4,12.78,12.78,14.35,0.3462,0.0322,0.0074
2025-08-06,Madikeri,orographic,3.9,17.7,22.2,23.87,23.87,22.42,0.4552,0.0608,0.0132
2025-08-06,Ooty,orographic,5.3,7.0,10.4,8.5,8.5,12.59,0.2737,0.0198,0.0048
2025-08-06,Lonavala,orographic,7.5,0.8,2.0,1.1,1.1,5.93,0.0851,0.0026,0.0008
2025-08-06,Wayanad,orographic,0.5,3.0,5.4,3.5,3.5,9.95,0.1643,0.0078,0.0021
2025-08-06,Shimla,orographic,14.5,12.6,16.62,15.7,15.7,7.58,0.3827,0.0402,0.009
2025-08-06,Dehradun,orographic,16.7,5.2,8.6,6.4,6.4,7.18,0.2288,0.0141,0.0035
2025-08-06,Srinagar,orographic,0.0,4.5,7.5,5.3,5.3,4.96,0.2096,0.0119,0.0031
2025-08-06,Gangtok,orographic,15.1,4.3,7.2,5.1,5.1,6.28,0.2039,0.0114,0.0029
2025-08-06,Guwahati,orographic,0.9,3.3,5.8,3.81,3.81,5.58,0.1739,0.0086,0.0023
2025-08-06,Cherrapunji,orographic,7.5,5.3,8.7,6.55,6.55,8.29,0.2314,0.0144,0.0036
2025-08-06,Imphal,orographic,0.0,4.9,8.1,5.9,5.9,4.24,0.2207,0.0131,0.0033
2025-08-06,Agartala,orographic,26.7,19.0,23.7,26.6,26.6,8.49,0.4709,0.0663,0.0143
2025-08-06,Lucknow,break,18.9,2.8,5.1,7.04,7.04,7.1,0.1794,0.0016,0.0002
2025-08-06,Patna,break,1.1,0.3,1.0,1.37,1.37,2.28,0.074,0.0004,0.0
2025-08-06,Varanasi,break,1.3,2.2,4.2,5.79,5.79,4.35,0.1568,0.0013,0.0001
2025-08-06,Delhi,break,0.5,1.4,3.0,3.91,3.91,4.97,0.1244,0.0009,0.0001
2025-08-06,Kanpur,break,4.3,0.9,2.2,2.61,2.61,5.26,0.1024,0.0006,0.0001
2025-08-06,Ranchi,break,8.0,11.0,15.0,18.25,18.25,8.2,0.3913,0.0077,0.0006
2025-08-06,Jodhpur,break,0.0,0.0,0.0,0.0,0.0,0.48,0.0588,0.0003,0.0
2025-08-06,Bikaner,break,0.0,0.0,0.0,0.0,0.0,0.48,0.0588,0.0003,0.0
2025-08-06,Jaisalmer,break,0.0,0.0,0.0,0.0,0.0,0.48,0.0588,0.0003,0.0
2025-08-06,Hyderabad,break,7.0,12.2,16.2,18.72,18.72,6.49,0.4128,0.0088,0.0007
2025-08-06,Bengaluru,break,1.4,13.0,17.2,19.52,19.52,7.41,0.4262,0.0095,0.0008
2025-08-06,Pune,break,2.9,0.3,1.0,1.37,1.37,2.66,0.074,0.0004,0.0
2025-08-06,Kurnool,break,1.6,9.8,13.6,17.07,17.07,6.32,0.368,0.0067,0.0006
2025-08-06,Madurai,break,0.7,0.0,0.0,0.0,0.0,2.36,0.0588,0.0003,0.0
2025-08-07,Nagpur,break,5.6,0.1,0.6,0.8,0.5,1.7,0.0639,0.0003,0.0
2025-08-07,Bhopal,break,0.2,0.0,0.0,0.0,0.0,1.95,0.0588,0.0003,0.0
2025-08-07,Raipur,break,0.1,0.0,0.0,0.0,0.0,1.32,0.0588,0.0003,0.0
2025-08-07,Jabalpur,break,0.0,0.3,1.0,1.37,0.9,3.29,0.074,0.0004,0.0
2025-08-07,Akola,break,15.0,0.2,0.8,1.0,0.7,2.12,0.069,0.0003,0.0
2025-08-07,Amravati,break,5.1,2.1,4.1,5.5,4.5,3.1,0.1529,0.0012,0.0001
2025-08-07,Aurangabad,break,8.5,1.4,3.0,3.91,3.2,3.08,0.1244,0.0009,0.0001
2025-08-07,Bhubaneswar,break,19.3,14.1,18.3,20.03,19.0,7.79,0.4436,0.0106,0.0008
2025-08-07,Mumbai,coastal,3.2,1.4,3.0,4.7,4.7,4.65,0.1336,0.002,0.0003
2025-08-07,Thiruvananthapuram,coastal,0.5,0.2,0.8,1.53,1.53,4.22,0.0745,0.0008,0.0001
2025-08-07,Kochi,coastal,2.7,4.7,7.9,10.6,10.6,9.76,0.2577,0.0064,0.0008
2025-08-07,Mangaluru,coastal,5.7,12.0,16.0,22.6,22.6,13.41,0.4293,0.0196,0.0023
2025-08-07,Panaji,coastal,3.8,3.1,5.5,8.0,8.0,7.0,0.2031,0.0041,0.0006
2025-08-07,Chennai,coastal,8.7,2.4,4.5,6.2,6.2,5.53,0.1761,0.0032,0.0005
2025-08-07,Visakhapatnam,coastal,3.3,12.4,16.4,23.11,23.11,10.01,0.4363,0.0204,0.0024
2025-08-07,Puri,coastal,11.0,14.5,18.87,26.8,26.8,11.64,0.4701,0.0248,0.0028
2025-08-07,Kolkata,coastal,14.3,4.5,7.5,10.4,10.4,8.68,0.2513,0.0061,0.0008
2025-08-07,Surat,coastal,0.0,0.5,1.4,2.4,2.4,4.84,0.0903,0.001,0.0002
2025-08-07,Mahabaleshwar,orographic,9.9,3.1,5.5,3.6,3.6,8.14,0.1675,0.008,0.0021
2025-08-07,Munnar,orographic,8.7,7.5,10.8,8.94,8.94,12.41,0.2851,0.0215,0.0051
2025-08-07,Madikeri,orographic,3.2,12.5,16.5,15.6,15.6,15.85,0.381,0.0398,0.0089
2025-08-07,Ooty,orographic,4.2,12.5,16.5,15.6,15.6,14.56,0.381,0.0398,0.0089
2025-08-07,Lonavala,orographic,4.1,1.7,3.4,2.0,2.0,5.82,0.1197,0.0045,0.0013
2025-08-07,Wayanad,orographic,0.7,10.1,13.93,12.2,12.2,12.33,0.3388,0.0307,0.0071
2025-08-07,Shimla,orographic,0.4,2.4,4.6,3.0,3.0,3.35,0.1445,0.0062,0.0017
2025-08-07,Dehradun,orographic,1.4,4.1,6.9,4.8,4.8,4.57,0.1981,0.0108,0.0028
2025-08-07,Srinagar,orographic,0.0,5.5,8.8,6.8,6.8,4.7,0.2367,0.015,0.0037
2025-08-07,Gangtok,orographic,7.6,6.3,9.7,7.6,7.6,4.7,0.2569,0.0175,0.0043
2025-08-07,Guwahati,orographic,10.1,15.8,20.3,20.92,20.92,7.77,0.4304,0.053,0.0116
2025-08-07,Cherrapunji,orographic,20.1,70.6,80.2,98.01,98.01,17.16,0.7465,0.2899,0.063
2025-08-07,Imphal,orographic,10.6,8.8,12.3,10.2,10.2,6.56,0.3131,0.026,0.0061
2025-08-07,Agartala,orographic,8.0,7.0,10.4,8.5,8.5,8.63,0.2737,0.0198,0.0048
2025-08-07,Lucknow,break,12.2,0.6,1.6,2.1,1.5,3.86,0.0885,0.0005,0.0001
2025-08-07,Patna,break,12.7,2.3,4.4,5.9,4.84,3.86,0.1607,0.0013,0.0001
2025-08-07,Varanasi,break,3.3,2.2,4.2,5.79,4.7,4.71,0.1568,0.0013,0.0001
2025-08-07,Delhi,break,0.0,0.0,0.0,0.0,0.0,1.59,0.0588,0.0003,0.0
2025-08-07,Kanpur,break,1.6,0.4,1.2,1.72,1.1,3.49,0.0789,0.0004,0.0
2025-08-07,Ranchi,break,12.2,21.3,26.3,24.05,26.06,11.54,0.5348,0.0179,0.0013
2025-08-07,Jodhpur,break,0.0,0.0,0.0,0.0,0.0,0.51,0.0588,0.0003,0.0
2025-08-07,Bikaner,break,0.0,0.0,0.0,0.0,0.0,0.51,0.0588,0.0003,0.0
2025-08-07,Jaisalmer,break,0.0,0.0,0.0,0.0,0.0,0.51,0.0588,0.0003,0.0
2025-08-07,Hyderabad,break,23.7,8.3,11.9,14.94,12.7,6.22,0.336,0.0055,0.0005
2025-08-07,Bengaluru,break,2.1,6.2,9.6,12.13,10.5,6.64,0.2847,0.0038,0.0003
2025-08-07,Pune,break,4.3,1.6,3.3,4.25,3.4,3.15,0.1328,0.001,0.0001
2025-08-07,Kurnool,break,10.9,19.3,24.0,23.73,23.31,7.82,0.5128,0.0158,0.0012
2025-08-07,Madurai,break,1.1,0.0,0.0,0.0,0.0,1.16,0.0588,0.0003,0.0
2025-08-08,Nagpur,normal,0.6,6.3,9.7,10.5,12.25,3.87,0.2277,0.0028,0.0006
2025-08-08,Bhopal,normal,3.1,0.7,1.8,1.7,2.37,1.77,0.0699,0.0004,0.0001
2025-08-08,Raipur,normal,1.8,10.3,14.1,15.1,17.26,5.61,0.3076,0.005,0.0011
2025-08-08,Jabalpur,normal,3.0,2.2,4.2,4.7,5.79,2.88,0.1197,0.0009,0.0002
2025-08-08,Akola,normal,12.6,8.0,11.5,12.37,14.39,4.83,0.2641,0.0037,0.0008
2025-08-08,Amravati,normal,6.6,7.0,10.4,11.5,13.02,6.64,0.2431,0.0031,0.0007
2025-08-08,Aurangabad,normal,0.4,11.7,15.6,16.5,18.6,7.45,0.3314,0.0059,0.0013
2025-08-08,Bhubaneswar,normal,10.5,10.7,14.7,15.4,18.04,8.03,0.3146,0.0053,0.0011
2025-08-08,Mumbai,coastal,2.9,0.7,1.9,3.0,3.0,3.81,0.1004,0.0012,0.0002
2025-08-08,Thiruvananthapuram,coastal,5.1,0.0,0.0,0.0,0.0,1.74,0.0635,0.0006,0.0001
2025-08-08,Kochi,coastal,3.6,2.0,3.9,5.6,5.6,4.89,0.1597,0.0027,0.0004
2025-08-08,Mangaluru,coastal,3.0,2.7,5.0,6.8,6.8,6.13,0.1879,0.0036,0.0005
2025-08-08,Panaji,coastal,10.8,4.4,7.4,10.3,10.3,7.05,0.2481,0.006,0.0008
2025-08-08,Chennai,coastal,23.1,9.4,13.03,17.9,17.9,9.37,0.3789,0.0145,0.0017
2025-08-08,Visakhapatnam,coastal,11.5,7.4,10.73,14.6,14.6,8.78,0.3331,0.0109,0.0013
2025-08-08,Puri,coastal,6.9,7.7,11.1,15.0,15.0,8.38,0.3404,0.0114,0.0014
2025-08-08,Kolkata,coastal,3.4,4.0,6.8,9.7,9.7,7.09,0.2349,0.0054,0.0007
2025-08-08,Surat,coastal,0.0,0.6,1.7,2.6,2.6,3.17,0.0954,0.0011,0.0002
2025-08-08,Mahabaleshwar,orographic,11.7,14.9,19.22,18.82,18.82,10.96,0.4178,0.0493,0.0109
2025-08-08,Munnar,orographic,5.0,10.5,14.4,12.78,12.78,10.73,0.3462,0.0322,0.0074
2025-08-08,Madikeri,orographic,8.8,8.2,11.8,9.7,9.7,9.58,0.3005,0.0239,0.0057
2025-08-08,Ooty,orographic,1.1,31.2,37.71,49.11,49.11,21.66,0.5818,0.1201,0.025
2025-08-08,Lonavala,orographic,13.6,13.7,18.0,17.52,17.52,10.96,0.4,0.0445,0.0099
2025-08-08,Wayanad,orographic,3.0,12.7,16.7,15.8,15.8,12.1,0.3843,0.0406,0.0091
2025-08-08,Shimla,orographic,17.6,5.3,8.7,6.55,6.55,4.0,0.2314,0.0144,0.0036
2025-08-08,Dehradun,orographic,17.0,20.1,24.9,27.84,27.84,7.14,0.4834,0.071,0.0152
2025-08-08,Srinagar,orographic,0.0,6.2,9.6,7.5,7.5,4.28,0.2545,0.0172,0.0042
2025-08-08,Gangtok,orographic,25.4,36.4,45.75,59.61,59.61,9.21,0.6155,0.1435,0.0298
2025-08-08,Guwahati,orographic,39.7,19.4,24.2,27.01,27.01,8.8,0.4755,0.068,0.0146
2025-08-08,Cherrapunji,orographic,19.3,11.2,15.2,13.7,13.7,8.45,0.3589,0.0348,0.0079
2025-08-08,Imphal,orographic,12.8,7.4,10.73,8.89,8.89,6.42,0.2829,0.0212,0.0051
2025-08-08,Agartala,orographic,4.5,6.3,9.7,7.6,7.6,5.14,0.2569,0.0175,0.0043
2025-08-08,Lucknow,normal,22.1,8.3,11.9,12.7,14.94,5.33,0.2701,0.0039,0.0009
2025-08-08,Patna,normal,29.0,21.4,26.41,26.16,24.35,9.65,0.4577,0.0128,0.0025
2025-08-08,Varanasi,normal,27.2,7.7,11.1,12.1,13.87,6.76,0.2579,0.0035,0.0008
2025-08-08,Delhi,normal,0.0,0.3,1.0,0.9,1.37,1.12,0.0552,0.0003,0.0001
2025-08-08,Kanpur,normal,7.4,3.4,5.9,6.8,8.31,4.06,0.1549,0.0014,0.0004
2025-08-08,Ranchi,normal,12.4,21.2,26.21,26.0,24.05,12.54,0.4556,0.0126,0.0025
2025-08-08,Jodhpur,normal,0.0,0.0,0.0,0.0,0.0,0.23,0.0437,0.0002,0.0001
2025-08-08,Bikaner,normal,0.0,0.0,0.0,0.0,0.0,0.23,0.0437,0.0002,0.0001
2025-08-08,Jaisalmer,normal,0.0,0.0,0.0,0.0,0.0,0.23,0.0437,0.0002,0.0001
2025-08-08,Hyderabad,normal,3.9,31.1,37.5,33.86,30.84,10.97,0.5419,0.0207,0.0038
2025-08-08,Bengaluru,normal,6.3,15.7,20.1,20.36,21.3,7.7,0.3905,0.0086,0.0018
2025-08-08,Pune,normal,6.0,6.3,9.7,10.5,12.25,5.53,0.2277,0.0028,0.0006
2025-08-08,Kurnool,normal,0.0,8.9,12.5,13.4,15.72,6.8,0.2818,0.0042,0.0009
2025-08-08,Madurai,normal,5.3,1.5,3.1,3.3,4.15,2.42,0.0974,0.0006,0.0002
2025-08-09,Nagpur,normal,0.4,2.4,4.5,5.0,6.1,4.26,0.1258,0.001,0.0003
2025-08-09,Bhopal,normal,2.9,14.6,18.9,19.4,20.23,6.19,0.3754,0.0078,0.0016
2025-08-09,Raipur,normal,0.3,1.1,2.4,2.5,3.11,4.29,0.0839,0.0005,0.0001
2025-08-09,Jabalpur,normal,4.2,11.1,15.1,15.9,18.4,7.78,0.3214,0.0055,0.0012
2025-08-09,Akola,normal,3.9,8.0,11.5,12.37,14.39,7.29,0.2641,0.0037,0.0008
2025-08-09,Amravati,normal,7.7,5.4,8.7,9.8,11.83,6.08,0.2067,0.0023,0.0006
2025-08-09,Aurangabad,normal,2.9,23.0,28.0,27.4,25.22,11.5,0.4738,0.014,0.0027
2025-08-09,Bhubaneswar,normal,4.9,6.5,10.0,10.8,12.48,7.57,0.2322,0.0029,0.0007
2025-08-09,Mumbai,coastal,1.6,2.1,4.1,5.7,5.7,4.09,0.1639,0.0028,0.0004
2025-08-09,Thiruvananthapuram,coastal,5.5,0.3,1.0,1.8,1.8,2.07,0.0798,0.0008,0.0001
2025-08-09,Kochi,coastal,10.7,4.0,6.8,9.7,9.7,7.16,0.2349,0.0054,0.0007
2025-08-09,Mangaluru,coastal,4.5,9.2,12.8,17.54,17.54,9.68,0.3747,0.0141,0.0017
2025-08-09,Panaji,coastal,8.8,29.6,35.81,64.62,64.62,15.88,0.6268,0.0607,0.0064
2025-08-09,Chennai,coastal,8.0,22.3,27.36,39.3,39.3,15.61,0.5653,0.0426,0.0046
2025-08-09,Visakhapatnam,coastal,6.8,0.8,2.0,3.4,3.4,4.18,0.1053,0.0013,0.0002
2025-08-09,Puri,coastal,5.0,7.7,11.1,15.0,15.0,8.88,0.3404,0.0114,0.0014
2025-08-09,Kolkata,coastal,6.9,1.0,2.3,3.9,3.9,4.06,0.115,0.0015,0.0002
2025-08-09,Surat,coastal,1.5,0.8,2.0,3.4,3.4,3.52,0.1053,0.0013,0.0002
2025-08-09,Mahabaleshwar,orographic,7.7,4.5,7.5,5.3,5.3,8.18,0.2096,0.0119,0.0031
2025-08-09,Munnar,orographic,3.1,12.7,16.7,15.8,15.8,12.48,0.3843,0.0406,0.0091
2025-08-09,Madikeri,orographic,12.1,17.9,22.6,24.8,24.8,16.55,0.4577,0.0617,0.0133
2025-08-09,Ooty,orographic,9.6,10.1,13.93,12.2,12.2,10.37,0.3388,0.0307,0.0071
2025-08-09,Lonavala,orographic,7.4,2.6,4.9,3.1,3.1,6.07,0.1512,0.0067,0.0018
2025-08-09,Wayanad,orographic,11.9,14.4,18.8,18.12,18.12,12.5,0.4106,0.0473,0.0105
2025-08-09,Shimla,orographic,2.4,8.8,12.3,10.2,10.2,5.2,0.3131,0.026,0.0061
2025-08-09,Dehradun,orographic,0.2,31.2,37.71,49.11,49.11,11.33,0.5818,0.1201,0.025
2025-08-09,Srinagar,orographic,0.0,1.9,3.7,2.4,2.4,2.32,0.127,0.005,0.0014
2025-08-09,Gangtok,orographic,12.3,2.2,4.2,2.8,2.8,3.52,0.1376,0.0057,0.0016
2025-08-09,Guwahati,orographic,10.3,11.1,15.1,13.6,13.6,7.55,0.3571,0.0344,0.0078
2025-08-09,Cherrapunji,orographic,11.1,5.6,9.0,6.9,6.9,5.71,0.2393,0.0153,0.0038
2025-08-09,Imphal,orographic,0.0,0.5,1.4,0.6,0.6,3.13,0.0727,0.002,0.0006
2025-08-09,Agartala,orographic,0.4,2.7,5.0,3.2,3.2,4.41,0.1545,0.007,0.0019
2025-08-09,Lucknow,normal,2.1,7.0,10.4,11.5,13.02,7.43,0.2431,0.0031,0.0007
2025-08-09,Patna,normal,3.2,12.4,16.4,17.3,19.06,9.03,0.3426,0.0063,0.0013
2025-08-09,Varanasi,normal,0.1,10.2,14.1,15.07,17.26,8.21,0.3058,0.005,0.0011
2025-08-09,Delhi,normal,8.9,3.9,6.7,7.58,9.6,4.21,0.1686,0.0016,0.0004
2025-08-09,Kanpur,normal,9.5,4.8,8.0,8.8,11.4,5.68,0.192,0.002,0.0005
2025-08-09,Ranchi,normal,12.1,9.0,12.6,13.57,16.4,8.8,0.2837,0.0043,0.0009
2025-08-09,Jodhpur,normal,0.0,0.0,0.0,0.0,0.0,0.2,0.0437,0.0002,0.0001
2025-08-09,Bikaner,normal,0.0,0.0,0.0,0.0,0.0,0.2,0.0437,0.0002,0.0001
2025-08-09,Jaisalmer,normal,0.0,0.0,0.0,0.0,0.0,0.2,0.0437,0.0002,0.0001
2025-08-09,Hyderabad,normal,5.4,6.0,9.4,10.4,11.98,6.72,0.2208,0.0026,0.0006
2025-08-09,Bengaluru,normal,7.5,17.5,21.9,21.4,22.32,8.02,0.4136,0.0098,0.002
2025-08-09,Pune,normal,0.9,0.5,1.4,1.3,1.97,3.68,0.0626,0.0003,0.0001
2025-08-09,Kurnool,normal,0.9,9.3,12.9,13.9,16.42,7.25,0.2894,0.0044,0.001
2025-08-09,Madurai,normal,18.5,7.9,11.3,12.2,14.02,6.12,0.262,0.0036,0.0008
2025-08-10,Nagpur,normal,0.9,1.2,2.7,2.85,3.4,5.04,0.0873,0.0005,0.0002
2025-08-10,Bhopal,normal,10.2,15.3,19.5,19.7,21.13,11.83,0.3851,0.0083,0.0017
2025-08-10,Raipur,normal,0.3,0.0,0.0,0.0,0.0,2.59,0.0437,0.0002,0.0001
2025-08-10,Jabalpur,normal,4.4,16.2,20.67,20.7,21.42,12.1,0.3971,0.0089,0.0018
2025-08-10,Akola,normal,0.7,3.6,6.2,7.2,9.17,7.58,0.1605,0.0015,0.0004
2025-08-10,Amravati,normal,1.7,4.8,8.0,8.8,11.4,7.44,0.192,0.002,0.0005
2025-08-10,Aurangabad,normal,2.1,3.8,6.5,7.43,9.6,8.6,0.1659,0.0016,0.0004
2025-08-10,Bhubaneswar,normal,5.7,0.1,0.6,0.5,0.8,4.23,0.0476,0.0002,0.0001
2025-08-10,Mumbai,coastal,3.2,1.3,2.8,4.6,4.6,5.59,0.129,0.0019,0.0003
2025-08-10,Thiruvananthapuram,coastal,3.5,0.1,0.6,1.2,1.2,3.2,0.069,0.0007,0.0001
2025-08-10,Kochi,coastal,12.9,0.8,2.0,3.4,3.4,5.17,0.1053,0.0013,0.0002
2025-08-10,Mangaluru,coastal,9.6,4.1,7.0,9.9,9.9,9.17,0.2382,0.0055,0.0007
2025-08-10,Panaji,coastal,4.9,5.8,9.2,12.53,12.53,9.08,0.2906,0.0082,0.001
2025-08-10,Chennai,coastal,9.6,0.2,0.8,1.53,1.53,4.92,0.0745,0.0008,0.0001
2025-08-10,Visakhapatnam,coastal,2.9,0.3,1.0,1.8,1.8,4.09,0.0798,0.0008,0.0001
2025-08-10,Puri,coastal,0.3,0.2,0.8,1.53,1.53,4.74,0.0745,0.0008,0.0001
2025-08-10,Kolkata,coastal,0.3,0.0,0.0,0.0,0.0,2.76,0.0635,0.0006,0.0001
2025-08-10,Surat,coastal,11.6,0.3,1.0,1.8,1.8,4.09,0.0798,0.0008,0.0001
2025-08-10,Mahabaleshwar,orographic,7.1,5.2,8.6,6.4,6.4,11.13,0.2288,0.0141,0.0035
2025-08-10,Munnar,orographic,4.2,3.6,6.2,4.3,4.3,12.2,0.1831,0.0094,0.0025
2025-08-10,Madikeri,orographic,3.5,8.8,12.3,10.2,10.2,12.65,0.3131,0.026,0.0061
2025-08-10,Ooty,orographic,3.6,0.5,1.4,0.6,0.6,7.22,0.0727,0.002,0.0006
2025-08-10,Lonavala,orographic,13.8,5.0,8.2,6.0,6.0,11.15,0.2234,0.0134,0.0034
2025-08-10,Wayanad,orographic,2.9,0.0,0.0,0.0,0.0,5.11,0.0508,0.0012,0.0004
2025-08-10,Shimla,orographic,6.6,6.9,10.4,8.3,8.3,6.52,0.2713,0.0195,0.0047
2025-08-10,Dehradun,orographic,7.8,14.0,18.27,17.95,17.95,7.48,0.4046,0.0457,0.0101
2025-08-10,Srinagar,orographic,0.0,0.0,0.0,0.0,0.0,1.1,0.0508,0.0012,0.0004
2025-08-10,Gangtok,orographic,22.5,1.0,2.3,1.2,1.2,1.9,0.0931,0.003,0.0009
2025-08-10,Guwahati,orographic,1.7,16.8,21.2,22.5,22.5,11.98,0.4438,0.0571,0.0124
2025-08-10,Cherrapunji,orographic,6.7,12.8,17.0,15.98,15.98,9.48,0.3859,0.0409,0.0092
2025-08-10,Imphal,orographic,0.0,1.8,3.56,2.2,2.2,3.69,0.1234,0.0048,0.0014
2025-08-10,Agartala,orographic,0.5,5.9,9.3,7.2,7.2,6.81,0.247,0.0162,0.004
2025-08-10,Lucknow,normal,3.3,13.6,17.87,18.7,19.73,9.61,0.361,0.0071,0.0015
2025-08-10,Patna,normal,1.6,9.7,13.5,14.57,16.84,9.89,0.2968,0.0047,0.001
2025-08-10,Varanasi,normal,3.3,0.8,1.9,1.71,2.4,4.66,0.0735,0.0004,0.0001
2025-08-10,Delhi,normal,1.7,5.4,8.7,9.8,11.83,6.8,0.2067,0.0023,0.0006
2025-08-10,Kanpur,normal,2.8,1.2,2.6,2.8,3.3,4.42,0.0873,0.0005,0.0002
2025-08-10,Ranchi,normal,2.8,1.0,2.3,2.3,2.9,4.62,0.0805,0.0005,0.0001
2025-08-10,Jodhpur,normal,0.0,0.0,0.0,0.0,0.0,0.58,0.0437,0.0002,0.0001
2025-08-10,Bikaner,normal,0.1,0.0,0.0,0.0,0.0,0.58,0.0437,0.0002,0.0001
2025-08-10,Jaisalmer,normal,0.0,0.0,0.0,0.0,0.0,0.58,0.0437,0.0002,0.0001
2025-08-10,Hyderabad,normal,15.0,7.4,10.73,11.9,13.72,7.22,0.2517,0.0034,0.0008
2025-08-10,Bengaluru,normal,12.9,20.4,25.26,25.0,24.0,11.4,0.4471,0.012,0.0024
2025-08-10,Pune,normal,2.9,0.6,1.6,1.5,2.1,3.53,0.0663,0.0003,0.0001
2025-08-10,Kurnool,normal,7.9,6.6,10.1,11.0,12.63,7.57,0.2344,0.0029,0.0007
2025-08-10,Madurai,normal,6.9,2.8,5.1,5.8,7.04,6.46,0.1378,0.0011,0.0003
2025-08-11,Nagpur,normal,4.1,7.9,11.4,12.22,14.15,7.28,0.262,0.0036,0.0008
2025-08-11,Bhopal,normal,0.9,11.3,15.3,16.11,18.6,10.19,0.3248,0.0056,0.0012
2025-08-11,Raipur,normal,0.9,0.6,1.6,1.5,2.1,2.8,0.0663,0.0003,0.0001
2025-08-11,Jabalpur,normal,17.6,12.7,16.7,17.7,19.42,11.03,0.3473,0.0065,0.0014
2025-08-11,Akola,normal,0.4,2.8,5.1,5.8,7.04,6.48,0.1378,0.0011,0.0003
2025-08-11,Amravati,normal,1.8,6.0,9.4,10.4,11.98,7.44,0.2208,0.0026,0.0006
2025-08-11,Aurangabad,normal,2.4,4.5,7.5,8.4,11.03,7.44,0.1844,0.0019,0.0005
2025-08-11,Bhubaneswar,normal,5.8,0.5,1.4,1.3,1.97,3.58,0.0626,0.0003,0.0001
2025-08-11,Mumbai,coastal,4.3,2.2,4.2,5.9,5.9,5.76,0.168,0.0029,0.0004
2025-08-11,Thiruvananthapuram,coastal,4.2,0.4,1.2,2.02,2.02,4.02,0.0851,0.0009,0.0002
2025-08-11,Kochi,coastal,17.6,2.6,4.9,6.7,6.7,5.55,0.184,0.0034,0.0005
2025-08-11,Mangaluru,coastal,2.4,1.1,2.4,4.1,4.1,5.57,0.1197,0.0016,0.0003
2025-08-11,Panaji,coastal,4.0,5.1,8.39,11.2,11.2,8.84,0.27,0.007,0.0009
2025-08-11,Chennai,coastal,10.0,1.3,2.8,4.6,1.2,4.37,0.129,0.0019,0.0003
2025-08-11,Visakhapatnam,coastal,4.2,2.6,4.9,6.7,6.7,4.88,0.184,0.0034,0.0005
2025-08-11,Puri,coastal,7.0,0.9,2.2,3.6,3.6,4.19,0.1102,0.0014,0.0002
2025-08-11,Kolkata,coastal,7.2,0.4,1.2,2.02,2.02,3.36,0.0851,0.0009,0.0002
2025-08-11,Surat,coastal,1.9,0.1,0.6,1.2,1.2,3.2,0.069,0.0007,0.0001
2025-08-11,Mahabaleshwar,orographic,12.3,3.0,5.4,3.5,3.5,9.33,0.1643,0.0078,0.0021
2025-08-11,Munnar,orographic,2.4,3.4,6.0,4.1,4.1,11.04,0.177,0.0088,0.0023
2025-08-11,Madikeri,orographic,2.8,1.7,3.4,2.0,2.0,8.23,0.1197,0.0045,0.0013
2025-08-11,Ooty,orographic,0.4,0.1,0.6,0.1,0.1,3.8,0.0553,0.0013,0.0004
2025-08-11,Lonavala,orographic,8.4,1.4,3.0,1.7,1.7,7.14,0.1086,0.0039,0.0011
2025-08-11,Wayanad,orographic,1.1,0.1,0.6,0.1,0.1,2.36,0.0553,0.0013,0.0004
2025-08-11,Shimla,orographic,23.1,6.8,10.3,8.2,8.2,6.44,0.269,0.0192,0.0046
2025-08-11,Dehradun,orographic,35.2,11.8,15.7,14.3,14.3,7.21,0.3693,0.0371,0.0084
2025-08-11,Srinagar,orographic,0.0,0.0,0.0,0.0,0.0,0.35,0.0508,0.0012,0.0004
2025-08-11,Gangtok,orographic,25.7,5.8,9.2,7.1,7.1,3.87,0.2444,0.0159,0.0039
2025-08-11,Guwahati,orographic,9.7,4.6,7.6,5.5,5.5,8.17,0.2124,0.0122,0.0031
2025-08-11,Cherrapunji,orographic,15.6,12.0,16.0,14.6,14.6,10.5,0.3727,0.0378,0.0085
2025-08-11,Imphal,orographic,0.2,1.8,3.5,2.1,2.1,4.89,0.1234,0.0048,0.0014
2025-08-11,Agartala,orographic,0.9,3.7,6.3,4.46,4.46,6.9,0.1862,0.0097,0.0025
2025-08-11,Lucknow,normal,11.9,8.1,11.6,12.5,14.59,9.03,0.2661,0.0037,0.0008
2025-08-11,Patna,normal,3.1,4.8,8.0,8.8,11.4,7.66,0.192,0.002,0.0005
2025-08-11,Varanasi,normal,6.7,1.1,2.4,2.5,3.11,4.07,0.0839,0.0005,0.0001
2025-08-11,Delhi,normal,1.6,0.0,0.0,0.0,0.0,2.19,0.0437,0.0002,0.0001
2025-08-11,Kanpur,normal,17.8,15.4,19.6,19.82,21.13,9.11,0.3865,0.0084,0.0017
2025-08-11,Ranchi,normal,2.4,4.1,6.9,7.9,9.9,5.28,0.174,0.0017,0.0004
2025-08-11,Jodhpur,normal,0.0,0.0,0.0,0.0,0.0,0.58,0.0437,0.0002,0.0001
2025-08-11,Bikaner,normal,0.0,0.0,0.0,0.0,0.0,0.58,0.0437,0.0002,0.0001
2025-08-11,Jaisalmer,normal,0.0,0.0,0.0,0.0,0.0,0.58,0.0437,0.0002,0.0001
2025-08-11,Hyderabad,normal,9.7,9.0,12.6,13.57,16.4,7.97,0.2837,0.0043,0.0009
2025-08-11,Bengaluru,normal,7.5,2.0,3.9,4.3,5.3,6.0,0.1135,0.0008,0.0002
2025-08-11,Pune,normal,1.1,3.0,5.4,6.0,7.9,4.27,0.1436,0.0012,0.0003
2025-08-11,Kurnool,normal,6.8,3.3,5.9,6.6,8.14,6.95,0.1521,0.0013,0.0003
2025-08-11,Madurai,normal,1.0,0.2,0.8,0.7,1.0,3.46,0.0514,0.0002,0.0001
2025-08-12,Nagpur,break,3.1,11.9,15.8,18.62,18.62,9.05,0.4075,0.0085,0.0007
2025-08-12,Bhopal,break,0.5,0.3,1.0,1.37,1.37,4.29,0.074,0.0004,0.0
2025-08-12,Raipur,break,8.5,5.6,9.0,11.83,11.83,5.16,0.2684,0.0034,0.0003
2025-08-12,Jabalpur,break,21.1,13.2,17.4,19.52,19.52,9.58,0.4295,0.0097,0.0008
2025-08-12,Akola,break,0.3,0.0,0.0,0.0,0.0,2.99,0.0588,0.0003,0.0
2025-08-12,Amravati,break,0.6,0.5,1.4,1.97,1.97,4.33,0.0837,0.0004,0.0001
2025-08-12,Aurangabad,break,1.4,0.2,0.8,1.0,1.0,3.84,0.069,0.0003,0.0
2025-08-12,Bhubaneswar,break,9.2,0.9,2.2,2.61,2.61,3.81,0.1024,0.0006,0.0001
2025-08-12,Mumbai,coastal,5.0,2.2,4.2,5.9,5.9,6.16,0.168,0.0029,0.0004
2025-08-12,Thiruvananthapuram,coastal,18.5,0.0,0.0,0.0,0.0,2.58,0.0635,0.0006,0.0001
2025-08-12,Kochi,coastal,15.0,1.9,3.7,5.5,5.5,6.14,0.1555,0.0025,0.0004
2025-08-12,Mangaluru,coastal,6.4,10.2,14.1,19.5,19.5,9.26,0.3954,0.016,0.0019
2025-08-12,Panaji,coastal,11.7,11.0,15.0,20.9,20.9,10.68,0.411,0.0176,0.0021
2025-08-12,Chennai,coastal,31.6,1.4,3.0,4.7,1.2,5.51,0.1336,0.002,0.0003
2025-08-12,Visakhapatnam,coastal,2.3,3.3,5.9,8.6,8.6,8.77,0.2104,0.0044,0.0006
2025-08-12,Puri,coastal,1.1,0.4,1.2,2.02,2.02,4.81,0.0851,0.0009,0.0002
2025-08-12,Kolkata,coastal,6.2,7.3,10.6,14.4,14.4,7.84,0.3306,0.0107,0.0013
2025-08-12,Surat,coastal,1.7,1.6,3.3,5.05,5.05,4.4,0.1425,0.0022,0.0003
2025-08-12,Mahabaleshwar,orographic,16.3,1.7,3.4,2.0,2.0,6.44,0.1197,0.0045,0.0013
2025-08-12,Munnar,orographic,6.9,1.2,2.6,1.4,1.4,5.99,0.1009,0.0034,0.001
2025-08-12,Madikeri,orographic,10.4,5.7,9.1,7.0,7.0,9.99,0.2419,0.0156,0.0039
2025-08-12,Ooty,orographic,1.9,3.7,6.3,4.46,4.46,7.06,0.1862,0.0097,0.0025
2025-08-12,Lonavala,orographic,11.5,2.5,4.7,3.1,3.1,6.71,0.1478,0.0065,0.0018
2025-08-12,Wayanad,orographic,3.9,3.5,6.1,4.2,4.2,7.06,0.1801,0.0091,0.0024
2025-08-12,Shimla,orographic,19.5,4.7,7.8,5.6,5.6,5.32,0.2152,0.0125,0.0032
2025-08-12,Dehradun,orographic,2.3,9.7,13.5,11.49,11.49,7.18,0.3311,0.0292,0.0068
2025-08-12,Srinagar,orographic,0.6,0.0,0.0,0.0,0.0,0.36,0.0508,0.0012,0.0004
2025-08-12,Gangtok,orographic,17.7,8.9,12.5,10.3,10.3,5.88,0.3151,0.0264,0.0062
2025-08-12,Guwahati,orographic,64.9,2.9,5.2,3.4,3.4,5.16,0.1611,0.0075,0.002
2025-08-12,Cherrapunji,orographic,9.4,35.5,44.1,58.25,58.25,16.04,0.6101,0.1394,0.029
2025-08-12,Imphal,orographic,10.5,19.6,24.4,27.26,27.26,9.03,0.4778,0.0689,0.0148
2025-08-12,Agartala,orographic,0.6,14.9,19.22,18.82,18.82,8.0,0.4178,0.0493,0.0109
2025-08-12,Lucknow,break,3.8,15.3,19.5,21.13,21.13,9.76,0.4614,0.0117,0.0009
2025-08-12,Patna,break,19.4,5.6,9.0,11.83,11.83,6.26,0.2684,0.0034,0.0003
2025-08-12,Varanasi,break,2.4,15.2,19.5,20.93,20.93,7.47,0.46,0.0116,0.0009
2025-08-12,Delhi,break,3.9,0.2,0.8,1.0,1.0,1.9,0.069,0.0003,0.0
2025-08-12,Kanpur,break,0.9,5.7,9.1,11.88,11.88,7.63,0.2712,0.0035,0.0003
2025-08-12,Ranchi,break,2.4,9.3,12.9,16.42,16.42,8.4,0.3577,0.0063,0.0005
2025-08-12,Jodhpur,break,0.0,0.0,0.0,0.0,0.0,0.54,0.0588,0.0003,0.0
2025-08-12,Bikaner,break,0.6,0.0,0.0,0.0,0.0,0.54,0.0588,0.0003,0.0
2025-08-12,Jaisalmer,break,0.0,0.0,0.0,0.0,0.0,0.54,0.0588,0.0003,0.0
2025-08-12,Hyderabad,break,4.4,2.4,4.6,6.18,6.18,5.29,0.1645,0.0014,0.0001
2025-08-12,Bengaluru,break,5.9,2.3,4.4,5.9,5.9,5.37,0.1607,0.0013,0.0001
2025-08-12,Pune,break,2.8,0.3,1.0,1.37,1.37,3.43,0.074,0.0004,0.0
2025-08-12,Kurnool,break,5.2,0.9,2.2,2.61,2.61,4.3,0.1024,0.0006,0.0001
2025-08-12,Madurai,break,0.6,0.0,0.0,0.0,0.0,2.1,0.0588,0.0003,0.0
2025-08-13,Nagpur,normal,20.0,22.8,27.6,27.3,27.3,11.08,0.4718,0.0138,0.0027
2025-08-13,Bhopal,normal,1.5,4.5,7.5,8.4,8.4,3.87,0.1844,0.0019,0.0005
2025-08-13,Raipur,normal,23.3,10.8,14.7,15.5,15.5,7.71,0.3163,0.0053,0.0012
2025-08-13,Jabalpur,normal,18.6,8.1,11.6,12.5,12.5,7.34,0.2661,0.0037,0.0008
2025-08-13,Akola,normal,12.0,6.2,9.6,10.5,10.5,3.8,0.2254,0.0027,0.0006
2025-08-13,Amravati,normal,23.3,10.7,14.7,15.4,15.4,5.49,0.3146,0.0053,0.0011
2025-08-13,Aurangabad,normal,1.9,0.3,1.0,0.9,0.9,2.07,0.0552,0.0003,0.0001
2025-08-13,Bhubaneswar,normal,11.0,3.2,5.7,6.4,6.4,3.48,0.1493,0.0013,0.0003
2025-08-13,Mumbai,coastal,15.4,4.8,8.0,10.7,10.7,7.05,0.2608,0.0066,0.0009
2025-08-13,Thiruvananthapuram,coastal,7.5,0.8,2.0,3.4,3.4,2.54,0.1053,0.0013,0.0002
2025-08-13,Kochi,coastal,11.2,4.3,7.2,10.13,10.13,6.93,0.2448,0.0058,0.0008
2025-08-13,Mangaluru,coastal,28.6,18.1,22.71,33.06,33.06,13.21,0.519,0.0328,0.0036
2025-08-13,Panaji,coastal,20.9,21.3,26.3,38.01,38.01,15.13,0.5552,0.0402,0.0044
2025-08-13,Chennai,coastal,2.0,1.7,3.4,5.15,5.15,4.58,0.1469,0.0023,0.0003
2025-08-13,Visakhapatnam,coastal,9.4,9.1,12.7,17.3,17.3,9.59,0.3725,0.0139,0.0017
2025-08-13,Puri,coastal,0.7,0.9,2.2,3.6,3.6,3.1,0.1102,0.0014,0.0002
2025-08-13,Kolkata,coastal,15.4,6.6,10.1,13.72,13.72,8.6,0.3125,0.0095,0.0012
2025-08-13,Surat,coastal,3.0,1.5,3.1,4.85,4.85,4.36,0.1381,0.0021,0.0003
2025-08-13,Mahabaleshwar,orographic,12.1,3.6,6.2,4.3,4.3,7.42,0.1831,0.0094,0.0025
2025-08-13,Munnar,orographic,20.6,4.4,7.4,5.2,5.2,6.26,0.2067,0.0117,0.003
2025-08-13,Madikeri,orographic,18.7,4.8,8.0,5.7,5.7,7.65,0.2179,0.0128,0.0033
2025-08-13,Ooty,orographic,0.5,0.4,1.2,0.4,0.4,3.96,0.0684,0.0018,0.0006
2025-08-13,Lonavala,orographic,10.5,5.8,9.2,7.1,7.1,7.48,0.2444,0.0159,0.0039
2025-08-13,Wayanad,orographic,8.3,0.6,1.7,0.8,0.8,4.17,0.0769,0.0022,0.0007
2025-08-13,Shimla,orographic,2.8,0.5,1.4,0.6,0.6,1.47,0.0727,0.002,0.0006
2025-08-13,Dehradun,orographic,1.3,1.3,2.8,1.6,1.6,2.15,0.1048,0.0036,0.0011
2025-08-13,Srinagar,orographic,8.4,3.2,5.7,3.7,3.7,2.03,0.1707,0.0083,0.0022
2025-08-13,Gangtok,orographic,76.2,22.7,27.5,33.72,33.72,7.84,0.5107,0.0823,0.0174
2025-08-13,Guwahati,orographic,37.3,21.6,26.76,31.0,31.0,8.31,0.4995,0.0775,0.0165
2025-08-13,Cherrapunji,orographic,14.0,5.7,9.1,7.0,7.0,6.32,0.2419,0.0156,0.0039
2025-08-13,Imphal,orographic,14.9,8.9,12.5,10.3,10.3,6.7,0.3151,0.0264,0.0062
2025-08-13,Agartala,orographic,30.3,14.2,18.47,18.1,18.1,7.31,0.4076,0.0465,0.0103
2025-08-13,Lucknow,normal,12.7,9.8,13.6,14.7,14.7,8.07,0.2986,0.0047,0.001
2025-08-13,Patna,normal,30.7,27.4,33.6,31.01,31.01,10.62,0.5133,0.0176,0.0033
2025-08-13,Varanasi,normal,39.9,10.5,14.4,15.4,15.4,8.07,0.3111,0.0052,0.0011
2025-08-13,Delhi,normal,0.0,0.0,0.0,0.0,0.0,0.72,0.0437,0.0002,0.0001
2025-08-13,Kanpur,normal,17.1,15.6,19.9,20.12,20.12,8.65,0.3892,0.0085,0.0017
2025-08-13,Ranchi,normal,4.6,11.7,15.6,16.5,16.5,8.38,0.3314,0.0059,0.0013
2025-08-13,Jodhpur,normal,0.0,0.0,0.0,0.0,0.0,0.21,0.0437,0.0002,0.0001
2025-08-13,Bikaner,normal,0.0,0.0,0.0,0.0,0.0,0.21,0.0437,0.0002,0.0001
2025-08-13,Jaisalmer,normal,0.0,0.0,0.0,0.0,0.0,0.21,0.0437,0.0002,0.0001
2025-08-13,Hyderabad,normal,11.8,6.0,9.4,10.4,10.4,5.75,0.2208,0.0026,0.0006
2025-08-13,Bengaluru,normal,15.1,6.4,9.84,10.6,10.6,6.14,0.2299,0.0028,0.0007
2025-08-13,Pune,normal,2.4,0.7,1.8,1.7,1.7,2.72,0.0699,0.0004,0.0001
2025-08-13,Kurnool,normal,23.1,9.2,12.8,13.8,13.8,5.19,0.2875,0.0044,0.001
2025-08-13,Madurai,normal,0.2,2.7,5.0,5.7,5.7,3.25,0.1348,0.0011,0.0003
2025-08-14,Nagpur,normal,8.9,9.9,13.7,14.72,14.72,12.06,0.3004,0.0048,0.0011
2025-08-14,Bhopal,normal,11.6,12.6,16.62,17.51,17.51,11.22,0.3458,0.0065,0.0014
2025-08-14,Raipur,normal,5.0,7.7,11.1,12.1,12.1,10.01,0.2579,0.0035,0.0008
2025-08-14,Jabalpur,normal,10.2,22.0,27.0,26.61,26.61,14.47,0.4639,0.0132,0.0026
2025-08-14,Akola,normal,16.2,31.1,37.5,33.86,33.86,15.75,0.5419,0.0207,0.0038
2025-08-14,Amravati,normal,19.5,20.7,25.5,25.26,25.26,15.2,0.4503,0.0122,0.0024
2025-08-14,Aurangabad,normal,23.6,5.3,8.7,9.8,9.8,5.66,0.2043,0.0023,0.0005
2025-08-14,Bhubaneswar,normal,4.6,7.7,11.1,12.1,12.1,9.3,0.2579,0.0035,0.0008
2025-08-14,Mumbai,coastal,38.9,15.9,20.4,29.06,29.06,15.94,0.4904,0.0278,0.0031
2025-08-14,Thiruvananthapuram,coastal,10.3,0.0,0.0,0.0,0.0,2.83,0.0635,0.0006,0.0001
2025-08-14,Kochi,coastal,24.7,0.4,1.2,2.02,2.02,5.03,0.0851,0.0009,0.0002
2025-08-14,Mangaluru,coastal,36.3,19.7,24.5,35.4,35.4,19.64,0.5379,0.0365,0.004
2025-08-14,Panaji,depression,43.1,34.4,41.9,26.2,80.21,24.63,0.701,0.0808,0.0027
2025-08-14,Chennai,coastal,3.5,1.4,3.0,4.7,4.7,5.55,0.1336,0.002,0.0003
2025-08-14,Visakhapatnam,coastal,3.7,15.9,20.4,29.06,29.06,16.13,0.4904,0.0278,0.0031
2025-08-14,Puri,coastal,6.6,7.6,10.9,14.8,14.8,8.23,0.338,0.0112,0.0014
2025-08-14,Kolkata,coastal,17.5,5.1,8.5,11.3,11.3,9.3,0.27,0.007,0.0009
2025-08-14,Surat,coastal,1.6,1.0,2.3,3.9,3.9,5.01,0.115,0.0015,0.0002
2025-08-14,Mahabaleshwar,orographic,18.6,16.0,20.4,21.2,21.2,18.1,0.4332,0.0538,0.0118
2025-08-14,Munnar,orographic,20.8,0.7,1.9,0.9,0.9,5.84,0.081,0.0024,0.0007
2025-08-14,Madikeri,orographic,15.5,5.7,9.1,7.0,7.0,10.12,0.2419,0.0156,0.0039
2025-08-14,Ooty,orographic,1.5,0.1,0.6,0.1,0.1,2.87,0.0553,0.0013,0.0004
2025-08-14,Lonavala,orographic,10.1,8.6,12.1,10.1,10.1,11.74,0.3089,0.0253,0.0059
2025-08-14,Wayanad,orographic,6.3,0.5,1.4,0.6,0.6,4.4,0.0727,0.002,0.0006
2025-08-14,Shimla,orographic,43.0,4.2,7.1,4.96,4.96,3.39,0.201,0.0111,0.0029
2025-08-14,Dehradun,orographic,14.0,9.0,12.6,10.4,10.4,5.88,0.3172,0.0267,0.0062
2025-08-14,Srinagar,orographic,19.2,11.4,15.4,14.0,14.0,6.25,0.3624,0.0356,0.0081
2025-08-14,Gangtok,orographic,14.0,6.8,10.3,8.2,8.2,7.02,0.269,0.0192,0.0046
2025-08-14,Guwahati,orographic,0.0,0.3,1.0,0.4,0.4,4.5,0.0641,0.0017,0.0005
2025-08-14,Cherrapunji,orographic,5.6,5.7,9.1,7.0,7.0,6.35,0.2419,0.0156,0.0039
2025-08-14,Imphal,orographic,5.3,8.7,12.2,10.2,10.2,8.21,0.311,0.0257,0.006
2025-08-14,Agartala,orographic,18.8,13.0,17.2,16.3,16.3,9.57,0.3891,0.0417,0.0093
2025-08-14,Lucknow,normal,11.0,12.1,16.1,17.1,17.1,11.03,0.3379,0.0062,0.0013
2025-08-14,Patna,normal,1.1,1.2,2.7,2.85,2.85,6.2,0.0873,0.0005,0.0002
2025-08-14,Varanasi,normal,2.2,11.5,15.42,16.36,16.36,10.91,0.3281,0.0058,0.0012
2025-08-14,Delhi,normal,8.2,11.8,15.7,16.6,16.6,8.76,0.333,0.006,0.0013
2025-08-14,Kanpur,normal,2.3,18.3,23.0,22.2,22.2,12.78,0.4233,0.0104,0.0021
2025-08-14,Ranchi,normal,3.4,1.4,3.0,3.2,3.2,5.52,0.0941,0.0006,0.0002
2025-08-14,Jodhpur,normal,0.0,0.0,0.0,0.0,0.0,0.63,0.0437,0.0002,0.0001
2025-08-14,Bikaner,normal,0.1,0.0,0.0,0.0,0.0,0.63,0.0437,0.0002,0.0001
2025-08-14,Jaisalmer,normal,0.3,0.0,0.0,0.0,0.0,0.63,0.0437,0.0002,0.0001
2025-08-14,Hyderabad,normal,8.8,12.3,16.32,17.21,17.21,8.96,0.341,0.0063,0.0013
2025-08-14,Bengaluru,normal,5.1,0.4,1.2,1.1,1.1,4.74,0.0589,0.0003,0.0001
2025-08-14,Pune,normal,4.8,7.8,11.2,12.2,12.2,5.95,0.26,0.0036,0.0008
2025-08-14,Kurnool,normal,30.1,48.7,60.1,49.3,49.3,15.8,0.6406,0.0371,0.0065
2025-08-14,Madurai,normal,0.0,0.0,0.0,0.0,0.0,2.73,0.0437,0.0002,0.0001
2025-08-15,Nagpur,normal,14.8,23.1,28.1,27.4,27.4,14.95,0.4748,0.0141,0.0027
2025-08-15,Bhopal,depression,6.5,26.3,32.2,15.6,30.01,15.01,0.6475,0.058,0.002
2025-08-15,Raipur,normal,14.5,24.9,30.36,29.3,29.3,14.88,0.4916,0.0155,0.003
2025-08-15,Jabalpur,depression,19.6,31.5,38.21,24.1,34.0,18.76,0.6839,0.0725,0.0025
2025-08-15,Akola,normal,26.3,11.2,15.2,16.0,16.0,12.36,0.3231,0.0056,0.0012
2025-08-15,Amravati,normal,15.2,14.6,18.9,19.4,19.4,12.67,0.3754,0.0078,0.0016
2025-08-15,Aurangabad,normal,20.0,14.4,18.8,19.3,19.3,11.62,0.3726,0.0077,0.0016
2025-08-15,Bhubaneswar,normal,4.7,6.4,9.84,10.6,10.6,10.32,0.2299,0.0028,0.0007
2025-08-15,Mumbai,coastal,35.8,4.0,6.8,9.7,9.7,9.62,0.2349,0.0054,0.0007
2025-08-15,Thiruvananthapuram,coastal,18.7,0.1,0.6,1.2,1.2,2.43,0.069,0.0007,0.0001
2025-08-15,Kochi,coastal,56.2,0.8,2.0,3.4,1.2,4.32,0.1053,0.0013,0.0002
2025-08-15,Mangaluru,depression,33.0,29.8,36.2,22.77,64.62,21.75,0.6729,0.0677,0.0023
2025-08-15,Panaji,depression,40.5,31.4,38.11,24.1,72.24,24.82,0.6833,0.0722,0.0024
2025-08-15,Chennai,coastal,2.2,0.0,0.0,0.0,0.0,3.08,0.0635,0.0006,0.0001
2025-08-15,Visakhapatnam,coastal,3.4,1.2,2.6,4.26,4.26,6.23,0.1244,0.0017,0.0003
2025-08-15,Puri,coastal,7.4,3.2,5.7,8.1,8.1,8.09,0.2068,0.0042,0.0006
2025-08-15,Kolkata,coastal,7.9,5.9,9.3,12.6,12.6,9.5,0.2934,0.0083,0.0011
2025-08-15,Surat,coastal,11.5,8.5,12.0,17.0,17.0,8.27,0.3592,0.0128,0.0016
2025-08-15,Mahabaleshwar,orographic,23.4,1.4,3.0,1.7,1.7,7.57,0.1086,0.0039,0.0011
2025-08-15,Munnar,orographic,57.3,1.0,2.3,1.2,1.2,4.87,0.0931,0.003,0.0009
2025-08-15,Madikeri,orographic,37.7,3.0,5.4,3.5,3.5,9.36,0.1643,0.0078,0.0021
2025-08-15,Ooty,orographic,11.0,0.5,1.4,0.6,0.6,4.02,0.0727,0.002,0.0006
2025-08-15,Lonavala,orographic,21.1,2.0,3.9,2.5,2.5,8.87,0.1305,0.0052,0.0015
2025-08-15,Wayanad,orographic,33.0,0.2,0.8,0.2,0.2,3.62,0.0598,0.0015,0.0005
2025-08-15,Shimla,orographic,3.4,8.4,12.0,9.84,9.84,6.4,0.3047,0.0246,0.0058
2025-08-15,Dehradun,orographic,2.4,7.3,10.6,8.74,8.74,6.86,0.2806,0.0208,0.005
2025-08-15,Srinagar,orographic,34.0,14.0,18.27,17.95,17.95,7.62,0.4046,0.0457,0.0101
2025-08-15,Gangtok,orographic,0.5,5.0,8.2,6.0,6.0,5.7,0.2234,0.0134,0.0034
2025-08-15,Guwahati,orographic,0.2,9.6,13.3,11.3,11.3,6.33,0.3291,0.0289,0.0067
2025-08-15,Cherrapunji,orographic,10.5,13.8,18.1,17.6,17.6,9.15,0.4016,0.0449,0.01
2025-08-15,Imphal,orographic,2.1,11.8,15.7,14.3,14.3,9.54,0.3693,0.0371,0.0084
2025-08-15,Agartala,orographic,8.3,0.0,0.0,0.0,0.0,3.53,0.0508,0.0012,0.0004
2025-08-15,Lucknow,normal,0.0,2.4,4.5,5.0,5.0,6.02,0.1258,0.001,0.0003
2025-08-15,Patna,normal,0.8,0.1,0.6,0.5,0.5,2.42,0.0476,0.0002,0.0001
2025-08-15,Varanasi,normal,0.2,0.6,1.6,1.5,1.5,5.01,0.0663,0.0003,0.0001
2025-08-15,Delhi,normal,4.6,6.6,10.2,11.1,11.1,9.73,0.2344,0.0029,0.0007
2025-08-15,Kanpur,normal,0.2,2.8,5.1,5.8,5.8,7.9,0.1378,0.0011,0.0003
2025-08-15,Ranchi,normal,1.7,0.6,1.7,1.6,1.6,4.05,0.0663,0.0003,0.0001
2025-08-15,Jodhpur,normal,2.7,0.9,2.1,2.0,2.0,1.65,0.077,0.0004,0.0001
2025-08-15,Bikaner,normal,0.7,0.0,0.0,0.0,0.0,0.6,0.0437,0.0002,0.0001
2025-08-15,Jaisalmer,normal,1.3,0.0,0.0,0.0,0.0,0.6,0.0437,0.0002,0.0001
2025-08-15,Hyderabad,normal,4.8,0.8,2.0,1.8,1.8,5.32,0.0735,0.0004,0.0001
2025-08-15,Bengaluru,normal,8.2,0.1,0.6,0.5,0.5,2.63,0.0476,0.0002,0.0001
2025-08-15,Pune,normal,6.6,0.4,1.2,1.1,1.1,5.17,0.0589,0.0003,0.0001
2025-08-15,Kurnool,normal,6.8,1.4,3.0,3.2,3.2,6.97,0.0941,0.0006,0.0002
2025-08-15,Madurai,normal,1.0,0.0,0.0,0.0,0.0,1.55,0.0437,0.0002,0.0001
2025-08-16,Nagpur,depression,43.7,16.3,20.7,5.7,20.71,16.92,0.545,0.0319,0.0012
2025-08-16,Bhopal,depression,7.7,19.8,24.6,8.09,24.22,20.26,0.5874,0.0407,0.0014
2025-08-16,Raipur,depression,12.3,24.6,30.0,13.87,28.72,20.56,0.6337,0.0533,0.0018
2025-08-16,Jabalpur,depression,15.9,16.0,20.4,5.47,20.6,16.92,0.5409,0.0311,0.0011
2025-08-16,Akola,depression,16.3,86.2,92.3,74.76,66.31,23.76,0.8452,0.2322,0.008
2025-08-16,Amravati,depression,16.6,62.3,74.2,59.64,55.91,24.21,0.8017,0.1632,0.0055
2025-08-16,Aurangabad,active,17.6,10.7,14.7,17.12,15.4,13.04,0.3918,0.0174,0.0057
2025-08-16,Bhubaneswar,active,6.4,6.2,9.6,11.65,10.5,8.03,0.29,0.009,0.0032
2025-08-16,Mumbai,coastal,34.2,20.0,24.8,35.81,35.81,17.74,0.5412,0.0372,0.0041
2025-08-16,Thiruvananthapuram,coastal,8.5,2.0,3.9,5.6,5.6,4.81,0.1597,0.0027,0.0004
2025-08-16,Kochi,coastal,22.5,17.9,22.6,32.23,32.23,12.27,0.5166,0.0323,0.0036
2025-08-16,Mangaluru,depression,41.3,60.2,72.0,56.63,236.84,36.1,0.7967,0.1569,0.0052
2025-08-16,Panaji,depression,30.6,30.1,36.6,23.15,67.83,26.59,0.6749,0.0685,0.0023
2025-08-16,Chennai,coastal,3.2,3.3,5.8,8.5,8.5,5.16,0.2104,0.0044,0.0006
2025-08-16,Visakhapatnam,coastal,27.7,2.5,4.7,6.49,6.49,5.48,0.1801,0.0033,0.0005
2025-08-16,Puri,coastal,10.2,7.8,11.3,15.2,15.2,9.87,0.3428,0.0116,0.0014
2025-08-16,Kolkata,coastal,3.4,0.3,1.0,1.8,1.8,4.53,0.0798,0.0008,0.0001
2025-08-16,Surat,coastal,11.4,13.3,17.6,24.93,24.93,13.19,0.4513,0.0223,0.0026
2025-08-16,Mahabaleshwar,orographic,38.8,3.7,6.3,4.46,4.46,9.16,0.1862,0.0097,0.0025
2025-08-16,Munnar,orographic,34.1,1.8,3.56,2.2,2.2,5.9,0.1234,0.0048,0.0014
2025-08-16,Madikeri,orographic,37.6,12.8,17.0,15.98,15.98,14.15,0.3859,0.0409,0.0092
2025-08-16,Ooty,orographic,10.2,1.0,2.3,1.2,1.2,4.25,0.0931,0.003,0.0009
2025-08-16,Lonavala,orographic,18.7,6.0,9.4,7.3,7.3,9.73,0.2495,0.0166,0.0041
2025-08-16,Wayanad,orographic,21.5,5.0,8.2,6.0,6.0,6.84,0.2234,0.0134,0.0034
2025-08-16,Shimla,orographic,9.5,12.8,17.0,15.98,15.98,6.73,0.3859,0.0409,0.0092
2025-08-16,Dehradun,orographic,4.4,20.7,25.5,28.86,28.86,8.86,0.49,0.0736,0.0157
2025-08-16,Srinagar,orographic,0.8,2.4,4.5,2.9,2.9,3.29,0.1445,0.0062,0.0017
2025-08-16,Gangtok,orographic,10.9,2.4,4.5,2.9,2.9,2.75,0.1445,0.0062,0.0017
2025-08-16,Guwahati,orographic,0.0,2.4,4.5,2.9,2.9,5.9,0.1445,0.0062,0.0017
2025-08-16,Cherrapunji,orographic,5.0,17.2,21.6,23.27,23.27,12.15,0.4489,0.0587,0.0128
2025-08-16,Imphal,orographic,0.5,6.3,9.8,7.7,7.7,7.85,0.2569,0.0175,0.0043
2025-08-16,Agartala,orographic,28.4,0.9,2.2,1.1,1.1,2.48,0.0891,0.0028,0.0009
2025-08-16,Lucknow,active,0.3,0.1,0.6,0.92,0.5,2.42,0.0655,0.0007,0.0003
2025-08-16,Patna,active,0.1,0.0,0.0,0.0,0.0,1.4,0.0602,0.0006,0.0003
2025-08-16,Varanasi,active,0.0,0.0,0.0,0.0,0.0,1.52,0.0602,0.0006,0.0003
2025-08-16,Delhi,active,4.1,11.7,15.6,18.85,16.5,10.21,0.4103,0.0195,0.0063
2025-08-16,Kanpur,active,0.5,0.0,0.0,0.0,0.0,1.74,0.0602,0.0006,0.0003
2025-08-16,Ranchi,active,1.1,0.0,0.0,0.0,0.0,1.53,0.0602,0.0006,0.0003
2025-08-16,Jodhpur,active,3.9,1.2,2.7,3.7,2.85,2.93,0.1184,0.0018,0.0008
2025-08-16,Bikaner,active,0.1,0.0,0.0,0.0,0.0,0.82,0.0602,0.0006,0.0003
2025-08-16,Jaisalmer,active,3.0,0.0,0.0,0.0,0.0,0.82,0.0602,0.0006,0.0003
2025-08-16,Hyderabad,active,2.0,0.2,0.8,1.3,0.7,3.3,0.0707,0.0008,0.0004
2025-08-16,Bengaluru,active,5.9,0.5,1.4,2.01,1.3,3.5,0.0857,0.0011,0.0005
2025-08-16,Pune,active,6.2,0.6,1.7,2.4,1.6,3.69,0.0906,0.0012,0.0005
2025-08-16,Kurnool,active,8.1,0.2,0.8,1.3,0.7,3.56,0.0707,0.0008,0.0004
2025-08-16,Madurai,active,0.0,0.0,0.0,0.0,0.0,1.74,0.0602,0.0006,0.0003
2025-08-17,Nagpur,depression,11.8,22.2,27.2,10.5,26.71,14.56,0.612,0.0469,0.0016
2025-08-17,Bhopal,normal,3.0,17.1,21.4,21.02,21.02,12.5,0.4086,0.0096,0.0019
2025-08-17,Raipur,normal,11.6,1.1,2.4,2.5,2.5,5.83,0.0839,0.0005,0.0001
2025-08-17,Jabalpur,normal,6.2,7.8,11.2,12.2,12.2,9.56,0.26,0.0036,0.0008
2025-08-17,Akola,depression,1.6,39.0,49.3,36.04,40.81,18.17,0.7244,0.0941,0.0031
2025-08-17,Amravati,depression,3.2,41.7,52.81,41.83,41.72,18.17,0.7365,0.102,0.0034
2025-08-17,Aurangabad,normal,22.3,0.8,2.0,1.8,1.8,5.31,0.0735,0.0004,0.0001
2025-08-17,Bhubaneswar,normal,24.2,11.8,15.7,16.6,16.6,10.77,0.333,0.006,0.0013
2025-08-17,Mumbai,depression,16.3,31.9,38.7,24.3,24.3,21.96,0.6864,0.0736,0.0025
2025-08-17,Thiruvananthapuram,coastal,8.6,0.5,1.4,2.4,2.4,4.66,0.0903,0.001,0.0002
2025-08-17,Kochi,coastal,17.4,16.3,20.7,29.4,29.4,14.65,0.4958,0.0287,0.0032
2025-08-17,Mangaluru,depression,50.9,45.7,56.9,44.83,179.8,24.05,0.7525,0.1139,0.0038
2025-08-17,Panaji,depression,48.3,41.1,52.3,41.39,100.17,23.27,0.7339,0.1003,0.0033
2025-08-17,Chennai,coastal,12.1,1.6,3.3,5.05,5.05,5.37,0.1425,0.0022,0.0003
2025-08-17,Visakhapatnam,depression,77.4,116.0,127.4,89.22,89.22,22.38,0.878,0.3116,0.0114
2025-08-17,Puri,coastal,22.6,10.5,14.4,19.83,19.83,11.99,0.4014,0.0166,0.002
2025-08-17,Kolkata,coastal,10.5,0.0,0.0,0.0,0.0,2.52,0.0635,0.0006,0.0001
2025-08-17,Surat,coastal,15.2,12.7,16.7,23.7,23.7,13.07,0.4414,0.021,0.0024
2025-08-17,Mahabaleshwar,orographic,58.7,24.6,30.0,38.36,38.36,21.82,0.5287,0.0906,0.0191
2025-08-17,Munnar,orographic,40.4,3.3,5.8,3.81,3.81,7.95,0.1739,0.0086,0.0023
2025-08-17,Madikeri,orographic,41.4,49.6,61.0,83.43,83.43,36.37,0.6801,0.2023,0.0424
2025-08-17,Ooty,orographic,7.1,1.6,3.3,1.9,1.9,5.43,0.116,0.0043,0.0012
2025-08-17,Lonavala,orographic,19.3,14.4,18.8,18.12,18.12,14.36,0.4106,0.0473,0.0105
2025-08-17,Wayanad,orographic,19.8,3.1,5.5,3.6,3.6,8.28,0.1675,0.008,0.0021
2025-08-17,Shimla,orographic,9.6,20.6,25.46,28.8,28.8,9.69,0.4889,0.0731,0.0156
2025-08-17,Dehradun,orographic,3.3,11.1,15.1,13.6,13.6,6.75,0.3571,0.0344,0.0078
2025-08-17,Srinagar,orographic,1.0,1.4,3.0,1.7,1.7,2.03,0.1086,0.0039,0.0011
2025-08-17,Gangtok,orographic,16.8,14.6,18.9,18.57,18.57,6.12,0.4135,0.0481,0.0106
2025-08-17,Guwahati,orographic,1.7,13.3,17.6,16.7,16.7,8.09,0.3938,0.0429,0.0096
2025-08-17,Cherrapunji,orographic,3.9,14.6,18.9,18.57,18.57,8.72,0.4135,0.0481,0.0106
2025-08-17,Imphal,orographic,1.2,106.1,112.11,127.85,127.85,19.05,0.8112,0.4149,0.0984
2025-08-17,Agartala,orographic,18.2,11.7,15.6,14.2,14.2,6.46,0.3676,0.0367,0.0083
2025-08-17,Lucknow,normal,4.9,0.1,0.6,0.5,0.5,2.12,0.0476,0.0002,0.0001
2025-08-17,Patna,normal,1.5,0.7,1.8,1.7,1.7,2.85,0.0699,0.0004,0.0001
2025-08-17,Varanasi,normal,0.3,0.0,0.0,0.0,0.0,0.95,0.0437,0.0002,0.0001
2025-08-17,Delhi,normal,3.6,9.9,13.7,14.72,14.72,10.42,0.3004,0.0048,0.0011
2025-08-17,Kanpur,normal,1.4,0.0,0.0,0.0,0.0,0.95,0.0437,0.0002,0.0001
2025-08-17,Ranchi,normal,3.0,0.2,0.8,0.7,0.7,1.95,0.0514,0.0002,0.0001
2025-08-17,Jodhpur,normal,0.6,2.4,4.5,5.0,5.0,3.6,0.1258,0.001,0.0003
2025-08-17,Bikaner,normal,0.0,0.0,0.0,0.0,0.0,0.6,0.0437,0.0002,0.0001
2025-08-17,Jaisalmer,normal,12.7,0.2,0.8,0.7,0.7,0.94,0.0514,0.0002,0.0001
2025-08-17,Hyderabad,normal,7.5,6.9,10.4,11.4,11.4,5.71,0.241,0.0031,0.0007
2025-08-17,Bengaluru,normal,17.4,0.7,1.8,1.7,1.7,3.74,0.0699,0.0004,0.0001
2025-08-17,Pune,normal,6.6,1.1,2.4,2.5,2.5,4.12,0.0839,0.0005,0.0001
2025-08-17,Kurnool,normal,12.7,0.5,1.4,1.3,1.3,3.36,0.0626,0.0003,0.0001
2025-08-17,Madurai,normal,0.0,0.0,0.0,0.0,0.0,1.46,0.0437,0.0002,0.0001
2025-08-18,Nagpur,depression,23.8,16.4,20.8,5.74,24.31,16.83,0.5463,0.0321,0.0012
2025-08-18,Bhopal,normal,14.6,15.4,19.6,19.82,24.03,16.47,0.3865,0.0084,0.0017
2025-08-18,Raipur,normal,19.6,15.1,19.4,19.7,23.73,8.65,0.3824,0.0081,0.0017
2025-08-18,Jabalpur,normal,22.9,12.9,17.1,17.8,19.99,12.06,0.3504,0.0067,0.0014
2025-08-18,Akola,depression,29.1,25.0,30.56,14.2,38.71,21.15,0.637,0.0544,0.0019
2025-08-18,Amravati,depression,41.8,35.3,43.75,28.89,41.94,24.4,0.7059,0.0834,0.0028
2025-08-18,Aurangabad,normal,25.3,30.7,37.21,33.6,39.16,11.63,0.539,0.0204,0.0038
2025-08-18,Bhubaneswar,normal,7.8,7.9,11.4,12.22,13.8,11.53,0.262,0.0036,0.0008
2025-08-18,Mumbai,depression,127.0,47.1,57.7,45.23,45.23,29.58,0.7576,0.118,0.0039
2025-08-18,Thiruvananthapuram,coastal,8.8,1.0,2.3,3.9,3.9,4.5,0.115,0.0015,0.0002
2025-08-18,Kochi,coastal,8.3,9.4,13.03,17.9,17.9,13.52,0.3789,0.0145,0.0017
2025-08-18,Mangaluru,depression,35.3,34.3,41.86,26.1,80.21,29.13,0.7004,0.0805,0.0027
2025-08-18,Panaji,depression,62.4,58.7,71.9,56.33,230.94,36.88,0.7929,0.1525,0.0051
2025-08-18,Chennai,coastal,3.0,1.1,2.4,4.1,4.1,5.73,0.1197,0.0016,0.0003
2025-08-18,Visakhapatnam,depression,39.5,23.6,28.61,12.0,39.4,23.84,0.6249,0.0506,0.0018
2025-08-18,Puri,coastal,12.5,9.7,13.5,18.77,18.77,13.08,0.3852,0.0151,0.0018
2025-08-18,Kolkata,coastal,10.5,8.5,12.0,17.0,17.0,8.37,0.3592,0.0128,0.0016
2025-08-18,Surat,coastal,3.9,7.8,11.3,15.2,15.2,11.61,0.3428,0.0116,0.0014
2025-08-18,Mahabaleshwar,orographic,134.0,79.1,87.0,106.07,106.07,48.44,0.7659,0.3225,0.0714
2025-08-18,Munnar,orographic,22.5,2.4,4.5,2.9,2.9,7.36,0.1445,0.0062,0.0017
2025-08-18,Madikeri,orographic,30.8,4.4,7.4,5.2,5.2,15.8,0.2067,0.0117,0.003
2025-08-18,Ooty,orographic,3.4,1.2,2.7,1.5,1.5,6.7,0.1009,0.0034,0.001
2025-08-18,Lonavala,orographic,92.1,84.5,92.3,115.6,115.6,43.3,0.7767,0.3424,0.0768
2025-08-18,Wayanad,orographic,11.8,3.2,5.7,3.7,3.7,8.82,0.1707,0.0083,0.0022
2025-08-18,Shimla,orographic,15.7,3.4,6.0,4.1,4.1,6.86,0.177,0.0088,0.0023
2025-08-18,Dehradun,orographic,1.5,0.0,0.0,0.0,0.0,2.09,0.0508,0.0012,0.0004
2025-08-18,Srinagar,orographic,6.5,18.2,22.9,24.8,24.8,7.07,0.4614,0.0629,0.0136
2025-08-18,Gangtok,orographic,11.4,33.4,40.7,52.82,52.82,12.14,0.5968,0.13,0.0271
2025-08-18,Guwahati,orographic,0.4,7.9,11.4,9.34,9.34,9.42,0.294,0.0229,0.0054
2025-08-18,Cherrapunji,orographic,0.7,11.7,15.6,14.2,14.2,10.43,0.3676,0.0367,0.0083
2025-08-18,Imphal,orographic,1.9,9.5,13.2,11.2,11.2,12.37,0.3272,0.0285,0.0066
2025-08-18,Agartala,orographic,6.9,7.7,11.1,9.1,9.1,9.23,0.2896,0.0222,0.0053
2025-08-18,Lucknow,normal,1.6,0.3,1.0,0.9,1.72,2.64,0.0552,0.0003,0.0001
2025-08-18,Patna,normal,1.1,3.4,5.9,6.8,6.9,5.94,0.1549,0.0014,0.0004
2025-08-18,Varanasi,normal,1.2,0.0,0.0,0.0,0.0,0.98,0.0437,0.0002,0.0001
2025-08-18,Delhi,normal,9.0,3.4,5.9,6.8,6.9,8.29,0.1549,0.0014,0.0004
2025-08-18,Kanpur,normal,0.3,0.3,1.0,0.9,1.72,2.07,0.0552,0.0003,0.0001
2025-08-18,Ranchi,normal,7.6,1.3,2.8,3.0,3.8,3.82,0.0907,0.0006,0.0002
2025-08-18,Jodhpur,normal,0.7,0.0,0.0,0.0,0.0,1.45,0.0437,0.0002,0.0001
2025-08-18,Bikaner,normal,0.1,0.4,1.2,1.1,1.97,1.62,0.0589,0.0003,0.0001
2025-08-18,Jaisalmer,normal,0.5,1.3,2.8,3.0,3.8,2.2,0.0907,0.0006,0.0002
2025-08-18,Hyderabad,normal,15.6,3.9,6.7,7.58,7.44,7.87,0.1686,0.0016,0.0004
2025-08-18,Bengaluru,normal,6.9,0.6,1.7,1.6,2.4,4.24,0.0663,0.0003,0.0001
2025-08-18,Pune,normal,25.2,24.8,30.21,29.2,38.71,9.82,0.4907,0.0154,0.003
2025-08-18,Kurnool,normal,19.3,1.3,2.8,3.0,3.8,4.13,0.0907,0.0006,0.0002
2025-08-18,Madurai,normal,0.0,0.0,0.0,0.0,0.0,1.59,0.0437,0.0002,0.0001
2025-08-19,Nagpur,depression,25.3,62.5,74.2,59.64,55.91,29.0,0.8022,0.1638,0.0055
2025-08-19,Bhopal,normal,18.6,11.2,15.2,16.0,16.0,13.51,0.3231,0.0056,0.0012
2025-08-19,Raipur,normal,14.7,14.9,19.22,19.7,19.7,13.85,0.3796,0.008,0.0017
2025-08-19,Jabalpur,normal,9.4,15.3,19.5,19.7,19.7,15.26,0.3851,0.0083,0.0017
2025-08-19,Akola,normal,23.5,11.5,15.42,16.36,16.36,14.6,0.3281,0.0058,0.0012
2025-08-19,Amravati,normal,19.7,8.4,12.0,12.8,2.0,12.67,0.2721,0.0039,0.0009
2025-08-19,Aurangabad,depression,7.2,14.3,18.6,3.05,19.2,14.94,0.5163,0.0271,0.001
2025-08-19,Bhubaneswar,normal,6.6,17.4,21.8,21.4,21.4,13.61,0.4124,0.0098,0.002
2025-08-19,Mumbai,depression,136.5,215.7,198.8,112.67,112.67,36.88,0.9277,0.5131,0.0236
2025-08-19,Thiruvananthapuram,coastal,0.2,0.3,1.0,1.8,1.8,3.94,0.0798,0.0008,0.0001
2025-08-19,Kochi,coastal,2.7,0.7,1.9,3.0,3.0,5.77,0.1004,0.0012,0.0002
2025-08-19,Mangaluru,depression,9.1,19.5,24.3,8.09,35.11,19.48,0.5841,0.0399,0.0014
2025-08-19,Panaji,depression,76.9,44.6,56.3,44.33,175.47,30.56,0.7483,0.1106,0.0037
2025-08-19,Chennai,coastal,0.5,2.2,4.2,5.9,5.9,5.56,0.168,0.0029,0.0004
2025-08-19,Visakhapatnam,coastal,1.1,0.0,0.0,0.0,0.0,4.55,0.0635,0.0006,0.0001
2025-08-19,Puri,coastal,4.9,11.9,15.8,22.43,22.43,13.59,0.4275,0.0194,0.0023
2025-08-19,Kolkata,coastal,10.0,4.8,8.0,10.7,10.7,9.8,0.2608,0.0066,0.0009
2025-08-19,Surat,depression,2.1,33.0,40.3,25.05,80.21,24.03,0.693,0.0768,0.0026
2025-08-19,Mahabaleshwar,orographic,211.0,78.6,86.9,105.7,105.7,54.19,0.7648,0.3206,0.0709
2025-08-19,Munnar,orographic,4.3,1.1,2.4,1.33,1.33,6.7,0.097,0.0032,0.001
2025-08-19,Madikeri,orographic,6.3,13.0,17.2,16.3,16.3,16.22,0.3891,0.0417,0.0093
2025-08-19,Ooty,orographic,0.1,0.3,1.0,0.4,0.4,4.62,0.0641,0.0017,0.0005
2025-08-19,Lonavala,orographic,138.0,154.4,146.5,157.61,157.61,54.19,0.859,0.5415,0.1458
2025-08-19,Wayanad,orographic,2.3,4.0,6.8,4.8,4.8,10.46,0.1951,0.0105,0.0027
2025-08-19,Shimla,orographic,3.9,7.5,10.8,8.94,8.94,6.46,0.2851,0.0215,0.0051
2025-08-19,Dehradun,orographic,3.1,8.3,11.9,9.74,9.74,4.42,0.3026,0.0242,0.0057
2025-08-19,Srinagar,orographic,14.2,0.6,1.6,0.7,0.7,3.15,0.0769,0.0022,0.0007
2025-08-19,Gangtok,orographic,5.0,19.5,24.3,27.11,27.11,9.63,0.4767,0.0684,0.0147
2025-08-19,Guwahati,orographic,5.1,19.6,24.4,27.26,27.26,11.16,0.4778,0.0689,0.0148
2025-08-19,Cherrapunji,orographic,10.8,5.2,8.6,6.4,6.4,7.88,0.2288,0.0141,0.0035
2025-08-19,Imphal,orographic,4.6,4.2,7.1,4.96,4.96,7.81,0.201,0.0111,0.0029
2025-08-19,Agartala,orographic,8.5,2.9,5.2,3.4,3.4,6.21,0.1611,0.0075,0.002
2025-08-19,Lucknow,normal,0.7,0.0,0.0,0.0,0.0,1.49,0.0437,0.0002,0.0001
2025-08-19,Patna,normal,0.8,0.2,0.8,0.7,0.7,3.88,0.0514,0.0002,0.0001
2025-08-19,Varanasi,normal,0.1,0.4,1.2,1.1,1.1,2.84,0.0589,0.0003,0.0001
2025-08-19,Delhi,normal,5.4,5.1,8.39,9.3,9.3,7.66,0.1994,0.0022,0.0005
2025-08-19,Kanpur,normal,0.5,0.1,0.6,0.5,0.5,2.18,0.0476,0.0002,0.0001
2025-08-19,Ranchi,normal,7.0,2.1,4.1,4.5,4.5,4.97,0.1166,0.0009,0.0002
2025-08-19,Jodhpur,normal,0.6,3.7,6.3,7.3,7.3,4.63,0.1632,0.0015,0.0004
2025-08-19,Bikaner,normal,0.6,0.0,0.0,0.0,0.0,1.05,0.0437,0.0002,0.0001
2025-08-19,Jaisalmer,normal,0.2,1.9,3.7,4.1,4.1,3.73,0.1103,0.0008,0.0002
2025-08-19,Hyderabad,normal,7.4,0.4,1.1,1.0,1.0,5.06,0.0589,0.0003,0.0001
2025-08-19,Bengaluru,normal,0.3,0.4,1.2,1.1,1.1,4.06,0.0589,0.0003,0.0001
2025-08-19,Pune,normal,38.4,32.8,40.11,34.7,34.7,19.05,0.5539,0.0222,0.0041
2025-08-19,Kurnool,normal,7.2,0.2,0.8,0.7,0.7,3.69,0.0514,0.0002,0.0001
2025-08-19,Madurai,normal,0.0,0.0,0.0,0.0,0.0,1.59,0.0437,0.0002,0.0001
2025-08-20,Nagpur,depression,22.0,17.6,22.0,6.29,21.42,9.82,0.5618,0.0351,0.0013
2025-08-20,Bhopal,normal,13.0,8.0,11.5,12.37,12.37,7.25,0.2641,0.0037,0.0008
2025-08-20,Raipur,normal,12.4,2.1,4.1,4.5,4.5,4.53,0.1166,0.0009,0.0002
2025-08-20,Jabalpur,normal,31.4,6.5,10.0,10.8,10.8,7.11,0.2322,0.0029,0.0007
2025-08-20,Akola,normal,22.6,8.2,11.8,12.7,12.7,7.25,0.2681,0.0038,0.0009
2025-08-20,Amravati,normal,25.7,3.5,6.1,7.04,7.04,5.77,0.1577,0.0014,0.0004
2025-08-20,Aurangabad,normal,9.2,5.8,9.2,10.3,10.3,6.07,0.2162,0.0025,0.0006
2025-08-20,Bhubaneswar,normal,1.1,0.7,1.9,1.7,1.7,4.03,0.0699,0.0004,0.0001
2025-08-20,Mumbai,depression,61.5,98.0,105.4,80.01,80.01,26.36,0.8602,0.2647,0.0093
2025-08-20,Thiruvananthapuram,coastal,1.2,0.0,0.0,0.0,0.0,1.74,0.0635,0.0006,0.0001
2025-08-20,Kochi,coastal,3.5,0.0,0.0,0.0,0.0,1.92,0.0635,0.0006,0.0001
2025-08-20,Mangaluru,coastal,6.2,20.8,25.6,36.2,36.2,16.21,0.5499,0.039,0.0042
2025-08-20,Panaji,depression,47.8,37.5,47.6,34.74,100.17,21.62,0.7172,0.0897,0.003
2025-08-20,Chennai,coastal,0.0,0.1,0.6,1.2,1.2,2.74,0.069,0.0007,0.0001
2025-08-20,Visakhapatnam,coastal,5.2,2.0,3.9,5.6,5.6,3.43,0.1597,0.0027,0.0004
2025-08-20,Puri,coastal,2.5,0.7,1.8,2.8,2.8,4.05,0.1004,0.0012,0.0002
2025-08-20,Kolkata,coastal,2.1,20.7,25.5,36.2,36.2,14.5,0.5488,0.0388,0.0042
2025-08-20,Surat,depression,55.6,29.0,35.3,20.91,64.62,16.8,0.6675,0.0655,0.0022
2025-08-20,Mahabaleshwar,orographic,124.2,39.1,49.4,63.1,63.1,28.11,0.6309,0.1556,0.0324
2025-08-20,Munnar,orographic,1.7,1.1,2.4,1.33,1.33,4.15,0.097,0.0032,0.001
2025-08-20,Madikeri,orographic,9.5,11.5,15.42,14.1,14.1,11.29,0.3641,0.0359,0.0082
2025-08-20,Ooty,orographic,0.4,1.2,2.7,1.5,1.5,3.21,0.1009,0.0034,0.001
2025-08-20,Lonavala,orographic,91.1,62.4,74.2,92.72,92.72,32.8,0.7243,0.2568,0.0549
2025-08-20,Wayanad,orographic,3.7,0.9,2.2,1.1,1.1,4.17,0.0891,0.0028,0.0009
2025-08-20,Shimla,orographic,20.6,8.5,12.0,10.0,10.0,5.42,0.3069,0.0249,0.0059
2025-08-20,Dehradun,orographic,0.8,6.0,9.4,7.3,7.3,4.7,0.2495,0.0166,0.0041
2025-08-20,Srinagar,orographic,0.0,1.5,3.1,1.8,1.8,1.26,0.1123,0.0041,0.0012
2025-08-20,Gangtok,orographic,5.9,15.2,19.5,19.5,19.5,6.38,0.4221,0.0505,0.0111
2025-08-20,Guwahati,orographic,4.3,9.2,12.8,10.54,10.54,7.31,0.3212,0.0274,0.0064
2025-08-20,Cherrapunji,orographic,24.0,14.8,19.2,18.8,18.8,6.86,0.4164,0.0489,0.0108
2025-08-20,Imphal,orographic,3.2,16.2,20.67,21.4,21.4,7.88,0.4359,0.0546,0.0119
2025-08-20,Agartala,orographic,4.4,1.3,2.71,1.5,1.5,2.97,0.1048,0.0036,0.0011
2025-08-20,Lucknow,normal,5.2,2.5,4.7,5.29,5.29,2.86,0.1289,0.001,0.0003
2025-08-20,Patna,normal,1.3,0.3,1.0,0.9,0.9,1.66,0.0552,0.0003,0.0001
2025-08-20,Varanasi,normal,4.1,5.9,9.3,10.3,10.3,4.15,0.2185,0.0026,0.0006
2025-08-20,Delhi,normal,5.6,7.4,10.73,11.9,11.9,6.93,0.2517,0.0034,0.0008
2025-08-20,Kanpur,normal,2.2,0.3,1.0,0.9,0.9,1.66,0.0552,0.0003,0.0001
2025-08-20,Ranchi,normal,5.1,10.7,14.7,15.4,15.4,7.48,0.3146,0.0053,0.0011
2025-08-20,Jodhpur,normal,0.1,0.0,0.0,0.0,0.0,1.51,0.0437,0.0002,0.0001
2025-08-20,Bikaner,normal,1.0,0.0,0.0,0.0,0.0,0.27,0.0437,0.0002,0.0001
2025-08-20,Jaisalmer,normal,0.8,0.1,0.6,0.5,0.5,1.31,0.0476,0.0002,0.0001
2025-08-20,Hyderabad,normal,2.8,0.2,0.8,0.7,0.7,2.26,0.0514,0.0002,0.0001
2025-08-20,Bengaluru,normal,1.3,0.1,0.6,0.5,0.5,1.92,0.0476,0.0002,0.0001
2025-08-20,Pune,normal,25.5,15.0,19.32,19.7,19.7,7.52,0.381,0.0081,0.0017
2025-08-20,Kurnool,normal,5.4,0.2,0.8,0.7,0.7,2.24,0.0514,0.0002,0.0001
2025-08-20,Madurai,normal,0.0,0.0,0.0,0.0,0.0,0.84,0.0437,0.0002,0.0001
2025-08-21,Nagpur,normal,20.2,3.6,6.2,7.2,7.2,6.62,0.1605,0.0015,0.0004
2025-08-21,Bhopal,normal,11.8,17.9,22.6,21.8,21.8,9.31,0.4185,0.0101,0.002
2025-08-21,Raipur,normal,4.9,6.0,9.4,10.4,10.4,5.52,0.2208,0.0026,0.0006
2025-08-21,Jabalpur,normal,17.0,6.2,9.6,10.5,10.5,5.88,0.2254,0.0027,0.0006
2025-08-21,Akola,normal,12.1,6.6,10.1,11.0,11.0,7.06,0.2344,0.0029,0.0007
2025-08-21,Amravati,normal,17.4,4.3,7.2,8.1,8.1,5.55,0.1792,0.0018,0.0004
2025-08-21,Aurangabad,normal,2.6,0.4,1.2,1.1,1.1,3.37,0.0589,0.0003,0.0001
2025-08-21,Bhubaneswar,normal,6.1,4.5,7.5,8.4,8.4,4.1,0.1844,0.0019,0.0005
2025-08-21,Mumbai,depression,26.0,14.4,18.8,3.1,26.8,10.48,0.5178,0.0273,0.001
2025-08-21,Thiruvananthapuram,coastal,0.4,0.0,0.0,0.0,0.0,1.15,0.0635,0.0006,0.0001
2025-08-21,Kochi,coastal,0.1,0.0,0.0,0.0,0.0,1.15,0.0635,0.0006,0.0001
2025-08-21,Mangaluru,coastal,2.3,7.2,10.6,14.3,14.3,8.39,0.3281,0.0105,0.0013
2025-08-21,Panaji,depression,9.3,22.0,27.0,10.28,39.1,15.89,0.61,0.0464,0.0016
2025-08-21,Chennai,coastal,0.1,0.0,0.0,0.0,0.0,1.74,0.0635,0.0006,0.0001
2025-08-21,Visakhapatnam,coastal,1.8,0.0,0.0,0.0,0.0,2.32,0.0635,0.0006,0.0001
2025-08-21,Puri,coastal,12.9,0.4,1.2,2.02,1.2,3.25,0.0851,0.0009,0.0002
2025-08-21,Kolkata,coastal,35.7,15.4,19.6,28.36,28.36,12.66,0.4833,0.0268,0.003
2025-08-21,Surat,depression,21.4,22.3,27.36,10.5,39.3,15.56,0.6129,0.0472,0.0016
2025-08-21,Mahabaleshwar,orographic,39.8,6.5,10.0,7.95,7.95,9.6,0.2618,0.0182,0.0044
2025-08-21,Munnar,orographic,4.1,5.7,9.1,7.0,7.0,5.76,0.2419,0.0156,0.0039
2025-08-21,Madikeri,orographic,5.0,4.0,6.8,4.8,4.8,8.14,0.1951,0.0105,0.0027
2025-08-21,Ooty,orographic,4.0,5.2,8.6,6.4,6.4,6.26,0.2288,0.0141,0.0035
2025-08-21,Lonavala,orographic,32.3,13.2,17.4,16.63,16.63,12.7,0.3923,0.0425,0.0095
2025-08-21,Wayanad,orographic,1.8,0.0,0.0,0.0,0.0,1.86,0.0508,0.0012,0.0004
2025-08-21,Shimla,orographic,1.8,1.0,2.3,1.2,1.2,1.82,0.0931,0.003,0.0009
2025-08-21,Dehradun,orographic,0.9,12.2,16.2,15.2,15.2,5.76,0.3761,0.0386,0.0087
2025-08-21,Srinagar,orographic,0.0,0.0,0.0,0.0,0.0,0.72,0.0508,0.0012,0.0004
2025-08-21,Gangtok,orographic,3.6,12.2,16.2,15.2,15.2,6.21,0.3761,0.0386,0.0087
2025-08-21,Guwahati,orographic,50.5,19.0,23.7,26.6,26.6,8.82,0.4709,0.0663,0.0143
2025-08-21,Cherrapunji,orographic,65.6,14.4,18.8,18.12,18.12,7.31,0.4106,0.0473,0.0105
2025-08-21,Imphal,orographic,18.9,17.3,21.7,23.32,23.32,8.6,0.4502,0.0591,0.0128
2025-08-21,Agartala,orographic,9.2,1.4,3.0,1.7,1.7,2.86,0.1086,0.0039,0.0011
2025-08-21,Lucknow,normal,5.3,4.7,7.9,8.7,8.7,5.36,0.1895,0.002,0.0005
2025-08-21,Patna,normal,19.0,5.8,9.3,10.3,10.3,4.24,0.2162,0.0025,0.0006
2025-08-21,Varanasi,normal,1.5,12.2,16.2,17.1,17.1,7.87,0.3395,0.0062,0.0013
2025-08-21,Delhi,normal,13.8,0.0,0.0,0.0,0.0,1.72,0.0437,0.0002,0.0001
2025-08-21,Kanpur,normal,2.9,8.8,12.3,13.1,13.1,5.45,0.2799,0.0041,0.0009
2025-08-21,Ranchi,normal,12.4,6.1,9.6,10.4,10.4,6.15,0.2231,0.0027,0.0006
2025-08-21,Jodhpur,normal,12.7,7.9,11.4,12.22,12.22,4.87,0.262,0.0036,0.0008
2025-08-21,Bikaner,normal,0.1,0.1,0.6,0.5,0.5,0.48,0.0476,0.0002,0.0001
2025-08-21,Jaisalmer,normal,0.5,1.4,3.0,3.2,3.2,1.86,0.0941,0.0006,0.0002
2025-08-21,Hyderabad,normal,0.1,0.0,0.0,0.0,0.0,1.49,0.0437,0.0002,0.0001
2025-08-21,Bengaluru,normal,0.2,0.1,0.6,0.5,0.5,1.9,0.0476,0.0002,0.0001
2025-08-21,Pune,normal,3.7,1.4,3.0,3.2,3.2,4.27,0.0941,0.0006,0.0002
2025-08-21,Kurnool,normal,0.2,0.6,1.6,1.5,1.5,2.72,0.0663,0.0003,0.0001
2025-08-21,Madurai,normal,0.2,0.0,0.0,0.0,0.0,0.84,0.0437,0.0002,0.0001
2025-08-22,Nagpur,normal,6.9,2.6,4.9,5.5,5.5,4.3,0.1319,0.0011,0.0003
2025-08-22,Bhopal,normal,13.8,3.0,5.4,6.0,6.0,5.86,0.1436,0.0012,0.0003
2025-08-22,Raipur,normal,20.2,16.5,20.9,20.8,20.8,8.97,0.401,0.0091,0.0019
2025-08-22,Jabalpur,normal,21.5,14.4,18.8,19.3,19.3,7.92,0.3726,0.0077,0.0016
2025-08-22,Akola,normal,0.8,1.9,3.7,4.1,4.1,4.27,0.1103,0.0008,0.0002
2025-08-22,Amravati,normal,1.1,1.2,2.7,2.85,2.85,3.73,0.0873,0.0005,0.0002
2025-08-22,Aurangabad,normal,1.8,0.0,0.0,0.0,0.0,1.38,0.0437,0.0002,0.0001
2025-08-22,Bhubaneswar,normal,38.0,13.3,17.6,18.36,18.36,7.92,0.3565,0.0069,0.0015
2025-08-22,Mumbai,coastal,4.5,11.4,15.4,21.7,21.7,9.98,0.4185,0.0184,0.0022
2025-08-22,Thiruvananthapuram,coastal,0.8,0.0,0.0,0.0,0.0,1.15,0.0635,0.0006,0.0001
2025-08-22,Kochi,coastal,4.3,0.1,0.6,1.2,1.2,1.58,0.069,0.0007,0.0001
2025-08-22,Mangaluru,coastal,2.0,0.6,1.7,2.6,2.6,4.03,0.0954,0.0011,0.0002
2025-08-22,Panaji,coastal,4.8,18.1,22.71,33.06,33.06,12.66,0.519,0.0328,0.0036
2025-08-22,Chennai,coastal,6.4,0.4,1.2,2.02,2.02,2.42,0.0851,0.0009,0.0002
2025-08-22,Visakhapatnam,coastal,5.9,0.0,0.0,0.0,0.0,1.15,0.0635,0.0006,0.0001
2025-08-22,Puri,coastal,49.6,11.1,15.1,20.96,2.2,7.34,0.4129,0.0178,0.0021
2025-08-22,Kolkata,coastal,30.9,9.4,13.03,17.9,17.9,9.63,0.3789,0.0145,0.0017
2025-08-22,Surat,coastal,16.3,12.6,16.62,23.42,23.42,10.3,0.4397,0.0208,0.0024
2025-08-22,Mahabaleshwar,orographic,21.3,7.1,10.5,8.6,8.6,9.39,0.276,0.0201,0.0049
2025-08-22,Munnar,orographic,3.0,12.6,16.62,15.7,15.7,11.21,0.3827,0.0402,0.009
2025-08-22,Madikeri,orographic,4.3,0.7,1.9,0.9,0.9,4.17,0.081,0.0024,0.0007
2025-08-22,Ooty,orographic,4.0,7.7,11.1,9.1,9.1,8.85,0.2896,0.0222,0.0053
2025-08-22,Lonavala,orographic,17.0,19.9,24.7,27.5,27.5,18.28,0.4812,0.0701,0.015
2025-08-22,Wayanad,orographic,2.0,4.1,7.0,4.9,4.9,5.06,0.1981,0.0108,0.0028
2025-08-22,Shimla,orographic,0.5,3.1,5.5,3.6,3.6,2.46,0.1675,0.008,0.0021
2025-08-22,Dehradun,orographic,2.7,17.8,22.4,24.43,24.43,6.94,0.4565,0.0612,0.0133
2025-08-22,Srinagar,orographic,0.0,0.1,0.6,0.1,0.1,0.26,0.0553,0.0013,0.0004
2025-08-22,Gangtok,orographic,19.0,8.1,11.6,9.6,9.6,5.66,0.2983,0.0236,0.0056
2025-08-22,Guwahati,orographic,0.6,19.9,24.7,27.5,27.5,10.4,0.4812,0.0701,0.015
2025-08-22,Cherrapunji,orographic,57.4,42.7,54.2,68.7,68.7,13.54,0.6495,0.1718,0.0358
2025-08-22,Imphal,orographic,11.9,12.4,16.4,15.3,15.3,7.51,0.3794,0.0394,0.0089
2025-08-22,Agartala,orographic,4.0,9.3,12.9,10.79,10.79,6.13,0.3232,0.0278,0.0065
2025-08-22,Lucknow,normal,6.7,15.9,20.4,20.6,20.6,8.65,0.3932,0.0087,0.0018
2025-08-22,Patna,normal,37.0,8.6,12.1,12.8,12.8,6.93,0.276,0.004,0.0009
2025-08-22,Varanasi,normal,11.9,33.3,40.41,34.81,34.81,12.38,0.5573,0.0226,0.0042
2025-08-22,Delhi,normal,3.3,0.8,2.0,1.8,1.8,1.65,0.0735,0.0004,0.0001
2025-08-22,Kanpur,normal,3.8,13.8,18.1,18.9,18.9,8.21,0.3639,0.0073,0.0015
2025-08-22,Ranchi,normal,19.6,35.7,44.36,38.72,38.72,12.08,0.5729,0.0248,0.0045
2025-08-22,Jodhpur,normal,0.5,16.6,21.0,20.8,20.8,8.92,0.4023,0.0092,0.0019
2025-08-22,Bikaner,normal,10.2,2.3,4.4,4.84,4.84,2.57,0.1228,0.0009,0.0002
2025-08-22,Jaisalmer,normal,0.0,0.3,1.0,0.9,0.9,1.43,0.0552,0.0003,0.0001
2025-08-22,Hyderabad,normal,0.1,0.0,0.0,0.0,0.0,0.84,0.0437,0.0002,0.0001
2025-08-22,Bengaluru,normal,4.6,0.7,1.9,1.7,1.7,2.72,0.0699,0.0004,0.0001
2025-08-22,Pune,normal,2.7,0.8,2.0,1.8,1.8,3.61,0.0735,0.0004,0.0001
2025-08-22,Kurnool,normal,2.4,0.0,0.0,0.0,0.0,1.59,0.0437,0.0002,0.0001
2025-08-22,Madurai,normal,2.8,1.8,3.56,3.8,3.8,2.94,0.1071,0.0007,0.0002
2025-08-23,Nagpur,break,9.2,7.0,10.4,13.02,11.5,8.82,0.3053,0.0044,0.0004
2025-08-23,Bhopal,break,21.1,3.5,6.1,8.87,7.04,7.02,0.2039,0.002,0.0002
2025-08-23,Raipur,break,9.9,8.1,11.6,14.59,12.5,9.75,0.3315,0.0053,0.0005
2025-08-23,Jabalpur,break,19.8,5.3,8.7,11.83,9.7,8.42,0.2599,0.0032,0.0003
2025-08-23,Akola,break,11.2,4.1,7.0,9.9,7.98,7.45,0.2236,0.0024,0.0002
2025-08-23,Amravati,break,7.6,2.8,5.1,7.19,5.8,5.52,0.1794,0.0016,0.0002
2025-08-23,Aurangabad,break,4.7,2.1,4.1,5.5,4.5,3.95,0.1529,0.0012,0.0001
2025-08-23,Bhubaneswar,break,15.8,1.9,3.7,5.05,4.1,6.48,0.145,0.0011,0.0001
2025-08-23,Mumbai,coastal,10.4,29.6,35.81,64.62,64.62,18.65,0.6268,0.0607,0.0064
2025-08-23,Thiruvananthapuram,coastal,1.0,0.0,0.0,0.0,0.0,1.81,0.0635,0.0006,0.0001
2025-08-23,Kochi,coastal,2.6,1.6,3.3,5.05,5.05,4.55,0.1425,0.0022,0.0003
2025-08-23,Mangaluru,coastal,4.4,1.2,2.7,4.5,4.5,5.08,0.1244,0.0017,0.0003
2025-08-23,Panaji,coastal,4.3,20.9,25.7,36.25,36.25,20.77,0.551,0.0393,0.0043
2025-08-23,Chennai,coastal,25.8,2.9,5.3,7.5,7.5,5.57,0.1956,0.0038,0.0005
2025-08-23,Visakhapatnam,coastal,0.0,0.1,0.6,1.2,1.2,2.38,0.069,0.0007,0.0001
2025-08-23,Puri,coastal,7.0,2.1,4.1,5.7,5.7,6.35,0.1639,0.0028,0.0004
2025-08-23,Kolkata,coastal,12.0,4.1,7.0,9.9,9.9,8.97,0.2382,0.0055,0.0007
2025-08-23,Surat,depression,27.4,45.4,56.51,44.83,178.62,21.47,0.7514,0.113,0.0038
2025-08-23,Mahabaleshwar,orographic,15.5,10.6,14.6,12.8,12.8,14.15,0.3481,0.0326,0.0075
2025-08-23,Munnar,orographic,1.7,2.1,4.1,2.7,2.7,8.22,0.1341,0.0055,0.0015
2025-08-23,Madikeri,orographic,3.8,3.4,5.9,4.0,4.0,8.33,0.177,0.0088,0.0023
2025-08-23,Ooty,orographic,0.3,9.2,12.8,10.54,10.54,14.15,0.3212,0.0274,0.0064
2025-08-23,Lonavala,orographic,19.0,27.6,34.0,44.16,44.16,30.05,0.5545,0.1039,0.0218
2025-08-23,Wayanad,orographic,1.1,3.9,6.7,4.76,4.76,10.25,0.1922,0.0102,0.0027
2025-08-23,Shimla,orographic,11.8,24.7,30.16,38.46,38.46,8.06,0.5296,0.091,0.0192
2025-08-23,Dehradun,orographic,3.8,15.9,20.4,21.07,21.07,9.48,0.4318,0.0534,0.0117
2025-08-23,Srinagar,orographic,7.7,16.0,20.4,21.2,21.2,5.88,0.4332,0.0538,0.0118
2025-08-23,Gangtok,orographic,23.0,5.9,9.3,7.2,7.2,5.65,0.247,0.0162,0.004
2025-08-23,Guwahati,orographic,0.7,14.4,18.8,18.12,18.12,11.41,0.4106,0.0473,0.0105
2025-08-23,Cherrapunji,orographic,46.1,6.7,10.2,8.15,8.15,11.23,0.2666,0.0188,0.0046
2025-08-23,Imphal,orographic,1.0,2.4,4.5,2.9,2.9,5.9,0.1445,0.0062,0.0017
2025-08-23,Agartala,orographic,9.5,1.0,2.3,1.2,1.2,4.66,0.0931,0.003,0.0009
2025-08-23,Lucknow,break,0.7,29.8,36.2,30.12,32.4,16.72,0.6088,0.0276,0.002
2025-08-23,Patna,break,16.0,6.6,10.1,12.63,11.0,8.62,0.2952,0.0041,0.0004
2025-08-23,Varanasi,break,44.0,27.0,33.2,27.57,30.86,16.72,0.5873,0.0243,0.0018
2025-08-23,Delhi,break,13.2,7.9,11.4,14.15,12.22,7.03,0.3269,0.0051,0.0004
2025-08-23,Kanpur,break,1.1,10.7,14.7,18.04,15.4,10.45,0.3856,0.0075,0.0006
2025-08-23,Ranchi,break,15.8,16.6,21.0,22.2,20.8,12.83,0.4793,0.013,0.001
2025-08-23,Jodhpur,break,4.8,32.5,39.3,33.42,34.11,17.79,0.6274,0.0308,0.0022
2025-08-23,Bikaner,break,12.9,7.2,10.6,13.57,11.8,7.41,0.3102,0.0046,0.0004
2025-08-23,Jaisalmer,break,0.0,0.5,1.4,1.97,1.3,1.96,0.0837,0.0004,0.0001
2025-08-23,Hyderabad,break,0.1,0.0,0.0,0.0,0.0,1.6,0.0588,0.0003,0.0
2025-08-23,Bengaluru,break,0.2,1.4,3.0,3.91,3.2,4.37,0.1244,0.0009,0.0001
2025-08-23,Pune,break,2.8,1.8,3.56,4.85,3.8,4.92,0.141,0.0011,0.0001
2025-08-23,Kurnool,break,0.2,0.0,0.0,0.0,0.0,1.6,0.0588,0.0003,0.0
2025-08-23,Madurai,break,1.4,2.6,4.9,6.79,5.5,6.07,0.172,0.0015,0.0001
2025-08-24,Nagpur,break,3.5,0.8,2.0,2.51,2.51,4.41,0.0978,0.0006,0.0001
2025-08-24,Bhopal,break,5.9,3.0,5.4,7.9,7.9,5.56,0.1866,0.0017,0.0002
2025-08-24,Raipur,break,4.0,11.3,15.3,18.6,18.6,8.71,0.3968,0.008,0.0007
2025-08-24,Jabalpur,break,9.1,2.6,4.9,6.79,6.79,4.89,0.172,0.0015,0.0001
2025-08-24,Akola,break,0.4,6.0,9.4,11.98,11.98,6.4,0.2794,0.0037,0.0003
2025-08-24,Amravati,break,1.5,4.8,8.0,11.4,11.4,6.81,0.2453,0.0029,0.0003
2025-08-24,Aurangabad,break,1.4,1.0,2.3,2.9,2.9,4.53,0.1069,0.0007,0.0001
2025-08-24,Bhubaneswar,break,0.9,1.9,3.7,5.05,5.05,5.1,0.145,0.0011,0.0001
2025-08-24,Mumbai,coastal,6.7,17.9,22.6,32.23,32.23,15.95,0.5166,0.0323,0.0036
2025-08-24,Thiruvananthapuram,coastal,0.0,0.0,0.0,0.0,0.0,1.75,0.0635,0.0006,0.0001
2025-08-24,Kochi,coastal,1.9,0.5,1.4,2.4,2.4,4.92,0.0903,0.001,0.0002
2025-08-24,Mangaluru,coastal,1.4,0.0,0.0,0.0,0.0,3.2,0.0635,0.0006,0.0001
2025-08-24,Panaji,coastal,4.4,12.6,16.62,23.42,23.42,13.02,0.4397,0.0208,0.0024
2025-08-24,Chennai,coastal,0.2,0.0,0.0,0.0,0.0,3.06,0.0635,0.0006,0.0001
2025-08-24,Visakhapatnam,coastal,0.1,0.0,0.0,0.0,0.0,2.5,0.0635,0.0006,0.0001
2025-08-24,Puri,coastal,2.7,1.4,3.0,4.7,4.7,5.64,0.1336,0.002,0.0003
2025-08-24,Kolkata,coastal,6.4,7.6,10.9,14.8,14.8,9.49,0.338,0.0112,0.0014
2025-08-24,Surat,depression,11.2,37.2,47.41,34.64,100.17,24.09,0.7157,0.0889,0.003
2025-08-24,Mahabaleshwar,orographic,23.3,10.7,14.7,12.9,12.9,13.7,0.3499,0.0329,0.0075
2025-08-24,Munnar,orographic,0.5,1.5,3.1,1.8,1.8,6.29,0.1123,0.0041,0.0012
2025-08-24,Madikeri,orographic,1.4,0.4,1.2,0.4,0.4,5.16,0.0684,0.0018,0.0006
2025-08-24,Ooty,orographic,1.1,0.8,2.0,1.1,1.1,6.03,0.0851,0.0026,0.0008
2025-08-24,Lonavala,orographic,19.3,22.5,27.46,33.56,33.56,25.38,0.5087,0.0814,0.0173
2025-08-24,Wayanad,orographic,0.0,0.0,0.0,0.0,0.0,3.66,0.0508,0.0012,0.0004
2025-08-24,Shimla,orographic,2.0,33.2,40.4,52.23,52.23,14.69,0.5955,0.1291,0.0269
2025-08-24,Dehradun,orographic,1.7,17.0,21.4,23.1,23.1,9.28,0.4464,0.0579,0.0126
2025-08-24,Srinagar,orographic,31.5,11.9,15.8,14.3,14.3,8.35,0.371,0.0375,0.0085
2025-08-24,Gangtok,orographic,20.8,3.5,6.1,4.2,4.2,5.01,0.1801,0.0091,0.0024
2025-08-24,Guwahati,orographic,25.9,19.3,24.0,27.0,27.0,11.76,0.4744,0.0676,0.0145
2025-08-24,Cherrapunji,orographic,24.4,1.0,2.3,1.2,1.2,3.76,0.0931,0.003,0.0009
2025-08-24,Imphal,orographic,5.2,3.9,6.7,4.76,4.76,5.87,0.1922,0.0102,0.0027
2025-08-24,Agartala,orographic,5.2,3.1,5.5,3.6,3.6,4.05,0.1675,0.008,0.0021
2025-08-24,Lucknow,break,4.9,20.0,24.8,23.88,23.88,13.5,0.5207,0.0165,0.0012
2025-08-24,Patna,break,6.6,30.6,37.21,30.84,30.84,12.12,0.6145,0.0285,0.002
2025-08-24,Varanasi,break,14.6,43.5,55.25,44.32,44.32,18.55,0.6873,0.0449,0.0031
2025-08-24,Delhi,break,11.8,17.8,22.4,22.45,22.45,9.78,0.4948,0.0142,0.0011
2025-08-24,Kanpur,break,23.2,36.2,45.3,39.03,39.03,14.41,0.6501,0.0354,0.0025
2025-08-24,Ranchi,break,17.5,5.2,8.6,11.8,11.8,7.86,0.257,0.0031,0.0003
2025-08-24,Jodhpur,break,18.4,11.1,15.1,18.4,18.4,8.97,0.3931,0.0078,0.0006
2025-08-24,Bikaner,break,25.0,18.9,23.6,23.73,23.73,8.84,0.5081,0.0153,0.0012
2025-08-24,Jaisalmer,break,1.3,1.1,2.4,3.11,3.11,2.35,0.1113,0.0007,0.0001
2025-08-24,Hyderabad,break,0.1,0.0,0.0,0.0,0.0,1.38,0.0588,0.0003,0.0
2025-08-24,Bengaluru,break,0.3,0.1,0.6,0.8,0.8,3.09,0.0639,0.0003,0.0
2025-08-24,Pune,break,3.5,1.0,2.3,2.9,2.9,4.4,0.1069,0.0007,0.0001
2025-08-24,Kurnool,break,0.0,0.0,0.0,0.0,0.0,1.38,0.0588,0.0003,0.0
2025-08-24,Madurai,break,0.2,1.6,3.3,4.25,4.25,4.78,0.1328,0.001,0.0001
2025-08-25,Nagpur,normal,2.8,4.6,7.79,8.6,8.6,5.58,0.1869,0.0019,0.0005
2025-08-25,Bhopal,normal,9.1,2.9,5.2,5.9,5.9,6.38,0.1407,0.0012,0.0003
2025-08-25,Raipur,depression,19.3,67.0,76.72,62.22,58.61,18.96,0.8122,0.177,0.0059
2025-08-25,Jabalpur,normal,1.6,1.8,3.56,3.8,3.8,5.38,0.1071,0.0007,0.0002
2025-08-25,Akola,normal,8.3,6.7,10.2,11.17,11.17,8.51,0.2366,0.003,0.0007
2025-08-25,Amravati,normal,5.4,5.4,8.7,9.8,9.8,7.19,0.2067,0.0023,0.0006
2025-08-25,Aurangabad,normal,7.8,1.7,3.4,3.6,3.6,4.31,0.1039,0.0007,0.0002
2025-08-25,Bhubaneswar,normal,22.4,3.0,5.4,6.0,6.0,6.38,0.1436,0.0012,0.0003
2025-08-25,Mumbai,depression,23.2,33.8,41.02,26.0,80.21,22.01,0.6976,0.0791,0.0027
2025-08-25,Thiruvananthapuram,coastal,0.1,0.0,0.0,0.0,0.0,1.55,0.0635,0.0006,0.0001
2025-08-25,Kochi,coastal,0.4,0.0,0.0,0.0,0.0,2.39,0.0635,0.0006,0.0001
2025-08-25,Mangaluru,coastal,1.7,0.8,2.0,3.4,3.4,3.36,0.1053,0.0013,0.0002
2025-08-25,Panaji,coastal,4.3,17.6,22.2,31.11,31.11,15.21,0.5128,0.0316,0.0035
2025-08-25,Chennai,coastal,0.0,0.0,0.0,0.0,0.0,1.55,0.0635,0.0006,0.0001
2025-08-25,Visakhapatnam,coastal,10.7,0.0,0.0,0.0,0.0,1.55,0.0635,0.0006,0.0001
2025-08-25,Puri,coastal,18.3,3.6,6.2,8.9,8.9,8.13,0.2211,0.0048,0.0007
2025-08-25,Kolkata,coastal,4.1,0.3,1.0,1.8,1.8,4.35,0.0798,0.0008,0.0001
2025-08-25,Surat,depression,26.8,33.1,40.36,25.3,80.21,22.04,0.6936,0.0771,0.0026
2025-08-25,Mahabaleshwar,orographic,31.3,10.3,14.1,12.38,12.38,14.49,0.3425,0.0314,0.0072
2025-08-25,Munnar,orographic,0.0,0.0,0.0,0.0,0.0,3.14,0.0508,0.0012,0.0004
2025-08-25,Madikeri,orographic,0.3,0.8,2.0,1.1,1.1,4.0,0.0851,0.0026,0.0008
2025-08-25,Ooty,orographic,0.0,0.0,0.0,0.0,0.0,2.41,0.0508,0.0012,0.0004
2025-08-25,Lonavala,orographic,33.4,15.4,19.6,20.22,20.22,17.99,0.4249,0.0513,0.0113
2025-08-25,Wayanad,orographic,0.0,0.0,0.0,0.0,0.0,1.26,0.0508,0.0012,0.0004
2025-08-25,Shimla,orographic,4.5,15.0,19.32,19.07,19.07,6.89,0.4193,0.0497,0.0109
2025-08-25,Dehradun,orographic,2.3,16.0,20.4,21.2,21.2,7.59,0.4332,0.0538,0.0118
2025-08-25,Srinagar,orographic,0.8,0.0,0.0,0.0,0.0,1.57,0.0508,0.0012,0.0004
2025-08-25,Gangtok,orographic,1.2,5.9,9.3,7.2,7.2,4.93,0.247,0.0162,0.004
2025-08-25,Guwahati,orographic,6.2,3.6,6.2,4.3,4.3,6.8,0.1831,0.0094,0.0025
2025-08-25,Cherrapunji,orographic,0.9,13.9,18.1,17.7,17.7,6.6,0.4031,0.0453,0.0101
2025-08-25,Imphal,orographic,0.9,0.5,1.4,0.6,0.6,3.53,0.0727,0.002,0.0006
2025-08-25,Agartala,orographic,0.0,6.0,9.4,7.3,7.3,5.91,0.2495,0.0166,0.0041
2025-08-25,Lucknow,normal,8.2,5.3,8.7,9.7,9.7,7.87,0.2043,0.0023,0.0005
2025-08-25,Patna,normal,1.7,4.2,7.1,8.0,8.0,7.89,0.1766,0.0017,0.0004
2025-08-25,Varanasi,normal,9.2,7.4,10.73,11.9,11.9,10.19,0.2517,0.0034,0.0008
2025-08-25,Delhi,normal,19.7,13.9,18.1,19.0,19.0,10.32,0.3654,0.0073,0.0015
2025-08-25,Kanpur,normal,23.7,24.5,29.8,28.3,28.3,15.72,0.488,0.0152,0.0029
2025-08-25,Ranchi,normal,3.6,3.5,6.1,7.04,7.04,6.84,0.1577,0.0014,0.0004
2025-08-25,Jodhpur,normal,3.9,8.9,12.5,13.4,13.4,7.57,0.2818,0.0042,0.0009
2025-08-25,Bikaner,normal,3.9,10.7,14.7,15.4,15.4,8.7,0.3146,0.0053,0.0011
2025-08-25,Jaisalmer,normal,0.8,0.0,0.0,0.0,0.0,0.94,0.0437,0.0002,0.0001
2025-08-25,Hyderabad,normal,0.1,0.3,1.0,0.9,0.9,2.06,0.0552,0.0003,0.0001
2025-08-25,Bengaluru,normal,0.0,0.0,0.0,0.0,0.0,1.9,0.0437,0.0002,0.0001
2025-08-25,Pune,normal,2.4,3.9,6.7,7.58,7.58,5.45,0.1686,0.0016,0.0004
2025-08-25,Kurnool,normal,0.0,0.0,0.0,0.0,0.0,1.15,0.0437,0.0002,0.0001
2025-08-25,Madurai,normal,0.3,0.4,1.1,1.0,1.0,4.4,0.0589,0.0003,0.0001
2025-08-26,Nagpur,normal,11.4,13.6,17.87,18.7,18.7,7.92,0.361,0.0071,0.0015
2025-08-26,Bhopal,normal,3.5,4.1,7.0,7.98,7.98,5.42,0.174,0.0017,0.0004
2025-08-26,Raipur,normal,9.6,6.8,10.3,11.22,11.22,8.09,0.2388,0.003,0.0007
2025-08-26,Jabalpur,normal,13.4,4.0,6.8,7.7,7.7,5.42,0.1713,0.0016,0.0004
2025-08-26,Akola,normal,5.2,6.6,10.2,11.1,11.1,7.06,0.2344,0.0029,0.0007
2025-08-26,Amravati,normal,2.6,3.6,6.2,7.2,7.2,5.55,0.1605,0.0015,0.0004
2025-08-26,Aurangabad,normal,5.7,3.2,5.7,6.4,6.4,4.59,0.1493,0.0013,0.0003
2025-08-26,Bhubaneswar,normal,20.7,12.5,16.5,17.36,17.36,7.74,0.3442,0.0064,0.0014
2025-08-26,Mumbai,depression,14.9,19.0,23.7,7.69,34.22,12.93,0.5784,0.0386,0.0014
2025-08-26,Thiruvananthapuram,coastal,1.3,0.0,0.0,0.0,0.0,1.15,0.0635,0.0006,0.0001
2025-08-26,Kochi,coastal,3.9,1.8,3.56,5.4,5.4,3.43,0.1512,0.0024,0.0004
2025-08-26,Mangaluru,coastal,26.9,2.5,4.7,6.49,6.49,4.24,0.1801,0.0033,0.0005
2025-08-26,Panaji,depression,35.8,35.0,43.2,27.2,80.21,19.81,0.7043,0.0825,0.0028
2025-08-26,Chennai,coastal,0.0,0.1,0.6,1.2,1.2,1.58,0.069,0.0007,0.0001
2025-08-26,Visakhapatnam,coastal,34.2,1.2,2.7,4.5,4.5,3.01,0.1244,0.0017,0.0003
2025-08-26,Puri,coastal,20.0,4.9,8.1,10.88,10.88,7.22,0.2639,0.0067,0.0009
2025-08-26,Kolkata,coastal,2.2,0.5,1.4,2.4,2.4,2.95,0.0903,0.001,0.0002
2025-08-26,Surat,depression,10.5,30.3,36.7,23.25,72.24,17.53,0.6762,0.0691,0.0023
2025-08-26,Mahabaleshwar,orographic,34.3,4.9,8.1,5.9,5.9,8.28,0.2207,0.0131,0.0033
2025-08-26,Munnar,orographic,4.1,1.6,3.3,1.9,1.9,2.64,0.116,0.0043,0.0012
2025-08-26,Madikeri,orographic,10.3,4.2,7.1,4.96,4.96,5.43,0.201,0.0111,0.0029
2025-08-26,Ooty,orographic,1.8,2.6,4.9,3.1,3.1,3.31,0.1512,0.0067,0.0018
2025-08-26,Lonavala,orographic,22.3,11.5,15.42,14.1,14.1,10.79,0.3641,0.0359,0.0082
2025-08-26,Wayanad,orographic,4.0,2.1,4.1,2.7,2.7,3.19,0.1341,0.0055,0.0015
2025-08-26,Shimla,orographic,25.0,15.4,19.6,20.22,20.22,6.85,0.4249,0.0513,0.0113
2025-08-26,Dehradun,orographic,29.0,14.3,18.6,18.1,18.1,6.38,0.4091,0.0469,0.0104
2025-08-26,Srinagar,orographic,2.2,0.2,0.8,0.2,0.2,0.38,0.0598,0.0015,0.0005
2025-08-26,Gangtok,orographic,0.7,3.3,5.8,3.81,3.81,3.56,0.1739,0.0086,0.0023
2025-08-26,Guwahati,orographic,0.2,17.2,21.7,23.3,23.3,7.88,0.4489,0.0587,0.0128
2025-08-26,Cherrapunji,orographic,1.9,21.5,26.61,30.81,30.81,9.75,0.4985,0.077,0.0164
2025-08-26,Imphal,orographic,1.4,2.6,4.9,3.1,3.1,2.51,0.1512,0.0067,0.0018
2025-08-26,Agartala,orographic,0.5,2.7,5.0,3.2,3.2,4.25,0.1545,0.007,0.0019
2025-08-26,Lucknow,normal,2.9,1.5,3.1,3.3,3.3,3.49,0.0974,0.0006,0.0002
2025-08-26,Patna,normal,0.8,0.1,0.6,0.5,0.5,2.15,0.0476,0.0002,0.0001
2025-08-26,Varanasi,normal,1.5,3.8,6.5,7.43,7.43,5.6,0.1659,0.0016,0.0004
2025-08-26,Delhi,normal,6.7,4.3,7.2,8.1,8.1,5.92,0.1792,0.0018,0.0004
2025-08-26,Kanpur,normal,1.2,4.0,6.8,7.7,7.7,6.53,0.1713,0.0016,0.0004
2025-08-26,Ranchi,normal,0.9,1.6,3.3,3.4,3.4,3.49,0.1007,0.0007,0.0002
2025-08-26,Jodhpur,normal,1.2,4.7,7.8,8.6,8.6,6.33,0.1895,0.002,0.0005
2025-08-26,Bikaner,normal,0.5,0.0,0.0,0.0,0.0,1.97,0.0437,0.0002,0.0001
2025-08-26,Jaisalmer,normal,0.6,0.0,0.0,0.0,0.0,0.27,0.0437,0.0002,0.0001
2025-08-26,Hyderabad,normal,19.8,1.8,3.56,3.8,3.8,3.32,0.1071,0.0007,0.0002
2025-08-26,Bengaluru,normal,1.6,4.1,6.9,7.9,7.9,4.06,0.174,0.0017,0.0004
2025-08-26,Pune,normal,3.2,1.4,3.0,3.2,3.2,4.1,0.0941,0.0006,0.0002
2025-08-26,Kurnool,normal,11.0,2.1,4.1,4.5,4.5,2.94,0.1166,0.0009,0.0002
2025-08-26,Madurai,normal,0.2,0.0,0.0,0.0,0.0,1.5,0.0437,0.0002,0.0001
2025-08-27,Nagpur,normal,18.7,16.0,20.4,20.6,20.6,11.33,0.3945,0.0088,0.0018
2025-08-27,Bhopal,normal,8.2,9.6,13.3,14.5,14.5,9.36,0.2949,0.0046,0.001
2025-08-27,Raipur,normal,4.8,17.0,21.4,21.0,21.0,11.17,0.4074,0.0095,0.0019
2025-08-27,Jabalpur,normal,19.2,13.2,17.4,18.3,18.3,9.6,0.355,0.0069,0.0014
2025-08-27,Akola,normal,6.9,18.4,23.1,22.56,22.56,11.41,0.4245,0.0105,0.0021
2025-08-27,Amravati,normal,7.9,8.8,12.3,13.3,13.3,8.27,0.2799,0.0041,0.0009
2025-08-27,Aurangabad,normal,16.2,8.2,11.8,12.7,12.7,8.35,0.2681,0.0038,0.0009
2025-08-27,Bhubaneswar,normal,24.7,9.3,12.9,13.9,13.9,9.77,0.2894,0.0044,0.001
2025-08-27,Mumbai,coastal,7.6,16.0,20.4,29.11,29.11,14.15,0.4917,0.0281,0.0031
2025-08-27,Thiruvananthapuram,coastal,20.2,0.0,0.0,0.0,0.0,1.54,0.0635,0.0006,0.0001
2025-08-27,Kochi,coastal,32.0,1.1,2.4,4.1,4.1,5.36,0.1197,0.0016,0.0003
2025-08-27,Mangaluru,coastal,77.9,15.1,19.4,28.1,28.1,11.92,0.479,0.0261,0.0029
2025-08-27,Panaji,depression,55.1,34.0,41.36,26.0,80.21,21.23,0.6987,0.0796,0.0027
2025-08-27,Chennai,coastal,23.0,1.1,2.4,4.1,4.1,4.29,0.1197,0.0016,0.0003
2025-08-27,Visakhapatnam,coastal,10.4,2.1,4.1,5.7,5.7,5.43,0.1639,0.0028,0.0004
2025-08-27,Puri,coastal,24.1,16.4,20.8,29.4,29.4,14.49,0.4972,0.029,0.0032
2025-08-27,Kolkata,coastal,5.7,0.6,1.7,2.6,2.6,4.2,0.0954,0.0011,0.0002
2025-08-27,Surat,coastal,2.6,15.1,19.4,28.1,28.1,11.53,0.479,0.0261,0.0029
2025-08-27,Mahabaleshwar,orographic,19.3,8.8,12.3,10.2,10.2,10.72,0.3131,0.026,0.0061
2025-08-27,Munnar,orographic,30.5,2.0,3.9,2.5,2.5,6.29,0.1305,0.0052,0.0015
2025-08-27,Madikeri,orographic,53.0,5.3,8.7,6.55,6.55,9.38,0.2314,0.0144,0.0036
2025-08-27,Ooty,orographic,2.2,3.8,6.5,4.6,4.6,9.48,0.1892,0.0099,0.0026
2025-08-27,Lonavala,orographic,15.0,17.3,21.7,23.32,23.32,20.6,0.4502,0.0591,0.0128
2025-08-27,Wayanad,orographic,17.5,3.3,5.9,3.9,3.9,9.48,0.1739,0.0086,0.0023
2025-08-27,Shimla,orographic,4.5,11.7,15.6,14.2,14.2,6.51,0.3676,0.0367,0.0083
2025-08-27,Dehradun,orographic,0.4,10.6,14.6,12.8,12.8,6.38,0.3481,0.0326,0.0075
2025-08-27,Srinagar,orographic,5.7,1.7,3.4,2.0,2.0,1.33,0.1197,0.0045,0.0013
2025-08-27,Gangtok,orographic,8.8,14.1,18.3,18.02,18.02,6.0,0.4061,0.0461,0.0102
2025-08-27,Guwahati,orographic,16.0,34.1,41.56,56.04,56.04,16.09,0.6014,0.1331,0.0277
2025-08-27,Cherrapunji,orographic,12.6,18.9,23.6,26.6,26.6,9.84,0.4697,0.0659,0.0142
2025-08-27,Imphal,orographic,0.5,10.5,14.4,12.78,12.78,7.72,0.3462,0.0322,0.0074
2025-08-27,Agartala,orographic,0.8,0.4,1.2,0.4,0.4,3.57,0.0684,0.0018,0.0006
2025-08-27,Lucknow,normal,0.9,2.8,5.1,5.8,5.8,5.89,0.1378,0.0011,0.0003
2025-08-27,Patna,normal,1.3,0.0,0.0,0.0,0.0,1.25,0.0437,0.0002,0.0001
2025-08-27,Varanasi,normal,0.6,2.7,5.0,5.7,5.7,6.06,0.1348,0.0011,0.0003
2025-08-27,Delhi,normal,1.4,2.2,4.2,4.7,4.7,5.12,0.1197,0.0009,0.0002
2025-08-27,Kanpur,normal,5.4,1.2,2.6,2.8,2.8,4.6,0.0873,0.0005,0.0002
2025-08-27,Ranchi,normal,0.9,0.2,0.8,0.7,0.7,2.78,0.0514,0.0002,0.0001
2025-08-27,Jodhpur,normal,2.2,0.5,1.4,1.3,1.3,2.72,0.0626,0.0003,0.0001
2025-08-27,Bikaner,normal,0.4,0.0,0.0,0.0,0.0,0.39,0.0437,0.0002,0.0001
2025-08-27,Jaisalmer,normal,1.0,0.4,1.1,1.0,1.0,1.4,0.0589,0.0003,0.0001
2025-08-27,Hyderabad,normal,25.8,1.1,2.4,2.5,2.5,4.9,0.0839,0.0005,0.0001
2025-08-27,Bengaluru,normal,15.4,1.0,2.3,2.3,2.3,4.51,0.0805,0.0005,0.0001
2025-08-27,Pune,normal,3.4,5.9,9.3,10.3,10.3,6.47,0.2185,0.0026,0.0006
2025-08-27,Kurnool,normal,11.0,1.0,2.3,2.3,2.3,4.56,0.0805,0.0005,0.0001
2025-08-27,Madurai,normal,0.2,0.0,0.0,0.0,0.0,1.14,0.0437,0.0002,0.0001
2025-08-28,Nagpur,normal,19.3,5.1,8.5,9.38,9.38,6.68,0.1994,0.0022,0.0005
2025-08-28,Bhopal,normal,18.6,13.1,17.3,18.12,18.12,8.81,0.3535,0.0068,0.0014
2025-08-28,Raipur,normal,8.5,8.1,11.6,12.5,12.5,7.76,0.2661,0.0037,0.0008
2025-08-28,Jabalpur,normal,7.3,9.0,12.6,13.57,13.57,8.59,0.2837,0.0043,0.0009
2025-08-28,Akola,normal,18.3,7.7,11.0,12.1,12.1,7.76,0.2579,0.0035,0.0008
2025-08-28,Amravati,normal,16.3,8.8,12.3,13.3,13.3,7.34,0.2799,0.0041,0.0009
2025-08-28,Aurangabad,normal,6.4,12.4,16.4,17.3,17.3,8.49,0.3426,0.0063,0.0013
2025-08-28,Bhubaneswar,normal,11.9,6.2,9.6,10.5,10.5,6.45,0.2254,0.0027,0.0006
2025-08-28,Mumbai,coastal,16.3,10.7,14.7,20.34,20.34,9.91,0.4053,0.017,0.002
2025-08-28,Thiruvananthapuram,coastal,9.2,0.4,1.2,2.02,2.02,2.46,0.0851,0.0009,0.0002
2025-08-28,Kochi,coastal,31.5,6.0,9.4,12.63,12.63,5.79,0.2962,0.0085,0.0011
2025-08-28,Mangaluru,depression,54.9,29.2,35.4,21.3,64.62,15.39,0.6688,0.066,0.0022
2025-08-28,Panaji,coastal,36.9,14.1,18.3,25.51,25.51,10.63,0.464,0.024,0.0027
2025-08-28,Chennai,coastal,13.4,0.6,1.7,2.6,2.6,3.74,0.0954,0.0011,0.0002
2025-08-28,Visakhapatnam,coastal,1.4,1.2,2.6,4.26,4.26,4.51,0.1244,0.0017,0.0003
2025-08-28,Puri,coastal,7.2,14.8,19.2,27.35,27.35,10.63,0.4746,0.0255,0.0029
2025-08-28,Kolkata,coastal,5.6,3.0,5.4,7.7,7.7,4.58,0.1993,0.004,0.0006
2025-08-28,Surat,coastal,16.8,15.4,19.6,28.36,28.36,13.11,0.4833,0.0268,0.003
2025-08-28,Mahabaleshwar,orographic,15.8,15.8,20.3,20.92,20.92,15.03,0.4304,0.053,0.0116
2025-08-28,Munnar,orographic,50.9,5.6,9.0,6.9,6.9,7.72,0.2393,0.0153,0.0038
2025-08-28,Madikeri,orographic,75.3,4.0,6.8,4.8,4.8,7.85,0.1951,0.0105,0.0027
2025-08-28,Ooty,orographic,32.3,3.5,6.1,4.2,4.2,7.85,0.1801,0.0091,0.0024
2025-08-28,Lonavala,orographic,12.5,8.0,11.5,9.5,9.5,9.07,0.2962,0.0232,0.0055
2025-08-28,Wayanad,orographic,94.5,5.1,8.39,6.2,6.2,7.91,0.2261,0.0137,0.0035
2025-08-28,Shimla,orographic,8.6,6.9,10.4,8.3,8.3,5.63,0.2713,0.0195,0.0047
2025-08-28,Dehradun,orographic,8.6,17.7,22.2,23.87,23.87,6.99,0.4552,0.0608,0.0132
2025-08-28,Srinagar,orographic,0.0,3.7,6.3,4.46,4.46,3.76,0.1862,0.0097,0.0025
2025-08-28,Gangtok,orographic,18.1,16.4,20.8,21.7,21.7,6.86,0.4385,0.0554,0.0121
2025-08-28,Guwahati,orographic,15.0,27.3,33.56,43.76,43.76,12.96,0.5521,0.1026,0.0215
2025-08-28,Cherrapunji,orographic,14.7,12.9,17.1,16.18,16.18,7.76,0.3875,0.0413,0.0093
2025-08-28,Imphal,orographic,22.8,21.4,26.41,30.3,30.3,10.4,0.4975,0.0766,0.0163
2025-08-28,Agartala,orographic,1.8,3.0,5.4,3.5,3.5,2.83,0.1643,0.0078,0.0021
2025-08-28,Lucknow,normal,1.2,0.0,0.0,0.0,0.0,1.22,0.0437,0.0002,0.0001
2025-08-28,Patna,normal,1.1,0.2,0.8,0.7,0.7,1.09,0.0514,0.0002,0.0001
2025-08-28,Varanasi,normal,0.5,0.0,0.0,0.0,0.0,1.22,0.0437,0.0002,0.0001
2025-08-28,Delhi,normal,15.5,5.3,8.7,9.8,9.8,5.55,0.2043,0.0023,0.0005
2025-08-28,Kanpur,normal,3.2,0.0,0.0,0.0,0.0,1.11,0.0437,0.0002,0.0001
2025-08-28,Ranchi,normal,2.3,0.9,2.2,2.1,2.1,2.21,0.077,0.0004,0.0001
2025-08-28,Jodhpur,normal,15.6,0.0,0.0,0.0,0.0,0.67,0.0437,0.0002,0.0001
2025-08-28,Bikaner,normal,0.0,0.0,0.0,0.0,0.0,0.2,0.0437,0.0002,0.0001
2025-08-28,Jaisalmer,normal,0.5,0.5,1.4,1.3,1.3,1.47,0.0626,0.0003,0.0001
2025-08-28,Hyderabad,normal,17.6,10.3,14.1,15.1,15.1,5.37,0.3076,0.005,0.0011
2025-08-28,Bengaluru,normal,8.7,0.1,0.6,0.5,0.5,2.12,0.0476,0.0002,0.0001
2025-08-28,Pune,normal,14.6,3.3,5.8,6.5,6.5,5.55,0.1521,0.0013,0.0003
2025-08-28,Kurnool,normal,9.4,5.6,9.0,10.0,10.0,4.45,0.2115,0.0024,0.0006
2025-08-28,Madurai,normal,0.6,0.0,0.0,0.0,0.0,0.83,0.0437,0.0002,0.0001
2025-08-29,Nagpur,normal,5.6,19.7,24.5,23.83,23.83,13.53,0.4394,0.0115,0.0023
2025-08-29,Bhopal,normal,10.2,22.5,27.46,27.11,27.11,14.09,0.4689,0.0136,0.0026
2025-08-29,Raipur,normal,3.2,1.1,2.4,2.5,2.5,5.36,0.0839,0.0005,0.0001
2025-08-29,Jabalpur,normal,8.7,12.6,16.62,17.51,17.51,11.03,0.3458,0.0065,0.0014
2025-08-29,Akola,normal,24.4,31.5,38.21,34.0,34.0,15.42,0.5448,0.0211,0.0039
2025-08-29,Amravati,depression,12.0,31.7,38.41,24.2,34.0,14.93,0.6852,0.0731,0.0025
2025-08-29,Aurangabad,normal,8.3,8.7,12.2,13.02,13.02,9.7,0.2779,0.0041,0.0009
2025-08-29,Bhubaneswar,normal,3.6,3.9,6.7,7.58,7.58,7.58,0.1686,0.0016,0.0004
2025-08-29,Mumbai,coastal,7.5,17.6,22.2,31.11,31.11,15.36,0.5128,0.0316,0.0035
2025-08-29,Thiruvananthapuram,coastal,10.6,1.5,3.1,4.85,4.85,4.34,0.1381,0.0021,0.0003
2025-08-29,Kochi,coastal,23.7,8.0,11.5,15.5,15.5,10.11,0.3476,0.0119,0.0015
2025-08-29,Mangaluru,depression,29.4,25.2,30.7,14.27,56.74,19.02,0.6387,0.055,0.0019
2025-08-29,Panaji,coastal,41.8,10.3,14.1,19.52,19.52,10.92,0.3974,0.0162,0.0019
2025-08-29,Chennai,coastal,0.9,0.0,0.0,0.0,0.0,2.65,0.0635,0.0006,0.0001
2025-08-29,Visakhapatnam,coastal,2.3,0.4,1.2,2.02,2.02,4.55,0.0851,0.0009,0.0002
2025-08-29,Puri,coastal,4.2,4.2,7.1,10.03,10.03,8.32,0.2415,0.0057,0.0008
2025-08-29,Kolkata,coastal,15.3,5.3,8.7,11.6,11.6,8.33,0.276,0.0073,0.001
2025-08-29,Surat,coastal,31.5,15.4,19.6,28.36,28.36,14.42,0.4833,0.0268,0.003
2025-08-29,Mahabaleshwar,orographic,15.0,6.3,9.8,7.7,7.7,9.93,0.2569,0.0175,0.0043
2025-08-29,Munnar,orographic,33.1,5.5,8.8,6.8,6.8,9.62,0.2367,0.015,0.0037
2025-08-29,Madikeri,orographic,29.8,8.5,12.0,10.0,10.0,11.17,0.3069,0.0249,0.0059
2025-08-29,Ooty,orographic,9.0,0.4,1.2,0.4,0.4,5.26,0.0684,0.0018,0.0006
2025-08-29,Lonavala,orographic,17.3,4.9,8.1,5.9,5.9,11.06,0.2207,0.0131,0.0033
2025-08-29,Wayanad,orographic,11.5,5.2,8.6,6.4,6.4,9.62,0.2288,0.0141,0.0035
2025-08-29,Shimla,orographic,15.2,19.3,24.0,27.0,27.0,7.66,0.4744,0.0676,0.0145
2025-08-29,Dehradun,orographic,10.7,19.8,24.6,27.4,27.4,9.24,0.4801,0.0697,0.0149
2025-08-29,Srinagar,orographic,0.0,5.0,8.2,6.0,6.0,4.93,0.2234,0.0134,0.0034
2025-08-29,Gangtok,orographic,23.2,11.5,15.42,14.1,14.1,6.72,0.3641,0.0359,0.0082
2025-08-29,Guwahati,orographic,18.2,18.9,23.6,26.6,26.6,9.99,0.4697,0.0659,0.0142
2025-08-29,Cherrapunji,orographic,7.4,8.6,12.1,10.1,10.1,8.02,0.3089,0.0253,0.0059
2025-08-29,Imphal,orographic,19.6,14.0,18.27,17.95,17.95,8.54,0.4046,0.0457,0.0101
2025-08-29,Agartala,orographic,15.5,7.5,10.8,8.94,8.94,6.98,0.2851,0.0215,0.0051
2025-08-29,Lucknow,normal,1.1,0.5,1.4,1.3,1.3,2.7,0.0626,0.0003,0.0001
2025-08-29,Patna,normal,1.1,0.3,1.0,0.9,0.9,2.51,0.0552,0.0003,0.0001
2025-08-29,Varanasi,normal,0.7,0.6,1.6,1.5,1.5,2.78,0.0663,0.0003,0.0001
2025-08-29,Delhi,normal,12.6,8.2,11.8,12.7,12.7,8.96,0.2681,0.0038,0.0009
2025-08-29,Kanpur,normal,1.6,0.2,0.8,0.7,0.7,1.9,0.0514,0.0002,0.0001
2025-08-29,Ranchi,normal,5.4,3.2,5.7,6.4,6.4,4.98,0.1493,0.0013,0.0003
2025-08-29,Jodhpur,normal,15.2,0.3,1.0,0.9,0.9,0.95,0.0552,0.0003,0.0001
2025-08-29,Bikaner,normal,1.3,0.5,1.4,1.3,1.3,1.52,0.0626,0.0003,0.0001
2025-08-29,Jaisalmer,normal,0.0,1.2,2.6,2.8,2.8,2.33,0.0873,0.0005,0.0002
2025-08-29,Hyderabad,normal,1.7,1.4,3.0,3.2,3.2,5.05,0.0941,0.0006,0.0002
2025-08-29,Bengaluru,normal,0.9,0.3,1.0,0.9,0.9,2.86,0.0552,0.0003,0.0001
2025-08-29,Pune,normal,17.6,0.7,1.9,1.7,1.7,4.47,0.0699,0.0004,0.0001
2025-08-29,Kurnool,normal,1.4,1.7,3.4,3.6,3.6,5.02,0.1039,0.0007,0.0002
2025-08-29,Madurai,normal,0.6,0.0,0.0,0.0,0.0,1.41,0.0437,0.0002,0.0001
2025-08-30,Nagpur,normal,1.8,8.2,11.8,12.7,14.77,7.52,0.2681,0.0038,0.0009
2025-08-30,Bhopal,normal,1.9,19.5,24.3,23.5,23.73,10.11,0.4371,0.0113,0.0022
2025-08-30,Raipur,normal,1.7,0.6,1.7,1.6,2.1,2.92,0.0663,0.0003,0.0001
2025-08-30,Jabalpur,normal,2.6,0.9,2.2,2.1,2.61,3.81,0.077,0.0004,0.0001
2025-08-30,Akola,normal,4.7,5.6,9.0,9.98,11.83,6.62,0.2115,0.0024,0.0006
2025-08-30,Amravati,depression,1.7,20.5,25.36,8.41,24.0,11.3,0.5949,0.0425,0.0015
2025-08-30,Aurangabad,normal,4.6,0.5,1.4,1.3,1.97,3.67,0.0626,0.0003,0.0001
2025-08-30,Bhubaneswar,normal,12.6,4.7,7.9,8.7,11.38,5.66,0.1895,0.002,0.0005
2025-08-30,Mumbai,coastal,2.8,1.9,3.7,5.5,5.5,5.17,0.1555,0.0025,0.0004
2025-08-30,Thiruvananthapuram,coastal,9.9,0.2,0.8,1.53,1.53,3.03,0.0745,0.0008,0.0001
2025-08-30,Kochi,coastal,13.6,2.4,4.5,6.2,6.2,5.04,0.1761,0.0032,0.0005
2025-08-30,Mangaluru,coastal,64.7,18.6,23.3,33.93,33.93,13.32,0.5251,0.0339,0.0037
2025-08-30,Panaji,coastal,16.1,14.9,19.22,27.9,27.9,10.75,0.4761,0.0257,0.0029
2025-08-30,Chennai,coastal,22.2,0.0,0.0,0.0,0.0,1.15,0.0635,0.0006,0.0001
2025-08-30,Visakhapatnam,coastal,2.0,0.3,1.0,1.8,1.8,2.7,0.0798,0.0008,0.0001
2025-08-30,Puri,coastal,9.6,4.5,7.5,10.4,10.4,7.22,0.2513,0.0061,0.0008
2025-08-30,Kolkata,coastal,9.2,3.9,6.7,9.54,9.54,7.09,0.2315,0.0052,0.0007
2025-08-30,Surat,coastal,5.6,2.5,4.7,6.49,6.49,5.08,0.1801,0.0033,0.0005
2025-08-30,Mahabaleshwar,orographic,12.4,2.9,5.2,3.4,3.4,6.37,0.1611,0.0075,0.002
2025-08-30,Munnar,orographic,18.9,2.7,5.0,3.2,3.2,6.37,0.1545,0.007,0.0019
2025-08-30,Madikeri,orographic,16.8,8.7,12.28,10.2,10.2,9.39,0.311,0.0257,0.006
2025-08-30,Ooty,orographic,2.6,2.8,5.1,3.3,3.3,4.01,0.1578,0.0072,0.002
2025-08-30,Lonavala,orographic,6.0,4.4,7.4,5.2,5.2,7.65,0.2067,0.0117,0.003
2025-08-30,Wayanad,orographic,5.8,2.3,4.4,2.8,2.8,5.27,0.141,0.006,0.0017
2025-08-30,Shimla,orographic,15.2,20.0,24.8,27.6,27.6,8.47,0.4823,0.0706,0.0151
2025-08-30,Dehradun,orographic,9.5,9.8,13.6,11.7,11.7,6.04,0.333,0.0296,0.0068
2025-08-30,Srinagar,orographic,1.0,7.6,10.9,9.0,9.0,5.03,0.2874,0.0218,0.0052
2025-08-30,Gangtok,orographic,3.8,7.5,10.8,8.94,8.94,5.44,0.2851,0.0215,0.0051
2025-08-30,Guwahati,orographic,13.9,9.4,13.03,11.09,11.09,7.31,0.3252,0.0282,0.0065
2025-08-30,Cherrapunji,orographic,8.1,52.2,63.9,84.73,84.73,16.51,0.6902,0.2136,0.0449
2025-08-30,Imphal,orographic,10.9,7.0,10.4,8.5,8.5,6.4,0.2737,0.0198,0.0048
2025-08-30,Agartala,orographic,8.0,5.2,8.6,6.4,6.4,5.14,0.2288,0.0141,0.0035
2025-08-30,Lucknow,normal,2.0,1.9,3.7,4.1,5.05,2.98,0.1103,0.0008,0.0002
2025-08-30,Patna,normal,5.2,1.3,2.8,3.0,3.7,2.6,0.0907,0.0006,0.0002
2025-08-30,Varanasi,normal,10.3,7.1,10.5,11.7,13.4,5.33,0.2453,0.0032,0.0007
2025-08-30,Delhi,normal,3.8,3.2,5.7,6.4,8.1,5.0,0.1493,0.0013,0.0003
2025-08-30,Kanpur,normal,2.4,2.5,4.7,5.29,6.34,3.16,0.1289,0.001,0.0003
2025-08-30,Ranchi,normal,2.4,16.0,20.4,20.6,21.31,8.26,0.3945,0.0088,0.0018
2025-08-30,Jodhpur,normal,32.4,7.8,11.2,12.2,13.97,4.74,0.26,0.0036,0.0008
2025-08-30,Bikaner,normal,35.7,6.8,10.3,11.22,12.87,4.63,0.2388,0.003,0.0007
2025-08-30,Jaisalmer,normal,0.7,3.9,6.7,7.58,9.6,4.58,0.1686,0.0016,0.0004
2025-08-30,Hyderabad,normal,0.4,0.0,0.0,0.0,0.0,2.08,0.0437,0.0002,0.0001
2025-08-30,Bengaluru,normal,4.0,0.1,0.6,0.5,0.8,1.9,0.0476,0.0002,0.0001
2025-08-30,Pune,normal,4.5,0.2,0.8,0.7,1.0,2.48,0.0514,0.0002,0.0001
2025-08-30,Kurnool,normal,15.5,0.0,0.0,0.0,0.0,2.08,0.0437,0.0002,0.0001
2025-08-30,Madurai,normal,2.3,0.0,0.0,0.0,0.0,0.84,0.0437,0.0002,0.0001
2025-08-31,Nagpur,normal,10.9,24.8,30.21,29.2,29.2,10.73,0.4907,0.0154,0.003
2025-08-31,Bhopal,normal,16.0,7.4,10.73,11.9,11.9,7.37,0.2517,0.0034,0.0008
2025-08-31,Raipur,normal,12.0,5.2,8.6,9.53,9.53,4.14,0.2019,0.0022,0.0005
2025-08-31,Jabalpur,normal,8.1,24.4,29.7,28.16,28.16,8.19,0.4871,0.0151,0.0029
2025-08-31,Akola,normal,1.1,6.4,9.84,10.6,10.6,6.72,0.2299,0.0028,0.0007
2025-08-31,Amravati,normal,13.1,3.9,6.7,7.58,7.58,6.55,0.1686,0.0016,0.0004
2025-08-31,Aurangabad,normal,1.8,1.1,2.4,2.5,2.5,2.68,0.0839,0.0005,0.0001
2025-08-31,Bhubaneswar,normal,9.9,14.7,19.07,19.46,19.46,7.83,0.3768,0.0079,0.0016
2025-08-31,Mumbai,coastal,10.0,3.5,6.1,8.8,8.8,7.5,0.2176,0.0046,0.0006
2025-08-31,Thiruvananthapuram,coastal,4.9,0.0,0.0,0.0,0.0,1.87,0.0635,0.0006,0.0001
2025-08-31,Kochi,coastal,7.8,0.1,0.6,1.2,1.2,2.93,0.069,0.0007,0.0001
2025-08-31,Mangaluru,coastal,18.3,4.9,8.1,10.88,10.88,8.03,0.2639,0.0067,0.0009
2025-08-31,Panaji,coastal,9.4,8.5,12.0,17.0,17.0,8.96,0.3592,0.0128,0.0016
2025-08-31,Chennai,coastal,11.2,0.4,1.2,2.02,2.02,2.65,0.0851,0.0009,0.0002
2025-08-31,Visakhapatnam,coastal,8.4,1.2,2.7,4.5,4.5,3.7,0.1244,0.0017,0.0003
2025-08-31,Puri,coastal,11.8,3.8,6.5,9.4,9.4,7.68,0.228,0.0051,0.0007
2025-08-31,Kolkata,coastal,3.8,0.9,2.1,3.5,3.5,4.27,0.1102,0.0014,0.0002
2025-08-31,Surat,coastal,13.7,4.1,6.9,9.88,9.88,7.5,0.2382,0.0055,0.0007
2025-08-31,Mahabaleshwar,orographic,24.6,4.2,7.1,4.96,4.96,7.81,0.201,0.0111,0.0029
2025-08-31,Munnar,orographic,8.1,0.4,1.2,0.4,0.4,4.08,0.0684,0.0018,0.0006
2025-08-31,Madikeri,orographic,13.0,6.6,10.2,8.1,8.1,9.8,0.2642,0.0185,0.0045
2025-08-31,Ooty,orographic,2.9,4.0,6.8,4.8,4.8,7.81,0.1951,0.0105,0.0027
2025-08-31,Lonavala,orographic,19.6,9.1,12.7,10.5,10.5,10.55,0.3192,0.0271,0.0063
2025-08-31,Wayanad,orographic,3.1,2.4,4.5,2.9,2.9,5.43,0.1445,0.0062,0.0017
2025-08-31,Shimla,orographic,18.7,21.1,26.0,29.8,29.8,8.73,0.4943,0.0753,0.0161
2025-08-31,Dehradun,orographic,17.1,4.1,6.9,4.8,4.8,4.55,0.1981,0.0108,0.0028
2025-08-31,Srinagar,orographic,13.1,13.0,17.2,16.3,16.3,5.62,0.3891,0.0417,0.0093
2025-08-31,Gangtok,orographic,2.4,16.4,20.8,21.7,21.7,6.2,0.4385,0.0554,0.0121
2025-08-31,Guwahati,orographic,0.9,0.0,0.0,0.0,0.0,2.53,0.0508,0.0012,0.0004
2025-08-31,Cherrapunji,orographic,10.7,14.6,18.9,18.57,18.57,8.93,0.4135,0.0481,0.0106
2025-08-31,Imphal,orographic,1.8,10.0,13.8,12.08,12.08,7.32,0.3369,0.0303,0.007
2025-08-31,Agartala,orographic,1.1,2.6,4.9,3.1,3.1,3.93,0.1512,0.0067,0.0018
2025-08-31,Lucknow,normal,23.3,7.1,10.5,11.72,11.72,6.6,0.2453,0.0032,0.0007
2025-08-31,Patna,normal,6.7,12.9,17.1,17.8,17.8,7.3,0.3504,0.0067,0.0014
2025-08-31,Varanasi,normal,12.8,6.0,9.4,10.4,10.4,5.62,0.2208,0.0026,0.0006
2025-08-31,Delhi,normal,13.1,9.8,13.6,14.7,14.7,7.3,0.2986,0.0047,0.001
2025-08-31,Kanpur,normal,37.7,8.2,11.8,12.7,12.7,6.6,0.2681,0.0038,0.0009
2025-08-31,Ranchi,normal,0.8,35.0,43.2,37.91,37.91,14.75,0.5684,0.0242,0.0044
2025-08-31,Jodhpur,normal,37.3,18.0,22.6,21.9,21.9,8.96,0.4197,0.0102,0.0021
2025-08-31,Bikaner,normal,12.1,5.8,9.2,10.3,10.3,6.2,0.2162,0.0025,0.0006
2025-08-31,Jaisalmer,normal,11.4,1.4,3.0,3.2,3.2,2.81,0.0941,0.0006,0.0002
2025-08-31,Hyderabad,normal,2.9,0.0,0.0,0.0,0.0,0.9,0.0437,0.0002,0.0001
2025-08-31,Bengaluru,normal,10.0,0.6,1.7,1.6,1.6,2.9,0.0663,0.0003,0.0001
2025-08-31,Pune,normal,4.6,0.0,0.0,0.0,0.0,1.56,0.0437,0.0002,0.0001
2025-08-31,Kurnool,normal,8.0,0.1,0.6,0.5,0.5,1.21,0.0476,0.0002,0.0001
2025-08-31,Madurai,normal,0.2,0.1,0.6,0.5,0.5,1.21,0.0476,0.0002,0.0001
2025-09-01,Nagpur,normal,26.8,10.3,14.1,15.1,15.1,8.13,0.3076,0.005,0.0011
2025-09-01,Bhopal,normal,8.6,6.0,9.4,10.4,10.4,5.72,0.2208,0.0026,0.0006
2025-09-01,Raipur,normal,7.8,17.1,21.4,21.02,21.02,9.32,0.4086,0.0096,0.0019
2025-09-01,Jabalpur,depression,9.7,20.4,25.26,8.3,25.0,10.97,0.5938,0.0422,0.0015
2025-09-01,Akola,normal,11.7,2.6,4.9,5.5,5.5,4.27,0.1319,0.0011,0.0003
2025-09-01,Amravati,normal,14.8,7.8,11.2,12.2,12.2,6.85,0.26,0.0036,0.0008
2025-09-01,Aurangabad,normal,5.5,1.6,3.3,3.4,3.4,3.08,0.1007,0.0007,0.0002
2025-09-01,Bhubaneswar,normal,1.3,2.9,5.2,5.9,5.9,5.02,0.1407,0.0012,0.0003
2025-09-01,Mumbai,coastal,6.7,4.1,6.9,9.88,9.88,6.42,0.2382,0.0055,0.0007
2025-09-01,Thiruvananthapuram,coastal,2.5,0.0,0.0,0.0,0.0,1.18,0.0635,0.0006,0.0001
2025-09-01,Kochi,coastal,9.7,2.8,5.1,7.14,7.14,4.21,0.1918,0.0037,0.0005
2025-09-01,Mangaluru,coastal,10.4,10.7,14.7,20.34,20.34,8.96,0.4053,0.017,0.002
2025-09-01,Panaji,coastal,13.3,17.9,22.6,32.23,32.23,12.2,0.5166,0.0323,0.0036
2025-09-01,Chennai,coastal,4.2,0.2,0.8,1.53,1.53,2.29,0.0745,0.0008,0.0001
2025-09-01,Visakhapatnam,coastal,8.1,9.5,13.2,17.97,17.97,7.93,0.3811,0.0147,0.0018
2025-09-01,Puri,coastal,4.6,5.6,9.0,12.3,12.3,6.48,0.2848,0.0078,0.001
2025-09-01,Kolkata,coastal,12.0,0.0,0.0,0.0,0.0,1.45,0.0635,0.0006,0.0001
2025-09-01,Surat,coastal,7.5,13.7,18.0,25.21,25.21,9.77,0.4577,0.0231,0.0026
2025-09-01,Mahabaleshwar,orographic,28.3,6.4,9.84,7.9,7.9,9.04,0.2594,0.0178,0.0044
2025-09-01,Munnar,orographic,9.2,2.8,5.1,3.3,3.3,4.44,0.1578,0.0072,0.002
2025-09-01,Madikeri,orographic,15.2,5.4,8.7,6.6,6.6,8.89,0.2341,0.0147,0.0037
2025-09-01,Ooty,orographic,10.0,5.0,8.2,6.0,6.0,7.64,0.2234,0.0134,0.0034
2025-09-01,Lonavala,orographic,25.2,14.6,18.9,18.57,18.57,13.46,0.4135,0.0481,0.0106
2025-09-01,Wayanad,orographic,3.8,0.9,2.2,1.1,1.1,3.6,0.0891,0.0028,0.0009
2025-09-01,Shimla,orographic,29.2,22.3,27.36,33.2,33.2,9.23,0.5067,0.0805,0.0171
2025-09-01,Dehradun,orographic,60.5,9.0,12.6,10.4,10.4,5.66,0.3172,0.0267,0.0062
2025-09-01,Srinagar,orographic,4.2,10.6,14.6,12.8,12.8,6.03,0.3481,0.0326,0.0075
2025-09-01,Gangtok,orographic,1.5,14.1,18.3,18.02,18.02,6.24,0.4061,0.0461,0.0102
2025-09-01,Guwahati,orographic,0.5,0.5,1.4,0.6,0.6,1.38,0.0727,0.002,0.0006
2025-09-01,Cherrapunji,orographic,0.2,26.5,32.4,42.42,42.42,8.64,0.5454,0.099,0.0208
2025-09-01,Imphal,orographic,0.2,9.2,12.8,10.54,10.54,5.7,0.3212,0.0274,0.0064
2025-09-01,Agartala,orographic,8.2,9.3,12.9,10.79,10.79,5.38,0.3232,0.0278,0.0065
2025-09-01,Lucknow,normal,15.6,17.4,21.77,21.36,21.36,10.19,0.4124,0.0098,0.002
2025-09-01,Patna,normal,10.1,5.3,8.7,9.7,9.7,6.54,0.2043,0.0023,0.0005
2025-09-01,Varanasi,normal,27.5,3.1,5.5,6.2,6.2,5.43,0.1465,0.0013,0.0003
2025-09-01,Delhi,normal,31.5,14.0,18.27,19.0,19.0,9.16,0.3668,0.0074,0.0015
2025-09-01,Kanpur,normal,29.3,9.6,13.3,14.5,14.5,8.9,0.2949,0.0046,0.001
2025-09-01,Ranchi,normal,0.4,6.2,9.6,10.43,10.43,7.39,0.2254,0.0027,0.0006
2025-09-01,Jodhpur,normal,36.6,1.2,2.6,2.8,2.8,2.43,0.0873,0.0005,0.0002
2025-09-01,Bikaner,normal,1.9,6.8,10.3,11.3,11.3,5.37,0.2388,0.003,0.0007
2025-09-01,Jaisalmer,normal,1.1,0.0,0.0,0.0,0.0,0.55,0.0437,0.0002,0.0001
2025-09-01,Hyderabad,normal,8.7,0.2,0.8,0.7,0.7,1.5,0.0514,0.0002,0.0001
2025-09-01,Bengaluru,normal,4.3,0.1,0.6,0.5,0.5,1.66,0.0476,0.0002,0.0001
2025-09-01,Pune,normal,2.7,0.4,1.2,1.1,1.1,1.99,0.0589,0.0003,0.0001
2025-09-01,Kurnool,normal,4.6,0.3,1.0,0.9,0.9,1.91,0.0552,0.0003,0.0001
2025-09-01,Madurai,normal,0.4,0.2,0.8,0.7,0.7,1.86,0.0514,0.0002,0.0001
2025-09-02,Nagpur,normal,15.8,5.7,9.1,10.2,10.2,6.5,0.2139,0.0025,0.0006
2025-09-02,Bhopal,normal,4.8,9.6,13.3,14.5,14.5,8.95,0.2949,0.0046,0.001
2025-09-02,Raipur,depression,24.4,32.6,39.3,24.65,34.41,14.31,0.6906,0.0756,0.0026
2025-09-02,Jabalpur,normal,12.0,14.4,18.8,19.3,19.3,9.26,0.3726,0.0077,0.0016
2025-09-02,Akola,normal,6.4,8.0,11.5,12.37,12.37,7.39,0.2641,0.0037,0.0008
2025-09-02,Amravati,normal,13.1,9.6,13.3,14.5,14.5,9.18,0.2949,0.0046,0.001
2025-09-02,Aurangabad,normal,1.4,2.3,4.4,4.84,4.84,4.25,0.1228,0.0009,0.0002
2025-09-02,Bhubaneswar,normal,30.7,9.8,13.6,14.7,2.2,8.5,0.2986,0.0047,0.001
2025-09-02,Mumbai,coastal,5.7,7.0,10.4,14.1,14.1,8.36,0.323,0.0102,0.0013
2025-09-02,Thiruvananthapuram,coastal,0.9,0.0,0.0,0.0,0.0,1.4,0.0635,0.0006,0.0001
2025-09-02,Kochi,coastal,3.0,0.9,2.2,3.6,3.6,3.1,0.1102,0.0014,0.0002
2025-09-02,Mangaluru,coastal,27.3,16.8,21.2,29.66,29.66,13.0,0.5025,0.0298,0.0033
2025-09-02,Panaji,coastal,31.7,16.3,20.7,29.4,29.4,12.21,0.4958,0.0287,0.0032
2025-09-02,Chennai,coastal,10.4,0.3,1.0,1.8,1.8,2.44,0.0798,0.0008,0.0001
2025-09-02,Visakhapatnam,coastal,13.8,27.9,34.11,61.72,61.72,16.03,0.6141,0.0564,0.0059
2025-09-02,Puri,coastal,13.0,12.8,17.0,24.4,24.4,10.57,0.4431,0.0212,0.0025
2025-09-02,Kolkata,coastal,25.7,5.4,8.7,11.7,11.7,5.55,0.279,0.0075,0.001
2025-09-02,Surat,coastal,3.5,7.4,10.7,14.55,14.55,8.46,0.3331,0.0109,0.0013
2025-09-02,Mahabaleshwar,orographic,25.6,6.2,9.6,7.5,7.5,8.23,0.2545,0.0172,0.0042
2025-09-02,Munnar,orographic,4.9,0.5,1.4,0.6,0.6,3.51,0.0727,0.002,0.0006
2025-09-02,Madikeri,orographic,12.9,4.8,8.0,5.7,5.7,8.23,0.2179,0.0128,0.0033
2025-09-02,Ooty,orographic,0.9,2.1,4.1,2.7,2.7,5.53,0.1341,0.0055,0.0015
2025-09-02,Lonavala,orographic,19.8,12.9,17.1,16.18,16.18,13.4,0.3875,0.0413,0.0093
2025-09-02,Wayanad,orographic,3.1,0.6,1.7,0.8,0.8,3.53,0.0769,0.0022,0.0007
2025-09-02,Shimla,orographic,24.9,1.8,3.56,2.2,2.2,2.8,0.1234,0.0048,0.0014
2025-09-02,Dehradun,orographic,15.9,6.4,9.84,7.9,7.9,5.82,0.2594,0.0178,0.0044
2025-09-02,Srinagar,orographic,33.5,12.6,16.62,15.7,15.7,6.68,0.3827,0.0402,0.009
2025-09-02,Gangtok,orographic,0.9,1.3,2.8,1.6,1.6,2.01,0.1048,0.0036,0.0011
2025-09-02,Guwahati,orographic,4.5,95.4,103.51,127.85,127.85,11.1,0.7956,0.3803,0.0877
2025-09-02,Cherrapunji,orographic,0.8,62.8,74.3,93.71,93.71,17.41,0.7255,0.2584,0.0553
2025-09-02,Imphal,orographic,1.3,12.3,16.32,15.28,15.28,6.41,0.3777,0.039,0.0088
2025-09-02,Agartala,orographic,4.6,11.8,15.7,14.3,14.3,6.23,0.3693,0.0371,0.0084
2025-09-02,Lucknow,normal,6.9,12.7,16.7,17.7,17.7,9.84,0.3473,0.0065,0.0014
2025-09-02,Patna,normal,8.5,1.0,2.3,2.3,2.3,3.78,0.0805,0.0005,0.0001
2025-09-02,Varanasi,normal,10.5,15.7,20.1,20.36,20.36,9.98,0.3905,0.0086,0.0018
2025-09-02,Delhi,normal,21.7,4.4,7.4,8.2,8.2,6.72,0.1818,0.0018,0.0005
2025-09-02,Kanpur,normal,25.7,6.1,9.6,10.4,10.4,7.04,0.2231,0.0027,0.0006
2025-09-02,Ranchi,normal,17.9,4.0,6.8,7.7,7.7,6.71,0.1713,0.0016,0.0004
2025-09-02,Jodhpur,normal,15.0,0.0,0.0,0.0,0.0,0.62,0.0437,0.0002,0.0001
2025-09-02,Bikaner,normal,0.4,0.9,2.2,2.1,2.1,1.95,0.077,0.0004,0.0001
2025-09-02,Jaisalmer,normal,0.2,0.0,0.0,0.0,0.0,0.31,0.0437,0.0002,0.0001
2025-09-02,Hyderabad,normal,4.5,0.8,2.0,1.8,1.8,2.51,0.0735,0.0004,0.0001
2025-09-02,Bengaluru,normal,6.0,0.8,2.0,1.8,1.8,2.51,0.0735,0.0004,0.0001
2025-09-02,Pune,normal,2.7,0.3,1.0,0.9,0.9,2.0,0.0552,0.0003,0.0001
2025-09-02,Kurnool,normal,14.6,0.1,0.6,0.5,0.5,1.67,0.0476,0.0002,0.0001
2025-09-02,Madurai,normal,0.1,0.0,0.0,0.0,0.0,1.43,0.0437,0.0002,0.0001
2025-09-03,Nagpur,active,12.4,17.5,21.9,25.52,25.52,11.43,0.4975,0.0322,0.0098
2025-09-03,Bhopal,depression,34.0,31.4,38.11,24.1,39.16,17.2,0.6833,0.0722,0.0024
2025-09-03,Raipur,depression,12.9,19.3,24.0,8.04,30.67,15.44,0.5818,0.0394,0.0014
2025-09-03,Jabalpur,depression,34.7,19.2,24.0,7.99,30.67,14.24,0.5807,0.0391,0.0014
2025-09-03,Akola,depression,24.1,26.0,31.8,15.4,39.16,14.13,0.6452,0.0571,0.002
2025-09-03,Amravati,depression,16.4,41.1,52.3,41.39,44.47,17.86,0.7339,0.1003,0.0033
2025-09-03,Aurangabad,active,5.2,5.4,8.7,10.14,10.14,6.39,0.2678,0.0077,0.0028
2025-09-03,Bhubaneswar,active,80.7,4.4,7.4,9.04,1.2,8.42,0.2377,0.0061,0.0022
2025-09-03,Mumbai,coastal,4.8,5.5,8.8,11.98,11.98,7.46,0.2819,0.0077,0.001
2025-09-03,Thiruvananthapuram,coastal,4.4,0.0,0.0,0.0,0.0,1.44,0.0635,0.0006,0.0001
2025-09-03,Kochi,coastal,8.2,1.6,3.3,5.05,5.05,3.72,0.1425,0.0022,0.0003
2025-09-03,Mangaluru,depression,27.3,27.6,34.0,17.89,61.11,21.69,0.6574,0.0616,0.0021
2025-09-03,Panaji,coastal,10.0,11.2,15.2,21.19,21.19,11.09,0.4148,0.018,0.0021
2025-09-03,Chennai,coastal,12.9,3.4,5.9,8.69,8.69,5.59,0.214,0.0045,0.0006
2025-09-03,Visakhapatnam,coastal,19.4,5.2,8.6,11.43,11.43,8.42,0.273,0.0072,0.0009
2025-09-03,Puri,coastal,37.7,2.6,4.9,6.7,6.7,5.69,0.184,0.0034,0.0005
2025-09-03,Kolkata,coastal,22.9,5.4,8.7,11.7,11.7,7.35,0.279,0.0075,0.001
2025-09-03,Surat,coastal,1.9,3.1,5.5,8.0,8.0,6.19,0.2031,0.0041,0.0006
2025-09-03,Mahabaleshwar,orographic,17.5,4.0,6.8,4.8,4.8,9.33,0.1951,0.0105,0.0027
2025-09-03,Munnar,orographic,9.3,3.2,5.7,3.7,3.7,5.05,0.1707,0.0083,0.0022
2025-09-03,Madikeri,orographic,16.3,5.8,9.2,7.1,7.1,9.32,0.2444,0.0159,0.0039
2025-09-03,Ooty,orographic,2.8,3.6,6.2,4.3,4.3,8.59,0.1831,0.0094,0.0025
2025-09-03,Lonavala,orographic,14.9,7.3,10.6,8.74,8.74,14.54,0.2806,0.0208,0.005
2025-09-03,Wayanad,orographic,4.0,4.2,7.1,4.96,4.96,6.52,0.201,0.0111,0.0029
2025-09-03,Shimla,orographic,15.0,5.6,9.0,6.9,6.9,4.22,0.2393,0.0153,0.0038
2025-09-03,Dehradun,orographic,8.9,0.9,2.1,1.1,1.1,1.74,0.0891,0.0028,0.0009
2025-09-03,Srinagar,orographic,32.8,5.6,9.0,6.9,6.9,5.61,0.2393,0.0153,0.0038
2025-09-03,Gangtok,orographic,5.9,14.6,18.9,18.57,18.57,5.7,0.4135,0.0481,0.0106
2025-09-03,Guwahati,orographic,8.4,33.3,40.41,52.53,52.53,18.63,0.5962,0.1295,0.027
2025-09-03,Cherrapunji,orographic,1.4,14.2,18.47,18.1,18.1,9.7,0.4076,0.0465,0.0103
2025-09-03,Imphal,orographic,0.5,4.4,7.4,5.2,5.2,5.81,0.2067,0.0117,0.003
2025-09-03,Agartala,orographic,1.7,9.4,13.03,11.09,11.09,7.34,0.3252,0.0282,0.0065
2025-09-03,Lucknow,active,1.5,11.2,15.2,18.57,18.57,10.43,0.4012,0.0184,0.006
2025-09-03,Patna,active,3.7,0.0,0.0,0.0,0.0,1.34,0.0602,0.0006,0.0003
2025-09-03,Varanasi,active,1.9,10.5,14.4,17.07,17.07,10.76,0.3879,0.017,0.0056
2025-09-03,Delhi,active,14.7,9.0,12.6,15.6,15.6,9.3,0.3573,0.0141,0.0047
2025-09-03,Kanpur,active,22.9,6.4,9.84,11.75,11.75,8.3,0.2953,0.0094,0.0033
2025-09-03,Ranchi,active,12.4,5.3,8.7,9.99,9.99,6.75,0.2649,0.0075,0.0027
2025-09-03,Jodhpur,active,13.3,0.9,2.2,2.9,2.9,1.41,0.1048,0.0015,0.0006
2025-09-03,Bikaner,active,0.0,0.0,0.0,0.0,0.0,0.67,0.0602,0.0006,0.0003
2025-09-03,Jaisalmer,active,0.0,1.0,2.3,3.0,3.0,1.41,0.1094,0.0016,0.0007
2025-09-03,Hyderabad,active,0.2,8.6,12.1,14.96,14.96,5.14,0.3485,0.0133,0.0045
2025-09-03,Bengaluru,active,5.5,1.7,3.4,4.85,4.85,3.86,0.14,0.0024,0.001
2025-09-03,Pune,active,2.1,0.2,0.8,1.3,1.3,2.3,0.0707,0.0008,0.0004
2025-09-03,Kurnool,active,0.8,4.9,8.1,9.8,9.8,4.55,0.2531,0.0069,0.0025
2025-09-03,Madurai,active,0.8,0.0,0.0,0.0,0.0,1.37,0.0602,0.0006,0.0003
2025-09-04,Nagpur,normal,1.9,10.4,14.3,15.2,15.2,8.88,0.3093,0.0051,0.0011
2025-09-04,Bhopal,depression,13.5,41.1,52.3,41.39,41.72,15.05,0.7339,0.1003,0.0033
2025-09-04,Raipur,normal,15.6,7.1,10.5,11.7,11.7,7.73,0.2453,0.0032,0.0007
2025-09-04,Jabalpur,depression,15.9,21.3,26.3,9.2,26.06,12.78,0.6031,0.0446,0.0016
2025-09-04,Akola,normal,7.2,4.9,8.1,9.0,9.0,6.65,0.1945,0.0021,0.0005
2025-09-04,Amravati,normal,6.0,6.7,10.2,11.17,11.17,8.14,0.2366,0.003,0.0007
2025-09-04,Aurangabad,normal,7.0,6.0,9.4,10.4,10.4,6.35,0.2208,0.0026,0.0006
2025-09-04,Bhubaneswar,normal,8.9,2.6,4.9,5.5,5.5,4.9,0.1319,0.0011,0.0003
2025-09-04,Mumbai,coastal,17.2,4.8,8.0,10.7,10.7,7.03,0.2608,0.0066,0.0009
2025-09-04,Thiruvananthapuram,coastal,2.7,0.0,0.0,0.0,0.0,1.4,0.0635,0.0006,0.0001
2025-09-04,Kochi,coastal,5.1,1.3,2.8,4.6,4.6,3.91,0.129,0.0019,0.0003
2025-09-04,Mangaluru,coastal,27.4,8.2,11.8,16.0,16.0,7.83,0.3523,0.0123,0.0015
2025-09-04,Panaji,coastal,16.2,4.3,7.2,10.13,10.13,6.98,0.2448,0.0058,0.0008
2025-09-04,Chennai,coastal,3.0,1.0,2.3,3.9,3.9,3.29,0.115,0.0015,0.0002
2025-09-04,Visakhapatnam,coastal,0.5,1.1,2.4,4.1,4.1,4.14,0.1197,0.0016,0.0003
2025-09-04,Puri,coastal,2.1,2.0,3.9,5.6,5.6,4.45,0.1597,0.0027,0.0004
2025-09-04,Kolkata,coastal,9.2,10.2,14.1,19.5,19.5,9.7,0.3954,0.016,0.0019
2025-09-04,Surat,coastal,19.8,20.5,25.36,36.2,36.2,13.1,0.5467,0.0383,0.0042
2025-09-04,Mahabaleshwar,orographic,22.9,3.3,5.9,3.9,3.9,8.24,0.1739,0.0086,0.0023
2025-09-04,Munnar,orographic,10.1,4.6,7.6,5.5,5.5,7.81,0.2124,0.0122,0.0031
2025-09-04,Madikeri,orographic,14.6,6.5,10.0,7.95,7.95,9.72,0.2618,0.0182,0.0044
2025-09-04,Ooty,orographic,7.5,3.3,5.8,3.81,3.81,6.92,0.1739,0.0086,0.0023
2025-09-04,Lonavala,orographic,14.3,4.3,7.2,5.1,5.1,9.59,0.2039,0.0114,0.0029
2025-09-04,Wayanad,orographic,7.5,2.5,4.7,3.1,3.1,5.74,0.1478,0.0065,0.0018
2025-09-04,Shimla,orographic,13.4,0.8,2.0,1.1,1.1,1.63,0.0851,0.0026,0.0008
2025-09-04,Dehradun,orographic,4.1,0.2,0.8,0.2,0.2,0.75,0.0598,0.0015,0.0005
2025-09-04,Srinagar,orographic,0.0,3.8,6.5,4.6,4.6,4.37,0.1892,0.0099,0.0026
2025-09-04,Gangtok,orographic,2.4,11.3,15.3,13.88,13.88,6.11,0.3607,0.0352,0.008
2025-09-04,Guwahati,orographic,7.6,10.0,13.8,12.08,12.08,5.92,0.3369,0.0303,0.007
2025-09-04,Cherrapunji,orographic,16.6,5.9,9.3,7.2,7.2,4.36,0.247,0.0162,0.004
2025-09-04,Imphal,orographic,17.7,10.5,14.4,12.78,12.78,5.96,0.3462,0.0322,0.0074
2025-09-04,Agartala,orographic,12.4,1.2,2.7,1.5,1.5,2.89,0.1009,0.0034,0.001
2025-09-04,Lucknow,normal,7.2,11.5,15.42,16.36,16.36,9.57,0.3281,0.0058,0.0012
2025-09-04,Patna,normal,0.8,4.7,7.9,8.7,8.7,5.46,0.1895,0.002,0.0005
2025-09-04,Varanasi,normal,10.0,7.0,10.4,11.5,11.5,8.42,0.2431,0.0031,0.0007
2025-09-04,Delhi,normal,17.7,6.8,10.3,11.22,11.22,8.42,0.2388,0.003,0.0007
2025-09-04,Kanpur,normal,14.5,12.4,16.4,17.3,17.3,9.79,0.3426,0.0063,0.0013
2025-09-04,Ranchi,normal,9.1,20.0,24.8,24.6,24.6,12.08,0.4427,0.0117,0.0023
2025-09-04,Jodhpur,normal,1.1,9.8,13.6,14.7,14.7,4.9,0.2986,0.0047,0.001
2025-09-04,Bikaner,normal,0.0,0.0,0.0,0.0,0.0,0.31,0.0437,0.0002,0.0001
2025-09-04,Jaisalmer,normal,0.0,0.3,1.0,0.9,0.9,0.84,0.0552,0.0003,0.0001
2025-09-04,Hyderabad,normal,0.3,1.3,2.8,3.0,3.0,3.94,0.0907,0.0006,0.0002
2025-09-04,Bengaluru,normal,2.8,0.9,2.2,2.1,2.1,3.02,0.077,0.0004,0.0001
2025-09-04,Pune,normal,1.2,0.2,0.8,0.7,0.7,1.96,0.0514,0.0002,0.0001
2025-09-04,Kurnool,normal,0.3,0.4,1.2,1.1,1.1,3.06,0.0589,0.0003,0.0001
2025-09-04,Madurai,normal,8.5,0.0,0.0,0.0,0.0,1.01,0.0437,0.0002,0.0001
2025-09-05,Nagpur,normal,0.2,3.6,6.2,7.2,7.2,5.34,0.1605,0.0015,0.0004
2025-09-05,Bhopal,normal,9.4,1.3,2.8,3.0,3.0,4.02,0.0907,0.0006,0.0002
2025-09-05,Raipur,normal,3.4,0.2,0.8,0.7,0.7,2.29,0.0514,0.0002,0.0001
2025-09-05,Jabalpur,normal,4.8,1.0,2.3,2.3,2.3,2.99,0.0805,0.0005,0.0001
2025-09-05,Akola,normal,15.0,3.1,5.5,6.2,6.2,4.4,0.1465,0.0013,0.0003
2025-09-05,Amravati,normal,3.2,1.8,3.56,3.8,3.8,3.73,0.1071,0.0007,0.0002
2025-09-05,Aurangabad,normal,15.6,1.0,2.3,2.3,2.3,2.51,0.0805,0.0005,0.0001
2025-09-05,Bhubaneswar,normal,12.4,26.6,32.46,30.01,30.01,9.32,0.5066,0.0169,0.0032
2025-09-05,Mumbai,coastal,18.2,5.3,8.7,11.6,11.6,6.43,0.276,0.0073,0.001
2025-09-05,Thiruvananthapuram,coastal,0.5,0.0,0.0,0.0,0.0,0.89,0.0635,0.0006,0.0001
2025-09-05,Kochi,coastal,7.5,0.1,0.6,1.2,1.2,1.88,0.069,0.0007,0.0001
2025-09-05,Mangaluru,coastal,9.1,2.0,3.9,5.6,5.6,4.35,0.1597,0.0027,0.0004
2025-09-05,Panaji,coastal,6.9,2.3,4.5,6.0,6.0,4.34,0.1721,0.003,0.0004
2025-09-05,Chennai,coastal,0.7,0.0,0.0,0.0,0.0,1.26,0.0635,0.0006,0.0001
2025-09-05,Visakhapatnam,coastal,2.9,0.1,0.6,1.2,1.2,1.71,0.069,0.0007,0.0001
2025-09-05,Puri,coastal,14.7,11.4,15.4,21.7,21.7,8.88,0.4185,0.0184,0.0022
2025-09-05,Kolkata,coastal,8.9,2.1,4.1,5.7,5.7,4.39,0.1639,0.0028,0.0004
2025-09-05,Surat,coastal,42.9,14.4,18.8,26.8,26.8,9.57,0.4686,0.0246,0.0028
2025-09-05,Mahabaleshwar,orographic,15.9,4.6,7.79,5.56,5.56,7.14,0.2124,0.0122,0.0031
2025-09-05,Munnar,orographic,5.0,1.8,3.56,2.2,2.2,4.71,0.1234,0.0048,0.0014
2025-09-05,Madikeri,orographic,10.5,4.4,7.4,5.2,5.2,7.65,0.2067,0.0117,0.003
2025-09-05,Ooty,orographic,4.6,4.0,6.8,4.8,4.8,6.83,0.1951,0.0105,0.0027
2025-09-05,Lonavala,orographic,14.8,6.6,10.1,8.0,8.0,8.39,0.2642,0.0185,0.0045
2025-09-05,Wayanad,orographic,4.2,0.5,1.4,0.6,0.6,2.92,0.0727,0.002,0.0006
2025-09-05,Shimla,orographic,0.0,0.0,0.0,0.0,0.0,0.36,0.0508,0.0012,0.0004
2025-09-05,Dehradun,orographic,0.6,3.4,5.9,4.0,4.0,2.69,0.177,0.0088,0.0023
2025-09-05,Srinagar,orographic,0.3,2.1,4.1,2.7,2.7,2.19,0.1341,0.0055,0.0015
2025-09-05,Gangtok,orographic,6.5,6.2,9.6,7.5,7.5,4.59,0.2545,0.0172,0.0042
2025-09-05,Guwahati,orographic,7.5,0.7,1.9,0.9,0.9,1.97,0.081,0.0024,0.0007
2025-09-05,Cherrapunji,orographic,5.3,5.5,8.8,6.8,6.8,3.74,0.2367,0.015,0.0037
2025-09-05,Imphal,orographic,4.0,2.5,4.7,3.1,3.1,2.99,0.1478,0.0065,0.0018
2025-09-05,Agartala,orographic,4.6,14.4,18.8,18.12,18.12,4.63,0.4106,0.0473,0.0105
2025-09-05,Lucknow,normal,1.5,1.2,2.6,2.8,2.8,3.67,0.0873,0.0005,0.0002
2025-09-05,Patna,normal,0.6,4.6,7.6,8.5,8.5,5.55,0.1869,0.0019,0.0005
2025-09-05,Varanasi,normal,1.3,7.9,11.4,12.22,12.22,7.16,0.262,0.0036,0.0008
2025-09-05,Delhi,normal,4.8,0.8,2.0,1.8,1.8,2.92,0.0735,0.0004,0.0001
2025-09-05,Kanpur,normal,22.5,3.8,6.5,7.43,7.43,5.92,0.1659,0.0016,0.0004
2025-09-05,Ranchi,normal,5.3,3.8,6.5,7.43,7.43,6.48,0.1659,0.0016,0.0004
2025-09-05,Jodhpur,normal,2.0,11.1,15.1,15.9,15.9,6.25,0.3214,0.0055,0.0012
2025-09-05,Bikaner,normal,2.5,2.2,4.2,4.7,4.7,1.7,0.1197,0.0009,0.0002
2025-09-05,Jaisalmer,normal,0.0,5.3,8.7,9.7,9.7,3.29,0.2043,0.0023,0.0005
2025-09-05,Hyderabad,normal,0.6,0.0,0.0,0.0,0.0,1.38,0.0437,0.0002,0.0001
2025-09-05,Bengaluru,normal,1.3,0.6,1.6,1.5,1.5,2.39,0.0663,0.0003,0.0001
2025-09-05,Pune,normal,0.4,0.6,1.6,1.5,1.5,2.11,0.0663,0.0003,0.0001
2025-09-05,Kurnool,normal,0.1,0.0,0.0,0.0,0.0,1.04,0.0437,0.0002,0.0001
2025-09-05,Madurai,normal,3.8,0.1,0.6,0.5,0.5,0.86,0.0476,0.0002,0.0001
2025-09-06,Nagpur,normal,12.2,6.8,10.3,11.22,11.22,6.1,0.2388,0.003,0.0007
2025-09-06,Bhopal,normal,13.1,5.9,9.3,10.3,10.3,4.52,0.2185,0.0026,0.0006
2025-09-06,Raipur,normal,2.7,4.7,7.9,8.7,8.7,3.57,0.1895,0.002,0.0005
2025-09-06,Jabalpur,normal,0.2,3.5,6.1,7.04,7.04,3.57,0.1577,0.0014,0.0004
2025-09-06,Akola,normal,26.1,7.8,11.2,12.2,12.2,5.88,0.26,0.0036,0.0008
2025-09-06,Amravati,normal,18.7,1.4,3.0,3.2,3.2,2.97,0.0941,0.0006,0.0002
2025-09-06,Aurangabad,normal,1.6,2.5,4.7,5.29,5.29,2.91,0.1289,0.001,0.0003
2025-09-06,Bhubaneswar,normal,9.8,8.6,12.1,12.8,12.8,6.53,0.276,0.004,0.0009
2025-09-06,Mumbai,coastal,24.9,13.2,17.4,24.9,24.9,9.44,0.4497,0.0221,0.0025
2025-09-06,Thiruvananthapuram,coastal,1.7,0.0,0.0,0.0,0.0,0.89,0.0635,0.0006,0.0001
2025-09-06,Kochi,coastal,1.0,0.0,0.0,0.0,0.0,1.28,0.0635,0.0006,0.0001
2025-09-06,Mangaluru,coastal,9.2,0.2,0.8,1.53,1.53,2.09,0.0745,0.0008,0.0001
2025-09-06,Panaji,coastal,3.5,3.0,5.4,7.7,7.7,5.01,0.1993,0.004,0.0006
2025-09-06,Chennai,coastal,0.5,0.0,0.0,0.0,0.0,0.89,0.0635,0.0006,0.0001
2025-09-06,Visakhapatnam,coastal,1.0,0.5,1.4,2.4,2.4,2.31,0.0903,0.001,0.0002
2025-09-06,Puri,coastal,3.0,6.5,10.0,13.6,13.6,7.55,0.3099,0.0093,0.0012
2025-09-06,Kolkata,coastal,8.1,0.1,0.6,1.2,1.2,1.84,0.069,0.0007,0.0001
2025-09-06,Surat,coastal,20.9,27.9,34.11,61.72,61.72,14.08,0.6141,0.0564,0.0059
2025-09-06,Mahabaleshwar,orographic,16.0,3.4,5.9,4.0,4.0,6.99,0.177,0.0088,0.0023
2025-09-06,Munnar,orographic,2.9,6.4,9.84,7.9,7.9,7.93,0.2594,0.0178,0.0044
2025-09-06,Madikeri,orographic,6.2,2.2,4.2,2.8,2.8,4.83,0.1376,0.0057,0.0016
2025-09-06,Ooty,orographic,1.3,6.0,9.4,7.3,7.3,7.05,0.2495,0.0166,0.0041
2025-09-06,Lonavala,orographic,12.9,0.6,1.7,0.8,0.8,3.44,0.0769,0.0022,0.0007
2025-09-06,Wayanad,orographic,1.4,2.5,4.7,3.1,3.1,3.48,0.1478,0.0065,0.0018
2025-09-06,Shimla,orographic,1.3,16.6,21.0,22.2,22.2,4.78,0.4412,0.0562,0.0123
2025-09-06,Dehradun,orographic,2.3,17.0,21.4,23.1,23.1,6.37,0.4464,0.0579,0.0126
2025-09-06,Srinagar,orographic,1.9,1.6,3.3,1.9,1.9,1.47,0.116,0.0043,0.0012
2025-09-06,Gangtok,orographic,6.1,17.5,21.9,23.6,23.6,6.37,0.4527,0.06,0.013
2025-09-06,Guwahati,orographic,4.6,5.7,9.1,7.0,7.0,2.72,0.2419,0.0156,0.0039
2025-09-06,Cherrapunji,orographic,2.7,18.4,23.1,25.4,25.4,6.3,0.4638,0.0638,0.0138
2025-09-06,Imphal,orographic,3.4,2.2,4.2,2.8,2.8,2.47,0.1376,0.0057,0.0016
2025-09-06,Agartala,orographic,8.4,0.1,0.6,0.1,0.1,1.46,0.0553,0.0013,0.0004
2025-09-06,Lucknow,normal,0.5,1.9,3.7,4.1,4.1,3.4,0.1103,0.0008,0.0002
2025-09-06,Patna,normal,4.0,0.2,0.8,0.7,0.7,2.16,0.0514,0.0002,0.0001
2025-09-06,Varanasi,normal,6.3,2.6,4.9,5.5,5.5,4.29,0.1319,0.0011,0.0003
2025-09-06,Delhi,normal,13.3,1.3,2.8,3.0,3.0,3.13,0.0907,0.0006,0.0002
2025-09-06,Kanpur,normal,5.2,5.0,8.2,9.08,9.08,5.48,0.197,0.0021,0.0005
2025-09-06,Ranchi,normal,2.4,17.3,21.7,21.3,21.3,8.73,0.4111,0.0097,0.002
2025-09-06,Jodhpur,normal,20.4,2.6,4.9,5.5,5.5,3.06,0.1319,0.0011,0.0003
2025-09-06,Bikaner,normal,10.8,0.0,0.0,0.0,0.0,0.44,0.0437,0.0002,0.0001
2025-09-06,Jaisalmer,normal,16.1,2.3,4.5,4.9,4.9,2.57,0.1228,0.0009,0.0002
2025-09-06,Hyderabad,normal,0.2,0.0,0.0,0.0,0.0,0.6,0.0437,0.0002,0.0001
2025-09-06,Bengaluru,normal,3.3,0.1,0.6,0.5,0.5,1.41,0.0476,0.0002,0.0001
2025-09-06,Pune,normal,0.3,0.0,0.0,0.0,0.0,1.07,0.0437,0.0002,0.0001
2025-09-06,Kurnool,normal,0.1,0.0,0.0,0.0,0.0,0.6,0.0437,0.0002,0.0001
2025-09-06,Madurai,normal,0.1,0.2,0.8,0.7,0.7,1.67,0.0514,0.0002,0.0001
2025-09-07,Nagpur,normal,6.7,0.5,1.4,1.3,1.3,3.52,0.0626,0.0003,0.0001
2025-09-07,Bhopal,normal,2.5,1.9,3.7,4.1,4.1,4.78,0.1103,0.0008,0.0002
2025-09-07,Raipur,normal,4.5,8.2,11.8,12.7,12.7,7.96,0.2681,0.0038,0.0009
2025-09-07,Jabalpur,normal,9.7,15.1,19.4,19.7,19.7,9.53,0.3824,0.0081,0.0017
2025-09-07,Akola,normal,10.5,6.0,9.4,10.4,10.4,6.78,0.2208,0.0026,0.0006
2025-09-07,Amravati,normal,2.9,1.6,3.3,3.4,3.4,4.2,0.1007,0.0007,0.0002
2025-09-07,Aurangabad,normal,3.5,0.5,1.4,1.3,1.3,3.36,0.0626,0.0003,0.0001
2025-09-07,Bhubaneswar,normal,5.5,19.2,24.0,23.26,23.26,11.29,0.4337,0.0111,0.0022
2025-09-07,Mumbai,coastal,9.2,10.2,14.1,19.5,19.5,10.6,0.3954,0.016,0.0019
2025-09-07,Thiruvananthapuram,coastal,1.0,0.0,0.0,0.0,0.0,1.33,0.0635,0.0006,0.0001
2025-09-07,Kochi,coastal,3.6,0.3,1.0,1.8,1.8,2.33,0.0798,0.0008,0.0001
2025-09-07,Mangaluru,coastal,2.5,0.9,2.2,3.6,3.6,3.31,0.1102,0.0014,0.0002
2025-09-07,Panaji,coastal,4.1,4.3,7.2,10.13,10.13,7.67,0.2448,0.0058,0.0008
2025-09-07,Chennai,coastal,1.7,0.0,0.0,0.0,0.0,1.33,0.0635,0.0006,0.0001
2025-09-07,Visakhapatnam,coastal,13.9,3.0,5.4,7.7,7.7,5.1,0.1993,0.004,0.0006
2025-09-07,Puri,coastal,6.9,3.1,5.5,8.0,8.0,6.54,0.2031,0.0041,0.0006
2025-09-07,Kolkata,coastal,0.7,0.0,0.0,0.0,0.0,1.82,0.0635,0.0006,0.0001
2025-09-07,Surat,coastal,18.8,10.1,13.93,19.32,19.32,10.18,0.3934,0.0158,0.0019
2025-09-07,Mahabaleshwar,orographic,12.4,3.7,6.3,4.46,4.46,9.13,0.1862,0.0097,0.0025
2025-09-07,Munnar,orographic,2.3,6.3,9.7,7.6,7.6,9.11,0.2569,0.0175,0.0043
2025-09-07,Madikeri,orographic,4.2,3.3,5.9,3.9,3.9,9.11,0.1739,0.0086,0.0023
2025-09-07,Ooty,orographic,1.5,3.3,5.8,3.81,3.81,7.68,0.1739,0.0086,0.0023
2025-09-07,Lonavala,orographic,12.9,7.1,10.5,8.6,8.6,7.99,0.276,0.0201,0.0049
2025-09-07,Wayanad,orographic,1.5,1.4,3.0,1.7,1.7,5.53,0.1086,0.0039,0.0011
2025-09-07,Shimla,orographic,18.0,8.7,12.2,10.2,10.2,6.31,0.311,0.0257,0.006
2025-09-07,Dehradun,orographic,0.7,4.1,6.9,4.8,4.8,5.32,0.1981,0.0108,0.0028
2025-09-07,Srinagar,orographic,9.6,5.5,8.8,6.8,6.8,4.6,0.2367,0.015,0.0037
2025-09-07,Gangtok,orographic,18.7,18.4,23.1,25.4,25.4,8.14,0.4638,0.0638,0.0138
2025-09-07,Guwahati,orographic,14.0,3.1,5.5,3.6,3.6,4.18,0.1675,0.008,0.0021
2025-09-07,Cherrapunji,orographic,11.2,12.4,16.4,15.3,15.3,6.95,0.3794,0.0394,0.0089
2025-09-07,Imphal,orographic,3.8,4.6,7.6,5.5,5.5,4.66,0.2124,0.0122,0.0031
2025-09-07,Agartala,orographic,6.3,3.4,5.9,4.0,4.0,3.56,0.177,0.0088,0.0023
2025-09-07,Lucknow,normal,8.7,7.8,11.2,12.2,12.2,8.84,0.26,0.0036,0.0008
2025-09-07,Patna,normal,5.3,0.0,0.0,0.0,0.0,1.22,0.0437,0.0002,0.0001
2025-09-07,Varanasi,normal,8.5,6.8,10.3,11.22,11.22,8.84,0.2388,0.003,0.0007
2025-09-07,Delhi,normal,2.3,0.6,1.7,1.6,1.6,3.57,0.0663,0.0003,0.0001
2025-09-07,Kanpur,normal,1.2,7.2,10.6,11.8,11.8,8.85,0.2474,0.0032,0.0007
2025-09-07,Ranchi,normal,1.5,8.0,11.5,12.37,12.37,9.19,0.2641,0.0037,0.0008
2025-09-07,Jodhpur,normal,5.8,0.2,0.8,0.7,0.7,1.03,0.0514,0.0002,0.0001
2025-09-07,Bikaner,normal,0.9,0.0,0.0,0.0,0.0,0.18,0.0437,0.0002,0.0001
2025-09-07,Jaisalmer,normal,9.2,0.0,0.0,0.0,0.0,0.74,0.0437,0.0002,0.0001
2025-09-07,Hyderabad,normal,0.0,0.0,0.0,0.0,0.0,0.96,0.0437,0.0002,0.0001
2025-09-07,Bengaluru,normal,1.8,0.6,1.6,1.5,1.5,2.88,0.0663,0.0003,0.0001
2025-09-07,Pune,normal,1.1,0.2,0.8,0.7,0.7,1.71,0.0514,0.0002,0.0001
2025-09-07,Kurnool,normal,0.0,0.0,0.0,0.0,0.0,0.96,0.0437,0.0002,0.0001
2025-09-07,Madurai,normal,5.9,6.1,9.5,10.4,10.4,4.96,0.2231,0.0027,0.0006
2025-09-08,Nagpur,normal,6.6,2.2,4.2,4.7,4.7,1.75,0.1197,0.0009,0.0002
2025-09-08,Bhopal,normal,0.3,0.5,1.4,1.3,1.3,1.45,0.0626,0.0003,0.0001
2025-09-08,Raipur,normal,3.6,2.0,3.9,4.3,4.3,2.44,0.1135,0.0008,0.0002
2025-09-08,Jabalpur,normal,14.1,3.3,5.9,6.6,6.6,3.61,0.1521,0.0013,0.0003
2025-09-08,Akola,normal,0.5,1.6,3.3,3.4,3.4,2.01,0.1007,0.0007,0.0002
2025-09-08,Amravati,normal,0.3,1.2,2.6,2.8,2.8,1.92,0.0873,0.0005,0.0002
2025-09-08,Aurangabad,normal,1.5,0.2,0.8,0.7,0.7,0.96,0.0514,0.0002,0.0001
2025-09-08,Bhubaneswar,normal,3.8,4.1,6.9,7.9,7.9,3.93,0.174,0.0017,0.0004
2025-09-08,Mumbai,coastal,5.5,3.0,5.4,7.7,7.7,4.01,0.1993,0.004,0.0006
2025-09-08,Thiruvananthapuram,coastal,0.2,0.0,0.0,0.0,0.0,0.58,0.0635,0.0006,0.0001
2025-09-08,Kochi,coastal,2.0,0.0,0.0,0.0,0.0,0.91,0.0635,0.0006,0.0001
2025-09-08,Mangaluru,coastal,1.8,0.5,1.4,2.4,2.4,1.72,0.0903,0.001,0.0002
2025-09-08,Panaji,coastal,2.7,2.6,4.9,6.7,6.7,3.3,0.184,0.0034,0.0005
2025-09-08,Chennai,coastal,2.5,0.0,0.0,0.0,0.0,0.58,0.0635,0.0006,0.0001
2025-09-08,Visakhapatnam,coastal,14.2,4.4,7.4,10.3,10.3,4.6,0.2481,0.006,0.0008
2025-09-08,Puri,coastal,2.2,5.4,8.7,11.7,11.7,4.6,0.279,0.0075,0.001
2025-09-08,Kolkata,coastal,0.5,0.0,0.0,0.0,0.0,0.58,0.0635,0.0006,0.0001
2025-09-08,Surat,coastal,2.0,1.8,3.56,5.4,5.4,3.19,0.1512,0.0024,0.0004
2025-09-08,Mahabaleshwar,orographic,7.8,2.1,4.1,2.7,2.7,3.29,0.1341,0.0055,0.0015
2025-09-08,Munnar,orographic,2.5,4.7,7.9,5.6,5.6,5.11,0.2152,0.0125,0.0032
2025-09-08,Madikeri,orographic,4.5,1.8,3.56,2.2,2.2,3.29,0.1234,0.0048,0.0014
2025-09-08,Ooty,orographic,4.4,2.6,4.9,3.1,3.1,3.45,0.1512,0.0067,0.0018
2025-09-08,Lonavala,orographic,3.5,2.8,5.1,3.3,3.3,4.53,0.1578,0.0072,0.002
2025-09-08,Wayanad,orographic,0.5,0.0,0.0,0.0,0.0,1.06,0.0508,0.0012,0.0004
2025-09-08,Shimla,orographic,7.8,5.0,8.2,6.0,6.0,3.53,0.2234,0.0134,0.0034
2025-09-08,Dehradun,orographic,1.7,14.9,19.22,18.82,18.82,4.75,0.4178,0.0493,0.0109
2025-09-08,Srinagar,orographic,8.0,0.1,0.6,0.1,0.1,0.67,0.0553,0.0013,0.0004
2025-09-08,Gangtok,orographic,18.4,5.7,9.1,7.0,7.0,3.79,0.2419,0.0156,0.0039
2025-09-08,Guwahati,orographic,3.6,14.9,19.22,18.82,18.82,4.36,0.4178,0.0493,0.0109
2025-09-08,Cherrapunji,orographic,12.8,18.4,23.1,25.4,25.4,5.83,0.4638,0.0638,0.0138
2025-09-08,Imphal,orographic,4.2,4.0,6.8,4.8,4.8,3.0,0.1951,0.0105,0.0027
2025-09-08,Agartala,orographic,0.7,3.9,6.7,4.76,4.76,3.0,0.1922,0.0102,0.0027
2025-09-08,Lucknow,normal,2.4,10.5,14.4,15.4,15.4,6.1,0.3111,0.0052,0.0011
2025-09-08,Patna,normal,6.4,0.2,0.8,0.7,0.7,0.77,0.0514,0.0002,0.0001
2025-09-08,Varanasi,normal,10.3,2.1,4.1,4.5,4.5,2.89,0.1166,0.0009,0.0002
2025-09-08,Delhi,normal,0.7,0.9,2.2,2.1,2.1,1.57,0.077,0.0004,0.0001
2025-09-08,Kanpur,normal,3.0,1.9,3.7,4.1,4.1,2.89,0.1103,0.0008,0.0002
2025-09-08,Ranchi,normal,1.5,1.6,3.3,3.4,3.4,2.55,0.1007,0.0007,0.0002
2025-09-08,Jodhpur,normal,0.2,1.0,2.3,2.3,2.3,0.85,0.0805,0.0005,0.0001
2025-09-08,Bikaner,normal,0.4,0.0,0.0,0.0,0.0,0.0,0.0437,0.0002,0.0001
2025-09-08,Jaisalmer,normal,7.3,0.3,1.0,0.9,0.9,0.28,0.0552,0.0003,0.0001
2025-09-08,Hyderabad,normal,0.5,0.0,0.0,0.0,0.0,0.26,0.0437,0.0002,0.0001
2025-09-08,Bengaluru,normal,1.0,0.1,0.6,0.5,0.5,0.87,0.0476,0.0002,0.0001
2025-09-08,Pune,normal,2.3,0.5,1.4,1.3,1.3,1.33,0.0626,0.0003,0.0001
2025-09-08,Kurnool,normal,0.0,0.0,0.0,0.0,0.0,0.26,0.0437,0.0002,0.0001
2025-09-08,Madurai,normal,1.5,3.8,6.5,7.43,7.43,3.57,0.1659,0.0016,0.0004
2025-09-09,Nagpur,normal,3.6,6.3,9.7,10.5,10.5,3.3,0.2277,0.0028,0.0006
2025-09-09,Bhopal,normal,1.3,1.3,2.8,3.0,3.0,1.51,0.0907,0.0006,0.0002
2025-09-09,Raipur,normal,6.5,4.7,7.9,8.7,8.7,3.3,0.1895,0.002,0.0005
2025-09-09,Jabalpur,normal,8.7,6.5,10.0,10.8,10.8,4.34,0.2322,0.0029,0.0007
2025-09-09,Akola,normal,0.0,1.0,2.3,2.3,2.3,1.48,0.0805,0.0005,0.0001
2025-09-09,Amravati,normal,0.5,7.3,10.6,11.87,11.87,3.44,0.2496,0.0033,0.0008
2025-09-09,Aurangabad,normal,1.4,0.2,0.8,0.7,0.7,0.97,0.0514,0.0002,0.0001
2025-09-09,Bhubaneswar,normal,1.3,0.2,0.8,0.7,0.7,1.29,0.0514,0.0002,0.0001
2025-09-09,Mumbai,coastal,0.7,0.3,1.0,1.8,1.8,1.46,0.0798,0.0008,0.0001
2025-09-09,Thiruvananthapuram,coastal,1.2,0.0,0.0,0.0,0.0,0.58,0.0635,0.0006,0.0001
2025-09-09,Kochi,coastal,2.0,0.0,0.0,0.0,0.0,0.58,0.0635,0.0006,0.0001
2025-09-09,Mangaluru,coastal,0.1,0.0,0.0,0.0,0.0,0.87,0.0635,0.0006,0.0001
2025-09-09,Panaji,coastal,0.9,0.0,0.0,0.0,0.0,1.02,0.0635,0.0006,0.0001
2025-09-09,Chennai,coastal,1.6,0.0,0.0,0.0,0.0,0.58,0.0635,0.0006,0.0001
2025-09-09,Visakhapatnam,coastal,13.1,4.3,7.2,10.13,10.13,4.68,0.2448,0.0058,0.0008
2025-09-09,Puri,coastal,0.3,0.0,0.0,0.0,0.0,1.21,0.0635,0.0006,0.0001
2025-09-09,Kolkata,coastal,0.3,0.0,0.0,0.0,0.0,0.58,0.0635,0.0006,0.0001
2025-09-09,Surat,coastal,2.2,0.8,2.0,3.4,3.4,1.9,0.1053,0.0013,0.0002
2025-09-09,Mahabaleshwar,orographic,0.8,6.4,9.84,7.9,7.9,5.93,0.2594,0.0178,0.0044
2025-09-09,Munnar,orographic,3.2,5.9,9.3,7.2,7.2,5.11,0.247,0.0162,0.004
2025-09-09,Madikeri,orographic,1.4,0.5,1.4,0.6,0.6,1.94,0.0727,0.002,0.0006
2025-09-09,Ooty,orographic,5.5,3.6,6.2,4.3,4.3,4.88,0.1831,0.0094,0.0025
2025-09-09,Lonavala,orographic,0.4,0.6,1.7,0.8,0.8,2.07,0.0769,0.0022,0.0007
2025-09-09,Wayanad,orographic,0.5,3.0,5.4,3.5,3.5,2.61,0.1643,0.0078,0.0021
2025-09-09,Shimla,orographic,0.7,2.5,4.7,3.1,3.1,1.63,0.1478,0.0065,0.0018
2025-09-09,Dehradun,orographic,3.0,17.7,22.2,23.87,23.87,5.34,0.4552,0.0608,0.0132
2025-09-09,Srinagar,orographic,1.7,0.1,0.6,0.1,0.1,0.22,0.0553,0.0013,0.0004
2025-09-09,Gangtok,orographic,3.8,7.0,10.4,8.5,8.5,3.99,0.2737,0.0198,0.0048
2025-09-09,Guwahati,orographic,6.6,2.1,4.1,2.7,2.7,2.33,0.1341,0.0055,0.0015
2025-09-09,Cherrapunji,orographic,14.5,9.5,13.2,11.2,11.2,4.71,0.3272,0.0285,0.0066
2025-09-09,Imphal,orographic,2.4,2.0,3.9,2.5,2.5,2.06,0.1305,0.0052,0.0015
2025-09-09,Agartala,orographic,1.8,10.6,14.6,12.8,12.8,4.4,0.3481,0.0326,0.0075
2025-09-09,Lucknow,normal,0.9,0.0,0.0,0.0,0.0,1.03,0.0437,0.0002,0.0001
2025-09-09,Patna,normal,1.6,0.1,0.6,0.5,0.5,0.89,0.0476,0.0002,0.0001
2025-09-09,Varanasi,normal,3.5,0.0,0.0,0.0,0.0,0.52,0.0437,0.0002,0.0001
2025-09-09,Delhi,normal,0.4,0.1,0.6,0.5,0.5,0.86,0.0476,0.0002,0.0001
2025-09-09,Kanpur,normal,0.1,0.0,0.0,0.0,0.0,0.52,0.0437,0.0002,0.0001
2025-09-09,Ranchi,normal,1.6,0.3,1.0,0.9,0.9,1.13,0.0552,0.0003,0.0001
2025-09-09,Jodhpur,normal,0.3,0.0,0.0,0.0,0.0,0.13,0.0437,0.0002,0.0001
2025-09-09,Bikaner,normal,0.0,0.0,0.0,0.0,0.0,0.0,0.0437,0.0002,0.0001
2025-09-09,Jaisalmer,normal,1.8,0.6,1.7,1.6,1.6,0.77,0.0663,0.0003,0.0001
2025-09-09,Hyderabad,normal,0.9,0.8,2.0,1.8,1.8,1.09,0.0735,0.0004,0.0001
2025-09-09,Bengaluru,normal,1.5,0.1,0.6,0.5,0.5,0.88,0.0476,0.0002,0.0001
2025-09-09,Pune,normal,0.4,2.5,4.7,5.29,5.29,2.04,0.1289,0.001,0.0003
2025-09-09,Kurnool,normal,0.0,0.0,0.0,0.0,0.0,0.26,0.0437,0.0002,0.0001
2025-09-09,Madurai,normal,8.2,10.6,14.6,15.4,15.4,4.7,0.3128,0.0052,0.0011
2025-09-10,Nagpur,normal,6.9,15.2,19.5,19.7,19.7,8.95,0.3838,0.0082,0.0017
2025-09-10,Bhopal,normal,0.4,15.2,19.5,19.7,19.7,8.71,0.3838,0.0082,0.0017
2025-09-10,Raipur,normal,8.3,17.5,21.9,21.4,21.4,10.13,0.4136,0.0098,0.002
2025-09-10,Jabalpur,normal,5.9,16.6,21.0,20.8,20.8,10.39,0.4023,0.0092,0.0019
2025-09-10,Akola,normal,7.1,1.9,3.7,4.1,4.1,3.72,0.1103,0.0008,0.0002
2025-09-10,Amravati,normal,7.3,7.9,11.4,12.22,12.22,7.66,0.262,0.0036,0.0008
2025-09-10,Aurangabad,normal,0.9,0.5,1.4,1.3,1.3,2.62,0.0626,0.0003,0.0001
2025-09-10,Bhubaneswar,normal,6.7,0.3,1.0,0.9,0.9,2.27,0.0552,0.0003,0.0001
2025-09-10,Mumbai,coastal,0.3,0.0,0.0,0.0,0.0,1.74,0.0635,0.0006,0.0001
2025-09-10,Thiruvananthapuram,coastal,0.4,0.0,0.0,0.0,0.0,1.39,0.0635,0.0006,0.0001
2025-09-10,Kochi,coastal,2.2,4.4,7.4,10.3,10.3,5.54,0.2481,0.006,0.0008
2025-09-10,Mangaluru,coastal,0.1,0.0,0.0,0.0,0.0,1.39,0.0635,0.0006,0.0001
2025-09-10,Panaji,coastal,0.2,0.0,0.0,0.0,0.0,1.39,0.0635,0.0006,0.0001
2025-09-10,Chennai,coastal,4.0,4.1,6.9,9.88,9.88,5.49,0.2382,0.0055,0.0007
2025-09-10,Visakhapatnam,coastal,9.1,4.4,7.4,10.3,10.3,6.74,0.2481,0.006,0.0008
2025-09-10,Puri,coastal,6.5,0.2,0.8,1.53,1.53,2.15,0.0745,0.0008,0.0001
2025-09-10,Kolkata,coastal,0.0,0.0,0.0,0.0,0.0,1.39,0.0635,0.0006,0.0001
2025-09-10,Surat,coastal,0.3,0.0,0.0,0.0,0.0,1.69,0.0635,0.0006,0.0001
2025-09-10,Mahabaleshwar,orographic,1.6,5.7,9.1,7.0,7.0,7.89,0.2419,0.0156,0.0039
2025-09-10,Munnar,orographic,22.9,13.8,18.1,17.6,17.6,12.16,0.4016,0.0449,0.01
2025-09-10,Madikeri,orographic,2.8,0.7,1.9,0.9,0.9,2.98,0.081,0.0024,0.0007
2025-09-10,Ooty,orographic,20.9,46.8,57.6,74.3,74.3,23.77,0.6684,0.19,0.0397
2025-09-10,Lonavala,orographic,0.3,0.1,0.6,0.1,0.1,2.11,0.0553,0.0013,0.0004
2025-09-10,Wayanad,orographic,5.9,3.3,5.8,3.81,3.81,6.61,0.1739,0.0086,0.0023
2025-09-10,Shimla,orographic,2.3,1.8,3.5,2.1,2.1,2.23,0.1234,0.0048,0.0014
2025-09-10,Dehradun,orographic,4.9,5.7,9.1,7.0,7.0,5.21,0.2419,0.0156,0.0039
2025-09-10,Srinagar,orographic,0.0,0.0,0.0,0.0,0.0,0.54,0.0508,0.0012,0.0004
2025-09-10,Gangtok,orographic,3.3,2.9,5.2,3.4,3.4,3.63,0.1611,0.0075,0.002
2025-09-10,Guwahati,orographic,18.7,7.0,10.4,8.5,8.5,4.96,0.2737,0.0198,0.0048
2025-09-10,Cherrapunji,orographic,3.7,11.6,15.5,14.1,14.1,5.97,0.3659,0.0363,0.0082
2025-09-10,Imphal,orographic,1.0,2.8,5.1,3.3,3.3,3.54,0.1578,0.0072,0.002
2025-09-10,Agartala,orographic,2.3,17.5,21.9,23.6,23.6,7.06,0.4527,0.06,0.013
2025-09-10,Lucknow,normal,0.2,0.2,0.8,0.7,0.7,1.89,0.0514,0.0002,0.0001
2025-09-10,Patna,normal,0.9,3.1,5.5,6.2,6.2,4.56,0.1465,0.0013,0.0003
2025-09-10,Varanasi,normal,2.8,4.2,7.0,8.0,8.0,5.4,0.1766,0.0017,0.0004
2025-09-10,Delhi,normal,0.0,0.0,0.0,0.0,0.0,1.29,0.0437,0.0002,0.0001
2025-09-10,Kanpur,normal,0.0,0.0,0.0,0.0,0.0,0.92,0.0437,0.0002,0.0001
2025-09-10,Ranchi,normal,1.9,3.1,5.5,6.2,6.2,4.56,0.1465,0.0013,0.0003
2025-09-10,Jodhpur,normal,0.0,0.0,0.0,0.0,0.0,0.31,0.0437,0.0002,0.0001
2025-09-10,Bikaner,normal,0.0,0.0,0.0,0.0,0.0,0.31,0.0437,0.0002,0.0001
2025-09-10,Jaisalmer,normal,0.0,0.0,0.0,0.0,0.0,0.61,0.0437,0.0002,0.0001
2025-09-10,Hyderabad,normal,12.2,4.0,6.8,7.7,7.7,4.38,0.1713,0.0016,0.0004
2025-09-10,Bengaluru,normal,8.8,9.2,12.8,13.8,13.8,5.5,0.2875,0.0044,0.001
2025-09-10,Pune,normal,0.9,0.0,0.0,0.0,0.0,1.63,0.0437,0.0002,0.0001
2025-09-10,Kurnool,normal,0.0,0.1,0.6,0.5,0.5,1.21,0.0476,0.0002,0.0001
2025-09-10,Madurai,normal,13.7,5.2,8.6,9.53,9.53,5.59,0.2019,0.0022,0.0005
2025-09-11,Nagpur,normal,15.4,9.8,13.6,14.7,14.7,7.14,0.2986,0.0047,0.001
2025-09-11,Bhopal,normal,4.2,9.7,13.5,14.57,14.57,7.14,0.2968,0.0047,0.001
2025-09-11,Raipur,normal,8.5,5.8,9.2,10.3,10.3,5.55,0.2162,0.0025,0.0006
2025-09-11,Jabalpur,normal,12.8,7.7,11.1,12.1,12.1,6.58,0.2579,0.0035,0.0008
2025-09-11,Akola,normal,2.8,2.0,3.9,4.3,4.3,3.37,0.1135,0.0008,0.0002
2025-09-11,Amravati,normal,13.3,4.2,7.1,8.0,8.0,5.07,0.1766,0.0017,0.0004
2025-09-11,Aurangabad,normal,0.2,0.5,1.4,1.3,1.3,1.82,0.0626,0.0003,0.0001
2025-09-11,Bhubaneswar,normal,5.6,0.8,2.0,1.8,1.8,1.81,0.0735,0.0004,0.0001
2025-09-11,Mumbai,coastal,1.5,0.0,0.0,0.0,0.0,0.85,0.0635,0.0006,0.0001
2025-09-11,Thiruvananthapuram,coastal,0.6,0.0,0.0,0.0,0.0,0.85,0.0635,0.0006,0.0001
2025-09-11,Kochi,coastal,2.3,0.3,1.0,1.8,1.8,2.3,0.0798,0.0008,0.0001
2025-09-11,Mangaluru,coastal,1.0,0.0,0.0,0.0,0.0,0.85,0.0635,0.0006,0.0001
2025-09-11,Panaji,coastal,0.2,0.0,0.0,0.0,0.0,0.85,0.0635,0.0006,0.0001
2025-09-11,Chennai,coastal,8.6,2.6,4.9,6.7,6.7,4.43,0.184,0.0034,0.0005
2025-09-11,Visakhapatnam,coastal,9.0,3.0,5.4,7.7,7.7,5.15,0.1993,0.004,0.0006
2025-09-11,Puri,coastal,6.2,0.0,0.0,0.0,0.0,1.24,0.0635,0.0006,0.0001
2025-09-11,Kolkata,coastal,10.2,1.8,3.56,5.4,5.4,3.01,0.1512,0.0024,0.0004
2025-09-11,Surat,coastal,0.3,0.0,0.0,0.0,0.0,0.85,0.0635,0.0006,0.0001
2025-09-11,Mahabaleshwar,orographic,1.1,0.6,1.7,0.8,0.8,3.14,0.0769,0.0022,0.0007
2025-09-11,Munnar,orographic,6.0,4.7,7.9,5.6,5.6,7.23,0.2152,0.0125,0.0032
2025-09-11,Madikeri,orographic,0.0,0.1,0.6,0.1,0.1,1.61,0.0553,0.0013,0.0004
2025-09-11,Ooty,orographic,2.3,7.8,11.2,9.2,9.2,9.34,0.2918,0.0225,0.0054
2025-09-11,Lonavala,orographic,1.6,0.2,0.8,0.2,0.2,1.83,0.0598,0.0015,0.0005
2025-09-11,Wayanad,orographic,0.5,0.1,0.6,0.1,0.1,1.97,0.0553,0.0013,0.0004
2025-09-11,Shimla,orographic,3.2,2.6,4.9,3.1,3.1,2.24,0.1512,0.0067,0.0018
2025-09-11,Dehradun,orographic,4.8,2.9,5.2,3.4,3.4,3.22,0.1611,0.0075,0.002
2025-09-11,Srinagar,orographic,0.0,0.0,0.0,0.0,0.0,0.0,0.0508,0.0012,0.0004
2025-09-11,Gangtok,orographic,5.7,3.7,6.3,4.46,4.46,3.59,0.1862,0.0097,0.0025
2025-09-11,Guwahati,orographic,7.1,15.1,19.4,19.4,19.4,5.6,0.4207,0.0501,0.011
2025-09-11,Cherrapunji,orographic,5.1,51.3,63.1,84.73,84.73,14.07,0.6868,0.2097,0.044
2025-09-11,Imphal,orographic,2.8,6.8,10.3,8.2,8.2,4.27,0.269,0.0192,0.0046
2025-09-11,Agartala,orographic,5.3,12.3,16.32,15.28,15.28,5.7,0.3777,0.039,0.0088
2025-09-11,Lucknow,normal,0.0,0.0,0.0,0.0,0.0,0.64,0.0437,0.0002,0.0001
2025-09-11,Patna,normal,5.0,2.1,4.1,4.5,4.5,3.64,0.1166,0.0009,0.0002
2025-09-11,Varanasi,normal,8.1,0.1,0.6,0.5,0.5,1.85,0.0476,0.0002,0.0001
2025-09-11,Delhi,normal,0.0,0.0,0.0,0.0,0.0,0.31,0.0437,0.0002,0.0001
2025-09-11,Kanpur,normal,0.2,0.0,0.0,0.0,0.0,0.31,0.0437,0.0002,0.0001
2025-09-11,Ranchi,normal,4.8,19.3,24.0,23.31,23.31,8.42,0.4349,0.0112,0.0022
2025-09-11,Jodhpur,normal,0.2,0.0,0.0,0.0,0.0,0.0,0.0437,0.0002,0.0001
2025-09-11,Bikaner,normal,0.0,0.0,0.0,0.0,0.0,0.0,0.0437,0.0002,0.0001
2025-09-11,Jaisalmer,normal,0.0,0.0,0.0,0.0,0.0,0.0,0.0437,0.0002,0.0001
2025-09-11,Hyderabad,normal,20.5,13.1,17.3,18.12,18.12,6.81,0.3535,0.0068,0.0014
2025-09-11,Bengaluru,normal,0.4,0.6,1.7,1.6,1.6,2.77,0.0663,0.0003,0.0001
2025-09-11,Pune,normal,0.2,0.6,1.6,1.5,1.5,1.64,0.0663,0.0003,0.0001
2025-09-11,Kurnool,normal,17.8,0.8,2.0,1.8,1.8,2.05,0.0735,0.0004,0.0001
2025-09-11,Madurai,normal,13.8,48.5,59.71,49.3,49.3,12.5,0.6397,0.0369,0.0065
2025-09-12,Nagpur,normal,10.0,16.0,20.4,20.6,20.6,10.67,0.3945,0.0088,0.0018
2025-09-12,Bhopal,normal,0.3,1.8,3.56,3.8,3.8,4.74,0.1071,0.0007,0.0002
2025-09-12,Raipur,normal,13.0,15.6,19.9,20.12,20.12,10.64,0.3892,0.0085,0.0017
2025-09-12,Jabalpur,normal,4.4,7.4,10.73,11.9,11.9,8.06,0.2517,0.0034,0.0008
2025-09-12,Akola,normal,14.9,10.6,14.6,15.4,15.4,8.57,0.3128,0.0052,0.0011
2025-09-12,Amravati,normal,31.2,18.2,22.9,22.11,22.11,10.87,0.4221,0.0103,0.0021
2025-09-12,Aurangabad,normal,1.0,0.4,1.2,1.1,1.1,2.67,0.0589,0.0003,0.0001
2025-09-12,Bhubaneswar,normal,4.9,5.8,9.2,10.3,10.3,4.71,0.2162,0.0025,0.0006
2025-09-12,Mumbai,coastal,1.2,0.0,0.0,0.0,0.0,1.39,0.0635,0.0006,0.0001
2025-09-12,Thiruvananthapuram,coastal,0.2,0.0,0.0,0.0,0.0,1.39,0.0635,0.0006,0.0001
2025-09-12,Kochi,coastal,2.1,0.9,2.2,3.6,3.6,2.89,0.1102,0.0014,0.0002
2025-09-12,Mangaluru,coastal,1.8,0.0,0.0,0.0,0.0,1.39,0.0635,0.0006,0.0001
2025-09-12,Panaji,coastal,0.6,0.0,0.0,0.0,0.0,1.39,0.0635,0.0006,0.0001
2025-09-12,Chennai,coastal,0.6,4.9,8.1,10.88,10.88,6.72,0.2639,0.0067,0.0009
2025-09-12,Visakhapatnam,coastal,10.6,5.5,8.8,11.98,11.98,6.72,0.2819,0.0077,0.001
2025-09-12,Puri,coastal,4.1,0.0,0.0,0.0,0.0,1.39,0.0635,0.0006,0.0001
2025-09-12,Kolkata,coastal,16.5,2.9,5.3,7.5,7.5,5.57,0.1956,0.0038,0.0005
2025-09-12,Surat,coastal,0.2,0.0,0.0,0.0,0.0,1.39,0.0635,0.0006,0.0001
2025-09-12,Mahabaleshwar,orographic,1.3,0.6,1.6,0.7,0.7,3.1,0.0769,0.0022,0.0007
2025-09-12,Munnar,orographic,0.7,0.3,1.0,0.4,0.4,3.26,0.0641,0.0017,0.0005
2025-09-12,Madikeri,orographic,0.3,0.6,1.7,0.8,0.8,2.93,0.0769,0.0022,0.0007
2025-09-12,Ooty,orographic,0.0,0.0,0.0,0.0,0.0,3.22,0.0508,0.0012,0.0004
2025-09-12,Lonavala,orographic,1.9,0.5,1.4,0.6,0.6,2.77,0.0727,0.002,0.0006
2025-09-12,Wayanad,orographic,0.0,0.0,0.0,0.0,0.0,1.66,0.0508,0.0012,0.0004
2025-09-12,Shimla,orographic,5.6,0.3,1.0,0.4,0.4,0.9,0.0641,0.0017,0.0005
2025-09-12,Dehradun,orographic,7.0,2.8,5.1,3.4,3.4,3.31,0.1578,0.0072,0.002
2025-09-12,Srinagar,orographic,0.0,0.0,0.0,0.0,0.0,0.4,0.0508,0.0012,0.0004
2025-09-12,Gangtok,orographic,1.5,7.1,10.5,8.6,8.6,5.64,0.276,0.0201,0.0049
2025-09-12,Guwahati,orographic,17.7,12.5,16.5,15.6,15.6,6.65,0.381,0.0398,0.0089
2025-09-12,Cherrapunji,orographic,5.2,55.2,68.01,88.6,88.6,21.96,0.7011,0.2265,0.0478
2025-09-12,Imphal,orographic,2.8,12.8,17.0,15.98,15.98,6.54,0.3859,0.0409,0.0092
2025-09-12,Agartala,orographic,9.3,3.3,5.8,3.81,3.81,4.36,0.1739,0.0086,0.0023
2025-09-12,Lucknow,normal,1.6,0.0,0.0,0.0,0.0,0.92,0.0437,0.0002,0.0001
2025-09-12,Patna,normal,1.4,2.4,4.5,5.0,5.0,4.76,0.1258,0.001,0.0003
2025-09-12,Varanasi,normal,0.5,0.0,0.0,0.0,0.0,1.29,0.0437,0.0002,0.0001
2025-09-12,Delhi,normal,0.2,0.0,0.0,0.0,0.0,0.92,0.0437,0.0002,0.0001
2025-09-12,Kanpur,normal,0.3,0.0,0.0,0.0,0.0,0.92,0.0437,0.0002,0.0001
2025-09-12,Ranchi,normal,6.3,27.3,33.56,31.01,31.01,16.59,0.5124,0.0175,0.0033
2025-09-12,Jodhpur,normal,0.0,0.0,0.0,0.0,0.0,0.31,0.0437,0.0002,0.0001
2025-09-12,Bikaner,normal,0.0,0.0,0.0,0.0,0.0,0.31,0.0437,0.0002,0.0001
2025-09-12,Jaisalmer,normal,0.0,0.0,0.0,0.0,0.0,0.31,0.0437,0.0002,0.0001
2025-09-12,Hyderabad,normal,6.6,40.4,51.0,41.4,41.4,13.98,0.6003,0.0291,0.0052
2025-09-12,Bengaluru,normal,0.4,1.8,3.5,3.7,3.7,3.45,0.1071,0.0007,0.0002
2025-09-12,Pune,normal,0.4,0.0,0.0,0.0,0.0,1.46,0.0437,0.0002,0.0001
2025-09-12,Kurnool,normal,2.5,12.4,16.4,17.3,17.3,6.01,0.3426,0.0063,0.0013
2025-09-12,Madurai,normal,0.0,1.1,2.4,2.5,2.5,5.1,0.0839,0.0005,0.0001
2025-09-13,Nagpur,normal,10.7,11.1,15.1,15.9,15.9,8.88,0.3214,0.0055,0.0012
2025-09-13,Bhopal,normal,0.0,0.5,1.4,1.3,1.3,3.12,0.0626,0.0003,0.0001
2025-09-13,Raipur,depression,1.5,22.1,27.2,10.43,26.7,10.76,0.611,0.0467,0.0016
2025-09-13,Jabalpur,normal,12.0,6.0,9.4,10.4,10.4,6.52,0.2208,0.0026,0.0006
2025-09-13,Akola,normal,16.5,22.9,27.8,27.4,27.4,11.78,0.4728,0.0139,0.0027
2025-09-13,Amravati,depression,6.0,23.5,28.41,12.0,27.71,12.22,0.624,0.0504,0.0017
2025-09-13,Aurangabad,normal,13.5,6.9,10.4,11.4,11.4,5.71,0.241,0.0031,0.0007
2025-09-13,Bhubaneswar,normal,13.5,2.8,5.1,5.8,5.8,5.57,0.1378,0.0011,0.0003
2025-09-13,Mumbai,coastal,12.7,2.8,5.1,7.14,7.14,4.28,0.1918,0.0037,0.0005
2025-09-13,Thiruvananthapuram,coastal,0.0,0.4,1.2,2.02,2.02,2.65,0.0851,0.0009,0.0002
2025-09-13,Kochi,coastal,1.2,4.4,7.4,10.3,10.3,5.44,0.2481,0.006,0.0008
2025-09-13,Mangaluru,coastal,0.6,4.1,6.9,9.88,9.88,5.5,0.2382,0.0055,0.0007
2025-09-13,Panaji,coastal,5.0,1.0,2.3,3.9,3.9,2.77,0.115,0.0015,0.0002
2025-09-13,Chennai,coastal,0.7,0.0,0.0,0.0,0.0,2.11,0.0635,0.0006,0.0001
2025-09-13,Visakhapatnam,coastal,11.7,7.1,10.5,14.12,14.12,8.36,0.3255,0.0103,0.0013
2025-09-13,Puri,coastal,7.4,4.4,7.4,10.3,10.3,5.55,0.2481,0.006,0.0008
2025-09-13,Kolkata,coastal,9.0,0.2,0.8,1.53,1.53,2.36,0.0745,0.0008,0.0001
2025-09-13,Surat,coastal,0.3,1.4,3.0,4.7,4.7,3.35,0.1336,0.002,0.0003
2025-09-13,Mahabaleshwar,orographic,26.9,7.8,11.2,9.2,9.2,6.78,0.2918,0.0225,0.0054
2025-09-13,Munnar,orographic,0.6,1.9,3.7,2.4,2.4,3.97,0.127,0.005,0.0014
2025-09-13,Madikeri,orographic,0.7,2.2,4.2,2.8,2.8,4.23,0.1376,0.0057,0.0016
2025-09-13,Ooty,orographic,0.1,1.3,2.8,1.6,1.6,3.27,0.1048,0.0036,0.0011
2025-09-13,Lonavala,orographic,12.2,1.2,2.6,1.4,1.4,3.65,0.1009,0.0034,0.001
2025-09-13,Wayanad,orographic,0.3,1.0,2.3,1.2,1.2,2.6,0.0931,0.003,0.0009
2025-09-13,Shimla,orographic,9.4,1.0,2.3,1.2,1.2,1.0,0.0931,0.003,0.0009
2025-09-13,Dehradun,orographic,14.3,18.6,23.3,25.7,25.7,6.46,0.4662,0.0646,0.0139
2025-09-13,Srinagar,orographic,0.0,0.0,0.0,0.0,0.0,0.4,0.0508,0.0012,0.0004
2025-09-13,Gangtok,orographic,3.9,5.5,8.8,6.8,6.8,4.83,0.2367,0.015,0.0037
2025-09-13,Guwahati,orographic,14.9,12.6,16.62,15.7,15.7,6.57,0.3827,0.0402,0.009
2025-09-13,Cherrapunji,orographic,4.5,9.1,12.7,10.5,10.5,6.72,0.3192,0.0271,0.0063
2025-09-13,Imphal,orographic,8.2,9.6,13.3,11.3,11.3,6.29,0.3291,0.0289,0.0067
2025-09-13,Agartala,orographic,20.3,14.7,19.07,18.67,18.67,5.8,0.4149,0.0485,0.0107
2025-09-13,Lucknow,normal,0.9,0.0,0.0,0.0,0.0,0.93,0.0437,0.0002,0.0001
2025-09-13,Patna,normal,12.7,11.0,15.0,15.8,15.8,8.92,0.3197,0.0055,0.0012
2025-09-13,Varanasi,normal,7.7,0.0,0.0,0.0,0.0,0.93,0.0437,0.0002,0.0001
2025-09-13,Delhi,normal,0.9,0.0,0.0,0.0,0.0,0.93,0.0437,0.0002,0.0001
2025-09-13,Kanpur,normal,1.0,0.0,0.0,0.0,0.0,0.93,0.0437,0.0002,0.0001
2025-09-13,Ranchi,normal,4.4,11.2,15.2,16.0,16.0,9.43,0.3231,0.0056,0.0012
2025-09-13,Jodhpur,normal,0.0,0.0,0.0,0.0,0.0,0.31,0.0437,0.0002,0.0001
2025-09-13,Bikaner,normal,0.0,0.0,0.0,0.0,0.0,0.31,0.0437,0.0002,0.0001
2025-09-13,Jaisalmer,normal,0.0,0.0,0.0,0.0,0.0,0.31,0.0437,0.0002,0.0001
2025-09-13,Hyderabad,normal,11.5,21.6,26.76,26.31,26.31,11.81,0.4598,0.0129,0.0025
2025-09-13,Bengaluru,normal,1.2,3.7,6.3,7.3,7.3,5.53,0.1632,0.0015,0.0004
2025-09-13,Pune,normal,15.6,2.4,4.5,5.0,5.0,3.24,0.1258,0.001,0.0003
2025-09-13,Kurnool,normal,10.3,8.2,11.8,12.7,12.7,6.77,0.2681,0.0038,0.0009
2025-09-13,Madurai,normal,0.2,0.1,0.6,0.5,0.5,1.71,0.0476,0.0002,0.0001
2025-09-14,Nagpur,active,7.7,23.3,28.3,34.5,27.5,14.78,0.5611,0.0461,0.0136
2025-09-14,Bhopal,active,0.9,0.3,1.0,1.72,0.9,2.58,0.0758,0.0009,0.0004
2025-09-14,Raipur,depression,1.5,22.1,27.2,10.43,26.7,18.02,0.611,0.0467,0.0016
2025-09-14,Jabalpur,active,6.4,7.1,10.5,12.85,11.7,8.41,0.3133,0.0106,0.0037
2025-09-14,Akola,depression,21.1,15.9,20.4,5.17,20.6,14.7,0.5395,0.0309,0.0011
2025-09-14,Amravati,depression,5.3,35.8,44.6,30.38,38.72,21.29,0.7086,0.0848,0.0028
2025-09-14,Aurangabad,active,17.0,27.3,33.56,39.16,31.01,13.82,0.596,0.0562,0.0163
2025-09-14,Bhubaneswar,active,10.0,1.3,2.8,3.8,3.0,4.04,0.1228,0.0019,0.0008
2025-09-14,Mumbai,coastal,12.2,2.4,4.5,6.2,6.2,4.77,0.1761,0.0032,0.0005
2025-09-14,Thiruvananthapuram,coastal,0.7,1.3,2.8,4.6,4.6,3.68,0.129,0.0019,0.0003
2025-09-14,Kochi,coastal,1.8,3.7,6.3,9.1,9.1,7.52,0.2246,0.0049,0.0007
2025-09-14,Mangaluru,coastal,1.1,2.5,4.7,6.49,6.49,5.22,0.1801,0.0033,0.0005
2025-09-14,Panaji,coastal,11.4,4.3,7.2,10.13,10.13,5.65,0.2448,0.0058,0.0008
2025-09-14,Chennai,coastal,31.6,0.4,1.2,2.02,2.02,2.82,0.0851,0.0009,0.0002
2025-09-14,Visakhapatnam,coastal,1.2,2.7,5.0,6.8,6.8,6.4,0.1879,0.0036,0.0005
2025-09-14,Puri,coastal,7.2,1.0,2.3,3.9,3.9,3.62,0.115,0.0015,0.0002
2025-09-14,Kolkata,coastal,6.2,7.8,11.2,15.2,15.2,6.81,0.3428,0.0116,0.0014
2025-09-14,Surat,coastal,2.9,4.1,6.9,9.88,9.88,6.48,0.2382,0.0055,0.0007
2025-09-14,Mahabaleshwar,orographic,31.6,10.0,13.8,12.08,12.08,14.74,0.3369,0.0303,0.007
2025-09-14,Munnar,orographic,0.7,1.5,3.1,1.8,1.8,5.16,0.1123,0.0041,0.0012
2025-09-14,Madikeri,orographic,2.8,1.6,3.3,1.9,1.9,5.16,0.116,0.0043,0.0012
2025-09-14,Ooty,orographic,1.1,0.8,2.0,1.1,1.1,4.12,0.0851,0.0026,0.0008
2025-09-14,Lonavala,orographic,35.4,12.2,16.2,15.2,15.2,11.95,0.3761,0.0386,0.0087
2025-09-14,Wayanad,orographic,1.6,0.2,0.8,0.2,0.2,2.89,0.0598,0.0015,0.0005
2025-09-14,Shimla,orographic,2.7,4.1,6.9,4.8,4.8,3.34,0.1981,0.0108,0.0028
2025-09-14,Dehradun,orographic,12.3,21.3,26.3,30.13,30.13,12.14,0.4964,0.0762,0.0162
2025-09-14,Srinagar,orographic,0.0,0.0,0.0,0.0,0.0,0.48,0.0508,0.0012,0.0004
2025-09-14,Gangtok,orographic,7.1,17.3,21.7,23.32,23.32,7.65,0.4502,0.0591,0.0128
2025-09-14,Guwahati,orographic,16.0,25.2,30.7,39.22,39.22,11.64,0.5342,0.0932,0.0196
2025-09-14,Cherrapunji,orographic,31.2,55.9,68.01,88.6,88.6,18.23,0.7036,0.2295,0.0485
2025-09-14,Imphal,orographic,8.5,4.7,7.9,5.6,5.6,5.58,0.2152,0.0125,0.0032
2025-09-14,Agartala,orographic,20.8,9.4,13.03,11.09,11.09,7.75,0.3252,0.0282,0.0065
2025-09-14,Lucknow,active,1.7,0.0,0.0,0.0,0.0,1.2,0.0602,0.0006,0.0003
2025-09-14,Patna,active,8.6,11.2,15.2,18.57,16.0,10.62,0.4012,0.0184,0.006
2025-09-14,Varanasi,active,16.9,0.0,0.0,0.0,0.0,1.2,0.0602,0.0006,0.0003
2025-09-14,Delhi,active,0.2,0.4,1.2,1.97,1.1,3.12,0.0808,0.001,0.0004
2025-09-14,Kanpur,active,0.6,0.3,1.0,1.72,0.9,2.34,0.0758,0.0009,0.0004
2025-09-14,Ranchi,active,11.1,30.9,37.4,39.16,33.65,15.08,0.6227,0.0656,0.0187
2025-09-14,Jodhpur,active,0.0,0.0,0.0,0.0,0.0,0.5,0.0602,0.0006,0.0003
2025-09-14,Bikaner,active,0.0,0.0,0.0,0.0,0.0,0.5,0.0602,0.0006,0.0003
2025-09-14,Jaisalmer,active,0.0,0.0,0.0,0.0,0.0,0.5,0.0602,0.0006,0.0003
2025-09-14,Hyderabad,active,7.2,9.5,13.2,16.07,14.3,10.35,0.3679,0.0151,0.005
2025-09-14,Bengaluru,active,0.0,2.0,3.9,5.0,4.3,4.88,0.1523,0.0027,0.0011
2025-09-14,Pune,active,36.7,8.2,11.8,13.87,12.7,6.61,0.3395,0.0126,0.0043
2025-09-14,Kurnool,active,4.1,15.3,19.5,24.03,19.7,9.49,0.4678,0.0272,0.0084
2025-09-14,Madurai,active,0.9,0.1,0.6,0.92,0.5,2.0,0.0655,0.0007,0.0003
2025-09-15,Nagpur,depression,9.8,36.3,45.6,31.7,41.94,21.36,0.7112,0.0863,0.0029
2025-09-15,Bhopal,active,13.6,0.1,0.6,0.92,0.92,2.21,0.0655,0.0007,0.0003
2025-09-15,Raipur,depression,30.0,14.6,18.9,3.29,22.33,13.21,0.5208,0.0278,0.001
2025-09-15,Jabalpur,active,11.8,13.2,17.4,20.54,20.54,10.37,0.4358,0.0226,0.0072
2025-09-15,Akola,depression,19.9,46.0,57.21,45.23,63.69,21.56,0.7536,0.1147,0.0038
2025-09-15,Amravati,depression,23.7,31.1,37.5,23.8,39.16,21.01,0.6814,0.0714,0.0024
2025-09-15,Aurangabad,depression,23.5,37.3,47.41,34.64,41.94,21.74,0.7162,0.0892,0.003
2025-09-15,Bhubaneswar,active,7.5,18.8,23.6,29.78,29.78,9.64,0.5134,0.0352,0.0106
2025-09-15,Mumbai,coastal,65.5,22.0,27.0,39.1,39.1,13.55,0.5623,0.0419,0.0045
2025-09-15,Thiruvananthapuram,coastal,8.1,0.6,1.7,2.6,2.6,3.21,0.0954,0.0011,0.0002
2025-09-15,Kochi,coastal,5.3,3.3,5.8,8.5,8.5,6.17,0.2104,0.0044,0.0006
2025-09-15,Mangaluru,coastal,17.6,4.5,7.5,10.4,10.4,6.83,0.2513,0.0061,0.0008
2025-09-15,Panaji,coastal,6.7,14.8,19.2,27.35,27.35,11.07,0.4746,0.0255,0.0029
2025-09-15,Chennai,coastal,5.1,5.3,8.7,11.6,11.6,5.65,0.276,0.0073,0.001
2025-09-15,Visakhapatnam,coastal,5.9,5.9,9.3,12.6,12.6,6.83,0.2934,0.0083,0.0011
2025-09-15,Puri,coastal,7.3,19.5,24.3,35.11,35.11,11.02,0.5356,0.036,0.0039
2025-09-15,Kolkata,coastal,23.2,19.9,24.7,35.66,35.66,15.43,0.5401,0.0369,0.004
2025-09-15,Surat,coastal,0.4,7.6,10.9,14.8,14.8,8.76,0.338,0.0112,0.0014
2025-09-15,Mahabaleshwar,orographic,23.3,9.7,13.5,11.49,11.49,15.62,0.3311,0.0292,0.0068
2025-09-15,Munnar,orographic,3.4,2.2,4.2,2.8,2.8,5.52,0.1376,0.0057,0.0016
2025-09-15,Madikeri,orographic,7.0,3.5,6.1,4.2,4.2,7.95,0.1801,0.0091,0.0024
2025-09-15,Ooty,orographic,2.5,5.3,8.7,6.55,6.55,6.24,0.2314,0.0144,0.0036
2025-09-15,Lonavala,orographic,23.1,21.9,26.9,31.72,31.72,27.23,0.5026,0.0788,0.0168
2025-09-15,Wayanad,orographic,2.6,0.5,1.4,0.6,0.6,2.93,0.0727,0.002,0.0006
2025-09-15,Shimla,orographic,2.5,6.2,9.6,7.5,7.5,4.6,0.2545,0.0172,0.0042
2025-09-15,Dehradun,orographic,19.5,12.2,16.2,15.2,15.2,7.74,0.3761,0.0386,0.0087
2025-09-15,Srinagar,orographic,0.0,0.5,1.4,0.6,0.6,0.93,0.0727,0.002,0.0006
2025-09-15,Gangtok,orographic,14.1,18.5,23.2,25.57,25.57,8.56,0.465,0.0642,0.0138
2025-09-15,Guwahati,orographic,14.4,53.6,66.1,87.3,87.3,23.82,0.6954,0.2196,0.0462
2025-09-15,Cherrapunji,orographic,3.8,35.4,43.9,57.97,57.97,19.58,0.6095,0.139,0.0289
2025-09-15,Imphal,orographic,22.2,11.3,15.3,13.88,13.88,6.64,0.3607,0.0352,0.008
2025-09-15,Agartala,orographic,10.2,4.9,8.1,5.9,5.9,5.74,0.2207,0.0131,0.0033
2025-09-15,Lucknow,active,1.4,1.2,2.7,3.7,3.7,3.34,0.1184,0.0018,0.0008
2025-09-15,Patna,active,17.1,10.1,13.93,16.77,16.77,9.76,0.3801,0.0162,0.0053
2025-09-15,Varanasi,active,17.5,0.0,0.0,0.0,0.0,1.04,0.0602,0.0006,0.0003
2025-09-15,Delhi,active,0.0,0.0,0.0,0.0,0.0,1.32,0.0602,0.0006,0.0003
2025-09-15,Kanpur,active,2.7,1.7,3.4,4.8,4.8,3.43,0.14,0.0024,0.001
2025-09-15,Ranchi,active,28.4,15.3,19.5,24.03,24.03,12.65,0.4678,0.0272,0.0084
2025-09-15,Jodhpur,active,0.0,0.0,0.0,0.0,0.0,0.54,0.0602,0.0006,0.0003
2025-09-15,Bikaner,active,0.0,0.0,0.0,0.0,0.0,0.54,0.0602,0.0006,0.0003
2025-09-15,Jaisalmer,active,0.0,0.0,0.0,0.0,0.0,0.54,0.0602,0.0006,0.0003
2025-09-15,Hyderabad,active,4.5,9.1,12.7,15.6,15.6,8.76,0.3594,0.0143,0.0048
2025-09-15,Bengaluru,active,2.0,2.8,5.1,6.0,6.0,5.15,0.1832,0.0038,0.0015
2025-09-15,Pune,active,17.8,14.5,18.87,22.33,22.33,8.32,0.4561,0.0254,0.0079
2025-09-15,Kurnool,active,0.9,4.7,7.9,9.76,9.76,7.47,0.247,0.0066,0.0024
2025-09-15,Madurai,active,0.0,0.5,1.4,2.01,2.01,2.56,0.0857,0.0011,0.0005
2025-09-16,Nagpur,depression,15.4,27.3,33.56,17.3,31.01,18.69,0.6552,0.0607,0.0021
2025-09-16,Bhopal,active,13.7,17.0,21.4,24.59,21.0,7.74,0.4911,0.031,0.0095
2025-09-16,Raipur,active,12.2,11.3,15.3,18.85,16.11,10.92,0.403,0.0186,0.006
2025-09-16,Jabalpur,depression,8.6,19.7,24.5,8.09,23.83,15.15,0.5863,0.0404,0.0014
2025-09-16,Akola,depression,16.6,10.9,14.83,2.2,15.6,13.02,0.4574,0.0193,0.0007
2025-09-16,Amravati,active,14.5,4.6,7.6,9.66,8.5,9.14,0.244,0.0064,0.0023
2025-09-16,Aurangabad,depression,20.8,137.9,134.92,89.22,100.81,26.32,0.8942,0.3642,0.0139
2025-09-16,Bhubaneswar,depression,17.3,15.2,19.5,4.6,19.7,12.75,0.5296,0.0292,0.0011
2025-09-16,Mumbai,depression,5.2,17.1,21.4,6.2,30.2,16.11,0.5555,0.0338,0.0012
2025-09-16,Thiruvananthapuram,coastal,1.8,0.0,0.0,0.0,0.0,1.67,0.0635,0.0006,0.0001
2025-09-16,Kochi,coastal,10.4,5.7,9.1,12.4,12.4,6.63,0.2877,0.008,0.001
2025-09-16,Mangaluru,coastal,14.1,15.1,19.4,28.1,28.1,10.77,0.479,0.0261,0.0029
2025-09-16,Panaji,depression,16.2,28.5,34.8,19.4,61.72,19.14,0.664,0.0641,0.0022
2025-09-16,Chennai,coastal,17.3,0.2,0.8,1.53,1.53,2.85,0.0745,0.0008,0.0001
2025-09-16,Visakhapatnam,coastal,4.6,12.6,16.62,23.42,23.42,10.77,0.4397,0.0208,0.0024
2025-09-16,Puri,depression,14.8,35.2,43.7,28.09,83.43,25.34,0.7054,0.0831,0.0028
2025-09-16,Kolkata,depression,10.2,11.1,15.1,2.2,20.96,11.98,0.4613,0.0198,0.0007
2025-09-16,Surat,coastal,0.5,3.2,5.7,8.1,8.1,6.09,0.2068,0.0042,0.0006
2025-09-16,Mahabaleshwar,orographic,5.6,21.6,26.76,31.0,31.0,25.85,0.4995,0.0775,0.0165
2025-09-16,Munnar,orographic,4.5,7.2,10.6,8.7,8.7,9.39,0.2783,0.0205,0.0049
2025-09-16,Madikeri,orographic,7.4,11.1,15.1,13.6,13.6,11.81,0.3571,0.0344,0.0078
2025-09-16,Ooty,orographic,1.5,12.5,16.5,15.6,15.6,13.26,0.381,0.0398,0.0089
2025-09-16,Lonavala,orographic,18.5,8.3,11.9,9.74,9.74,13.19,0.3026,0.0242,0.0057
2025-09-16,Wayanad,orographic,5.6,6.8,10.3,8.2,8.2,6.9,0.269,0.0192,0.0046
2025-09-16,Shimla,orographic,5.5,8.2,11.8,9.7,9.7,5.39,0.3005,0.0239,0.0057
2025-09-16,Dehradun,orographic,26.7,13.7,18.0,17.52,17.52,7.01,0.4,0.0445,0.0099
2025-09-16,Srinagar,orographic,0.0,3.8,6.5,4.6,4.6,2.78,0.1892,0.0099,0.0026
2025-09-16,Gangtok,orographic,9.5,9.4,13.03,11.09,11.09,7.17,0.3252,0.0282,0.0065
2025-09-16,Guwahati,orographic,30.2,12.8,17.0,15.98,15.98,9.93,0.3859,0.0409,0.0092
2025-09-16,Cherrapunji,orographic,16.1,11.0,15.0,13.38,13.38,8.71,0.3553,0.034,0.0078
2025-09-16,Imphal,orographic,24.9,7.5,10.8,8.94,8.94,6.55,0.2851,0.0215,0.0051
2025-09-16,Agartala,orographic,5.9,10.7,14.7,12.9,12.9,6.51,0.3499,0.0329,0.0075
2025-09-16,Lucknow,active,10.2,4.9,8.1,9.8,9.0,4.79,0.2531,0.0069,0.0025
2025-09-16,Patna,active,5.7,13.1,17.3,20.54,18.12,9.9,0.4342,0.0224,0.0071
2025-09-16,Varanasi,active,31.9,12.9,17.1,19.99,17.8,7.2,0.4309,0.022,0.007
2025-09-16,Delhi,active,0.1,0.0,0.0,0.0,0.0,0.99,0.0602,0.0006,0.0003
2025-09-16,Kanpur,active,6.5,1.7,3.4,4.8,3.6,3.63,0.14,0.0024,0.001
2025-09-16,Ranchi,active,7.2,12.5,16.5,19.51,17.36,10.48,0.4242,0.0211,0.0067
2025-09-16,Jodhpur,active,0.0,0.0,0.0,0.0,0.0,0.51,0.0602,0.0006,0.0003
2025-09-16,Bikaner,active,0.0,0.0,0.0,0.0,0.0,0.51,0.0602,0.0006,0.0003
2025-09-16,Jaisalmer,active,0.0,0.0,0.0,0.0,0.0,0.51,0.0602,0.0006,0.0003
2025-09-16,Hyderabad,active,7.6,28.9,35.1,39.16,31.72,12.24,0.6083,0.0603,0.0174
2025-09-16,Bengaluru,active,4.7,9.7,13.5,16.12,14.57,6.79,0.372,0.0155,0.0051
2025-09-16,Pune,active,5.2,2.2,4.2,5.1,4.7,5.44,0.1603,0.003,0.0012
2025-09-16,Kurnool,active,7.1,13.4,17.7,20.54,18.5,7.71,0.439,0.023,0.0073
2025-09-16,Madurai,active,12.0,0.5,1.4,2.01,1.3,2.42,0.0857,0.0011,0.0005
2025-09-17,Nagpur,normal,13.5,5.7,9.1,10.2,10.2,7.3,0.2139,0.0025,0.0006
2025-09-17,Bhopal,normal,6.9,18.1,22.71,21.9,21.9,11.44,0.4209,0.0103,0.0021
2025-09-17,Raipur,normal,1.3,5.9,9.3,10.3,10.3,6.68,0.2185,0.0026,0.0006
2025-09-17,Jabalpur,normal,11.8,11.4,15.4,16.21,16.21,9.87,0.3264,0.0057,0.0012
2025-09-17,Akola,normal,3.8,3.6,6.2,7.2,7.2,6.5,0.1605,0.0015,0.0004
2025-09-17,Amravati,normal,2.2,13.7,18.0,18.9,18.9,9.41,0.3624,0.0072,0.0015
2025-09-17,Aurangabad,depression,13.5,17.0,21.4,6.2,21.0,11.13,0.5542,0.0336,0.0012
2025-09-17,Bhubaneswar,normal,5.6,2.2,4.2,4.7,4.7,5.12,0.1197,0.0009,0.0002
2025-09-17,Mumbai,coastal,25.7,3.5,6.1,8.8,8.8,7.37,0.2176,0.0046,0.0006
2025-09-17,Thiruvananthapuram,coastal,2.2,0.2,0.8,1.53,1.53,2.15,0.0745,0.0008,0.0001
2025-09-17,Kochi,coastal,38.5,13.1,17.3,24.61,24.61,10.66,0.4481,0.0219,0.0025
2025-09-17,Mangaluru,coastal,11.1,16.1,20.6,29.2,29.2,13.31,0.4931,0.0283,0.0032
2025-09-17,Panaji,depression,24.0,21.1,26.0,9.07,37.31,16.37,0.6011,0.044,0.0015
2025-09-17,Chennai,coastal,15.9,0.9,2.1,3.5,3.5,2.89,0.1102,0.0014,0.0002
2025-09-17,Visakhapatnam,coastal,0.5,1.7,3.4,5.15,5.15,5.06,0.1469,0.0023,0.0003
2025-09-17,Puri,coastal,0.5,1.7,3.4,5.1,5.1,4.5,0.1469,0.0023,0.0003
2025-09-17,Kolkata,coastal,17.3,20.3,25.16,36.2,36.2,14.77,0.5445,0.0379,0.0041
2025-09-17,Surat,coastal,6.1,2.5,4.7,6.49,6.49,4.59,0.1801,0.0033,0.0005
2025-09-17,Mahabaleshwar,orographic,10.9,4.5,7.5,5.3,5.3,9.53,0.2096,0.0119,0.0031
2025-09-17,Munnar,orographic,6.5,24.0,29.2,36.7,36.7,22.41,0.5232,0.088,0.0186
2025-09-17,Madikeri,orographic,9.5,12.4,16.4,15.3,15.3,14.56,0.3794,0.0394,0.0089
2025-09-17,Ooty,orographic,3.2,32.1,39.01,51.11,51.11,27.69,0.5881,0.1241,0.0259
2025-09-17,Lonavala,orographic,15.6,1.3,2.8,1.6,1.6,5.88,0.1048,0.0036,0.0011
2025-09-17,Wayanad,orographic,9.8,13.7,18.0,17.52,17.52,14.76,0.4,0.0445,0.0099
2025-09-17,Shimla,orographic,0.4,1.8,3.56,2.2,2.2,2.68,0.1234,0.0048,0.0014
2025-09-17,Dehradun,orographic,6.6,6.3,9.7,7.6,7.6,5.35,0.2569,0.0175,0.0043
2025-09-17,Srinagar,orographic,0.0,0.0,0.0,0.0,0.0,1.08,0.0508,0.0012,0.0004
2025-09-17,Gangtok,orographic,18.3,2.0,3.9,2.5,2.5,2.77,0.1305,0.0052,0.0015
2025-09-17,Guwahati,orographic,9.2,14.8,19.2,18.8,18.8,6.86,0.4164,0.0489,0.0108
2025-09-17,Cherrapunji,orographic,14.5,8.9,12.5,10.3,10.3,5.57,0.3151,0.0264,0.0062
2025-09-17,Imphal,orographic,2.1,1.9,3.7,2.4,2.4,3.26,0.127,0.005,0.0014
2025-09-17,Agartala,orographic,0.6,9.4,13.03,11.09,11.09,6.19,0.3252,0.0282,0.0065
2025-09-17,Lucknow,normal,4.1,6.3,9.7,10.5,10.5,6.83,0.2277,0.0028,0.0006
2025-09-17,Patna,normal,15.2,2.1,4.1,4.5,4.5,5.48,0.1166,0.0009,0.0002
2025-09-17,Varanasi,normal,14.2,14.2,18.47,19.06,19.06,10.49,0.3697,0.0075,0.0016
2025-09-17,Delhi,normal,0.2,3.6,6.2,7.2,7.2,5.4,0.1605,0.0015,0.0004
2025-09-17,Kanpur,normal,3.0,0.9,2.2,2.1,2.1,3.38,0.077,0.0004,0.0001
2025-09-17,Ranchi,normal,5.3,21.4,26.41,26.16,26.16,13.38,0.4577,0.0128,0.0025
2025-09-17,Jodhpur,normal,0.0,0.0,0.0,0.0,0.0,0.31,0.0437,0.0002,0.0001
2025-09-17,Bikaner,normal,0.0,0.0,0.0,0.0,0.0,0.31,0.0437,0.0002,0.0001
2025-09-17,Jaisalmer,normal,0.0,0.0,0.0,0.0,0.0,0.31,0.0437,0.0002,0.0001
2025-09-17,Hyderabad,normal,1.2,10.6,14.6,15.4,15.4,7.98,0.3128,0.0052,0.0011
2025-09-17,Bengaluru,normal,10.7,16.3,20.7,20.71,20.71,8.39,0.3984,0.009,0.0018
2025-09-17,Pune,normal,13.8,1.3,2.8,3.0,3.0,3.72,0.0907,0.0006,0.0002
2025-09-17,Kurnool,normal,12.3,11.8,15.7,16.6,16.6,7.96,0.333,0.006,0.0013
2025-09-17,Madurai,normal,16.4,12.3,16.32,17.21,17.21,5.86,0.341,0.0063,0.0013
2025-09-18,Nagpur,normal,3.1,21.2,26.21,26.0,26.0,12.28,0.4556,0.0126,0.0025
2025-09-18,Bhopal,normal,8.0,5.7,9.1,10.2,10.2,6.65,0.2139,0.0025,0.0006
2025-09-18,Raipur,normal,0.9,3.0,5.4,6.0,6.0,5.57,0.1436,0.0012,0.0003
2025-09-18,Jabalpur,normal,11.7,12.6,16.62,17.51,17.51,9.36,0.3458,0.0065,0.0014
2025-09-18,Akola,normal,3.8,5.9,9.3,10.3,10.3,6.35,0.2185,0.0026,0.0006
2025-09-18,Amravati,normal,2.5,11.7,15.6,16.5,16.5,9.29,0.3314,0.0059,0.0013
2025-09-18,Aurangabad,depression,13.4,33.3,40.41,25.5,34.81,14.31,0.6947,0.0776,0.0026
2025-09-18,Bhubaneswar,normal,0.3,1.7,3.4,3.6,3.6,3.8,0.1039,0.0007,0.0002
2025-09-18,Mumbai,coastal,10.4,4.8,8.0,10.7,10.7,7.03,0.2608,0.0066,0.0009
2025-09-18,Thiruvananthapuram,coastal,1.5,0.1,0.6,1.2,1.2,2.11,0.069,0.0007,0.0001
2025-09-18,Kochi,coastal,10.3,11.3,15.3,21.55,21.55,9.94,0.4166,0.0182,0.0021
2025-09-18,Mangaluru,depression,15.2,22.0,27.0,10.28,39.1,15.02,0.61,0.0464,0.0016
2025-09-18,Panaji,depression,11.1,19.8,24.6,8.09,35.45,14.31,0.5874,0.0407,0.0014
2025-09-18,Chennai,coastal,6.2,11.0,15.0,20.9,20.9,7.6,0.411,0.0176,0.0021
2025-09-18,Visakhapatnam,coastal,0.6,0.1,0.6,1.2,1.2,2.09,0.069,0.0007,0.0001
2025-09-18,Puri,coastal,0.0,0.0,0.0,0.0,0.0,1.79,0.0635,0.0006,0.0001
2025-09-18,Kolkata,depression,4.3,39.0,49.3,36.04,100.17,19.84,0.7244,0.0941,0.0031
2025-09-18,Surat,coastal,3.1,1.1,2.4,4.1,4.1,3.91,0.1197,0.0016,0.0003
2025-09-18,Mahabaleshwar,orographic,13.8,13.7,18.0,17.52,17.52,12.66,0.4,0.0445,0.0099
2025-09-18,Munnar,orographic,2.8,15.2,19.5,19.5,19.5,12.97,0.4221,0.0505,0.0111
2025-09-18,Madikeri,orographic,10.3,4.7,7.9,5.6,5.6,9.66,0.2152,0.0125,0.0032
2025-09-18,Ooty,orographic,3.1,34.0,41.36,55.32,55.32,26.57,0.6007,0.1327,0.0276
2025-09-18,Lonavala,orographic,21.2,8.9,12.5,10.3,10.3,8.79,0.3151,0.0264,0.0062
2025-09-18,Wayanad,orographic,7.4,6.1,9.5,7.4,7.4,9.48,0.252,0.0169,0.0041
2025-09-18,Shimla,orographic,5.3,1.0,2.3,1.2,1.2,1.31,0.0931,0.003,0.0009
2025-09-18,Dehradun,orographic,2.7,8.1,11.6,9.6,9.6,5.59,0.2983,0.0236,0.0056
2025-09-18,Srinagar,orographic,0.0,0.1,0.6,0.1,0.1,0.46,0.0553,0.0013,0.0004
2025-09-18,Gangtok,orographic,3.4,4.4,7.4,5.2,5.2,4.13,0.2067,0.0117,0.003
2025-09-18,Guwahati,orographic,7.3,21.6,26.76,31.0,31.0,8.16,0.4995,0.0775,0.0165
2025-09-18,Cherrapunji,orographic,4.2,13.4,17.7,17.13,17.13,6.47,0.3954,0.0433,0.0097
2025-09-18,Imphal,orographic,3.8,5.5,8.8,6.8,6.8,4.0,0.2367,0.015,0.0037
2025-09-18,Agartala,orographic,6.2,7.8,11.2,9.2,9.2,5.45,0.2918,0.0225,0.0054
2025-09-18,Lucknow,normal,13.3,4.3,7.2,8.1,8.1,6.71,0.1792,0.0018,0.0004
2025-09-18,Patna,normal,1.0,3.0,5.4,6.0,6.0,5.6,0.1436,0.0012,0.0003
2025-09-18,Varanasi,normal,5.2,29.9,36.36,32.51,32.51,12.86,0.533,0.0197,0.0037
2025-09-18,Delhi,normal,1.6,3.0,5.4,6.0,6.0,5.91,0.1436,0.0012,0.0003
2025-09-18,Kanpur,normal,2.8,0.0,0.0,0.0,0.0,1.32,0.0437,0.0002,0.0001
2025-09-18,Ranchi,normal,0.5,11.6,15.5,16.4,16.4,9.58,0.3297,0.0058,0.0013
2025-09-18,Jodhpur,normal,0.0,0.0,0.0,0.0,0.0,0.31,0.0437,0.0002,0.0001
2025-09-18,Bikaner,normal,0.0,0.0,0.0,0.0,0.0,0.31,0.0437,0.0002,0.0001
2025-09-18,Jaisalmer,normal,0.0,0.0,0.0,0.0,0.0,0.31,0.0437,0.0002,0.0001
2025-09-18,Hyderabad,normal,6.3,7.0,10.4,11.5,11.5,6.61,0.2431,0.0031,0.0007
2025-09-18,Bengaluru,normal,16.5,3.1,5.5,6.2,6.2,5.49,0.1465,0.0013,0.0003
2025-09-18,Pune,normal,19.5,9.2,12.8,13.8,13.8,6.7,0.2875,0.0044,0.001
2025-09-18,Kurnool,normal,24.2,2.2,4.2,4.7,4.7,4.51,0.1197,0.0009,0.0002
2025-09-18,Madurai,normal,10.6,5.2,8.6,9.53,9.53,5.99,0.2019,0.0022,0.0005
2025-09-19,Nagpur,depression,1.2,23.2,28.2,11.42,27.45,12.46,0.6213,0.0496,0.0017
2025-09-19,Bhopal,normal,12.9,10.1,13.93,15.0,15.0,9.13,0.304,0.0049,0.0011
2025-09-19,Raipur,normal,1.6,1.0,2.3,2.3,2.3,3.24,0.0805,0.0005,0.0001
2025-09-19,Jabalpur,normal,8.4,7.4,10.73,11.9,11.9,8.13,0.2517,0.0034,0.0008
2025-09-19,Akola,normal,22.4,10.2,14.1,15.07,15.07,9.13,0.3058,0.005,0.0011
2025-09-19,Amravati,normal,18.4,11.8,15.7,16.6,16.6,9.3,0.333,0.006,0.0013
2025-09-19,Aurangabad,depression,22.9,41.8,52.81,41.83,41.72,15.52,0.7369,0.1023,0.0034
2025-09-19,Bhubaneswar,normal,0.5,3.2,5.7,6.4,6.4,5.18,0.1493,0.0013,0.0003
2025-09-19,Mumbai,coastal,8.2,4.9,8.1,10.88,10.88,7.18,0.2639,0.0067,0.0009
2025-09-19,Thiruvananthapuram,coastal,4.3,0.0,0.0,0.0,0.0,1.79,0.0635,0.0006,0.0001
2025-09-19,Kochi,coastal,7.5,3.0,5.4,7.7,7.7,5.96,0.1993,0.004,0.0006
2025-09-19,Mangaluru,coastal,5.4,7.7,11.1,15.0,15.0,8.0,0.3404,0.0114,0.0014
2025-09-19,Panaji,depression,6.7,18.0,22.6,6.58,32.85,12.08,0.5667,0.0361,0.0013
2025-09-19,Chennai,coastal,3.0,2.0,3.9,5.6,5.6,4.82,0.1597,0.0027,0.0004
2025-09-19,Visakhapatnam,coastal,2.2,0.1,0.6,1.2,1.2,2.16,0.069,0.0007,0.0001
2025-09-19,Puri,coastal,0.0,6.3,9.7,13.0,13.0,5.67,0.3045,0.009,0.0011
2025-09-19,Kolkata,depression,7.0,12.6,16.62,2.2,23.42,9.85,0.4886,0.0231,0.0009
2025-09-19,Surat,coastal,4.8,2.1,4.1,5.7,5.7,4.11,0.1639,0.0028,0.0004
2025-09-19,Mahabaleshwar,orographic,12.8,10.8,14.7,13.0,13.0,13.18,0.3517,0.0333,0.0076
2025-09-19,Munnar,orographic,1.3,2.7,5.0,3.2,3.2,7.56,0.1545,0.007,0.0019
2025-09-19,Madikeri,orographic,6.1,1.8,3.56,2.2,2.2,5.65,0.1234,0.0048,0.0014
2025-09-19,Ooty,orographic,2.5,5.2,8.6,6.4,6.4,8.88,0.2288,0.0141,0.0035
2025-09-19,Lonavala,orographic,9.3,6.0,9.4,7.3,7.3,9.77,0.2495,0.0166,0.0041
2025-09-19,Wayanad,orographic,2.3,1.1,2.4,1.33,1.33,5.07,0.097,0.0032,0.001
2025-09-19,Shimla,orographic,0.6,0.0,0.0,0.0,0.0,0.64,0.0508,0.0012,0.0004
2025-09-19,Dehradun,orographic,1.4,2.5,4.7,3.1,3.1,2.78,0.1478,0.0065,0.0018
2025-09-19,Srinagar,orographic,0.0,0.3,1.0,0.4,0.4,0.69,0.0641,0.0017,0.0005
2025-09-19,Gangtok,orographic,14.0,10.2,14.1,12.3,12.3,6.28,0.3406,0.0311,0.0072
2025-09-19,Guwahati,orographic,8.9,6.7,10.2,8.15,8.15,5.36,0.2666,0.0188,0.0046
2025-09-19,Cherrapunji,orographic,6.0,6.0,9.4,7.3,7.3,4.84,0.2495,0.0166,0.0041
2025-09-19,Imphal,orographic,3.4,2.5,4.7,3.1,3.1,3.22,0.1478,0.0065,0.0018
2025-09-19,Agartala,orographic,4.0,48.9,60.5,82.58,82.58,13.59,0.6773,0.1992,0.0417
2025-09-19,Lucknow,normal,9.6,11.2,15.2,16.0,16.0,9.58,0.3231,0.0056,0.0012
2025-09-19,Patna,normal,0.7,7.9,11.4,12.22,12.22,8.13,0.262,0.0036,0.0008
2025-09-19,Varanasi,normal,6.2,14.9,19.22,19.7,19.7,10.03,0.3796,0.008,0.0017
2025-09-19,Delhi,normal,0.7,0.0,0.0,0.0,0.0,1.54,0.0437,0.0002,0.0001
2025-09-19,Kanpur,normal,3.1,1.2,2.6,2.8,2.8,3.39,0.0873,0.0005,0.0002
2025-09-19,Ranchi,normal,7.9,6.3,9.7,10.5,10.5,7.18,0.2277,0.0028,0.0006
2025-09-19,Jodhpur,normal,0.0,0.0,0.0,0.0,0.0,0.33,0.0437,0.0002,0.0001
2025-09-19,Bikaner,normal,0.0,0.0,0.0,0.0,0.0,0.33,0.0437,0.0002,0.0001
2025-09-19,Jaisalmer,normal,0.0,0.0,0.0,0.0,0.0,0.33,0.0437,0.0002,0.0001
2025-09-19,Hyderabad,normal,16.2,19.4,24.2,23.5,23.5,8.81,0.436,0.0112,0.0022
2025-09-19,Bengaluru,normal,6.8,2.4,4.5,5.0,5.0,4.4,0.1258,0.001,0.0003
2025-09-19,Pune,normal,12.4,3.5,6.1,7.04,7.04,5.92,0.1577,0.0014,0.0004
2025-09-19,Kurnool,normal,7.4,2.5,4.7,5.29,5.29,4.4,0.1289,0.001,0.0003
2025-09-19,Madurai,normal,1.3,0.2,0.8,0.7,0.7,2.68,0.0514,0.0002,0.0001
2025-09-20,Nagpur,depression,2.7,18.4,23.1,7.21,22.56,11.55,0.5715,0.0371,0.0013
2025-09-20,Bhopal,normal,8.3,9.7,13.5,14.57,14.57,9.45,0.2968,0.0047,0.001
2025-09-20,Raipur,normal,0.6,0.0,0.0,0.0,0.0,1.8,0.0437,0.0002,0.0001
2025-09-20,Jabalpur,normal,7.7,7.3,10.6,11.87,11.87,8.42,0.2496,0.0033,0.0008
2025-09-20,Akola,normal,2.3,7.6,10.9,12.1,12.1,8.23,0.2558,0.0035,0.0008
2025-09-20,Amravati,normal,3.6,8.4,12.0,12.8,12.8,8.38,0.2721,0.0039,0.0009
2025-09-20,Aurangabad,depression,8.3,32.0,39.0,24.4,34.05,16.53,0.687,0.0739,0.0025
2025-09-20,Bhubaneswar,normal,8.1,0.5,1.4,1.3,1.3,3.31,0.0626,0.0003,0.0001
2025-09-20,Mumbai,coastal,12.3,11.8,15.7,22.21,22.21,10.61,0.4257,0.0192,0.0022
2025-09-20,Thiruvananthapuram,coastal,0.8,0.1,0.6,1.2,1.2,1.82,0.069,0.0007,0.0001
2025-09-20,Kochi,coastal,1.9,1.1,2.4,4.1,4.1,4.14,0.1197,0.0016,0.0003
2025-09-20,Mangaluru,coastal,2.5,1.4,3.0,4.7,4.7,4.46,0.1336,0.002,0.0003
2025-09-20,Panaji,coastal,2.0,3.8,6.5,9.4,9.4,7.88,0.228,0.0051,0.0007
2025-09-20,Chennai,coastal,5.5,2.4,4.5,6.2,6.2,4.81,0.1761,0.0032,0.0005
2025-09-20,Visakhapatnam,coastal,16.3,1.5,3.1,4.85,4.85,3.71,0.1381,0.0021,0.0003
2025-09-20,Puri,coastal,11.2,1.4,3.0,4.7,4.7,4.39,0.1336,0.002,0.0003
2025-09-20,Kolkata,coastal,10.6,13.1,17.3,24.61,24.61,11.78,0.4481,0.0219,0.0025
2025-09-20,Surat,coastal,11.5,4.7,7.9,10.6,10.6,7.03,0.2577,0.0064,0.0008
2025-09-20,Mahabaleshwar,orographic,13.0,2.9,5.3,3.4,3.4,8.38,0.1611,0.0075,0.002
2025-09-20,Munnar,orographic,2.1,1.5,3.1,1.8,1.8,4.96,0.1123,0.0041,0.0012
2025-09-20,Madikeri,orographic,8.3,3.1,5.5,3.6,3.6,6.91,0.1675,0.008,0.0021
2025-09-20,Ooty,orographic,2.4,2.2,4.2,2.8,2.8,6.06,0.1376,0.0057,0.0016
2025-09-20,Lonavala,orographic,11.5,3.0,5.4,3.5,3.5,7.29,0.1643,0.0078,0.0021
2025-09-20,Wayanad,orographic,4.7,1.8,3.56,2.2,2.2,4.91,0.1234,0.0048,0.0014
2025-09-20,Shimla,orographic,0.2,0.0,0.0,0.0,0.0,0.45,0.0508,0.0012,0.0004
2025-09-20,Dehradun,orographic,0.5,0.0,0.0,0.0,0.0,0.81,0.0508,0.0012,0.0004
2025-09-20,Srinagar,orographic,0.0,0.0,0.0,0.0,0.0,0.6,0.0508,0.0012,0.0004
2025-09-20,Gangtok,orographic,8.8,13.7,18.0,17.52,17.52,7.04,0.4,0.0445,0.0099
2025-09-20,Guwahati,orographic,1.2,3.6,6.2,4.3,4.3,4.72,0.1831,0.0094,0.0025
2025-09-20,Cherrapunji,orographic,1.9,11.6,15.5,14.1,14.1,6.39,0.3659,0.0363,0.0082
2025-09-20,Imphal,orographic,2.6,5.4,8.7,6.6,6.6,4.24,0.2341,0.0147,0.0037
2025-09-20,Agartala,orographic,6.3,13.0,17.2,16.3,16.3,8.04,0.3891,0.0417,0.0093
2025-09-20,Lucknow,normal,1.3,0.0,0.0,0.0,0.0,2.33,0.0437,0.0002,0.0001
2025-09-20,Patna,normal,2.3,1.6,3.3,3.4,3.4,4.7,0.1007,0.0007,0.0002
2025-09-20,Varanasi,normal,2.8,0.0,0.0,0.0,0.0,2.46,0.0437,0.0002,0.0001
2025-09-20,Delhi,normal,0.0,0.0,0.0,0.0,0.0,1.0,0.0437,0.0002,0.0001
2025-09-20,Kanpur,normal,0.6,0.0,0.0,0.0,0.0,1.49,0.0437,0.0002,0.0001
2025-09-20,Ranchi,normal,2.2,1.6,3.3,3.4,3.4,4.57,0.1007,0.0007,0.0002
2025-09-20,Jodhpur,normal,0.0,0.0,0.0,0.0,0.0,0.36,0.0437,0.0002,0.0001
2025-09-20,Bikaner,normal,0.0,0.0,0.0,0.0,0.0,0.36,0.0437,0.0002,0.0001
2025-09-20,Jaisalmer,normal,0.0,0.0,0.0,0.0,0.0,0.36,0.0437,0.0002,0.0001
2025-09-20,Hyderabad,normal,2.2,8.9,12.5,13.4,13.4,7.62,0.2818,0.0042,0.0009
2025-09-20,Bengaluru,normal,16.2,10.1,13.93,15.0,15.0,7.38,0.304,0.0049,0.0011
2025-09-20,Pune,normal,7.7,3.4,5.9,6.8,6.8,6.16,0.1549,0.0014,0.0004
2025-09-20,Kurnool,normal,2.2,0.7,1.9,1.7,1.7,3.2,0.0699,0.0004,0.0001
2025-09-20,Madurai,normal,0.1,0.1,0.6,0.5,0.5,1.77,0.0476,0.0002,0.0001
2025-09-21,Nagpur,normal,8.9,1.4,3.0,3.2,3.2,3.3,0.0941,0.0006,0.0002
2025-09-21,Bhopal,normal,4.6,0.3,1.0,0.9,0.9,2.1,0.0552,0.0003,0.0001
2025-09-21,Raipur,normal,6.0,1.3,2.71,2.9,2.9,1.71,0.0907,0.0006,0.0002
2025-09-21,Jabalpur,normal,0.2,1.1,2.4,2.5,2.5,2.92,0.0839,0.0005,0.0001
2025-09-21,Akola,normal,7.7,12.4,16.4,17.3,17.3,7.0,0.3426,0.0063,0.0013
2025-09-21,Amravati,normal,17.7,22.3,27.36,26.9,26.9,9.29,0.4669,0.0135,0.0026
2025-09-21,Aurangabad,normal,6.0,7.3,10.6,11.87,11.87,6.0,0.2496,0.0033,0.0008
2025-09-21,Bhubaneswar,normal,9.7,0.3,1.0,0.9,0.9,1.45,0.0552,0.0003,0.0001
2025-09-21,Mumbai,coastal,15.7,0.0,0.0,0.0,0.0,1.89,0.0635,0.0006,0.0001
2025-09-21,Thiruvananthapuram,coastal,0.2,0.0,0.0,0.0,0.0,1.27,0.0635,0.0006,0.0001
2025-09-21,Kochi,coastal,5.0,7.5,10.8,14.67,14.67,5.79,0.3355,0.011,0.0014
2025-09-21,Mangaluru,coastal,2.3,4.8,8.0,10.7,10.7,5.71,0.2608,0.0066,0.0009
2025-09-21,Panaji,coastal,2.6,1.0,2.3,3.9,3.9,2.8,0.115,0.0015,0.0002
2025-09-21,Chennai,coastal,0.7,4.7,7.9,10.6,10.6,6.1,0.2577,0.0064,0.0008
2025-09-21,Visakhapatnam,coastal,11.6,4.6,7.79,10.53,10.53,5.87,0.2545,0.0063,0.0008
2025-09-21,Puri,coastal,11.0,3.2,5.7,8.1,8.1,4.66,0.2068,0.0042,0.0006
2025-09-21,Kolkata,coastal,10.7,4.6,7.6,10.5,10.5,6.5,0.2545,0.0063,0.0008
2025-09-21,Surat,coastal,11.1,5.2,8.6,11.43,11.43,6.32,0.273,0.0072,0.0009
2025-09-21,Mahabaleshwar,orographic,13.2,5.0,8.2,6.0,6.0,6.58,0.2234,0.0134,0.0034
2025-09-21,Munnar,orographic,3.6,3.2,5.7,3.7,3.7,5.24,0.1707,0.0083,0.0022
2025-09-21,Madikeri,orographic,5.5,4.8,8.0,5.7,5.7,6.58,0.2179,0.0128,0.0033
2025-09-21,Ooty,orographic,2.2,4.6,7.6,5.5,5.5,6.58,0.2124,0.0122,0.0031
2025-09-21,Lonavala,orographic,8.2,4.2,7.1,4.96,4.96,6.53,0.201,0.0111,0.0029
2025-09-21,Wayanad,orographic,7.6,5.7,9.1,7.0,7.0,6.58,0.2419,0.0156,0.0039
2025-09-21,Shimla,orographic,0.2,0.0,0.0,0.0,0.0,0.0,0.0508,0.0012,0.0004
2025-09-21,Dehradun,orographic,0.0,0.0,0.0,0.0,0.0,0.0,0.0508,0.0012,0.0004
2025-09-21,Srinagar,orographic,0.0,0.0,0.0,0.0,0.0,0.0,0.0508,0.0012,0.0004
2025-09-21,Gangtok,orographic,3.9,8.6,12.1,10.1,10.1,4.92,0.3089,0.0253,0.0059
2025-09-21,Guwahati,orographic,1.6,6.5,10.0,7.95,7.95,4.46,0.2618,0.0182,0.0044
2025-09-21,Cherrapunji,orographic,4.6,6.5,10.0,7.95,7.95,4.68,0.2618,0.0182,0.0044
2025-09-21,Imphal,orographic,0.1,12.9,17.1,16.18,16.18,5.28,0.3875,0.0413,0.0093
2025-09-21,Agartala,orographic,23.3,10.8,14.7,13.0,13.0,5.35,0.3517,0.0333,0.0076
2025-09-21,Lucknow,normal,0.1,0.0,0.0,0.0,0.0,0.24,0.0437,0.0002,0.0001
2025-09-21,Patna,normal,2.8,9.5,13.2,14.3,14.3,6.68,0.2931,0.0045,0.001
2025-09-21,Varanasi,normal,1.9,0.0,0.0,0.0,0.0,0.24,0.0437,0.0002,0.0001
2025-09-21,Delhi,normal,0.0,0.0,0.0,0.0,0.0,0.24,0.0437,0.0002,0.0001
2025-09-21,Kanpur,normal,0.0,0.0,0.0,0.0,0.0,0.24,0.0437,0.0002,0.0001
2025-09-21,Ranchi,normal,0.4,1.0,2.3,2.3,2.3,2.25,0.0805,0.0005,0.0001
2025-09-21,Jodhpur,normal,0.0,0.0,0.0,0.0,0.0,0.0,0.0437,0.0002,0.0001
2025-09-21,Bikaner,normal,0.0,0.0,0.0,0.0,0.0,0.0,0.0437,0.0002,0.0001
2025-09-21,Jaisalmer,normal,0.0,0.0,0.0,0.0,0.0,0.0,0.0437,0.0002,0.0001
2025-09-21,Hyderabad,normal,9.3,13.6,17.87,18.7,18.7,6.89,0.361,0.0071,0.0015
2025-09-21,Bengaluru,normal,3.5,8.8,12.3,13.3,13.3,5.96,0.2799,0.0041,0.0009
2025-09-21,Pune,normal,3.2,9.5,13.2,14.3,14.3,6.46,0.2931,0.0045,0.001
2025-09-21,Kurnool,normal,2.2,10.9,14.83,15.6,15.6,4.92,0.318,0.0054,0.0012
2025-09-21,Madurai,normal,3.4,0.0,0.0,0.0,0.0,1.02,0.0437,0.0002,0.0001
2025-09-22,Nagpur,normal,5.6,0.3,1.0,0.9,0.9,1.95,0.0552,0.0003,0.0001
2025-09-22,Bhopal,normal,0.0,0.1,0.6,0.5,0.5,1.39,0.0476,0.0002,0.0001
2025-09-22,Raipur,normal,9.4,0.0,0.0,0.0,0.0,1.36,0.0437,0.0002,0.0001
2025-09-22,Jabalpur,normal,0.0,0.1,0.6,0.5,0.5,1.43,0.0476,0.0002,0.0001
2025-09-22,Akola,normal,53.4,18.3,23.0,22.2,22.2,9.13,0.4233,0.0104,0.0021
2025-09-22,Amravati,normal,18.2,4.6,7.6,8.5,8.5,5.89,0.1869,0.0019,0.0005
2025-09-22,Aurangabad,normal,10.4,18.6,23.3,22.76,22.76,9.09,0.4268,0.0106,0.0021
2025-09-22,Bhubaneswar,normal,7.4,1.8,3.56,3.8,3.8,2.67,0.1071,0.0007,0.0002
2025-09-22,Mumbai,coastal,17.0,7.2,10.6,14.3,14.3,5.97,0.3281,0.0105,0.0013
2025-09-22,Thiruvananthapuram,coastal,1.2,0.7,1.8,2.8,2.8,2.24,0.1004,0.0012,0.0002
2025-09-22,Kochi,coastal,4.0,3.5,6.1,8.8,8.8,6.63,0.2176,0.0046,0.0006
2025-09-22,Mangaluru,coastal,22.4,3.6,6.2,8.9,8.9,6.48,0.2211,0.0048,0.0007
2025-09-22,Panaji,coastal,3.7,1.4,3.0,4.7,4.7,3.45,0.1336,0.002,0.0003
2025-09-22,Chennai,coastal,3.4,4.7,7.9,10.6,10.6,6.6,0.2577,0.0064,0.0008
2025-09-22,Visakhapatnam,coastal,11.8,1.5,3.1,4.85,4.85,3.83,0.1381,0.0021,0.0003
2025-09-22,Puri,coastal,12.2,6.5,10.0,13.6,13.6,7.46,0.3099,0.0093,0.0012
2025-09-22,Kolkata,coastal,11.1,7.1,10.5,14.12,14.12,7.72,0.3255,0.0103,0.0013
2025-09-22,Surat,coastal,13.1,8.1,11.6,15.77,15.77,7.72,0.3499,0.0121,0.0015
2025-09-22,Mahabaleshwar,orographic,8.8,11.2,15.2,13.7,13.7,9.9,0.3589,0.0348,0.0079
2025-09-22,Munnar,orographic,0.8,2.4,4.5,2.9,2.9,4.84,0.1445,0.0062,0.0017
2025-09-22,Madikeri,orographic,13.4,3.4,5.9,4.0,4.0,7.26,0.177,0.0088,0.0023
2025-09-22,Ooty,orographic,2.2,5.2,8.6,6.4,6.4,7.32,0.2288,0.0141,0.0035
2025-09-22,Lonavala,orographic,23.1,9.2,12.8,10.54,10.54,9.9,0.3212,0.0274,0.0064
2025-09-22,Wayanad,orographic,5.7,2.8,5.1,3.3,3.3,6.08,0.1578,0.0072,0.002
2025-09-22,Shimla,orographic,0.1,0.0,0.0,0.0,0.0,0.13,0.0508,0.0012,0.0004
2025-09-22,Dehradun,orographic,0.0,0.0,0.0,0.0,0.0,0.13,0.0508,0.0012,0.0004
2025-09-22,Srinagar,orographic,0.0,0.0,0.0,0.0,0.0,0.13,0.0508,0.0012,0.0004
2025-09-22,Gangtok,orographic,0.0,2.6,4.9,3.1,3.1,2.77,0.1512,0.0067,0.0018
2025-09-22,Guwahati,orographic,1.8,5.4,8.7,6.6,6.6,4.03,0.2341,0.0147,0.0037
2025-09-22,Cherrapunji,orographic,4.0,23.2,28.2,34.92,34.92,7.82,0.5156,0.0844,0.0179
2025-09-22,Imphal,orographic,0.4,7.3,10.6,8.74,8.74,4.96,0.2806,0.0208,0.005
2025-09-22,Agartala,orographic,20.0,42.1,52.96,68.7,68.7,11.29,0.6465,0.1691,0.0352
2025-09-22,Lucknow,normal,0.8,0.0,0.0,0.0,0.0,0.38,0.0437,0.0002,0.0001
2025-09-22,Patna,normal,0.0,1.2,2.6,2.8,2.8,3.82,0.0873,0.0005,0.0002
2025-09-22,Varanasi,normal,0.0,0.0,0.0,0.0,0.0,0.38,0.0437,0.0002,0.0001
2025-09-22,Delhi,normal,0.0,0.0,0.0,0.0,0.0,0.38,0.0437,0.0002,0.0001
2025-09-22,Kanpur,normal,0.0,0.0,0.0,0.0,0.0,0.38,0.0437,0.0002,0.0001
2025-09-22,Ranchi,normal,3.9,15.7,20.1,20.36,20.36,7.43,0.3905,0.0086,0.0018
2025-09-22,Jodhpur,normal,0.0,0.0,0.0,0.0,0.0,0.0,0.0437,0.0002,0.0001
2025-09-22,Bikaner,normal,0.0,0.0,0.0,0.0,0.0,0.0,0.0437,0.0002,0.0001
2025-09-22,Jaisalmer,normal,0.0,0.0,0.0,0.0,0.0,0.0,0.0437,0.0002,0.0001
2025-09-22,Hyderabad,normal,6.8,1.0,2.3,2.3,2.3,2.89,0.0805,0.0005,0.0001
2025-09-22,Bengaluru,normal,1.4,3.4,5.9,6.8,6.8,5.47,0.1549,0.0014,0.0004
2025-09-22,Pune,normal,7.3,15.8,20.3,20.51,20.51,7.86,0.3919,0.0086,0.0018
2025-09-22,Kurnool,normal,1.8,23.4,28.3,27.55,27.55,9.36,0.4777,0.0143,0.0028
2025-09-22,Madurai,normal,0.2,0.0,0.0,0.0,0.0,0.64,0.0437,0.0002,0.0001
2025-09-23,Nagpur,normal,0.7,0.2,0.8,0.7,0.7,2.21,0.0514,0.0002,0.0001
2025-09-23,Bhopal,normal,0.6,0.0,0.0,0.0,0.0,1.69,0.0437,0.0002,0.0001
2025-09-23,Raipur,normal,0.0,0.0,0.0,0.0,0.0,1.22,0.0437,0.0002,0.0001
2025-09-23,Jabalpur,normal,0.6,0.0,0.0,0.0,0.0,1.69,0.0437,0.0002,0.0001
2025-09-23,Akola,normal,0.2,8.4,12.0,12.8,12.8,7.73,0.2721,0.0039,0.0009
2025-09-23,Amravati,normal,0.3,0.8,2.0,1.8,1.8,3.36,0.0735,0.0004,0.0001
2025-09-23,Aurangabad,depression,5.3,66.9,76.72,62.22,58.61,18.37,0.812,0.1767,0.0059
2025-09-23,Bhubaneswar,normal,22.6,24.7,30.16,29.2,29.2,10.49,0.4898,0.0154,0.0029
2025-09-23,Mumbai,coastal,10.7,6.5,10.0,13.6,13.6,8.48,0.3099,0.0093,0.0012
2025-09-23,Thiruvananthapuram,coastal,7.6,4.9,8.1,10.88,10.88,5.49,0.2639,0.0067,0.0009
2025-09-23,Kochi,coastal,17.4,8.6,12.1,17.0,17.0,8.36,0.3614,0.013,0.0016
2025-09-23,Mangaluru,coastal,21.8,3.2,5.7,8.1,8.1,5.83,0.2068,0.0042,0.0006
2025-09-23,Panaji,coastal,2.7,1.5,3.1,4.85,4.85,3.91,0.1381,0.0021,0.0003
2025-09-23,Chennai,coastal,5.4,0.5,1.4,2.4,2.4,3.15,0.0903,0.001,0.0002
2025-09-23,Visakhapatnam,coastal,15.7,6.6,10.1,13.72,13.72,7.64,0.3125,0.0095,0.0012
2025-09-23,Puri,coastal,13.9,29.4,35.5,64.62,64.62,16.25,0.6253,0.0602,0.0063
2025-09-23,Kolkata,coastal,24.8,14.6,18.9,26.92,26.92,10.73,0.4716,0.025,0.0028
2025-09-23,Surat,coastal,4.6,2.7,5.0,6.8,6.8,5.92,0.1879,0.0036,0.0005
2025-09-23,Mahabaleshwar,orographic,11.7,2.5,4.7,3.1,3.1,6.62,0.1478,0.0065,0.0018
2025-09-23,Munnar,orographic,8.1,3.2,5.7,3.7,3.7,6.56,0.1707,0.0083,0.0022
2025-09-23,Madikeri,orographic,4.3,4.3,7.2,5.1,5.1,8.24,0.2039,0.0114,0.0029
2025-09-23,Ooty,orographic,0.5,6.0,9.4,7.3,7.3,8.23,0.2495,0.0166,0.0041
2025-09-23,Lonavala,orographic,13.8,9.9,13.7,11.94,11.94,12.88,0.3349,0.03,0.0069
2025-09-23,Wayanad,orographic,3.2,3.9,6.7,4.76,4.76,7.82,0.1922,0.0102,0.0027
2025-09-23,Shimla,orographic,0.7,0.0,0.0,0.0,0.0,0.4,0.0508,0.0012,0.0004
2025-09-23,Dehradun,orographic,0.2,0.0,0.0,0.0,0.0,0.4,0.0508,0.0012,0.0004
2025-09-23,Srinagar,orographic,0.0,0.0,0.0,0.0,0.0,0.4,0.0508,0.0012,0.0004
2025-09-23,Gangtok,orographic,0.2,0.0,0.0,0.0,0.0,0.73,0.0508,0.0012,0.0004
2025-09-23,Guwahati,orographic,5.8,0.2,0.8,0.2,0.2,1.91,0.0598,0.0015,0.0005
2025-09-23,Cherrapunji,orographic,3.8,16.4,20.8,21.7,21.7,7.11,0.4385,0.0554,0.0121
2025-09-23,Imphal,orographic,1.9,4.7,7.9,5.6,5.6,4.5,0.2152,0.0125,0.0032
2025-09-23,Agartala,orographic,0.2,1.2,2.6,1.4,1.4,3.41,0.1009,0.0034,0.001
2025-09-23,Lucknow,normal,0.0,0.0,0.0,0.0,0.0,0.93,0.0437,0.0002,0.0001
2025-09-23,Patna,normal,1.7,0.0,0.0,0.0,0.0,1.37,0.0437,0.0002,0.0001
2025-09-23,Varanasi,normal,0.7,0.0,0.0,0.0,0.0,0.93,0.0437,0.0002,0.0001
2025-09-23,Delhi,normal,0.0,0.0,0.0,0.0,0.0,0.93,0.0437,0.0002,0.0001
2025-09-23,Kanpur,normal,0.3,0.0,0.0,0.0,0.0,0.93,0.0437,0.0002,0.0001
2025-09-23,Ranchi,normal,8.9,1.7,3.4,3.6,3.6,4.4,0.1039,0.0007,0.0002
2025-09-23,Jodhpur,normal,0.0,0.0,0.0,0.0,0.0,0.31,0.0437,0.0002,0.0001
2025-09-23,Bikaner,normal,0.0,0.0,0.0,0.0,0.0,0.31,0.0437,0.0002,0.0001
2025-09-23,Jaisalmer,normal,0.0,0.0,0.0,0.0,0.0,0.31,0.0437,0.0002,0.0001
2025-09-23,Hyderabad,normal,10.2,55.6,68.01,54.71,54.71,12.78,0.6682,0.044,0.0076
2025-09-23,Bengaluru,normal,8.4,0.4,1.2,1.1,1.1,3.06,0.0589,0.0003,0.0001
2025-09-23,Pune,normal,8.5,5.0,8.2,9.08,9.08,5.86,0.197,0.0021,0.0005
2025-09-23,Kurnool,normal,11.0,14.5,18.87,19.4,19.4,7.6,0.374,0.0077,0.0016
2025-09-23,Madurai,normal,0.0,0.4,1.2,1.1,1.1,2.1,0.0589,0.0003,0.0001
2025-09-24,Nagpur,normal,0.7,0.7,1.8,1.7,1.7,1.21,0.0699,0.0004,0.0001
2025-09-24,Bhopal,normal,1.0,0.5,1.4,1.3,1.3,0.89,0.0626,0.0003,0.0001
2025-09-24,Raipur,normal,60.1,0.0,0.0,0.0,0.0,0.22,0.0437,0.0002,0.0001
2025-09-24,Jabalpur,normal,0.9,0.0,0.0,0.0,0.0,0.22,0.0437,0.0002,0.0001
2025-09-24,Akola,normal,0.7,0.8,1.9,1.71,1.71,1.63,0.0735,0.0004,0.0001
2025-09-24,Amravati,normal,0.4,0.0,0.0,0.0,0.0,0.52,0.0437,0.0002,0.0001
2025-09-24,Aurangabad,depression,0.0,11.0,15.0,2.2,15.8,5.44,0.4594,0.0195,0.0007
2025-09-24,Bhubaneswar,normal,5.8,12.3,16.32,17.21,17.21,5.71,0.341,0.0063,0.0013
2025-09-24,Mumbai,coastal,2.5,7.3,10.6,14.4,14.4,5.91,0.3306,0.0107,0.0013
2025-09-24,Thiruvananthapuram,coastal,5.0,2.7,5.0,6.8,6.8,3.87,0.1879,0.0036,0.0005
2025-09-24,Kochi,coastal,14.6,3.6,6.2,8.9,8.9,4.8,0.2211,0.0048,0.0007
2025-09-24,Mangaluru,coastal,6.2,2.9,5.2,7.4,7.4,3.72,0.1956,0.0038,0.0005
2025-09-24,Panaji,coastal,8.9,4.4,7.4,10.3,10.3,4.42,0.2481,0.006,0.0008
2025-09-24,Chennai,coastal,3.5,0.1,0.6,1.2,1.2,1.24,0.069,0.0007,0.0001
2025-09-24,Visakhapatnam,coastal,0.3,4.1,6.9,9.88,9.88,4.8,0.2382,0.0055,0.0007
2025-09-24,Puri,coastal,3.2,4.4,7.4,10.3,10.3,4.92,0.2481,0.006,0.0008
2025-09-24,Kolkata,coastal,18.1,0.3,1.0,1.8,1.8,1.71,0.0798,0.0008,0.0001
2025-09-24,Surat,coastal,0.6,2.8,5.1,7.24,7.24,3.72,0.1918,0.0037,0.0005
2025-09-24,Mahabaleshwar,orographic,5.1,2.1,4.1,2.7,2.7,3.16,0.1341,0.0055,0.0015
2025-09-24,Munnar,orographic,11.9,2.6,4.9,3.1,3.1,3.45,0.1512,0.0067,0.0018
2025-09-24,Madikeri,orographic,6.0,2.9,5.2,3.4,3.4,4.2,0.1611,0.0075,0.002
2025-09-24,Ooty,orographic,1.2,0.4,1.2,0.4,0.4,2.04,0.0684,0.0018,0.0006
2025-09-24,Lonavala,orographic,8.2,8.6,12.1,10.1,10.1,6.68,0.3089,0.0253,0.0059
2025-09-24,Wayanad,orographic,0.9,0.1,0.6,0.1,0.1,1.55,0.0553,0.0013,0.0004
2025-09-24,Shimla,orographic,0.6,0.0,0.0,0.0,0.0,0.0,0.0508,0.0012,0.0004
2025-09-24,Dehradun,orographic,0.5,0.0,0.0,0.0,0.0,0.0,0.0508,0.0012,0.0004
2025-09-24,Srinagar,orographic,0.0,0.0,0.0,0.0,0.0,0.0,0.0508,0.0012,0.0004
2025-09-24,Gangtok,orographic,1.3,2.1,4.1,2.7,2.7,1.05,0.1341,0.0055,0.0015
2025-09-24,Guwahati,orographic,4.1,0.6,1.6,0.7,0.7,1.06,0.0769,0.0022,0.0007
2025-09-24,Cherrapunji,orographic,5.1,23.9,29.1,36.61,36.61,7.55,0.5223,0.0875,0.0185
2025-09-24,Imphal,orographic,0.3,4.7,7.9,5.6,5.6,3.06,0.2152,0.0125,0.0032
2025-09-24,Agartala,orographic,7.2,12.7,16.7,15.8,15.8,3.89,0.3843,0.0406,0.0091
2025-09-24,Lucknow,normal,0.0,0.0,0.0,0.0,0.0,0.11,0.0437,0.0002,0.0001
2025-09-24,Patna,normal,2.2,0.0,0.0,0.0,0.0,0.11,0.0437,0.0002,0.0001
2025-09-24,Varanasi,normal,10.4,0.0,0.0,0.0,0.0,0.11,0.0437,0.0002,0.0001
2025-09-24,Delhi,normal,0.0,0.0,0.0,0.0,0.0,0.11,0.0437,0.0002,0.0001
2025-09-24,Kanpur,normal,1.3,0.0,0.0,0.0,0.0,0.11,0.0437,0.0002,0.0001
2025-09-24,Ranchi,normal,3.6,9.6,13.3,14.5,14.5,5.57,0.2949,0.0046,0.001
2025-09-24,Jodhpur,normal,0.0,0.0,0.0,0.0,0.0,0.0,0.0437,0.0002,0.0001
2025-09-24,Bikaner,normal,0.0,0.0,0.0,0.0,0.0,0.0,0.0437,0.0002,0.0001
2025-09-24,Jaisalmer,normal,0.0,0.0,0.0,0.0,0.0,0.0,0.0437,0.0002,0.0001
2025-09-24,Hyderabad,normal,0.0,10.6,14.6,15.4,15.4,5.78,0.3128,0.0052,0.0011
2025-09-24,Bengaluru,normal,3.5,3.9,6.7,7.58,7.58,2.61,0.1686,0.0016,0.0004
2025-09-24,Pune,normal,1.3,2.5,4.7,5.29,5.29,2.71,0.1289,0.001,0.0003
2025-09-24,Kurnool,normal,0.1,0.6,1.7,1.6,1.6,1.75,0.0663,0.0003,0.0001
2025-09-24,Madurai,normal,0.2,1.2,2.6,2.8,2.8,1.74,0.0873,0.0005,0.0002
2025-09-25,Nagpur,normal,12.7,6.3,9.7,10.5,10.5,3.41,0.2277,0.0028,0.0006
2025-09-25,Bhopal,normal,0.8,0.0,0.0,0.0,0.0,0.9,0.0437,0.0002,0.0001
2025-09-25,Raipur,normal,11.1,9.2,12.8,13.8,13.8,4.78,0.2875,0.0044,0.001
2025-09-25,Jabalpur,normal,8.2,0.3,1.0,0.9,0.9,1.03,0.0552,0.0003,0.0001
2025-09-25,Akola,normal,0.5,3.8,6.5,7.43,7.43,3.34,0.1659,0.0016,0.0004
2025-09-25,Amravati,normal,1.8,3.0,5.4,6.0,6.0,2.41,0.1436,0.0012,0.0003
2025-09-25,Aurangabad,normal,0.0,0.2,0.8,0.7,0.7,2.18,0.0514,0.0002,0.0001
2025-09-25,Bhubaneswar,normal,12.4,12.1,16.1,17.1,17.1,7.35,0.3379,0.0062,0.0013
2025-09-25,Mumbai,coastal,3.1,5.4,8.7,11.7,11.7,6.12,0.279,0.0075,0.001
2025-09-25,Thiruvananthapuram,coastal,36.8,3.5,6.1,8.8,8.8,5.66,0.2176,0.0046,0.0006
2025-09-25,Kochi,coastal,23.8,10.1,13.93,19.32,19.32,8.23,0.3934,0.0158,0.0019
2025-09-25,Mangaluru,coastal,8.2,9.3,12.9,17.9,17.9,7.95,0.3768,0.0143,0.0017
2025-09-25,Panaji,coastal,17.4,3.6,6.2,8.9,8.9,5.87,0.2211,0.0048,0.0007
2025-09-25,Chennai,coastal,0.2,0.3,1.0,1.8,1.8,1.89,0.0798,0.0008,0.0001
2025-09-25,Visakhapatnam,coastal,15.0,1.4,3.0,4.7,4.7,3.43,0.1336,0.002,0.0003
2025-09-25,Puri,coastal,1.6,18.5,23.2,33.31,33.31,11.66,0.5239,0.0337,0.0037
2025-09-25,Kolkata,coastal,17.3,3.1,5.5,8.0,8.0,3.54,0.2031,0.0041,0.0006
2025-09-25,Surat,coastal,2.5,6.9,10.4,13.87,13.87,6.82,0.3204,0.01,0.0013
2025-09-25,Mahabaleshwar,orographic,3.3,2.5,4.7,3.1,3.1,4.36,0.1478,0.0065,0.0018
2025-09-25,Munnar,orographic,12.7,5.1,8.5,6.3,6.3,6.4,0.2261,0.0137,0.0035
2025-09-25,Madikeri,orographic,9.6,4.2,7.1,4.96,4.96,6.35,0.201,0.0111,0.0029
2025-09-25,Ooty,orographic,2.8,0.7,1.9,0.9,0.9,2.16,0.081,0.0024,0.0007
2025-09-25,Lonavala,orographic,3.7,5.6,9.0,6.9,6.9,7.12,0.2393,0.0153,0.0038
2025-09-25,Wayanad,orographic,3.0,1.5,3.1,1.8,1.8,2.79,0.1123,0.0041,0.0012
2025-09-25,Shimla,orographic,3.3,0.0,0.0,0.0,0.0,0.0,0.0508,0.0012,0.0004
2025-09-25,Dehradun,orographic,0.0,0.0,0.0,0.0,0.0,0.0,0.0508,0.0012,0.0004
2025-09-25,Srinagar,orographic,0.0,0.1,0.6,0.1,0.1,0.18,0.0553,0.0013,0.0004
2025-09-25,Gangtok,orographic,1.2,0.0,0.0,0.0,0.0,0.44,0.0508,0.0012,0.0004
2025-09-25,Guwahati,orographic,0.0,3.7,6.3,4.46,4.46,2.42,0.1862,0.0097,0.0025
2025-09-25,Cherrapunji,orographic,0.1,24.6,30.0,38.36,38.36,8.43,0.5287,0.0906,0.0191
2025-09-25,Imphal,orographic,0.0,4.1,6.9,4.8,4.8,3.48,0.1981,0.0108,0.0028
2025-09-25,Agartala,orographic,4.3,17.8,22.4,24.43,24.43,6.39,0.4565,0.0612,0.0133
2025-09-25,Lucknow,normal,1.3,0.0,0.0,0.0,0.0,0.28,0.0437,0.0002,0.0001
2025-09-25,Patna,normal,0.1,0.0,0.0,0.0,0.0,0.28,0.0437,0.0002,0.0001
2025-09-25,Varanasi,normal,1.2,1.6,3.3,3.4,3.4,2.18,0.1007,0.0007,0.0002
2025-09-25,Delhi,normal,0.0,0.0,0.0,0.0,0.0,0.28,0.0437,0.0002,0.0001
2025-09-25,Kanpur,normal,0.9,0.0,0.0,0.0,0.0,0.28,0.0437,0.0002,0.0001
2025-09-25,Ranchi,normal,3.5,2.9,5.2,5.9,5.9,4.93,0.1407,0.0012,0.0003
2025-09-25,Jodhpur,normal,0.0,0.0,0.0,0.0,0.0,0.0,0.0437,0.0002,0.0001
2025-09-25,Bikaner,normal,0.0,0.0,0.0,0.0,0.0,0.0,0.0437,0.0002,0.0001
2025-09-25,Jaisalmer,normal,0.0,0.0,0.0,0.0,0.0,0.0,0.0437,0.0002,0.0001
2025-09-25,Hyderabad,normal,6.0,6.3,9.7,10.5,10.5,5.15,0.2277,0.0028,0.0006
2025-09-25,Bengaluru,normal,8.5,6.3,9.7,10.5,10.5,5.02,0.2277,0.0028,0.0006
2025-09-25,Pune,normal,1.0,0.9,2.2,2.1,2.1,2.46,0.077,0.0004,0.0001
2025-09-25,Kurnool,normal,0.6,0.0,0.0,0.0,0.0,0.99,0.0437,0.0002,0.0001
2025-09-25,Madurai,normal,3.5,0.2,0.8,0.7,0.7,1.78,0.0514,0.0002,0.0001
2025-09-26,Nagpur,normal,1.3,3.8,6.5,7.43,7.43,5.73,0.1659,0.0016,0.0004
2025-09-26,Bhopal,normal,0.0,0.0,0.0,0.0,0.0,0.87,0.0437,0.0002,0.0001
2025-09-26,Raipur,normal,12.9,28.3,34.66,31.7,31.7,11.58,0.5206,0.0183,0.0035
2025-09-26,Jabalpur,normal,6.2,0.4,1.2,1.1,1.1,2.47,0.0589,0.0003,0.0001
2025-09-26,Akola,normal,4.1,5.7,9.1,10.2,10.2,5.78,0.2139,0.0025,0.0006
2025-09-26,Amravati,normal,14.4,5.2,8.6,9.53,9.53,5.77,0.2019,0.0022,0.0005
2025-09-26,Aurangabad,normal,5.2,6.6,10.1,11.0,11.0,5.38,0.2344,0.0029,0.0007
2025-09-26,Bhubaneswar,normal,21.5,14.8,19.2,19.7,19.7,8.35,0.3782,0.0079,0.0016
2025-09-26,Mumbai,coastal,3.0,1.9,3.7,5.5,5.5,4.55,0.1555,0.0025,0.0004
2025-09-26,Thiruvananthapuram,coastal,31.7,16.0,20.4,29.11,29.11,12.4,0.4917,0.0281,0.0031
2025-09-26,Kochi,depression,16.6,33.9,41.2,26.0,80.21,17.14,0.6982,0.0793,0.0027
2025-09-26,Mangaluru,coastal,7.3,18.7,23.4,34.2,34.2,13.18,0.5263,0.0341,0.0038
2025-09-26,Panaji,coastal,13.6,3.3,5.8,8.5,8.5,5.64,0.2104,0.0044,0.0006
2025-09-26,Chennai,coastal,0.1,0.0,0.0,0.0,0.0,1.57,0.0635,0.0006,0.0001
2025-09-26,Visakhapatnam,coastal,22.2,8.5,12.0,17.0,17.0,7.45,0.3592,0.0128,0.0016
2025-09-26,Puri,coastal,21.0,12.9,17.1,24.4,24.4,9.78,0.4448,0.0214,0.0025
2025-09-26,Kolkata,coastal,15.9,1.2,2.7,4.5,4.5,3.99,0.1244,0.0017,0.0003
2025-09-26,Surat,coastal,1.4,1.2,2.6,4.26,4.26,4.07,0.1244,0.0017,0.0003
2025-09-26,Mahabaleshwar,orographic,7.1,0.6,1.7,0.8,0.8,3.81,0.0769,0.0022,0.0007
2025-09-26,Munnar,orographic,15.3,4.5,7.5,5.3,5.3,8.02,0.2096,0.0119,0.0031
2025-09-26,Madikeri,orographic,8.3,5.4,8.7,6.6,6.6,8.02,0.2341,0.0147,0.0037
2025-09-26,Ooty,orographic,0.0,2.5,4.7,3.1,3.1,4.35,0.1478,0.0065,0.0018
2025-09-26,Lonavala,orographic,4.1,1.0,2.3,1.2,1.2,3.81,0.0931,0.003,0.0009
2025-09-26,Wayanad,orographic,1.6,5.8,9.2,7.1,7.1,7.71,0.2444,0.0159,0.0039
2025-09-26,Shimla,orographic,0.0,0.0,0.0,0.0,0.0,0.24,0.0508,0.0012,0.0004
2025-09-26,Dehradun,orographic,0.0,0.0,0.0,0.0,0.0,0.24,0.0508,0.0012,0.0004
2025-09-26,Srinagar,orographic,0.0,0.0,0.0,0.0,0.0,0.44,0.0508,0.0012,0.0004
2025-09-26,Gangtok,orographic,1.2,2.8,5.1,3.3,3.3,2.33,0.1578,0.0072,0.002
2025-09-26,Guwahati,orographic,0.0,2.9,5.2,3.4,3.4,3.65,0.1611,0.0075,0.002
2025-09-26,Cherrapunji,orographic,0.2,5.2,8.6,6.4,6.4,4.62,0.2288,0.0141,0.0035
2025-09-26,Imphal,orographic,0.0,10.0,13.8,12.08,12.08,5.67,0.3369,0.0303,0.007
2025-09-26,Agartala,orographic,2.3,12.2,16.2,15.2,15.2,6.09,0.3761,0.0386,0.0087
2025-09-26,Lucknow,normal,0.0,0.0,0.0,0.0,0.0,0.71,0.0437,0.0002,0.0001
2025-09-26,Patna,normal,1.4,0.8,2.0,1.8,1.8,2.59,0.0735,0.0004,0.0001
2025-09-26,Varanasi,normal,3.5,0.2,0.8,0.7,0.7,2.32,0.0514,0.0002,0.0001
2025-09-26,Delhi,normal,0.0,0.0,0.0,0.0,0.0,0.71,0.0437,0.0002,0.0001
2025-09-26,Kanpur,normal,0.1,0.0,0.0,0.0,0.0,0.71,0.0437,0.0002,0.0001
2025-09-26,Ranchi,normal,6.1,3.3,5.8,6.5,6.5,5.71,0.1521,0.0013,0.0003
2025-09-26,Jodhpur,normal,0.0,0.0,0.0,0.0,0.0,0.16,0.0437,0.0002,0.0001
2025-09-26,Bikaner,normal,0.0,0.0,0.0,0.0,0.0,0.16,0.0437,0.0002,0.0001
2025-09-26,Jaisalmer,normal,0.0,0.0,0.0,0.0,0.0,0.16,0.0437,0.0002,0.0001
2025-09-26,Hyderabad,normal,16.9,8.8,12.3,13.1,13.1,6.33,0.2799,0.0041,0.0009
2025-09-26,Bengaluru,normal,1.1,0.5,1.4,1.3,1.3,2.95,0.0626,0.0003,0.0001
2025-09-26,Pune,normal,5.3,0.1,0.6,0.5,0.5,1.72,0.0476,0.0002,0.0001
2025-09-26,Kurnool,normal,77.9,10.0,13.8,14.9,14.9,5.46,0.3022,0.0048,0.0011
2025-09-26,Madurai,normal,0.0,0.0,0.0,0.0,0.0,1.28,0.0437,0.0002,0.0001
2025-09-27,Nagpur,active,23.3,28.0,34.32,39.16,39.16,13.4,0.6015,0.058,0.0167
2025-09-27,Bhopal,active,20.5,3.1,5.5,6.24,6.24,4.23,0.1941,0.0042,0.0016
2025-09-27,Raipur,depression,26.6,23.1,28.1,11.09,34.5,18.8,0.6204,0.0493,0.0017
2025-09-27,Jabalpur,active,18.5,19.0,23.7,30.34,30.34,8.81,0.5158,0.0357,0.0108
2025-09-27,Akola,active,32.2,24.3,29.6,34.92,34.92,12.98,0.5704,0.0486,0.0142
2025-09-27,Amravati,active,29.4,25.2,30.7,38.71,38.71,13.4,0.5784,0.0509,0.0148
2025-09-27,Aurangabad,active,23.2,14.9,19.22,23.38,23.38,11.1,0.462,0.0263,0.0082
2025-09-27,Bhubaneswar,active,8.4,11.9,15.8,19.25,19.25,12.6,0.4138,0.0199,0.0064
2025-09-27,Mumbai,coastal,14.1,2.9,5.2,7.4,7.4,5.99,0.1956,0.0038,0.0005
2025-09-27,Thiruvananthapuram,depression,7.4,17.5,21.9,6.24,30.91,16.65,0.5605,0.0348,0.0012
2025-09-27,Kochi,depression,16.7,57.4,69.44,54.77,225.83,33.44,0.7895,0.1486,0.005
2025-09-27,Mangaluru,depression,16.9,23.0,28.0,10.83,39.4,20.85,0.6195,0.049,0.0017
2025-09-27,Panaji,coastal,32.9,7.4,10.73,14.6,14.6,8.51,0.3331,0.0109,0.0013
2025-09-27,Chennai,coastal,12.0,0.0,0.0,0.0,0.0,1.59,0.0635,0.0006,0.0001
2025-09-27,Visakhapatnam,coastal,8.3,6.7,10.2,13.8,13.8,9.38,0.3152,0.0097,0.0012
2025-09-27,Puri,coastal,13.8,13.6,17.87,24.93,24.93,12.53,0.4562,0.0229,0.0026
2025-09-27,Kolkata,coastal,7.9,9.0,12.6,17.22,17.22,8.77,0.3703,0.0138,0.0017
2025-09-27,Surat,coastal,0.2,0.5,1.4,2.4,2.4,3.27,0.0903,0.001,0.0002
2025-09-27,Mahabaleshwar,orographic,37.4,5.6,9.0,6.9,6.9,6.59,0.2393,0.0153,0.0038
2025-09-27,Munnar,orographic,19.1,3.6,6.2,4.3,4.3,9.45,0.1831,0.0094,0.0025
2025-09-27,Madikeri,orographic,14.2,7.7,11.1,9.1,9.1,11.05,0.2896,0.0222,0.0053
2025-09-27,Ooty,orographic,0.9,0.9,2.2,1.1,1.1,4.14,0.0891,0.0028,0.0009
2025-09-27,Lonavala,orographic,26.7,6.1,9.5,7.4,7.4,6.99,0.252,0.0169,0.0041
2025-09-27,Wayanad,orographic,4.5,3.1,5.5,3.6,3.6,7.95,0.1675,0.008,0.0021
2025-09-27,Shimla,orographic,0.3,0.0,0.0,0.0,0.0,0.52,0.0508,0.0012,0.0004
2025-09-27,Dehradun,orographic,0.0,0.0,0.0,0.0,0.0,0.52,0.0508,0.0012,0.0004
2025-09-27,Srinagar,orographic,0.0,0.0,0.0,0.0,0.0,0.52,0.0508,0.0012,0.0004
2025-09-27,Gangtok,orographic,0.0,7.5,10.8,8.94,8.94,5.53,0.2851,0.0215,0.0051
2025-09-27,Guwahati,orographic,4.4,10.3,14.1,12.38,12.38,6.03,0.3425,0.0314,0.0072
2025-09-27,Cherrapunji,orographic,6.2,8.9,12.5,10.3,10.3,6.02,0.3151,0.0264,0.0062
2025-09-27,Imphal,orographic,0.6,14.0,18.27,17.95,17.95,7.89,0.4046,0.0457,0.0101
2025-09-27,Agartala,orographic,12.4,10.6,14.6,12.8,12.8,7.78,0.3481,0.0326,0.0075
2025-09-27,Lucknow,active,1.1,1.1,2.4,3.4,3.4,3.83,0.1139,0.0017,0.0007
2025-09-27,Patna,active,1.7,0.1,0.6,0.92,0.92,2.23,0.0655,0.0007,0.0003
2025-09-27,Varanasi,active,0.9,7.1,10.5,12.85,12.85,6.97,0.3133,0.0106,0.0037
2025-09-27,Delhi,active,0.1,0.0,0.0,0.0,0.0,1.27,0.0602,0.0006,0.0003
2025-09-27,Kanpur,active,8.5,0.0,0.0,0.0,0.0,1.27,0.0602,0.0006,0.0003
2025-09-27,Ranchi,active,11.5,4.2,7.1,8.28,8.28,6.66,0.2314,0.0058,0.0021
2025-09-27,Jodhpur,active,0.0,0.0,0.0,0.0,0.0,0.54,0.0602,0.0006,0.0003
2025-09-27,Bikaner,active,0.0,0.0,0.0,0.0,0.0,0.54,0.0602,0.0006,0.0003
2025-09-27,Jaisalmer,active,0.0,0.0,0.0,0.0,0.0,0.54,0.0602,0.0006,0.0003
2025-09-27,Hyderabad,active,10.5,87.7,93.7,103.83,103.83,19.57,0.8116,0.2219,0.0614
2025-09-27,Bengaluru,active,2.8,3.5,6.1,6.9,6.9,4.66,0.2081,0.0048,0.0018
2025-09-27,Pune,active,27.8,20.2,25.0,32.71,32.71,8.56,0.5294,0.0385,0.0115
2025-09-27,Kurnool,active,12.4,29.3,35.41,39.16,39.16,13.49,0.6113,0.0614,0.0176
2025-09-27,Madurai,active,0.0,0.0,0.0,0.0,0.0,1.46,0.0602,0.0006,0.0003
2025-09-28,Nagpur,depression,10.1,10.0,13.8,2.2,14.9,12.35,0.4392,0.0174,0.0007
2025-09-28,Bhopal,active,8.8,6.3,9.7,11.65,10.5,5.94,0.2927,0.0092,0.0032
2025-09-28,Raipur,active,1.5,7.4,10.73,13.2,11.9,10.56,0.3207,0.0111,0.0038
2025-09-28,Jabalpur,active,2.4,3.4,5.9,6.9,6.8,9.14,0.2047,0.0046,0.0018
2025-09-28,Akola,depression,1.7,92.3,99.7,78.07,69.11,25.77,0.8533,0.2492,0.0087
2025-09-28,Amravati,depression,2.1,14.1,18.3,2.79,19.0,12.86,0.5132,0.0266,0.001
2025-09-28,Aurangabad,depression,20.7,65.9,74.71,60.9,57.7,21.98,0.8099,0.1738,0.0058
2025-09-28,Bhubaneswar,active,8.9,13.0,17.2,20.5,17.9,11.16,0.4325,0.0222,0.007
2025-09-28,Mumbai,depression,125.7,105.9,109.82,87.02,335.2,21.05,0.8686,0.2857,0.0102
2025-09-28,Thiruvananthapuram,depression,6.1,18.0,22.6,6.58,32.85,15.97,0.5667,0.0361,0.0013
2025-09-28,Kochi,depression,10.9,27.4,33.6,17.61,60.71,23.22,0.656,0.061,0.0021
2025-09-28,Mangaluru,depression,18.0,28.2,34.6,18.99,61.72,22.06,0.6618,0.0632,0.0022
2025-09-28,Panaji,coastal,35.0,18.5,23.2,33.31,33.31,14.03,0.5239,0.0337,0.0037
2025-09-28,Chennai,coastal,23.6,0.7,1.8,2.8,2.8,2.78,0.1004,0.0012,0.0002
2025-09-28,Visakhapatnam,coastal,0.0,0.0,0.0,0.0,0.0,2.35,0.0635,0.0006,0.0001
2025-09-28,Puri,depression,6.4,16.2,20.67,5.7,29.21,15.4,0.5436,0.0316,0.0011
2025-09-28,Kolkata,coastal,4.9,5.4,8.7,11.7,11.7,7.58,0.279,0.0075,0.001
2025-09-28,Surat,coastal,66.9,30.0,36.56,67.83,67.83,13.75,0.6296,0.0618,0.0065
2025-09-28,Mahabaleshwar,orographic,59.1,62.8,74.3,93.71,93.71,29.71,0.7255,0.2584,0.0553
2025-09-28,Munnar,orographic,22.0,2.4,4.5,2.9,2.9,6.08,0.1445,0.0062,0.0017
2025-09-28,Madikeri,orographic,12.1,6.6,10.1,8.0,8.0,11.83,0.2642,0.0185,0.0045
2025-09-28,Ooty,orographic,0.9,0.0,0.0,0.0,0.0,1.91,0.0508,0.0012,0.0004
2025-09-28,Lonavala,orographic,117.6,107.6,112.11,127.85,127.85,29.71,0.8132,0.4195,0.0999
2025-09-28,Wayanad,orographic,8.3,1.1,2.4,1.33,1.33,4.78,0.097,0.0032,0.001
2025-09-28,Shimla,orographic,0.0,0.0,0.0,0.0,0.0,0.34,0.0508,0.0012,0.0004
2025-09-28,Dehradun,orographic,1.4,0.0,0.0,0.0,0.0,0.34,0.0508,0.0012,0.0004
2025-09-28,Srinagar,orographic,0.0,0.0,0.0,0.0,0.0,0.34,0.0508,0.0012,0.0004
2025-09-28,Gangtok,orographic,0.7,0.1,0.6,0.1,0.1,1.34,0.0553,0.0013,0.0004
2025-09-28,Guwahati,orographic,0.5,9.5,13.2,11.2,11.2,7.36,0.3272,0.0285,0.0066
2025-09-28,Cherrapunji,orographic,6.1,23.7,28.8,36.23,36.23,9.99,0.5204,0.0866,0.0183
2025-09-28,Imphal,orographic,0.0,7.5,10.8,8.94,8.94,6.72,0.2851,0.0215,0.0051
2025-09-28,Agartala,orographic,8.1,1.2,2.6,1.4,1.4,3.62,0.1009,0.0034,0.001
2025-09-28,Lucknow,active,0.2,0.0,0.0,0.0,0.0,1.2,0.0602,0.0006,0.0003
2025-09-28,Patna,active,0.0,0.0,0.0,0.0,0.0,1.23,0.0602,0.0006,0.0003
2025-09-28,Varanasi,active,0.2,0.0,0.0,0.0,0.0,2.03,0.0602,0.0006,0.0003
2025-09-28,Delhi,active,0.0,0.0,0.0,0.0,0.0,0.99,0.0602,0.0006,0.0003
2025-09-28,Kanpur,active,0.1,0.0,0.0,0.0,0.0,0.99,0.0602,0.0006,0.0003
2025-09-28,Ranchi,active,1.7,1.3,2.8,3.8,3.0,3.99,0.1228,0.0019,0.0008
2025-09-28,Jodhpur,active,0.0,0.0,0.0,0.0,0.0,0.51,0.0602,0.0006,0.0003
2025-09-28,Bikaner,active,0.0,0.0,0.0,0.0,0.0,0.51,0.0602,0.0006,0.0003
2025-09-28,Jaisalmer,active,0.0,0.0,0.0,0.0,0.0,0.51,0.0602,0.0006,0.0003
2025-09-28,Hyderabad,active,3.3,4.5,7.5,9.58,8.4,9.33,0.2409,0.0063,0.0023
2025-09-28,Bengaluru,active,1.4,0.4,1.2,1.97,1.1,3.16,0.0808,0.001,0.0004
2025-09-28,Pune,active,67.9,75.8,83.4,103.83,63.81,23.73,0.7901,0.1897,0.0521
2025-09-28,Kurnool,active,0.4,8.2,11.8,13.87,12.7,8.69,0.3395,0.0126,0.0043
2025-09-28,Madurai,active,0.8,0.0,0.0,0.0,0.0,1.23,0.0602,0.0006,0.0003
2025-09-29,Nagpur,normal,1.1,1.1,2.4,2.5,2.5,2.18,0.0839,0.0005,0.0001
2025-09-29,Bhopal,normal,2.9,0.7,1.9,1.7,1.7,1.56,0.0699,0.0004,0.0001
2025-09-29,Raipur,normal,2.6,0.0,0.0,0.0,0.0,1.03,0.0437,0.0002,0.0001
2025-09-29,Jabalpur,normal,4.2,2.8,5.1,5.8,5.8,2.93,0.1378,0.0011,0.0003
2025-09-29,Akola,normal,0.9,1.8,3.56,3.8,3.8,3.07,0.1071,0.0007,0.0002
2025-09-29,Amravati,normal,0.9,1.0,2.3,2.3,2.3,1.64,0.0805,0.0005,0.0001
2025-09-29,Aurangabad,normal,1.1,4.9,8.1,9.0,9.0,4.32,0.1945,0.0021,0.0005
2025-09-29,Bhubaneswar,normal,8.1,9.1,12.7,13.6,13.6,5.3,0.2856,0.0043,0.001
2025-09-29,Mumbai,depression,15.8,11.4,15.4,2.2,21.7,7.15,0.467,0.0204,0.0008
2025-09-29,Thiruvananthapuram,coastal,6.2,11.6,15.5,22.0,22.0,6.99,0.4221,0.0188,0.0022
2025-09-29,Kochi,coastal,7.1,13.7,18.0,25.21,25.21,7.34,0.4577,0.0231,0.0026
2025-09-29,Mangaluru,depression,6.7,25.7,31.7,15.11,60.71,12.3,0.6428,0.0563,0.0019
2025-09-29,Panaji,depression,30.1,30.0,36.56,22.9,67.83,12.85,0.6743,0.0683,0.0023
2025-09-29,Chennai,coastal,4.2,0.1,0.6,1.2,1.2,1.17,0.069,0.0007,0.0001
2025-09-29,Visakhapatnam,coastal,7.8,3.9,6.7,9.54,9.54,3.74,0.2315,0.0052,0.0007
2025-09-29,Puri,coastal,10.7,17.5,21.9,30.91,30.91,9.08,0.5116,0.0314,0.0035
2025-09-29,Kolkata,coastal,0.5,6.6,10.1,13.72,13.72,5.78,0.3125,0.0095,0.0012
2025-09-29,Surat,depression,5.2,27.0,33.2,16.4,60.71,12.3,0.6529,0.0599,0.0021
2025-09-29,Mahabaleshwar,orographic,14.4,9.4,13.03,11.09,11.09,8.22,0.3252,0.0282,0.0065
2025-09-29,Munnar,orographic,12.1,0.6,1.7,0.8,0.8,2.07,0.0769,0.0022,0.0007
2025-09-29,Madikeri,orographic,10.2,3.9,6.7,4.76,4.76,5.45,0.1922,0.0102,0.0027
2025-09-29,Ooty,orographic,0.0,0.0,0.0,0.0,0.0,0.37,0.0508,0.0012,0.0004
2025-09-29,Lonavala,orographic,18.1,19.3,24.0,27.0,27.0,13.26,0.4744,0.0676,0.0145
2025-09-29,Wayanad,orographic,2.7,0.0,0.0,0.0,0.0,0.77,0.0508,0.0012,0.0004
2025-09-29,Shimla,orographic,0.0,0.0,0.0,0.0,0.0,0.0,0.0508,0.0012,0.0004
2025-09-29,Dehradun,orographic,1.6,1.3,2.8,1.6,1.6,0.72,0.1048,0.0036,0.0011
2025-09-29,Srinagar,orographic,0.0,0.0,0.0,0.0,0.0,0.0,0.0508,0.0012,0.0004
2025-09-29,Gangtok,orographic,0.4,0.2,0.8,0.2,0.2,0.27,0.0598,0.0015,0.0005
2025-09-29,Guwahati,orographic,0.2,3.4,6.0,4.1,4.1,3.35,0.177,0.0088,0.0023
2025-09-29,Cherrapunji,orographic,4.0,23.2,28.2,34.92,34.92,7.55,0.5156,0.0844,0.0179
2025-09-29,Imphal,orographic,0.0,0.2,0.8,0.2,0.2,1.26,0.0598,0.0015,0.0005
2025-09-29,Agartala,orographic,0.4,10.3,14.1,12.38,12.38,3.63,0.3425,0.0314,0.0072
2025-09-29,Lucknow,normal,1.0,0.0,0.0,0.0,0.0,0.11,0.0437,0.0002,0.0001
2025-09-29,Patna,normal,0.0,0.0,0.0,0.0,0.0,0.11,0.0437,0.0002,0.0001
2025-09-29,Varanasi,normal,0.5,0.0,0.0,0.0,0.0,0.11,0.0437,0.0002,0.0001
2025-09-29,Delhi,normal,0.2,0.0,0.0,0.0,0.0,0.11,0.0437,0.0002,0.0001
2025-09-29,Kanpur,normal,2.7,0.2,0.8,0.7,0.7,0.77,0.0514,0.0002,0.0001
2025-09-29,Ranchi,normal,0.4,0.1,0.6,0.5,0.5,0.93,0.0476,0.0002,0.0001
2025-09-29,Jodhpur,normal,0.0,0.6,1.6,1.5,1.5,0.63,0.0663,0.0003,0.0001
2025-09-29,Bikaner,normal,0.3,0.0,0.0,0.0,0.0,0.0,0.0437,0.0002,0.0001
2025-09-29,Jaisalmer,normal,0.2,0.0,0.0,0.0,0.0,0.0,0.0437,0.0002,0.0001
2025-09-29,Hyderabad,normal,0.0,1.2,2.6,2.8,2.8,2.29,0.0873,0.0005,0.0002
2025-09-29,Bengaluru,normal,0.4,0.0,0.0,0.0,0.0,0.58,0.0437,0.0002,0.0001
2025-09-29,Pune,normal,1.9,2.6,4.9,5.5,5.5,3.8,0.1319,0.0011,0.0003
2025-09-29,Kurnool,normal,12.7,1.8,3.56,3.8,3.8,2.69,0.1071,0.0007,0.0002
2025-09-29,Madurai,normal,0.0,0.0,0.0,0.0,0.0,0.26,0.0437,0.0002,0.0001
2025-09-30,Nagpur,normal,7.8,5.3,8.7,9.7,11.83,3.64,0.2043,0.0023,0.0005
2025-09-30,Bhopal,normal,2.3,5.2,8.6,9.53,11.8,3.68,0.2019,0.0022,0.0005
2025-09-30,Raipur,normal,1.3,15.8,20.3,20.51,21.31,6.1,0.3919,0.0086,0.0018
2025-09-30,Jabalpur,normal,6.3,9.8,13.6,14.7,17.07,6.94,0.2986,0.0047,0.001
2025-09-30,Akola,normal,1.1,1.1,2.4,2.5,3.11,3.01,0.0839,0.0005,0.0001
2025-09-30,Amravati,normal,0.3,0.4,1.2,1.1,1.72,2.09,0.0589,0.0003,0.0001
2025-09-30,Aurangabad,normal,0.8,0.5,1.4,1.3,1.97,2.47,0.0626,0.0003,0.0001
2025-09-30,Bhubaneswar,normal,0.7,0.3,1.0,0.9,1.37,2.35,0.0552,0.0003,0.0001
2025-09-30,Mumbai,coastal,11.2,6.2,9.6,12.9,12.9,6.59,0.3017,0.0088,0.0011
2025-09-30,Thiruvananthapuram,coastal,0.6,0.6,1.7,2.6,2.6,2.94,0.0954,0.0011,0.0002
2025-09-30,Kochi,coastal,1.3,2.5,4.7,6.49,6.49,4.45,0.1801,0.0033,0.0005
2025-09-30,Mangaluru,coastal,4.8,11.2,15.2,21.19,21.19,8.78,0.4148,0.018,0.0021
2025-09-30,Panaji,depression,9.5,25.9,31.8,15.4,60.71,15.87,0.6444,0.0569,0.002
2025-09-30,Chennai,coastal,0.0,0.0,0.0,0.0,0.0,1.28,0.0635,0.0006,0.0001
2025-09-30,Visakhapatnam,coastal,12.0,11.0,15.0,20.9,20.9,8.84,0.411,0.0176,0.0021
2025-09-30,Puri,coastal,0.9,1.1,2.4,4.1,4.1,3.81,0.1197,0.0016,0.0003
2025-09-30,Kolkata,coastal,6.1,1.0,2.3,3.9,3.9,2.93,0.115,0.0015,0.0002
2025-09-30,Surat,coastal,3.8,17.2,21.6,30.31,30.31,11.79,0.5077,0.0307,0.0034
2025-09-30,Mahabaleshwar,orographic,14.1,4.1,7.0,4.9,4.9,7.67,0.1981,0.0108,0.0028
2025-09-30,Munnar,orographic,1.1,0.1,0.6,0.1,0.1,1.66,0.0553,0.0013,0.0004
2025-09-30,Madikeri,orographic,5.8,5.1,8.5,6.3,6.3,7.14,0.2261,0.0137,0.0035
2025-09-30,Ooty,orographic,0.0,0.1,0.6,0.1,0.1,1.03,0.0553,0.0013,0.0004
2025-09-30,Lonavala,orographic,4.4,9.4,13.03,11.09,11.09,9.67,0.3252,0.0282,0.0065
2025-09-30,Wayanad,orographic,0.8,0.0,0.0,0.0,0.0,0.69,0.0508,0.0012,0.0004
2025-09-30,Shimla,orographic,0.7,0.0,0.0,0.0,0.0,0.0,0.0508,0.0012,0.0004
2025-09-30,Dehradun,orographic,0.3,0.3,1.0,0.4,0.4,0.65,0.0641,0.0017,0.0005
2025-09-30,Srinagar,orographic,0.0,0.0,0.0,0.0,0.0,0.0,0.0508,0.0012,0.0004
2025-09-30,Gangtok,orographic,0.6,9.7,13.5,11.49,11.49,4.03,0.3311,0.0292,0.0068
2025-09-30,Guwahati,orographic,0.0,11.0,15.0,13.38,13.38,5.22,0.3553,0.034,0.0078
2025-09-30,Cherrapunji,orographic,2.9,14.8,19.2,18.8,18.8,5.83,0.4164,0.0489,0.0108
2025-09-30,Imphal,orographic,0.2,9.3,12.9,10.79,10.79,3.7,0.3232,0.0278,0.0065
2025-09-30,Agartala,orographic,6.5,3.1,5.5,3.6,3.6,3.61,0.1675,0.008,0.0021
2025-09-30,Lucknow,normal,0.8,0.0,0.0,0.0,0.0,0.33,0.0437,0.0002,0.0001
2025-09-30,Patna,normal,0.0,0.0,0.0,0.0,0.0,0.33,0.0437,0.0002,0.0001
2025-09-30,Varanasi,normal,0.2,0.0,0.0,0.0,0.0,0.33,0.0437,0.0002,0.0001
2025-09-30,Delhi,normal,8.0,0.2,0.8,0.7,1.0,1.15,0.0514,0.0002,0.0001
2025-09-30,Kanpur,normal,10.0,1.3,2.8,3.0,3.7,2.68,0.0907,0.0006,0.0002
2025-09-30,Ranchi,normal,2.2,6.3,9.7,10.5,12.25,4.3,0.2277,0.0028,0.0006
2025-09-30,Jodhpur,normal,12.6,0.7,1.8,1.7,2.37,1.04,0.0699,0.0004,0.0001
2025-09-30,Bikaner,normal,4.7,0.0,0.0,0.0,0.0,0.0,0.0437,0.0002,0.0001
2025-09-30,Jaisalmer,normal,25.1,0.2,0.8,0.7,1.0,0.33,0.0514,0.0002,0.0001
2025-09-30,Hyderabad,normal,0.1,0.4,1.2,1.1,1.72,2.52,0.0589,0.0003,0.0001
2025-09-30,Bengaluru,normal,0.1,0.3,1.0,0.9,1.37,1.26,0.0552,0.0003,0.0001
2025-09-30,Pune,normal,1.4,0.4,1.2,1.1,1.72,2.52,0.0589,0.0003,0.0001
2025-09-30,Kurnool,normal,3.2,0.0,0.0,0.0,0.0,1.38,0.0437,0.0002,0.0001
2025-09-30,Madurai,normal,0.0,0.0,0.0,0.0,0.0,0.59,0.0437,0.0002,0.0001
