date,district,regime,obs,raw,global_qm,regime_qm,regime_qm_oracle,regime_gbm,p_ge_15.6,p_ge_64.5,p_ge_115.6
2026-06-01,Nagpur,normal,0.0,0.1,0.6,0.6,0.6,0.84,0.0319,0.0001,0.0
2026-06-01,Bhopal,normal,1.3,0.6,1.5,1.6,1.6,3.78,0.0473,0.0002,0.0
2026-06-01,Raipur,normal,0.1,0.1,0.6,0.6,0.6,0.84,0.0319,0.0001,0.0
2026-06-01,Jabalpur,normal,0.1,0.1,0.6,0.6,0.6,0.84,0.0319,0.0001,0.0
2026-06-01,Akola,normal,0.5,0.0,0.0,0.0,0.0,0.54,0.0288,0.0001,0.0
2026-06-01,Amravati,normal,0.0,0.3,1.0,1.0,1.0,1.99,0.038,0.0001,0.0
2026-06-01,Aurangabad,normal,0.2,1.0,2.1,2.3,2.3,1.77,0.0596,0.0002,0.0
2026-06-01,Bhubaneswar,normal,0.0,0.0,0.0,0.0,0.0,1.63,0.0288,0.0001,0.0
2026-06-01,Mumbai,coastal,0.3,0.0,0.0,0.0,0.0,0.8,0.0422,0.0001,0.0
2026-06-01,Thiruvananthapuram,coastal,2.2,1.4,2.7,4.1,4.1,3.5,0.1031,0.0004,0.0
2026-06-01,Kochi,coastal,4.2,4.6,6.7,9.2,9.2,8.04,0.2254,0.0019,0.0001
2026-06-01,Mangaluru,coastal,0.8,2.8,4.5,6.45,6.45,4.6,0.1598,0.001,0.0001
2026-06-01,Panaji,coastal,2.4,0.9,2.0,3.0,3.0,3.89,0.0817,0.0003,0.0
2026-06-01,Chennai,coastal,1.0,0.0,0.0,0.0,0.0,0.8,0.0422,0.0001,0.0
2026-06-01,Visakhapatnam,coastal,0.1,1.5,2.8,4.3,4.3,3.03,0.1073,0.0005,0.0
2026-06-01,Puri,coastal,0.1,0.0,0.0,0.0,0.0,0.74,0.0422,0.0001,0.0
2026-06-01,Kolkata,coastal,2.8,0.1,0.6,1.2,1.2,1.79,0.0466,0.0001,0.0
2026-06-01,Surat,coastal,0.5,0.0,0.0,0.0,0.0,0.74,0.0422,0.0001,0.0
2026-06-01,Mahabaleshwar,orographic,1.6,0.1,0.6,0.2,0.2,1.51,0.0362,0.0003,0.0
2026-06-01,Munnar,orographic,6.9,9.2,12.2,10.6,10.6,13.59,0.3013,0.0149,0.0023
2026-06-01,Madikeri,orographic,5.4,7.1,9.6,8.0,8.0,13.27,0.2509,0.0101,0.0015
2026-06-01,Ooty,orographic,35.6,2.1,3.6,2.3,2.3,6.54,0.1046,0.0019,0.0003
2026-06-01,Lonavala,orographic,0.2,0.2,0.8,0.3,0.3,1.98,0.0396,0.0004,0.0001
2026-06-01,Wayanad,orographic,4.7,4.4,6.5,4.7,4.7,10.04,0.1768,0.005,0.0008
2026-06-01,Shimla,orographic,4.7,3.3,5.1,3.5,3.5,3.74,0.1433,0.0034,0.0005
2026-06-01,Dehradun,orographic,0.2,0.0,0.0,0.0,0.0,0.47,0.0327,0.0003,0.0
2026-06-01,Srinagar,orographic,0.0,3.5,5.35,3.6,3.6,1.92,0.1495,0.0037,0.0006
2026-06-01,Gangtok,orographic,1.7,1.3,2.5,1.4,1.4,1.6,0.0777,0.0012,0.0002
2026-06-01,Guwahati,orographic,1.6,0.3,1.0,0.4,0.4,2.69,0.0431,0.0004,0.0001
2026-06-01,Cherrapunji,orographic,19.0,9.4,12.3,10.9,10.9,6.55,0.3058,0.0154,0.0024
2026-06-01,Imphal,orographic,15.9,5.9,8.2,6.5,6.5,6.42,0.2193,0.0077,0.0012
2026-06-01,Agartala,orographic,1.9,3.5,5.35,3.6,3.6,2.86,0.1495,0.0037,0.0006
2026-06-01,Lucknow,normal,2.5,0.0,0.0,0.0,0.0,1.09,0.0288,0.0001,0.0
2026-06-01,Patna,normal,0.0,0.1,0.6,0.6,0.6,1.33,0.0319,0.0001,0.0
2026-06-01,Varanasi,normal,2.6,0.0,0.0,0.0,0.0,0.4,0.0288,0.0001,0.0
2026-06-01,Delhi,normal,1.1,0.7,1.6,1.7,1.7,2.61,0.0504,0.0002,0.0
2026-06-01,Kanpur,normal,2.9,2.8,4.5,5.2,5.2,3.13,0.1136,0.0008,0.0001
2026-06-01,Ranchi,normal,4.4,0.0,0.0,0.0,0.0,0.87,0.0288,0.0001,0.0
2026-06-01,Jodhpur,normal,0.5,0.4,1.2,1.2,1.2,0.85,0.0411,0.0001,0.0
2026-06-01,Bikaner,normal,2.3,1.8,3.3,3.6,3.6,3.09,0.084,0.0004,0.0001
2026-06-01,Jaisalmer,normal,0.1,0.0,0.0,0.0,0.0,0.0,0.0288,0.0001,0.0
2026-06-01,Hyderabad,normal,0.0,0.2,0.8,0.8,0.8,1.09,0.035,0.0001,0.0
2026-06-01,Bengaluru,normal,0.5,0.8,1.8,1.9,1.9,3.33,0.0535,0.0002,0.0
2026-06-01,Pune,normal,1.4,0.0,0.0,0.0,0.0,0.59,0.0288,0.0001,0.0
2026-06-01,Kurnool,normal,0.5,0.1,0.6,0.6,0.6,2.5,0.0319,0.0001,0.0
2026-06-01,Madurai,normal,0.7,5.7,8.0,8.5,8.5,5.31,0.1927,0.002,0.0003
2026-06-02,Nagpur,normal,0.4,0.0,0.0,0.0,0.0,0.54,0.0288,0.0001,0.0
2026-06-02,Bhopal,normal,4.6,1.4,2.7,3.0,3.0,2.76,0.0719,0.0003,0.0
2026-06-02,Raipur,normal,2.5,0.0,0.0,0.0,0.0,0.54,0.0288,0.0001,0.0
2026-06-02,Jabalpur,normal,0.2,0.6,1.4,1.5,1.5,2.15,0.0473,0.0002,0.0
2026-06-02,Akola,normal,0.0,1.1,2.3,2.4,2.4,1.98,0.0627,0.0003,0.0
2026-06-02,Amravati,normal,0.0,1.2,2.4,2.7,2.7,2.56,0.0658,0.0003,0.0
2026-06-02,Aurangabad,normal,5.8,1.2,2.4,2.6,2.6,2.84,0.0658,0.0003,0.0
2026-06-02,Bhubaneswar,normal,2.8,0.0,0.0,0.0,0.0,0.37,0.0288,0.0001,0.0
2026-06-02,Mumbai,coastal,1.2,0.3,1.0,1.9,1.9,1.58,0.0554,0.0002,0.0
2026-06-02,Thiruvananthapuram,coastal,5.7,4.2,6.2,8.54,8.54,5.91,0.2116,0.0017,0.0001
2026-06-02,Kochi,coastal,23.2,9.0,12.0,14.1,14.1,9.25,0.3546,0.0051,0.0004
2026-06-02,Mangaluru,coastal,21.8,2.2,3.8,5.6,5.6,4.52,0.1361,0.0007,0.0001
2026-06-02,Panaji,coastal,4.2,7.4,10.0,12.0,12.0,7.98,0.3122,0.0038,0.0003
2026-06-02,Chennai,coastal,3.4,0.0,0.0,0.0,0.0,0.74,0.0422,0.0001,0.0
2026-06-02,Visakhapatnam,coastal,3.2,0.0,0.0,0.0,0.0,1.34,0.0422,0.0001,0.0
2026-06-02,Puri,coastal,0.0,0.0,0.0,0.0,0.0,0.74,0.0422,0.0001,0.0
2026-06-02,Kolkata,coastal,0.4,1.1,2.3,3.4,3.4,2.95,0.0903,0.0003,0.0
2026-06-02,Surat,coastal,6.8,0.0,0.0,0.0,0.0,0.74,0.0422,0.0001,0.0
2026-06-02,Mahabaleshwar,orographic,9.7,0.8,1.8,0.9,0.9,2.73,0.0605,0.0008,0.0001
2026-06-02,Munnar,orographic,10.8,13.7,17.0,16.6,16.6,16.89,0.3916,0.0276,0.0044
2026-06-02,Madikeri,orographic,15.3,2.2,3.8,2.3,2.3,6.43,0.1079,0.0021,0.0003
2026-06-02,Ooty,orographic,10.6,20.5,24.2,26.7,26.7,13.75,0.4941,0.0518,0.0085
2026-06-02,Lonavala,orographic,2.6,0.3,1.0,0.4,0.4,1.69,0.0431,0.0004,0.0001
2026-06-02,Wayanad,orographic,17.1,22.7,26.6,30.3,30.3,16.13,0.5208,0.0607,0.0101
2026-06-02,Shimla,orographic,1.2,0.0,0.0,0.0,0.0,0.69,0.0327,0.0003,0.0
2026-06-02,Dehradun,orographic,0.9,0.0,0.0,0.0,0.0,0.0,0.0327,0.0003,0.0
2026-06-02,Srinagar,orographic,2.5,6.0,8.3,6.7,6.7,4.34,0.222,0.0079,0.0012
2026-06-02,Gangtok,orographic,8.3,9.4,12.3,10.9,10.9,4.59,0.3058,0.0154,0.0024
2026-06-02,Guwahati,orographic,1.0,0.0,0.0,0.0,0.0,0.78,0.0327,0.0003,0.0
2026-06-02,Cherrapunji,orographic,7.3,7.7,10.3,8.7,8.7,6.37,0.2659,0.0114,0.0018
2026-06-02,Imphal,orographic,7.1,2.1,3.6,2.3,2.3,3.68,0.1046,0.0019,0.0003
2026-06-02,Agartala,orographic,0.3,3.8,5.7,4.0,4.0,3.87,0.1588,0.0041,0.0006
2026-06-02,Lucknow,normal,0.7,0.2,0.8,0.8,0.8,0.85,0.035,0.0001,0.0
2026-06-02,Patna,normal,0.0,0.0,0.0,0.0,0.0,0.4,0.0288,0.0001,0.0
2026-06-02,Varanasi,normal,0.1,0.0,0.0,0.0,0.0,0.25,0.0288,0.0001,0.0
2026-06-02,Delhi,normal,1.0,0.0,0.0,0.0,0.0,0.87,0.0288,0.0001,0.0
2026-06-02,Kanpur,normal,3.6,0.8,1.8,1.9,1.9,2.96,0.0535,0.0002,0.0
2026-06-02,Ranchi,normal,0.9,0.0,0.0,0.0,0.0,0.25,0.0288,0.0001,0.0
2026-06-02,Jodhpur,normal,0.0,0.3,1.0,1.0,1.0,0.75,0.038,0.0001,0.0
2026-06-02,Bikaner,normal,0.0,0.0,0.0,0.0,0.0,0.45,0.0288,0.0001,0.0
2026-06-02,Jaisalmer,normal,0.7,0.2,0.8,0.8,0.8,0.31,0.035,0.0001,0.0
2026-06-02,Hyderabad,normal,0.6,0.3,1.0,1.0,1.0,1.54,0.038,0.0001,0.0
2026-06-02,Bengaluru,normal,3.6,0.1,0.6,0.6,0.6,1.66,0.0319,0.0001,0.0
2026-06-02,Pune,normal,2.3,0.0,0.0,0.0,0.0,0.59,0.0288,0.0001,0.0
2026-06-02,Kurnool,normal,0.1,3.9,5.9,6.5,6.5,3.66,0.1449,0.0012,0.0001
2026-06-02,Madurai,normal,1.9,0.5,1.3,1.4,1.4,3.48,0.0442,0.0002,0.0
2026-06-03,Nagpur,normal,0.4,0.0,0.0,0.0,0.0,0.39,0.0288,0.0001,0.0
2026-06-03,Bhopal,normal,0.4,0.7,1.6,1.7,1.7,2.76,0.0504,0.0002,0.0
2026-06-03,Raipur,normal,0.0,1.3,2.5,2.8,2.8,2.03,0.0688,0.0003,0.0
2026-06-03,Jabalpur,normal,0.1,0.0,0.0,0.0,0.0,0.91,0.0288,0.0001,0.0
2026-06-03,Akola,normal,0.0,0.0,0.0,0.0,0.0,1.05,0.0288,0.0001,0.0
2026-06-03,Amravati,normal,0.3,2.1,3.6,4.0,4.0,3.17,0.093,0.0005,0.0001
2026-06-03,Aurangabad,normal,0.1,0.7,1.6,1.7,1.7,2.71,0.0504,0.0002,0.0
2026-06-03,Bhubaneswar,normal,2.7,2.2,3.8,4.3,4.3,2.57,0.096,0.0006,0.0001
2026-06-03,Mumbai,coastal,2.3,0.8,1.8,2.82,2.82,3.06,0.0774,0.0003,0.0
2026-06-03,Thiruvananthapuram,coastal,26.6,19.0,22.9,25.06,5.57,14.02,0.5402,0.0166,0.0013
2026-06-03,Kochi,coastal,18.5,15.2,18.6,20.16,20.16,13.2,0.4826,0.0116,0.0009
2026-06-03,Mangaluru,coastal,43.4,11.9,15.0,16.97,16.97,9.8,0.4208,0.0079,0.0006
2026-06-03,Panaji,coastal,7.0,7.9,10.5,12.6,12.6,10.21,0.326,0.0042,0.0003
2026-06-03,Chennai,coastal,1.5,0.0,0.0,0.0,0.0,0.77,0.0422,0.0001,0.0
2026-06-03,Visakhapatnam,coastal,0.3,1.4,2.7,4.1,4.1,2.85,0.1031,0.0004,0.0
2026-06-03,Puri,coastal,0.0,0.0,0.0,0.0,0.0,0.77,0.0422,0.0001,0.0
2026-06-03,Kolkata,coastal,0.8,0.0,0.0,0.0,0.0,1.38,0.0422,0.0001,0.0
2026-06-03,Surat,coastal,3.6,0.0,0.0,0.0,0.0,0.77,0.0422,0.0001,0.0
2026-06-03,Mahabaleshwar,orographic,1.0,0.9,1.9,1.0,1.0,3.31,0.064,0.0008,0.0001
2026-06-03,Munnar,orographic,23.2,3.4,5.2,3.57,3.57,8.17,0.1464,0.0035,0.0005
2026-06-03,Madikeri,orographic,13.4,7.3,9.8,8.2,8.2,9.26,0.256,0.0105,0.0016
2026-06-03,Ooty,orographic,18.1,12.0,15.12,14.2,14.2,16.31,0.36,0.0225,0.0035
2026-06-03,Lonavala,orographic,4.6,0.0,0.0,0.0,0.0,1.26,0.0327,0.0003,0.0
2026-06-03,Wayanad,orographic,19.7,9.3,12.2,10.8,10.8,13.98,0.3036,0.0152,0.0024
2026-06-03,Shimla,orographic,1.2,9.7,12.7,11.4,11.4,4.42,0.3125,0.0162,0.0025
2026-06-03,Dehradun,orographic,0.1,0.0,0.0,0.0,0.0,0.0,0.0327,0.0003,0.0
2026-06-03,Srinagar,orographic,0.2,0.0,0.0,0.0,0.0,1.06,0.0327,0.0003,0.0
2026-06-03,Gangtok,orographic,20.6,9.5,12.4,11.1,11.1,6.18,0.308,0.0157,0.0024
2026-06-03,Guwahati,orographic,0.6,2.5,4.2,2.8,2.8,2.09,0.1178,0.0024,0.0004
2026-06-03,Cherrapunji,orographic,5.7,10.4,13.5,12.33,12.33,6.96,0.3276,0.018,0.0028
2026-06-03,Imphal,orographic,0.6,0.0,0.0,0.0,0.0,1.15,0.0327,0.0003,0.0
2026-06-03,Agartala,orographic,0.3,1.0,2.1,1.1,1.1,2.91,0.0674,0.0009,0.0001
2026-06-03,Lucknow,normal,1.5,0.0,0.0,0.0,0.0,0.41,0.0288,0.0001,0.0
2026-06-03,Patna,normal,0.4,0.0,0.0,0.0,0.0,0.26,0.0288,0.0001,0.0
2026-06-03,Varanasi,normal,1.3,0.1,0.6,0.6,0.6,0.7,0.0319,0.0001,0.0
2026-06-03,Delhi,normal,0.7,0.0,0.0,0.0,0.0,0.26,0.0288,0.0001,0.0
2026-06-03,Kanpur,normal,2.6,0.2,0.8,0.8,0.8,1.59,0.035,0.0001,0.0
2026-06-03,Ranchi,normal,2.0,0.0,0.0,0.0,0.0,0.26,0.0288,0.0001,0.0
2026-06-03,Jodhpur,normal,0.5,8.7,11.53,12.3,12.3,4.5,0.2637,0.0038,0.0005
2026-06-03,Bikaner,normal,0.1,16.3,19.7,20.7,20.7,5.85,0.4031,0.0101,0.0014
2026-06-03,Jaisalmer,normal,0.0,0.0,0.0,0.0,0.0,0.0,0.0288,0.0001,0.0
2026-06-03,Hyderabad,normal,0.2,0.9,2.0,2.2,2.2,2.57,0.0566,0.0002,0.0
2026-06-03,Bengaluru,normal,10.2,4.7,6.9,7.4,7.4,4.11,0.1666,0.0015,0.0002
2026-06-03,Pune,normal,0.2,0.0,0.0,0.0,0.0,0.59,0.0288,0.0001,0.0
2026-06-03,Kurnool,normal,0.4,1.0,2.1,2.3,2.3,3.49,0.0596,0.0002,0.0
2026-06-03,Madurai,normal,0.0,0.2,0.8,0.8,0.8,1.58,0.035,0.0001,0.0
2026-06-04,Nagpur,normal,0.0,0.2,0.8,0.8,0.8,1.26,0.035,0.0001,0.0
2026-06-04,Bhopal,normal,0.1,3.0,4.8,5.4,5.4,3.98,0.1194,0.0008,0.0001
2026-06-04,Raipur,normal,0.3,0.4,1.1,1.1,1.1,2.42,0.0411,0.0001,0.0
2026-06-04,Jabalpur,normal,0.1,0.0,0.0,0.0,0.0,0.54,0.0288,0.0001,0.0
2026-06-04,Akola,normal,2.1,1.9,3.4,3.7,3.7,2.83,0.087,0.0005,0.0001
2026-06-04,Amravati,normal,0.5,3.9,5.9,6.5,6.5,4.82,0.1449,0.0012,0.0001
2026-06-04,Aurangabad,normal,0.0,7.1,9.6,10.22,10.22,6.92,0.2271,0.0028,0.0004
2026-06-04,Bhubaneswar,normal,1.0,3.1,4.9,5.5,5.5,4.4,0.1223,0.0009,0.0001
2026-06-04,Mumbai,coastal,0.6,0.3,1.0,1.9,1.9,2.76,0.0554,0.0002,0.0
2026-06-04,Thiruvananthapuram,depression,48.4,61.4,68.8,57.52,57.52,33.6,0.8472,0.1753,0.0154
2026-06-04,Kochi,depression,46.4,46.5,55.61,42.43,83.42,30.04,0.8043,0.1173,0.0096
2026-06-04,Mangaluru,coastal,13.9,10.0,12.9,15.02,15.02,12.36,0.3789,0.006,0.0005
2026-06-04,Panaji,coastal,7.3,15.1,18.4,20.0,20.0,15.04,0.4809,0.0115,0.0009
2026-06-04,Chennai,coastal,2.9,0.0,0.0,0.0,0.0,1.03,0.0422,0.0001,0.0
2026-06-04,Visakhapatnam,coastal,2.8,0.0,0.0,0.0,0.0,1.72,0.0422,0.0001,0.0
2026-06-04,Puri,coastal,0.1,0.0,0.0,0.0,0.0,1.03,0.0422,0.0001,0.0
2026-06-04,Kolkata,coastal,11.2,2.9,4.7,6.7,6.7,4.45,0.1637,0.001,0.0001
2026-06-04,Surat,coastal,1.9,0.1,0.6,1.2,1.2,1.53,0.0466,0.0001,0.0
2026-06-04,Mahabaleshwar,orographic,5.8,4.8,7.0,5.2,5.2,7.24,0.1885,0.0057,0.0009
2026-06-04,Munnar,orographic,29.3,1.9,3.4,2.0,2.0,5.68,0.098,0.0017,0.0003
2026-06-04,Madikeri,orographic,7.8,2.4,4.1,2.62,2.62,8.39,0.1145,0.0023,0.0003
2026-06-04,Ooty,orographic,2.5,6.0,8.3,6.7,6.7,13.89,0.222,0.0079,0.0012
2026-06-04,Lonavala,orographic,3.0,0.1,0.6,0.2,0.2,1.58,0.0362,0.0003,0.0
2026-06-04,Wayanad,orographic,5.7,5.0,7.2,5.5,5.5,11.96,0.1942,0.006,0.0009
2026-06-04,Shimla,orographic,3.3,0.5,1.3,0.6,0.6,2.4,0.0501,0.0006,0.0001
2026-06-04,Dehradun,orographic,0.4,0.7,1.6,0.8,0.8,0.9,0.057,0.0007,0.0001
2026-06-04,Srinagar,orographic,4.9,11.2,14.4,13.5,13.5,5.02,0.3442,0.0202,0.0032
2026-06-04,Gangtok,orographic,18.7,13.4,16.5,16.0,16.0,8.52,0.3863,0.0267,0.0042
2026-06-04,Guwahati,orographic,22.8,5.1,7.4,5.6,5.6,4.59,0.1971,0.0062,0.0009
2026-06-04,Cherrapunji,orographic,4.2,25.3,29.4,34.71,34.71,12.37,0.5492,0.0718,0.012
2026-06-04,Imphal,orographic,0.6,0.6,1.4,0.7,0.7,1.53,0.0536,0.0006,0.0001
2026-06-04,Agartala,orographic,6.7,15.1,18.4,18.7,18.7,7.37,0.4156,0.0322,0.0051
2026-06-04,Lucknow,normal,0.1,0.3,1.0,1.0,1.0,1.36,0.038,0.0001,0.0
2026-06-04,Patna,normal,0.6,0.1,0.6,0.6,0.6,0.97,0.0319,0.0001,0.0
2026-06-04,Varanasi,normal,0.3,0.0,0.0,0.0,0.0,0.63,0.0288,0.0001,0.0
2026-06-04,Delhi,normal,0.6,0.1,0.6,0.6,0.6,0.97,0.0319,0.0001,0.0
2026-06-04,Kanpur,normal,0.2,0.4,1.2,1.2,1.2,2.04,0.0411,0.0001,0.0
2026-06-04,Ranchi,normal,0.4,0.0,0.0,0.0,0.0,0.46,0.0288,0.0001,0.0
2026-06-04,Jodhpur,normal,1.7,0.2,0.8,0.8,0.8,1.81,0.035,0.0001,0.0
2026-06-04,Bikaner,normal,0.1,0.6,1.5,1.6,1.6,2.92,0.0473,0.0002,0.0
2026-06-04,Jaisalmer,normal,0.0,1.7,3.1,3.4,3.4,1.18,0.081,0.0004,0.0001
2026-06-04,Hyderabad,normal,0.9,0.0,0.0,0.0,0.0,1.45,0.0288,0.0001,0.0
2026-06-04,Bengaluru,normal,1.2,0.2,0.8,0.8,0.8,2.51,0.035,0.0001,0.0
2026-06-04,Pune,normal,1.0,0.1,0.6,0.6,0.6,1.04,0.0319,0.0001,0.0
2026-06-04,Kurnool,normal,1.0,0.0,0.0,0.0,0.0,1.45,0.0288,0.0001,0.0
2026-06-04,Madurai,normal,2.7,0.1,0.6,0.6,0.6,1.29,0.0319,0.0001,0.0
2026-06-05,Nagpur,normal,1.4,1.1,2.3,2.4,2.4,2.64,0.0627,0.0003,0.0
2026-06-05,Bhopal,normal,1.8,3.4,5.3,6.0,6.0,4.97,0.1308,0.001,0.0001
2026-06-05,Raipur,normal,0.0,0.7,1.6,1.7,1.7,2.68,0.0504,0.0002,0.0
2026-06-05,Jabalpur,normal,1.3,0.1,0.6,0.6,0.6,1.07,0.0319,0.0001,0.0
2026-06-05,Akola,normal,0.8,1.8,3.3,3.6,3.6,3.52,0.084,0.0004,0.0001
2026-06-05,Amravati,normal,1.3,0.1,0.6,0.6,0.6,2.17,0.0319,0.0001,0.0
2026-06-05,Aurangabad,normal,0.1,7.9,10.5,11.4,11.4,8.83,0.2458,0.0033,0.0004
2026-06-05,Bhubaneswar,normal,1.2,0.0,0.0,0.0,0.0,1.58,0.0288,0.0001,0.0
2026-06-05,Mumbai,coastal,3.4,2.0,3.5,5.2,5.2,4.3,0.128,0.0006,0.0
2026-06-05,Thiruvananthapuram,depression,10.9,38.9,45.5,29.8,64.6,33.27,0.7725,0.0896,0.0071
2026-06-05,Kochi,depression,25.4,37.2,43.9,26.75,26.75,29.78,0.764,0.0837,0.0066
2026-06-05,Mangaluru,coastal,63.4,26.4,30.6,37.06,37.06,17.96,0.624,0.0282,0.0023
2026-06-05,Panaji,coastal,12.2,23.0,26.9,31.51,31.51,17.08,0.5893,0.0225,0.0018
2026-06-05,Chennai,coastal,1.0,0.1,0.6,1.2,1.2,1.53,0.0466,0.0001,0.0
2026-06-05,Visakhapatnam,coastal,2.6,1.1,2.3,3.4,3.4,3.24,0.0903,0.0003,0.0
2026-06-05,Puri,coastal,2.1,0.0,0.0,0.0,0.0,1.03,0.0422,0.0001,0.0
2026-06-05,Kolkata,coastal,1.2,3.1,4.9,7.0,7.0,6.38,0.1713,0.0011,0.0001
2026-06-05,Surat,coastal,0.0,0.0,0.0,0.0,0.0,1.1,0.0422,0.0001,0.0
2026-06-05,Mahabaleshwar,orographic,3.7,1.8,3.3,1.9,1.9,6.86,0.0946,0.0016,0.0002
2026-06-05,Munnar,orographic,8.5,3.0,4.8,3.2,3.2,5.56,0.1338,0.003,0.0005
2026-06-05,Madikeri,orographic,17.7,7.4,10.0,8.3,8.3,11.35,0.2585,0.0107,0.0016
2026-06-05,Ooty,orographic,1.5,0.0,0.0,0.0,0.0,3.2,0.0327,0.0003,0.0
2026-06-05,Lonavala,orographic,4.1,1.1,2.3,1.2,1.2,3.45,0.0708,0.001,0.0001
2026-06-05,Wayanad,orographic,20.0,4.6,6.7,4.9,4.9,10.78,0.1826,0.0054,0.0008
2026-06-05,Shimla,orographic,3.3,1.3,2.5,1.4,1.4,1.39,0.0777,0.0012,0.0002
2026-06-05,Dehradun,orographic,0.7,0.9,1.9,1.0,1.0,1.51,0.064,0.0008,0.0001
2026-06-05,Srinagar,orographic,9.7,3.1,5.0,3.4,3.4,3.81,0.137,0.0031,0.0005
2026-06-05,Gangtok,orographic,18.4,11.6,14.8,13.93,13.93,7.85,0.3522,0.0213,0.0033
2026-06-05,Guwahati,orographic,3.6,4.0,6.0,4.2,4.2,5.2,0.1648,0.0044,0.0007
2026-06-05,Cherrapunji,orographic,5.1,15.9,19.3,19.8,19.8,11.19,0.4286,0.0349,0.0056
2026-06-05,Imphal,orographic,0.2,0.0,0.0,0.0,0.0,1.05,0.0327,0.0003,0.0
2026-06-05,Agartala,orographic,14.5,0.3,1.0,0.4,0.4,3.47,0.0431,0.0004,0.0001
2026-06-05,Lucknow,normal,0.5,0.2,0.8,0.8,0.8,1.69,0.035,0.0001,0.0
2026-06-05,Patna,normal,4.0,0.0,0.0,0.0,0.0,0.63,0.0288,0.0001,0.0
2026-06-05,Varanasi,normal,0.0,0.0,0.0,0.0,0.0,0.46,0.0288,0.0001,0.0
2026-06-05,Delhi,normal,2.1,0.4,1.2,1.2,1.2,2.04,0.0411,0.0001,0.0
2026-06-05,Kanpur,normal,0.1,0.0,0.0,0.0,0.0,0.95,0.0288,0.0001,0.0
2026-06-05,Ranchi,normal,2.3,0.0,0.0,0.0,0.0,0.46,0.0288,0.0001,0.0
2026-06-05,Jodhpur,normal,0.0,0.0,0.0,0.0,0.0,0.12,0.0288,0.0001,0.0
2026-06-05,Bikaner,normal,0.0,0.0,0.0,0.0,0.0,0.47,0.0288,0.0001,0.0
2026-06-05,Jaisalmer,normal,0.0,0.0,0.0,0.0,0.0,0.55,0.0288,0.0001,0.0
2026-06-05,Hyderabad,normal,0.1,0.4,1.1,1.1,1.1,1.54,0.0411,0.0001,0.0
2026-06-05,Bengaluru,normal,2.7,0.0,0.0,0.0,0.0,0.86,0.0288,0.0001,0.0
2026-06-05,Pune,normal,2.4,0.1,0.6,0.6,0.6,1.29,0.0319,0.0001,0.0
2026-06-05,Kurnool,normal,0.9,3.0,4.8,5.4,5.4,3.06,0.1194,0.0008,0.0001
2026-06-05,Madurai,normal,0.0,0.0,0.0,0.0,0.0,0.86,0.0288,0.0001,0.0
2026-06-06,Nagpur,normal,0.5,0.0,0.0,0.0,0.0,1.28,0.0288,0.0001,0.0
2026-06-06,Bhopal,normal,5.4,0.0,0.0,0.0,0.0,1.59,0.0288,0.0001,0.0
2026-06-06,Raipur,normal,0.0,0.2,0.8,0.8,0.8,2.07,0.035,0.0001,0.0
2026-06-06,Jabalpur,normal,1.1,0.2,0.8,0.8,0.8,1.54,0.035,0.0001,0.0
2026-06-06,Akola,normal,0.8,0.0,0.0,0.0,0.0,1.36,0.0288,0.0001,0.0
2026-06-06,Amravati,normal,0.0,0.0,0.0,0.0,0.0,0.74,0.0288,0.0001,0.0
2026-06-06,Aurangabad,normal,0.3,2.4,4.1,4.6,4.6,5.42,0.1019,0.0006,0.0001
2026-06-06,Bhubaneswar,normal,14.0,10.0,12.9,13.5,13.5,6.56,0.2913,0.0047,0.0006
2026-06-06,Mumbai,coastal,2.1,0.6,1.5,2.5,2.5,3.94,0.0686,0.0002,0.0
2026-06-06,Thiruvananthapuram,coastal,9.5,22.7,26.6,31.1,31.1,19.11,0.586,0.0221,0.0018
2026-06-06,Kochi,depression,33.4,33.1,38.16,19.17,51.21,26.7,0.7408,0.0699,0.0054
2026-06-06,Mangaluru,depression,54.3,98.3,99.7,83.42,210.92,40.79,0.9022,0.3211,0.0341
2026-06-06,Panaji,coastal,11.4,10.9,14.0,16.1,16.1,13.24,0.3994,0.0068,0.0005
2026-06-06,Chennai,coastal,0.0,1.0,2.1,3.16,3.16,3.17,0.086,0.0003,0.0
2026-06-06,Visakhapatnam,coastal,1.3,0.0,0.0,0.0,0.0,1.73,0.0422,0.0001,0.0
2026-06-06,Puri,coastal,1.3,0.0,0.0,0.0,0.0,1.03,0.0422,0.0001,0.0
2026-06-06,Kolkata,coastal,19.2,0.6,1.4,2.4,2.4,4.51,0.0686,0.0002,0.0
2026-06-06,Surat,coastal,0.8,0.0,0.0,0.0,0.0,1.03,0.0422,0.0001,0.0
2026-06-06,Mahabaleshwar,orographic,4.9,5.4,7.7,5.9,5.9,8.19,0.2055,0.0067,0.001
2026-06-06,Munnar,orographic,14.5,0.8,1.8,0.9,0.9,4.79,0.0605,0.0008,0.0001
2026-06-06,Madikeri,orographic,31.5,16.3,19.7,20.6,20.6,19.96,0.4349,0.0362,0.0058
2026-06-06,Ooty,orographic,16.4,1.9,3.4,2.0,2.0,3.93,0.098,0.0017,0.0003
2026-06-06,Lonavala,orographic,4.4,0.8,1.8,0.9,0.9,3.8,0.0605,0.0008,0.0001
2026-06-06,Wayanad,orographic,43.5,6.3,8.6,7.0,7.0,11.19,0.2301,0.0084,0.0013
2026-06-06,Shimla,orographic,0.0,0.0,0.0,0.0,0.0,0.56,0.0327,0.0003,0.0
2026-06-06,Dehradun,orographic,0.0,0.0,0.0,0.0,0.0,0.54,0.0327,0.0003,0.0
2026-06-06,Srinagar,orographic,1.5,0.2,0.8,0.3,0.3,1.31,0.0396,0.0004,0.0001
2026-06-06,Gangtok,orographic,12.8,9.6,12.6,11.3,11.3,6.56,0.3102,0.0159,0.0025
2026-06-06,Guwahati,orographic,9.5,2.9,4.6,3.1,3.1,3.77,0.1307,0.0029,0.0004
2026-06-06,Cherrapunji,orographic,1.1,19.2,23.1,24.91,24.91,13.11,0.477,0.0468,0.0076
2026-06-06,Imphal,orographic,0.8,0.0,0.0,0.0,0.0,0.48,0.0327,0.0003,0.0
2026-06-06,Agartala,orographic,1.6,3.3,5.1,3.5,3.5,2.85,0.1433,0.0034,0.0005
2026-06-06,Lucknow,normal,0.2,0.1,0.6,0.6,0.6,1.21,0.0319,0.0001,0.0
2026-06-06,Patna,normal,0.1,1.0,2.1,2.3,2.3,2.03,0.0596,0.0002,0.0
2026-06-06,Varanasi,normal,1.8,0.4,1.2,1.2,1.2,1.71,0.0411,0.0001,0.0
2026-06-06,Delhi,normal,0.0,0.3,1.0,1.0,1.0,1.91,0.038,0.0001,0.0
2026-06-06,Kanpur,normal,0.0,0.0,0.0,0.0,0.0,0.46,0.0288,0.0001,0.0
2026-06-06,Ranchi,normal,8.8,0.3,1.0,1.0,1.0,1.36,0.038,0.0001,0.0
2026-06-06,Jodhpur,normal,1.1,0.0,0.0,0.0,0.0,0.0,0.0288,0.0001,0.0
2026-06-06,Bikaner,normal,0.0,0.0,0.0,0.0,0.0,0.0,0.0288,0.0001,0.0
2026-06-06,Jaisalmer,normal,0.0,0.0,0.0,0.0,0.0,0.0,0.0288,0.0001,0.0
2026-06-06,Hyderabad,normal,7.8,0.6,1.4,1.5,1.5,2.61,0.0473,0.0002,0.0
2026-06-06,Bengaluru,normal,0.4,0.0,0.0,0.0,0.0,0.66,0.0288,0.0001,0.0
2026-06-06,Pune,normal,1.4,0.0,0.0,0.0,0.0,0.86,0.0288,0.0001,0.0
2026-06-06,Kurnool,normal,5.1,6.8,9.3,9.8,9.8,6.65,0.22,0.0026,0.0003
2026-06-06,Madurai,normal,0.1,0.0,0.0,0.0,0.0,0.66,0.0288,0.0001,0.0
2026-06-07,Nagpur,normal,0.0,0.1,0.6,0.6,0.6,1.38,0.0319,0.0001,0.0
2026-06-07,Bhopal,normal,1.3,0.0,0.0,0.0,0.0,0.75,0.0288,0.0001,0.0
2026-06-07,Raipur,normal,0.0,0.0,0.0,0.0,0.0,0.97,0.0288,0.0001,0.0
2026-06-07,Jabalpur,normal,0.0,0.0,0.0,0.0,0.0,0.97,0.0288,0.0001,0.0
2026-06-07,Akola,normal,3.1,0.3,1.0,1.0,1.0,1.82,0.038,0.0001,0.0
2026-06-07,Amravati,normal,3.4,0.0,0.0,0.0,0.0,0.75,0.0288,0.0001,0.0
2026-06-07,Aurangabad,normal,0.0,4.7,6.8,7.3,7.3,6.69,0.1666,0.0015,0.0002
2026-06-07,Bhubaneswar,normal,11.8,19.6,23.3,24.4,24.4,13.41,0.4499,0.0137,0.0018
2026-06-07,Mumbai,coastal,2.1,0.0,0.0,0.0,0.0,1.83,0.0422,0.0001,0.0
2026-06-07,Thiruvananthapuram,depression,41.5,34.7,39.9,21.43,54.47,22.82,0.7504,0.0752,0.0059
2026-06-07,Kochi,depression,26.7,36.0,41.9,23.42,58.7,23.23,0.7576,0.0796,0.0062
2026-06-07,Mangaluru,depression,22.4,228.9,198.8,136.65,215.0,56.15,0.9586,0.6675,0.133
2026-06-07,Panaji,coastal,26.0,33.9,39.0,52.31,52.31,20.84,0.6839,0.0421,0.0035
2026-06-07,Chennai,coastal,4.9,1.6,3.0,4.6,4.6,4.58,0.1115,0.0005,0.0
2026-06-07,Visakhapatnam,coastal,0.2,0.0,0.0,0.0,0.0,1.16,0.0422,0.0001,0.0
2026-06-07,Puri,coastal,1.6,5.1,7.4,9.7,9.7,7.52,0.2422,0.0022,0.0002
2026-06-07,Kolkata,coastal,10.1,0.0,0.0,0.0,0.0,1.69,0.0422,0.0001,0.0
2026-06-07,Surat,coastal,0.7,0.0,0.0,0.0,0.0,1.16,0.0422,0.0001,0.0
2026-06-07,Mahabaleshwar,orographic,2.4,50.0,59.3,66.21,66.21,36.43,0.7157,0.1948,0.0374
2026-06-07,Munnar,orographic,45.1,9.0,12.0,10.5,10.5,11.25,0.2967,0.0144,0.0022
2026-06-07,Madikeri,orographic,5.4,101.3,99.7,114.01,114.01,44.17,0.8438,0.4451,0.1161
2026-06-07,Ooty,orographic,5.4,5.1,7.4,5.6,5.6,8.95,0.1971,0.0062,0.0009
2026-06-07,Lonavala,orographic,3.7,0.7,1.6,0.8,0.8,4.15,0.057,0.0007,0.0001
2026-06-07,Wayanad,orographic,11.9,9.9,12.8,11.5,11.5,16.26,0.3168,0.0167,0.0026
2026-06-07,Shimla,orographic,0.0,0.0,0.0,0.0,0.0,0.11,0.0327,0.0003,0.0
2026-06-07,Dehradun,orographic,0.2,0.0,0.0,0.0,0.0,0.11,0.0327,0.0003,0.0
2026-06-07,Srinagar,orographic,0.0,3.2,5.0,3.4,3.4,2.25,0.1402,0.0033,0.0005
2026-06-07,Gangtok,orographic,20.5,11.1,14.2,13.3,13.3,7.04,0.3421,0.0199,0.0031
2026-06-07,Guwahati,orographic,5.5,8.1,10.8,9.4,9.4,6.69,0.2756,0.0123,0.0019
2026-06-07,Cherrapunji,orographic,5.6,26.8,31.2,36.6,36.6,14.55,0.5642,0.0784,0.0132
2026-06-07,Imphal,orographic,5.9,0.9,2.0,1.03,1.03,1.85,0.064,0.0008,0.0001
2026-06-07,Agartala,orographic,11.2,4.2,6.2,4.5,4.5,4.98,0.1708,0.0047,0.0007
2026-06-07,Lucknow,normal,0.1,0.0,0.0,0.0,0.0,0.86,0.0288,0.0001,0.0
2026-06-07,Patna,normal,9.8,0.0,0.0,0.0,0.0,1.46,0.0288,0.0001,0.0
2026-06-07,Varanasi,normal,0.0,0.0,0.0,0.0,0.0,1.19,0.0288,0.0001,0.0
2026-06-07,Delhi,normal,0.4,0.9,2.0,2.2,2.2,3.23,0.0566,0.0002,0.0
2026-06-07,Kanpur,normal,0.0,0.0,0.0,0.0,0.0,0.65,0.0288,0.0001,0.0
2026-06-07,Ranchi,normal,1.1,0.1,0.6,0.6,0.6,1.76,0.0319,0.0001,0.0
2026-06-07,Jodhpur,normal,0.3,0.0,0.0,0.0,0.0,0.0,0.0288,0.0001,0.0
2026-06-07,Bikaner,normal,0.0,0.0,0.0,0.0,0.0,0.0,0.0288,0.0001,0.0
2026-06-07,Jaisalmer,normal,0.0,0.0,0.0,0.0,0.0,0.0,0.0288,0.0001,0.0
2026-06-07,Hyderabad,normal,0.8,0.0,0.0,0.0,0.0,1.52,0.0288,0.0001,0.0
2026-06-07,Bengaluru,normal,3.7,0.3,1.0,1.0,1.0,1.74,0.038,0.0001,0.0
2026-06-07,Pune,normal,1.6,7.8,10.4,11.17,11.17,6.18,0.2435,0.0032,0.0004
2026-06-07,Kurnool,normal,2.9,0.2,0.8,0.8,0.8,3.23,0.035,0.0001,0.0
2026-06-07,Madurai,normal,2.0,0.0,0.0,0.0,0.0,0.86,0.0288,0.0001,0.0
2026-06-08,Nagpur,normal,0.0,0.0,0.0,0.0,0.0,0.62,0.0288,0.0001,0.0
2026-06-08,Bhopal,normal,1.1,0.0,0.0,0.0,0.0,0.45,0.0288,0.0001,0.0
2026-06-08,Raipur,normal,1.4,0.0,0.0,0.0,0.0,0.45,0.0288,0.0001,0.0
2026-06-08,Jabalpur,normal,1.0,0.0,0.0,0.0,0.0,0.45,0.0288,0.0001,0.0
2026-06-08,Akola,normal,0.1,0.0,0.0,0.0,0.0,0.93,0.0288,0.0001,0.0
2026-06-08,Amravati,normal,0.1,0.6,1.4,1.5,1.5,1.97,0.0473,0.0002,0.0
2026-06-08,Aurangabad,normal,0.0,6.6,9.0,9.48,9.48,7.33,0.2151,0.0025,0.0003
2026-06-08,Bhubaneswar,normal,2.1,1.6,3.0,3.3,3.3,4.57,0.078,0.0004,0.0
2026-06-08,Mumbai,coastal,4.5,0.1,0.6,1.2,1.2,1.35,0.0466,0.0001,0.0
2026-06-08,Thiruvananthapuram,depression,24.1,44.3,52.4,38.94,38.94,35.19,0.796,0.1091,0.0089
2026-06-08,Kochi,depression,32.1,52.6,61.5,51.41,112.86,46.75,0.8243,0.1406,0.0118
2026-06-08,Mangaluru,depression,20.3,25.4,29.51,9.24,35.7,20.76,0.6835,0.0461,0.0035
2026-06-08,Panaji,depression,18.9,53.7,61.7,52.22,115.22,39.18,0.8275,0.1449,0.0123
2026-06-08,Chennai,coastal,0.3,1.4,2.7,4.1,4.1,3.97,0.1031,0.0004,0.0
2026-06-08,Visakhapatnam,coastal,0.0,1.2,2.4,3.7,3.7,3.11,0.0946,0.0004,0.0
2026-06-08,Puri,coastal,1.2,0.0,0.0,0.0,0.0,2.11,0.0422,0.0001,0.0
2026-06-08,Kolkata,coastal,1.5,0.0,0.0,0.0,0.0,0.88,0.0422,0.0001,0.0
2026-06-08,Surat,coastal,0.1,0.0,0.0,0.0,0.0,0.88,0.0422,0.0001,0.0
2026-06-08,Mahabaleshwar,orographic,6.1,2.8,4.6,3.1,3.1,8.74,0.1275,0.0028,0.0004
2026-06-08,Munnar,orographic,48.9,9.7,12.7,11.4,11.4,15.64,0.3125,0.0162,0.0025
2026-06-08,Madikeri,orographic,7.4,9.4,12.3,10.9,10.9,18.53,0.3058,0.0154,0.0024
2026-06-08,Ooty,orographic,1.5,2.1,3.6,2.3,2.3,6.75,0.1046,0.0019,0.0003
2026-06-08,Lonavala,orographic,4.8,1.0,2.1,1.1,1.1,3.62,0.0674,0.0009,0.0001
2026-06-08,Wayanad,orographic,5.0,2.4,4.1,2.62,2.62,8.05,0.1145,0.0023,0.0003
2026-06-08,Shimla,orographic,0.1,0.0,0.0,0.0,0.0,0.0,0.0327,0.0003,0.0
2026-06-08,Dehradun,orographic,0.0,0.0,0.0,0.0,0.0,0.0,0.0327,0.0003,0.0
2026-06-08,Srinagar,orographic,0.0,0.2,0.8,0.3,0.3,1.2,0.0396,0.0004,0.0001
2026-06-08,Gangtok,orographic,22.8,14.0,17.3,17.17,17.17,8.42,0.3969,0.0286,0.0045
2026-06-08,Guwahati,orographic,4.2,8.4,11.2,9.79,9.79,7.37,0.2828,0.013,0.002
2026-06-08,Cherrapunji,orographic,9.2,14.4,17.7,17.7,17.7,10.96,0.4038,0.0299,0.0048
2026-06-08,Imphal,orographic,3.1,1.1,2.3,1.2,1.2,2.52,0.0708,0.001,0.0001
2026-06-08,Agartala,orographic,0.9,12.1,15.2,14.3,14.3,7.39,0.362,0.0228,0.0036
2026-06-08,Lucknow,normal,0.2,0.0,0.0,0.0,0.0,0.34,0.0288,0.0001,0.0
2026-06-08,Patna,normal,0.1,0.0,0.0,0.0,0.0,0.34,0.0288,0.0001,0.0
2026-06-08,Varanasi,normal,0.3,0.0,0.0,0.0,0.0,0.34,0.0288,0.0001,0.0
2026-06-08,Delhi,normal,0.0,0.0,0.0,0.0,0.0,1.01,0.0288,0.0001,0.0
2026-06-08,Kanpur,normal,0.2,0.0,0.0,0.0,0.0,0.34,0.0288,0.0001,0.0
2026-06-08,Ranchi,normal,0.1,0.0,0.0,0.0,0.0,0.5,0.0288,0.0001,0.0
2026-06-08,Jodhpur,normal,0.0,0.0,0.0,0.0,0.0,0.0,0.0288,0.0001,0.0
2026-06-08,Bikaner,normal,0.0,0.0,0.0,0.0,0.0,0.0,0.0288,0.0001,0.0
2026-06-08,Jaisalmer,normal,0.0,0.0,0.0,0.0,0.0,0.0,0.0288,0.0001,0.0
2026-06-08,Hyderabad,normal,0.3,1.7,3.1,3.4,3.4,2.34,0.081,0.0004,0.0001
2026-06-08,Bengaluru,normal,3.7,0.0,0.0,0.0,0.0,1.1,0.0288,0.0001,0.0
2026-06-08,Pune,normal,1.6,1.1,2.3,2.4,2.4,4.35,0.0627,0.0003,0.0
2026-06-08,Kurnool,normal,0.3,0.0,0.0,0.0,0.0,0.77,0.0288,0.0001,0.0
2026-06-08,Madurai,normal,0.0,0.0,0.0,0.0,0.0,0.58,0.0288,0.0001,0.0
2026-06-09,Nagpur,normal,0.7,0.2,0.8,0.8,0.8,0.97,0.035,0.0001,0.0
2026-06-09,Bhopal,normal,0.2,0.0,0.0,0.0,0.0,0.37,0.0288,0.0001,0.0
2026-06-09,Raipur,normal,0.6,0.0,0.0,0.0,0.0,0.37,0.0288,0.0001,0.0
2026-06-09,Jabalpur,normal,0.9,0.0,0.0,0.0,0.0,0.37,0.0288,0.0001,0.0
2026-06-09,Akola,normal,0.0,0.0,0.0,0.0,0.0,0.37,0.0288,0.0001,0.0
2026-06-09,Amravati,normal,0.2,0.0,0.0,0.0,0.0,0.88,0.0288,0.0001,0.0
2026-06-09,Aurangabad,normal,0.0,0.0,0.0,0.0,0.0,1.63,0.0288,0.0001,0.0
2026-06-09,Bhubaneswar,normal,0.0,0.0,0.0,0.0,0.0,1.02,0.0288,0.0001,0.0
2026-06-09,Mumbai,coastal,6.1,0.8,1.8,2.82,2.82,2.7,0.0774,0.0003,0.0
2026-06-09,Thiruvananthapuram,depression,10.4,56.4,64.7,53.8,121.02,42.81,0.835,0.1555,0.0133
2026-06-09,Kochi,depression,39.0,41.9,50.45,34.74,83.42,31.49,0.7862,0.1003,0.0081
2026-06-09,Mangaluru,coastal,23.7,33.9,39.0,52.31,52.31,19.04,0.6839,0.0421,0.0035
2026-06-09,Panaji,coastal,22.1,6.9,9.4,11.4,11.4,10.93,0.2979,0.0034,0.0003
2026-06-09,Chennai,coastal,1.9,1.9,3.4,5.1,5.1,3.97,0.1239,0.0006,0.0
2026-06-09,Visakhapatnam,coastal,0.3,0.3,1.0,1.9,1.9,2.24,0.0554,0.0002,0.0
2026-06-09,Puri,coastal,0.0,0.0,0.0,0.0,0.0,0.74,0.0422,0.0001,0.0
2026-06-09,Kolkata,coastal,0.0,0.0,0.0,0.0,0.0,0.74,0.0422,0.0001,0.0
2026-06-09,Surat,coastal,0.1,0.0,0.0,0.0,0.0,0.74,0.0422,0.0001,0.0
2026-06-09,Mahabaleshwar,orographic,6.6,3.2,5.0,3.4,3.4,5.79,0.1402,0.0033,0.0005
2026-06-09,Munnar,orographic,29.3,3.2,5.0,3.4,3.4,8.07,0.1402,0.0033,0.0005
2026-06-09,Madikeri,orographic,11.1,9.3,12.2,10.8,10.8,13.63,0.3036,0.0152,0.0024
2026-06-09,Ooty,orographic,8.9,0.4,1.2,0.5,0.5,2.68,0.0466,0.0005,0.0001
2026-06-09,Lonavala,orographic,5.6,3.9,5.9,4.1,4.1,5.74,0.1618,0.0043,0.0006
2026-06-09,Wayanad,orographic,17.0,4.6,6.7,4.9,4.9,7.14,0.1826,0.0054,0.0008
2026-06-09,Shimla,orographic,0.1,0.0,0.0,0.0,0.0,0.0,0.0327,0.0003,0.0
2026-06-09,Dehradun,orographic,0.4,0.0,0.0,0.0,0.0,0.0,0.0327,0.0003,0.0
2026-06-09,Srinagar,orographic,0.0,0.1,0.6,0.2,0.2,0.35,0.0362,0.0003,0.0
2026-06-09,Gangtok,orographic,24.7,15.4,18.77,19.0,19.0,8.28,0.4206,0.0332,0.0053
2026-06-09,Guwahati,orographic,9.9,6.3,8.6,7.0,7.0,5.8,0.2301,0.0084,0.0013
2026-06-09,Cherrapunji,orographic,11.6,6.7,9.2,7.5,7.5,6.74,0.2406,0.0092,0.0014
2026-06-09,Imphal,orographic,3.2,0.0,0.0,0.0,0.0,1.05,0.0327,0.0003,0.0
2026-06-09,Agartala,orographic,2.2,11.7,14.9,14.0,14.0,7.4,0.3542,0.0216,0.0034
2026-06-09,Lucknow,normal,0.6,0.3,1.0,1.0,1.0,1.0,0.038,0.0001,0.0
2026-06-09,Patna,normal,0.9,0.0,0.0,0.0,0.0,0.25,0.0288,0.0001,0.0
2026-06-09,Varanasi,normal,0.0,0.0,0.0,0.0,0.0,0.25,0.0288,0.0001,0.0
2026-06-09,Delhi,normal,0.0,0.8,1.7,1.8,1.8,1.69,0.0535,0.0002,0.0
2026-06-09,Kanpur,normal,0.4,0.0,0.0,0.0,0.0,0.25,0.0288,0.0001,0.0
2026-06-09,Ranchi,normal,0.5,0.0,0.0,0.0,0.0,0.25,0.0288,0.0001,0.0
2026-06-09,Jodhpur,normal,0.0,0.0,0.0,0.0,0.0,0.0,0.0288,0.0001,0.0
2026-06-09,Bikaner,normal,0.0,0.0,0.0,0.0,0.0,0.0,0.0288,0.0001,0.0
2026-06-09,Jaisalmer,normal,0.0,0.0,0.0,0.0,0.0,0.0,0.0288,0.0001,0.0
2026-06-09,Hyderabad,normal,1.3,4.3,6.3,6.9,6.9,4.36,0.1558,0.0013,0.0002
2026-06-09,Bengaluru,normal,1.1,0.2,0.8,0.8,0.8,1.09,0.035,0.0001,0.0
2026-06-09,Pune,normal,1.1,0.4,1.2,1.2,1.2,2.21,0.0411,0.0001,0.0
2026-06-09,Kurnool,normal,0.0,2.7,4.4,5.0,5.0,3.0,0.1107,0.0007,0.0001
2026-06-09,Madurai,normal,0.5,0.5,1.3,1.4,1.4,1.54,0.0442,0.0002,0.0
2026-06-10,Nagpur,normal,0.4,0.5,1.3,1.4,1.4,1.72,0.0442,0.0002,0.0
2026-06-10,Bhopal,normal,0.0,0.0,0.0,0.0,0.0,0.37,0.0288,0.0001,0.0
2026-06-10,Raipur,normal,0.3,0.0,0.0,0.0,0.0,0.37,0.0288,0.0001,0.0
2026-06-10,Jabalpur,normal,1.1,0.9,2.0,2.2,2.2,1.77,0.0566,0.0002,0.0
2026-06-10,Akola,normal,0.0,0.0,0.0,0.0,0.0,0.37,0.0288,0.0001,0.0
2026-06-10,Amravati,normal,0.1,0.4,1.2,1.2,1.2,1.35,0.0411,0.0001,0.0
2026-06-10,Aurangabad,normal,0.0,0.0,0.0,0.0,0.0,0.37,0.0288,0.0001,0.0
2026-06-10,Bhubaneswar,normal,0.1,0.0,0.0,0.0,0.0,0.37,0.0288,0.0001,0.0
2026-06-10,Mumbai,coastal,9.7,0.6,1.5,2.5,2.5,3.24,0.0686,0.0002,0.0
2026-06-10,Thiruvananthapuram,coastal,12.6,5.6,7.9,10.1,10.1,8.51,0.2584,0.0025,0.0002
2026-06-10,Kochi,coastal,16.0,11.2,14.4,16.3,16.3,12.28,0.406,0.0071,0.0006
2026-06-10,Mangaluru,depression,17.7,33.7,38.8,19.54,52.31,22.67,0.7445,0.0718,0.0056
2026-06-10,Panaji,coastal,30.2,20.0,23.7,26.6,26.6,14.76,0.5535,0.018,0.0014
2026-06-10,Chennai,coastal,0.9,0.0,0.0,0.0,0.0,1.41,0.0422,0.0001,0.0
2026-06-10,Visakhapatnam,coastal,1.2,4.0,6.0,8.2,8.2,5.64,0.2045,0.0015,0.0001
2026-06-10,Puri,coastal,0.9,0.0,0.0,0.0,0.0,0.74,0.0422,0.0001,0.0
2026-06-10,Kolkata,coastal,9.3,0.0,0.0,0.0,0.0,0.74,0.0422,0.0001,0.0
2026-06-10,Surat,coastal,3.1,0.1,0.6,1.2,1.2,1.18,0.0466,0.0001,0.0
2026-06-10,Mahabaleshwar,orographic,4.2,1.3,2.5,1.4,1.4,4.46,0.0777,0.0012,0.0002
2026-06-10,Munnar,orographic,12.3,2.4,4.1,2.62,2.62,5.71,0.1145,0.0023,0.0003
2026-06-10,Madikeri,orographic,8.2,3.1,4.9,3.3,3.3,8.07,0.137,0.0031,0.0005
2026-06-10,Ooty,orographic,0.5,0.1,0.6,0.2,0.2,1.51,0.0362,0.0003,0.0
2026-06-10,Lonavala,orographic,5.2,3.1,4.9,3.3,3.3,6.16,0.137,0.0031,0.0005
2026-06-10,Wayanad,orographic,3.2,0.8,1.8,0.9,0.9,4.34,0.0605,0.0008,0.0001
2026-06-10,Shimla,orographic,0.0,0.0,0.0,0.0,0.0,0.0,0.0327,0.0003,0.0
2026-06-10,Dehradun,orographic,0.7,0.0,0.0,0.0,0.0,0.0,0.0327,0.0003,0.0
2026-06-10,Srinagar,orographic,0.0,2.4,4.1,2.7,2.7,1.69,0.1145,0.0023,0.0003
2026-06-10,Gangtok,orographic,6.5,14.1,17.4,17.37,17.37,8.55,0.3987,0.0289,0.0046
2026-06-10,Guwahati,orographic,4.4,5.8,8.1,6.4,6.4,5.8,0.2166,0.0075,0.0011
2026-06-10,Cherrapunji,orographic,7.6,29.8,34.51,42.41,42.41,12.46,0.5916,0.0922,0.0158
2026-06-10,Imphal,orographic,6.4,1.9,3.4,2.0,2.0,1.82,0.098,0.0017,0.0003
2026-06-10,Agartala,orographic,12.4,20.6,24.3,26.9,26.9,10.89,0.4954,0.0522,0.0086
2026-06-10,Lucknow,normal,0.0,0.0,0.0,0.0,0.0,0.67,0.0288,0.0001,0.0
2026-06-10,Patna,normal,0.3,0.0,0.0,0.0,0.0,0.25,0.0288,0.0001,0.0
2026-06-10,Varanasi,normal,0.6,0.3,1.0,1.0,1.0,1.0,0.038,0.0001,0.0
2026-06-10,Delhi,normal,0.4,0.0,0.0,0.0,0.0,0.87,0.0288,0.0001,0.0
2026-06-10,Kanpur,normal,0.0,0.0,0.0,0.0,0.0,0.25,0.0288,0.0001,0.0
2026-06-10,Ranchi,normal,0.4,0.0,0.0,0.0,0.0,0.25,0.0288,0.0001,0.0
2026-06-10,Jodhpur,normal,0.0,0.0,0.0,0.0,0.0,0.0,0.0288,0.0001,0.0
2026-06-10,Bikaner,normal,0.0,0.0,0.0,0.0,0.0,0.0,0.0288,0.0001,0.0
2026-06-10,Jaisalmer,normal,0.0,0.0,0.0,0.0,0.0,0.0,0.0288,0.0001,0.0
2026-06-10,Hyderabad,normal,1.0,0.5,1.3,1.4,1.4,2.94,0.0442,0.0002,0.0
2026-06-10,Bengaluru,normal,2.6,0.0,0.0,0.0,0.0,0.78,0.0288,0.0001,0.0
2026-06-10,Pune,normal,0.2,0.0,0.0,0.0,0.0,1.11,0.0288,0.0001,0.0
2026-06-10,Kurnool,normal,0.0,1.1,2.3,2.4,2.4,3.56,0.0627,0.0003,0.0
2026-06-10,Madurai,normal,0.1,1.1,2.3,2.4,2.4,2.76,0.0627,0.0003,0.0
2026-06-11,Nagpur,normal,0.0,2.1,3.6,4.0,4.0,3.22,0.093,0.0005,0.0001
2026-06-11,Bhopal,normal,0.0,0.0,0.0,0.0,0.0,0.54,0.0288,0.0001,0.0
2026-06-11,Raipur,normal,0.1,1.0,2.1,2.3,2.3,2.03,0.0596,0.0002,0.0
2026-06-11,Jabalpur,normal,0.0,1.7,3.1,3.4,3.4,3.23,0.081,0.0004,0.0001
2026-06-11,Akola,normal,0.0,0.0,0.0,0.0,0.0,0.54,0.0288,0.0001,0.0
2026-06-11,Amravati,normal,0.0,0.0,0.0,0.0,0.0,1.06,0.0288,0.0001,0.0
2026-06-11,Aurangabad,normal,0.0,0.0,0.0,0.0,0.0,0.54,0.0288,0.0001,0.0
2026-06-11,Bhubaneswar,normal,13.6,18.5,22.26,23.2,23.2,10.12,0.435,0.0124,0.0017
2026-06-11,Mumbai,coastal,1.6,0.5,1.3,2.2,2.2,3.21,0.0643,0.0002,0.0
2026-06-11,Thiruvananthapuram,coastal,27.9,0.7,1.62,2.7,2.7,5.21,0.073,0.0002,0.0
2026-06-11,Kochi,coastal,10.3,2.8,4.5,6.45,6.45,6.88,0.1598,0.001,0.0001
2026-06-11,Mangaluru,coastal,10.0,8.8,11.7,13.73,13.73,12.33,0.3496,0.0049,0.0004
2026-06-11,Panaji,coastal,4.0,4.0,6.0,8.2,8.2,8.88,0.2045,0.0015,0.0001
2026-06-11,Chennai,coastal,4.0,6.6,9.0,11.2,11.2,8.73,0.2891,0.0032,0.0002
2026-06-11,Visakhapatnam,coastal,0.6,0.0,0.0,0.0,0.0,2.11,0.0422,0.0001,0.0
2026-06-11,Puri,coastal,5.6,0.0,0.0,0.0,0.0,1.03,0.0422,0.0001,0.0
2026-06-11,Kolkata,coastal,16.4,8.2,10.9,12.9,12.9,8.82,0.334,0.0044,0.0003
2026-06-11,Surat,coastal,0.7,0.0,0.0,0.0,0.0,1.1,0.0422,0.0001,0.0
2026-06-11,Mahabaleshwar,orographic,3.1,0.6,1.5,0.7,0.7,3.85,0.0536,0.0006,0.0001
2026-06-11,Munnar,orographic,9.6,3.1,4.9,3.3,3.3,6.62,0.137,0.0031,0.0005
2026-06-11,Madikeri,orographic,15.5,2.9,4.6,3.1,3.1,6.52,0.1307,0.0029,0.0004
2026-06-11,Ooty,orographic,3.8,5.5,7.8,6.0,6.0,7.02,0.2083,0.0069,0.0011
2026-06-11,Lonavala,orographic,2.5,1.6,3.0,1.6,1.6,5.23,0.0879,0.0014,0.0002
2026-06-11,Wayanad,orographic,8.2,0.9,2.0,1.03,1.03,3.79,0.064,0.0008,0.0001
2026-06-11,Shimla,orographic,5.3,6.8,9.3,7.6,7.6,4.31,0.2432,0.0095,0.0014
2026-06-11,Dehradun,orographic,5.6,3.6,5.5,3.8,3.8,2.34,0.1526,0.0038,0.0006
2026-06-11,Srinagar,orographic,4.1,0.0,0.0,0.0,0.0,0.7,0.0327,0.0003,0.0
2026-06-11,Gangtok,orographic,5.6,20.0,23.7,25.91,25.91,10.91,0.4876,0.0499,0.0081
2026-06-11,Guwahati,orographic,10.5,14.1,17.4,17.37,17.37,9.74,0.3987,0.0289,0.0046
2026-06-11,Cherrapunji,orographic,4.1,17.8,21.4,23.1,23.1,11.89,0.4574,0.0416,0.0067
2026-06-11,Imphal,orographic,12.9,19.8,23.5,25.7,25.7,10.05,0.485,0.0491,0.008
2026-06-11,Agartala,orographic,5.0,1.4,2.7,1.5,1.5,4.28,0.0811,0.0013,0.0002
2026-06-11,Lucknow,normal,0.7,1.1,2.3,2.4,2.4,2.29,0.0627,0.0003,0.0
2026-06-11,Patna,normal,0.5,2.4,4.1,4.6,4.6,3.27,0.1019,0.0006,0.0001
2026-06-11,Varanasi,normal,0.0,1.0,2.1,2.3,2.3,2.69,0.0596,0.0002,0.0
2026-06-11,Delhi,normal,0.2,6.3,8.6,9.0,9.0,4.92,0.2078,0.0023,0.0003
2026-06-11,Kanpur,normal,0.2,0.4,1.2,1.2,1.2,1.71,0.0411,0.0001,0.0
2026-06-11,Ranchi,normal,0.2,0.0,0.0,0.0,0.0,0.46,0.0288,0.0001,0.0
2026-06-11,Jodhpur,normal,0.0,0.0,0.0,0.0,0.0,0.0,0.0288,0.0001,0.0
2026-06-11,Bikaner,normal,0.0,0.0,0.0,0.0,0.0,0.0,0.0288,0.0001,0.0
2026-06-11,Jaisalmer,normal,0.0,0.0,0.0,0.0,0.0,0.0,0.0288,0.0001,0.0
2026-06-11,Hyderabad,normal,0.0,8.0,10.6,11.5,11.5,5.95,0.2481,0.0033,0.0004
2026-06-11,Bengaluru,normal,0.6,1.3,2.5,2.8,2.8,2.21,0.0688,0.0003,0.0
2026-06-11,Pune,normal,0.0,0.0,0.0,0.0,0.0,0.66,0.0288,0.0001,0.0
2026-06-11,Kurnool,normal,0.0,10.2,13.2,13.8,13.8,6.29,0.2954,0.0048,0.0006
2026-06-11,Madurai,normal,3.0,0.0,0.0,0.0,0.0,1.45,0.0288,0.0001,0.0
2026-06-12,Nagpur,normal,1.9,0.2,0.8,0.8,0.8,1.82,0.035,0.0001,0.0
2026-06-12,Bhopal,normal,3.1,1.0,2.1,2.3,2.3,1.82,0.0596,0.0002,0.0
2026-06-12,Raipur,normal,1.4,1.3,2.5,2.8,2.8,2.91,0.0688,0.0003,0.0
2026-06-12,Jabalpur,normal,1.6,4.0,6.0,6.6,6.6,4.61,0.1476,0.0012,0.0002
2026-06-12,Akola,normal,0.1,0.0,0.0,0.0,0.0,0.39,0.0288,0.0001,0.0
2026-06-12,Amravati,normal,0.1,0.1,0.6,0.6,0.6,0.87,0.0319,0.0001,0.0
2026-06-12,Aurangabad,normal,1.0,0.0,0.0,0.0,0.0,0.39,0.0288,0.0001,0.0
2026-06-12,Bhubaneswar,normal,12.8,0.0,0.0,0.0,0.0,1.77,0.0288,0.0001,0.0
2026-06-12,Mumbai,coastal,1.1,0.0,0.0,0.0,0.0,1.2,0.0422,0.0001,0.0
2026-06-12,Thiruvananthapuram,coastal,18.5,2.8,4.5,6.45,6.45,4.64,0.1598,0.001,0.0001
2026-06-12,Kochi,coastal,8.7,6.2,8.5,10.7,10.7,8.49,0.2771,0.0029,0.0002
2026-06-12,Mangaluru,coastal,14.8,1.0,2.1,3.16,3.16,4.63,0.086,0.0003,0.0
2026-06-12,Panaji,coastal,1.8,2.2,3.8,5.6,5.6,4.86,0.1361,0.0007,0.0001
2026-06-12,Chennai,coastal,3.3,1.6,3.0,4.6,4.6,4.92,0.1115,0.0005,0.0
2026-06-12,Visakhapatnam,coastal,20.4,0.0,0.0,0.0,0.0,0.77,0.0422,0.0001,0.0
2026-06-12,Puri,coastal,3.8,0.0,0.0,0.0,0.0,0.77,0.0422,0.0001,0.0
2026-06-12,Kolkata,coastal,1.3,21.9,25.7,29.81,29.81,15.06,0.5768,0.0208,0.0017
2026-06-12,Surat,coastal,0.3,0.0,0.0,0.0,0.0,0.77,0.0422,0.0001,0.0
2026-06-12,Mahabaleshwar,orographic,9.2,0.0,0.0,0.0,0.0,1.41,0.0327,0.0003,0.0
2026-06-12,Munnar,orographic,7.7,2.2,3.8,2.3,2.3,5.0,0.1079,0.0021,0.0003
2026-06-12,Madikeri,orographic,6.7,0.5,1.3,0.6,0.6,3.22,0.0501,0.0006,0.0001
2026-06-12,Ooty,orographic,15.8,10.5,13.6,12.5,12.5,14.53,0.3297,0.0183,0.0029
2026-06-12,Lonavala,orographic,3.8,0.6,1.5,0.7,0.7,3.36,0.0536,0.0006,0.0001
2026-06-12,Wayanad,orographic,3.1,3.1,4.9,3.3,3.3,5.07,0.137,0.0031,0.0005
2026-06-12,Shimla,orographic,8.2,0.1,0.6,0.2,0.2,1.41,0.0362,0.0003,0.0
2026-06-12,Dehradun,orographic,17.6,0.3,1.0,0.4,0.4,1.43,0.0431,0.0004,0.0001
2026-06-12,Srinagar,orographic,0.4,3.6,5.5,3.8,3.8,2.31,0.1526,0.0038,0.0006
2026-06-12,Gangtok,orographic,6.6,4.4,6.5,4.7,4.7,5.18,0.1768,0.005,0.0008
2026-06-12,Guwahati,orographic,1.6,15.3,18.7,18.9,18.9,9.35,0.4189,0.0328,0.0052
2026-06-12,Cherrapunji,orographic,13.4,22.4,26.1,29.8,29.8,12.04,0.5173,0.0595,0.0098
2026-06-12,Imphal,orographic,22.3,21.0,24.7,27.26,27.26,12.04,0.5004,0.0538,0.0088
2026-06-12,Agartala,orographic,11.7,4.2,6.2,4.5,4.5,3.33,0.1708,0.0047,0.0007
2026-06-12,Lucknow,normal,9.0,1.7,3.2,3.5,3.5,3.01,0.081,0.0004,0.0001
2026-06-12,Patna,normal,0.0,0.0,0.0,0.0,0.0,1.04,0.0288,0.0001,0.0
2026-06-12,Varanasi,normal,1.1,0.5,1.3,1.4,1.4,2.19,0.0442,0.0002,0.0
2026-06-12,Delhi,normal,8.1,34.7,39.9,42.71,42.71,12.84,0.5991,0.0345,0.0048
2026-06-12,Kanpur,normal,0.6,0.5,1.3,1.4,1.4,1.89,0.0442,0.0002,0.0
2026-06-12,Ranchi,normal,0.3,1.4,2.7,3.0,3.0,1.96,0.0719,0.0003,0.0
2026-06-12,Jodhpur,normal,0.0,0.0,0.0,0.0,0.0,0.0,0.0288,0.0001,0.0
2026-06-12,Bikaner,normal,0.0,0.0,0.0,0.0,0.0,0.0,0.0288,0.0001,0.0
2026-06-12,Jaisalmer,normal,0.0,0.0,0.0,0.0,0.0,0.0,0.0288,0.0001,0.0
2026-06-12,Hyderabad,normal,0.0,9.5,12.4,13.1,13.1,7.57,0.2809,0.0043,0.0006
2026-06-12,Bengaluru,normal,4.1,5.9,8.2,8.7,8.7,5.33,0.1978,0.0021,0.0003
2026-06-12,Pune,normal,0.8,0.0,0.0,0.0,0.0,0.59,0.0288,0.0001,0.0
2026-06-12,Kurnool,normal,0.0,3.3,5.1,5.8,5.8,5.37,0.128,0.0009,0.0001
2026-06-12,Madurai,normal,0.0,0.1,0.6,0.6,0.6,0.95,0.0319,0.0001,0.0
2026-06-13,Nagpur,normal,5.8,0.3,1.0,1.0,1.0,1.39,0.038,0.0001,0.0
2026-06-13,Bhopal,normal,7.2,0.3,1.0,1.0,1.0,1.89,0.038,0.0001,0.0
2026-06-13,Raipur,normal,0.5,0.4,1.2,1.2,1.2,2.05,0.0411,0.0001,0.0
2026-06-13,Jabalpur,normal,13.2,1.1,2.3,2.4,2.4,3.46,0.0627,0.0003,0.0
2026-06-13,Akola,normal,4.3,0.0,0.0,0.0,0.0,0.37,0.0288,0.0001,0.0
2026-06-13,Amravati,normal,1.3,0.2,0.8,0.8,0.8,1.21,0.035,0.0001,0.0
2026-06-13,Aurangabad,normal,0.4,0.0,0.0,0.0,0.0,0.37,0.0288,0.0001,0.0
2026-06-13,Bhubaneswar,normal,3.8,0.0,0.0,0.0,0.0,0.37,0.0288,0.0001,0.0
2026-06-13,Mumbai,coastal,1.2,0.5,1.3,2.2,2.2,2.02,0.0643,0.0002,0.0
2026-06-13,Thiruvananthapuram,coastal,10.4,4.7,6.9,9.24,9.24,7.03,0.2288,0.0019,0.0001
2026-06-13,Kochi,coastal,8.8,7.8,10.4,12.5,12.5,10.0,0.3233,0.0041,0.0003
2026-06-13,Mangaluru,coastal,6.7,4.0,6.0,8.2,8.2,5.91,0.2045,0.0015,0.0001
2026-06-13,Panaji,coastal,4.8,2.1,3.6,5.4,5.4,4.07,0.1321,0.0007,0.0001
2026-06-13,Chennai,coastal,1.4,1.0,2.1,3.16,3.16,3.3,0.086,0.0003,0.0
2026-06-13,Visakhapatnam,coastal,0.3,0.5,1.3,2.2,2.2,2.02,0.0643,0.0002,0.0
2026-06-13,Puri,coastal,2.9,0.0,0.0,0.0,0.0,0.74,0.0422,0.0001,0.0
2026-06-13,Kolkata,coastal,1.5,0.1,0.6,1.2,1.2,2.46,0.0466,0.0001,0.0
2026-06-13,Surat,coastal,0.7,0.0,0.0,0.0,0.0,0.74,0.0422,0.0001,0.0
2026-06-13,Mahabaleshwar,orographic,5.9,1.2,2.4,1.3,1.3,2.85,0.0743,0.0011,0.0002
2026-06-13,Munnar,orographic,5.2,4.9,7.1,5.3,5.3,7.17,0.1913,0.0059,0.0009
2026-06-13,Madikeri,orographic,3.5,6.1,8.5,6.85,6.85,7.92,0.2247,0.0081,0.0012
2026-06-13,Ooty,orographic,3.2,9.4,12.3,10.9,10.9,13.63,0.3058,0.0154,0.0024
2026-06-13,Lonavala,orographic,7.9,1.1,2.3,1.2,1.2,3.46,0.0708,0.001,0.0001
2026-06-13,Wayanad,orographic,4.5,4.6,6.7,4.9,4.9,7.58,0.1826,0.0054,0.0008
2026-06-13,Shimla,orographic,4.2,1.9,3.4,2.0,2.0,1.48,0.098,0.0017,0.0003
2026-06-13,Dehradun,orographic,3.4,2.1,3.6,2.3,2.3,1.66,0.1046,0.0019,0.0003
2026-06-13,Srinagar,orographic,6.8,3.0,4.8,3.2,3.2,2.68,0.1338,0.003,0.0005
2026-06-13,Gangtok,orographic,9.8,13.3,16.4,15.8,15.8,6.97,0.3844,0.0264,0.0042
2026-06-13,Guwahati,orographic,14.6,27.5,31.86,37.46,37.46,13.15,0.5709,0.0816,0.0138
2026-06-13,Cherrapunji,orographic,15.3,42.2,50.9,61.0,61.0,19.11,0.6773,0.1538,0.0282
2026-06-13,Imphal,orographic,13.6,45.3,54.65,64.4,64.4,20.37,0.6937,0.17,0.0317
2026-06-13,Agartala,orographic,3.6,0.1,0.6,0.2,0.2,1.78,0.0362,0.0003,0.0
2026-06-13,Lucknow,normal,23.4,3.7,5.6,6.3,6.3,4.0,0.1393,0.0011,0.0001
2026-06-13,Patna,normal,1.8,1.5,2.8,3.1,3.1,2.06,0.0749,0.0004,0.0
2026-06-13,Varanasi,normal,2.6,0.0,0.0,0.0,0.0,0.67,0.0288,0.0001,0.0
2026-06-13,Delhi,normal,0.7,8.1,10.8,11.7,11.7,7.22,0.2503,0.0034,0.0004
2026-06-13,Kanpur,normal,11.6,0.3,1.0,1.0,1.0,1.46,0.038,0.0001,0.0
2026-06-13,Ranchi,normal,1.1,0.1,0.6,0.6,0.6,1.36,0.0319,0.0001,0.0
2026-06-13,Jodhpur,normal,0.3,0.0,0.0,0.0,0.0,0.0,0.0288,0.0001,0.0
2026-06-13,Bikaner,normal,0.8,0.0,0.0,0.0,0.0,0.0,0.0288,0.0001,0.0
2026-06-13,Jaisalmer,normal,0.2,0.0,0.0,0.0,0.0,0.0,0.0288,0.0001,0.0
2026-06-13,Hyderabad,normal,2.8,5.3,7.6,8.2,8.2,6.47,0.1824,0.0018,0.0002
2026-06-13,Bengaluru,normal,15.0,4.8,7.0,7.5,7.5,6.35,0.1693,0.0016,0.0002
2026-06-13,Pune,normal,1.2,0.0,0.0,0.0,0.0,0.59,0.0288,0.0001,0.0
2026-06-13,Kurnool,normal,0.0,12.3,15.4,16.3,16.3,7.27,0.3361,0.0065,0.0009
2026-06-13,Madurai,normal,2.3,0.6,1.5,1.6,1.6,2.35,0.0473,0.0002,0.0
2026-06-14,Nagpur,normal,1.5,0.4,1.2,1.2,1.2,1.83,0.0411,0.0001,0.0
2026-06-14,Bhopal,normal,6.2,4.3,6.3,6.9,6.9,4.37,0.1558,0.0013,0.0002
2026-06-14,Raipur,normal,1.7,0.1,0.6,0.6,0.6,1.3,0.0319,0.0001,0.0
2026-06-14,Jabalpur,normal,0.4,0.7,1.6,1.7,1.7,2.71,0.0504,0.0002,0.0
2026-06-14,Akola,normal,1.4,0.0,0.0,0.0,0.0,0.39,0.0288,0.0001,0.0
2026-06-14,Amravati,normal,8.7,0.0,0.0,0.0,0.0,0.56,0.0288,0.0001,0.0
2026-06-14,Aurangabad,normal,0.0,0.0,0.0,0.0,0.0,0.39,0.0288,0.0001,0.0
2026-06-14,Bhubaneswar,normal,26.4,0.5,1.3,1.4,1.4,1.44,0.0442,0.0002,0.0
2026-06-14,Mumbai,coastal,2.8,0.6,1.5,2.5,2.5,3.06,0.0686,0.0002,0.0
2026-06-14,Thiruvananthapuram,coastal,4.2,0.0,0.0,0.0,0.0,1.72,0.0422,0.0001,0.0
2026-06-14,Kochi,coastal,4.8,4.5,6.6,9.1,9.1,8.22,0.222,0.0018,0.0001
2026-06-14,Mangaluru,coastal,2.8,4.2,6.2,8.54,8.54,7.14,0.2116,0.0017,0.0001
2026-06-14,Panaji,coastal,6.2,1.2,2.4,3.56,3.56,3.74,0.0946,0.0004,0.0
2026-06-14,Chennai,coastal,0.4,2.9,4.6,6.7,6.7,4.64,0.1637,0.001,0.0001
2026-06-14,Visakhapatnam,coastal,2.3,5.5,7.8,10.0,10.0,6.6,0.2552,0.0024,0.0002
2026-06-14,Puri,coastal,1.2,0.0,0.0,0.0,0.0,0.77,0.0422,0.0001,0.0
2026-06-14,Kolkata,coastal,1.9,10.9,14.0,16.1,16.1,8.44,0.3994,0.0068,0.0005
2026-06-14,Surat,coastal,1.9,0.0,0.0,0.0,0.0,0.77,0.0422,0.0001,0.0
2026-06-14,Mahabaleshwar,orographic,8.7,0.2,0.8,0.3,0.3,2.04,0.0396,0.0004,0.0001
2026-06-14,Munnar,orographic,2.7,3.5,5.35,3.6,3.6,7.83,0.1495,0.0037,0.0006
2026-06-14,Madikeri,orographic,3.4,4.0,6.0,4.2,4.2,9.66,0.1648,0.0044,0.0007
2026-06-14,Ooty,orographic,0.6,5.3,7.6,5.8,5.8,10.66,0.2027,0.0066,0.001
2026-06-14,Lonavala,orographic,8.7,1.4,2.7,1.5,1.5,3.57,0.0811,0.0013,0.0002
2026-06-14,Wayanad,orographic,1.5,3.5,5.35,3.6,3.6,6.47,0.1495,0.0037,0.0006
2026-06-14,Shimla,orographic,1.6,0.1,0.6,0.2,0.2,0.79,0.0362,0.0003,0.0
2026-06-14,Dehradun,orographic,0.4,0.0,0.0,0.0,0.0,0.54,0.0327,0.0003,0.0
2026-06-14,Srinagar,orographic,0.2,0.8,1.8,0.9,0.9,1.94,0.0605,0.0008,0.0001
2026-06-14,Gangtok,orographic,13.7,15.9,19.3,19.8,19.8,8.36,0.4286,0.0349,0.0056
2026-06-14,Guwahati,orographic,5.9,10.9,14.0,13.0,13.0,8.12,0.338,0.0194,0.003
2026-06-14,Cherrapunji,orographic,7.7,11.4,14.6,13.8,13.8,9.9,0.3482,0.0208,0.0033
2026-06-14,Imphal,orographic,0.3,5.0,7.2,5.5,5.5,6.38,0.1942,0.006,0.0009
2026-06-14,Agartala,orographic,5.6,17.5,21.2,22.8,22.8,7.06,0.453,0.0405,0.0065
2026-06-14,Lucknow,normal,0.0,0.1,0.6,0.6,0.6,1.62,0.0319,0.0001,0.0
2026-06-14,Patna,normal,0.7,0.5,1.3,1.4,1.4,2.23,0.0442,0.0002,0.0
2026-06-14,Varanasi,normal,0.0,0.0,0.0,0.0,0.0,0.26,0.0288,0.0001,0.0
2026-06-14,Delhi,normal,0.5,4.1,6.2,6.8,6.8,5.51,0.1504,0.0013,0.0002
2026-06-14,Kanpur,normal,0.0,1.2,2.4,2.6,2.6,2.54,0.0658,0.0003,0.0
2026-06-14,Ranchi,normal,0.3,1.2,2.4,2.7,2.7,2.31,0.0658,0.0003,0.0
2026-06-14,Jodhpur,normal,0.2,0.0,0.0,0.0,0.0,0.0,0.0288,0.0001,0.0
2026-06-14,Bikaner,normal,0.1,2.2,3.8,4.3,4.3,1.36,0.096,0.0006,0.0001
2026-06-14,Jaisalmer,normal,0.0,0.0,0.0,0.0,0.0,0.0,0.0288,0.0001,0.0
2026-06-14,Hyderabad,normal,0.7,0.2,0.8,0.8,0.8,2.66,0.035,0.0001,0.0
2026-06-14,Bengaluru,normal,4.9,3.1,4.9,5.5,5.5,5.29,0.1223,0.0009,0.0001
2026-06-14,Pune,normal,2.1,0.0,0.0,0.0,0.0,0.59,0.0288,0.0001,0.0
2026-06-14,Kurnool,normal,0.0,2.3,3.9,4.4,4.4,4.96,0.099,0.0006,0.0001
2026-06-14,Madurai,normal,0.9,0.7,1.62,1.8,1.8,2.79,0.0504,0.0002,0.0
2026-06-15,Nagpur,normal,0.3,0.6,1.4,1.5,1.5,2.43,0.0473,0.0002,0.0
2026-06-15,Bhopal,normal,7.0,1.9,3.4,3.7,3.7,3.78,0.087,0.0005,0.0001
2026-06-15,Raipur,normal,2.0,0.9,2.0,2.2,2.2,2.21,0.0566,0.0002,0.0
2026-06-15,Jabalpur,normal,0.0,0.1,0.6,0.6,0.6,1.53,0.0319,0.0001,0.0
2026-06-15,Akola,normal,0.0,0.2,0.8,0.8,0.8,1.01,0.035,0.0001,0.0
2026-06-15,Amravati,normal,1.2,1.0,2.1,2.3,2.3,1.82,0.0596,0.0002,0.0
2026-06-15,Aurangabad,normal,0.1,0.0,0.0,0.0,0.0,0.39,0.0288,0.0001,0.0
2026-06-15,Bhubaneswar,normal,9.6,1.1,2.3,2.4,2.4,2.62,0.0627,0.0003,0.0
2026-06-15,Mumbai,coastal,2.3,0.1,0.6,1.2,1.2,1.7,0.0466,0.0001,0.0
2026-06-15,Thiruvananthapuram,coastal,3.0,0.4,1.2,2.1,2.1,2.02,0.0599,0.0002,0.0
2026-06-15,Kochi,coastal,5.2,9.6,12.6,14.7,14.7,9.66,0.3694,0.0056,0.0004
2026-06-15,Mangaluru,coastal,3.6,2.0,3.5,5.2,5.2,4.86,0.128,0.0006,0.0
2026-06-15,Panaji,coastal,2.7,0.5,1.3,2.2,2.2,2.7,0.0643,0.0002,0.0
2026-06-15,Chennai,coastal,1.7,3.2,5.0,7.2,7.2,5.7,0.1751,0.0011,0.0001
2026-06-15,Visakhapatnam,coastal,3.5,2.4,4.1,5.9,5.9,6.15,0.1441,0.0008,0.0001
2026-06-15,Puri,coastal,14.0,1.3,2.5,3.91,3.91,2.85,0.0989,0.0004,0.0
2026-06-15,Kolkata,coastal,15.1,0.2,0.8,1.6,1.6,2.88,0.051,0.0001,0.0
2026-06-15,Surat,coastal,2.4,0.0,0.0,0.0,0.0,0.77,0.0422,0.0001,0.0
2026-06-15,Mahabaleshwar,orographic,4.9,0.0,0.0,0.0,0.0,0.88,0.0327,0.0003,0.0
2026-06-15,Munnar,orographic,2.4,7.0,9.5,7.9,7.9,10.33,0.2483,0.0099,0.0015
2026-06-15,Madikeri,orographic,2.8,2.0,3.5,2.1,2.1,5.21,0.1013,0.0018,0.0003
2026-06-15,Ooty,orographic,0.1,7.4,9.9,8.2,8.2,12.86,0.2585,0.0107,0.0016
2026-06-15,Lonavala,orographic,5.2,1.2,2.4,1.3,1.3,3.63,0.0743,0.0011,0.0002
2026-06-15,Wayanad,orographic,0.2,2.2,3.8,2.3,2.3,5.0,0.1079,0.0021,0.0003
2026-06-15,Shimla,orographic,4.6,1.0,2.1,1.1,1.1,1.07,0.0674,0.0009,0.0001
2026-06-15,Dehradun,orographic,2.2,0.0,0.0,0.0,0.0,0.0,0.0327,0.0003,0.0
2026-06-15,Srinagar,orographic,1.2,1.8,3.3,1.9,1.9,1.81,0.0946,0.0016,0.0002
2026-06-15,Gangtok,orographic,11.5,10.2,13.2,12.1,12.1,7.15,0.3233,0.0175,0.0027
2026-06-15,Guwahati,orographic,11.8,18.8,22.6,24.4,24.4,11.12,0.4715,0.0453,0.0074
2026-06-15,Cherrapunji,orographic,3.4,12.2,15.3,14.4,14.4,7.75,0.3639,0.0231,0.0036
2026-06-15,Imphal,orographic,0.9,9.8,12.7,11.5,11.5,6.63,0.3146,0.0164,0.0026
2026-06-15,Agartala,orographic,0.4,6.3,8.7,7.1,7.1,6.71,0.2301,0.0084,0.0013
2026-06-15,Lucknow,normal,0.0,0.0,0.0,0.0,0.0,0.41,0.0288,0.0001,0.0
2026-06-15,Patna,normal,0.0,0.0,0.0,0.0,0.0,0.68,0.0288,0.0001,0.0
2026-06-15,Varanasi,normal,0.0,0.0,0.0,0.0,0.0,0.26,0.0288,0.0001,0.0
2026-06-15,Delhi,normal,1.3,3.0,4.8,5.4,5.4,4.05,0.1194,0.0008,0.0001
2026-06-15,Kanpur,normal,0.1,0.0,0.0,0.0,0.0,0.89,0.0288,0.0001,0.0
2026-06-15,Ranchi,normal,0.2,0.0,0.0,0.0,0.0,0.89,0.0288,0.0001,0.0
2026-06-15,Jodhpur,normal,0.5,0.0,0.0,0.0,0.0,0.0,0.0288,0.0001,0.0
2026-06-15,Bikaner,normal,0.1,0.0,0.0,0.0,0.0,0.45,0.0288,0.0001,0.0
2026-06-15,Jaisalmer,normal,0.0,0.0,0.0,0.0,0.0,0.0,0.0288,0.0001,0.0
2026-06-15,Hyderabad,normal,0.0,0.2,0.8,0.8,0.8,1.36,0.035,0.0001,0.0
2026-06-15,Bengaluru,normal,0.0,0.0,0.0,0.0,0.0,1.63,0.0288,0.0001,0.0
2026-06-15,Pune,normal,1.7,0.0,0.0,0.0,0.0,0.59,0.0288,0.0001,0.0
2026-06-15,Kurnool,normal,0.0,0.0,0.0,0.0,0.0,1.54,0.0288,0.0001,0.0
2026-06-15,Madurai,normal,0.6,2.6,4.3,4.9,4.9,3.58,0.1078,0.0007,0.0001
2026-06-16,Nagpur,normal,2.1,0.2,0.8,0.8,0.8,1.49,0.035,0.0001,0.0
2026-06-16,Bhopal,normal,7.3,0.8,1.8,1.9,1.9,2.77,0.0535,0.0002,0.0
2026-06-16,Raipur,normal,2.9,0.0,0.0,0.0,0.0,1.02,0.0288,0.0001,0.0
2026-06-16,Jabalpur,normal,2.2,0.1,0.6,0.6,0.6,1.06,0.0319,0.0001,0.0
2026-06-16,Akola,normal,0.3,0.0,0.0,0.0,0.0,0.54,0.0288,0.0001,0.0
2026-06-16,Amravati,normal,4.9,0.0,0.0,0.0,0.0,1.02,0.0288,0.0001,0.0
2026-06-16,Aurangabad,normal,0.1,0.0,0.0,0.0,0.0,0.37,0.0288,0.0001,0.0
2026-06-16,Bhubaneswar,normal,1.4,0.0,0.0,0.0,0.0,1.02,0.0288,0.0001,0.0
2026-06-16,Mumbai,coastal,0.9,0.0,0.0,0.0,0.0,0.8,0.0422,0.0001,0.0
2026-06-16,Thiruvananthapuram,coastal,8.2,0.2,0.8,1.6,1.6,1.73,0.051,0.0001,0.0
2026-06-16,Kochi,coastal,10.3,6.0,8.3,10.5,10.5,9.68,0.271,0.0028,0.0002
2026-06-16,Mangaluru,coastal,3.2,1.5,2.8,4.3,4.3,3.73,0.1073,0.0005,0.0
2026-06-16,Panaji,coastal,1.4,0.1,0.6,1.2,1.2,1.49,0.0466,0.0001,0.0
2026-06-16,Chennai,coastal,1.0,0.0,0.0,0.0,0.0,1.62,0.0422,0.0001,0.0
2026-06-16,Visakhapatnam,coastal,0.2,0.0,0.0,0.0,0.0,1.55,0.0422,0.0001,0.0
2026-06-16,Puri,coastal,0.1,0.0,0.0,0.0,0.0,1.34,0.0422,0.0001,0.0
2026-06-16,Kolkata,coastal,4.1,0.0,0.0,0.0,0.0,0.8,0.0422,0.0001,0.0
2026-06-16,Surat,coastal,3.5,0.0,0.0,0.0,0.0,0.74,0.0422,0.0001,0.0
2026-06-16,Mahabaleshwar,orographic,1.5,0.0,0.0,0.0,0.0,0.84,0.0327,0.0003,0.0
2026-06-16,Munnar,orographic,4.0,25.5,29.6,35.2,35.2,19.38,0.5512,0.0727,0.0122
2026-06-16,Madikeri,orographic,3.3,1.6,3.0,1.6,1.6,3.84,0.0879,0.0014,0.0002
2026-06-16,Ooty,orographic,0.0,20.1,23.8,26.16,26.16,19.38,0.4889,0.0503,0.0082
2026-06-16,Lonavala,orographic,1.1,0.6,1.5,0.7,0.7,3.33,0.0536,0.0006,0.0001
2026-06-16,Wayanad,orographic,1.3,12.8,15.9,15.1,15.1,10.93,0.3753,0.0249,0.0039
2026-06-16,Shimla,orographic,4.3,3.2,5.0,3.4,3.4,2.42,0.1402,0.0033,0.0005
2026-06-16,Dehradun,orographic,0.0,0.0,0.0,0.0,0.0,0.0,0.0327,0.0003,0.0
2026-06-16,Srinagar,orographic,0.6,1.6,3.0,1.6,1.6,1.78,0.0879,0.0014,0.0002
2026-06-16,Gangtok,orographic,15.1,7.4,10.0,8.3,8.3,5.98,0.2585,0.0107,0.0016
2026-06-16,Guwahati,orographic,16.1,7.6,10.2,8.6,8.6,7.2,0.2634,0.0112,0.0017
2026-06-16,Cherrapunji,orographic,3.0,5.9,8.2,6.5,6.5,5.76,0.2193,0.0077,0.0012
2026-06-16,Imphal,orographic,9.1,6.4,8.8,7.2,7.2,5.9,0.2327,0.0086,0.0013
2026-06-16,Agartala,orographic,1.6,5.4,7.7,5.9,5.9,5.18,0.2055,0.0067,0.001
2026-06-16,Lucknow,normal,0.0,0.0,0.0,0.0,0.0,0.25,0.0288,0.0001,0.0
2026-06-16,Patna,normal,0.0,0.0,0.0,0.0,0.0,0.25,0.0288,0.0001,0.0
2026-06-16,Varanasi,normal,0.0,0.0,0.0,0.0,0.0,0.25,0.0288,0.0001,0.0
2026-06-16,Delhi,normal,0.6,0.0,0.0,0.0,0.0,1.09,0.0288,0.0001,0.0
2026-06-16,Kanpur,normal,0.0,0.0,0.0,0.0,0.0,0.25,0.0288,0.0001,0.0
2026-06-16,Ranchi,normal,0.1,0.0,0.0,0.0,0.0,0.25,0.0288,0.0001,0.0
2026-06-16,Jodhpur,normal,0.3,0.6,1.4,1.5,1.5,0.81,0.0473,0.0002,0.0
2026-06-16,Bikaner,normal,0.0,3.1,4.9,5.5,5.5,1.82,0.1223,0.0009,0.0001
2026-06-16,Jaisalmer,normal,0.2,0.0,0.0,0.0,0.0,0.0,0.0288,0.0001,0.0
2026-06-16,Hyderabad,normal,0.0,0.2,0.8,0.8,0.8,1.35,0.035,0.0001,0.0
2026-06-16,Bengaluru,normal,0.4,0.0,0.0,0.0,0.0,0.59,0.0288,0.0001,0.0
2026-06-16,Pune,normal,0.6,0.0,0.0,0.0,0.0,0.59,0.0288,0.0001,0.0
2026-06-16,Kurnool,normal,0.0,0.0,0.0,0.0,0.0,0.59,0.0288,0.0001,0.0
2026-06-16,Madurai,normal,0.3,3.8,5.7,6.4,6.4,4.73,0.1421,0.0011,0.0001
2026-06-17,Nagpur,normal,0.9,0.3,1.0,1.0,1.0,1.39,0.038,0.0001,0.0
2026-06-17,Bhopal,normal,1.9,2.0,3.5,3.85,3.85,3.04,0.09,0.0005,0.0001
2026-06-17,Raipur,normal,0.4,1.7,3.1,3.4,3.4,2.12,0.081,0.0004,0.0001
2026-06-17,Jabalpur,normal,1.8,0.2,0.8,0.8,0.8,1.21,0.035,0.0001,0.0
2026-06-17,Akola,normal,0.0,0.0,0.0,0.0,0.0,0.37,0.0288,0.0001,0.0
2026-06-17,Amravati,normal,17.8,0.2,0.8,0.8,0.8,0.97,0.035,0.0001,0.0
2026-06-17,Aurangabad,normal,0.0,0.0,0.0,0.0,0.0,0.37,0.0288,0.0001,0.0
2026-06-17,Bhubaneswar,normal,0.2,0.0,0.0,0.0,0.0,0.37,0.0288,0.0001,0.0
2026-06-17,Mumbai,coastal,0.7,0.0,0.0,0.0,0.0,0.74,0.0422,0.0001,0.0
2026-06-17,Thiruvananthapuram,coastal,2.2,0.5,1.3,2.2,2.2,2.17,0.0643,0.0002,0.0
2026-06-17,Kochi,coastal,5.2,12.0,15.12,17.0,17.0,12.07,0.4229,0.008,0.0006
2026-06-17,Mangaluru,coastal,3.8,2.7,4.4,6.3,6.3,4.6,0.156,0.0009,0.0001
2026-06-17,Panaji,coastal,0.7,0.9,2.0,3.0,3.0,2.7,0.0817,0.0003,0.0
2026-06-17,Chennai,coastal,0.1,1.0,2.1,3.16,3.16,2.53,0.086,0.0003,0.0
2026-06-17,Visakhapatnam,coastal,10.6,0.2,0.8,1.6,1.6,1.39,0.051,0.0001,0.0
2026-06-17,Puri,coastal,0.4,0.0,0.0,0.0,0.0,0.74,0.0422,0.0001,0.0
2026-06-17,Kolkata,coastal,1.4,0.0,0.0,0.0,0.0,0.74,0.0422,0.0001,0.0
2026-06-17,Surat,coastal,2.6,0.0,0.0,0.0,0.0,0.74,0.0422,0.0001,0.0
2026-06-17,Mahabaleshwar,orographic,0.9,0.0,0.0,0.0,0.0,0.84,0.0327,0.0003,0.0
2026-06-17,Munnar,orographic,12.6,10.6,13.7,12.7,12.7,15.08,0.3318,0.0185,0.0029
2026-06-17,Madikeri,orographic,4.7,3.6,5.5,3.8,3.8,5.74,0.1526,0.0038,0.0006
2026-06-17,Ooty,orographic,5.3,37.5,44.05,55.15,55.15,26.29,0.6491,0.1298,0.0232
2026-06-17,Lonavala,orographic,2.9,0.5,1.3,0.6,0.6,2.6,0.0501,0.0006,0.0001
2026-06-17,Wayanad,orographic,2.7,17.1,20.8,22.2,22.2,18.28,0.4471,0.0391,0.0063
2026-06-17,Shimla,orographic,4.4,16.7,20.2,21.5,21.5,7.25,0.4411,0.0376,0.0061
2026-06-17,Dehradun,orographic,0.6,0.4,1.2,0.5,0.5,0.65,0.0466,0.0005,0.0001
2026-06-17,Srinagar,orographic,1.9,3.0,4.8,3.2,3.2,2.18,0.1338,0.003,0.0005
2026-06-17,Gangtok,orographic,10.7,7.7,10.3,8.7,8.7,5.98,0.2659,0.0114,0.0018
2026-06-17,Guwahati,orographic,5.5,8.8,11.7,10.2,10.2,6.55,0.2921,0.0139,0.0022
2026-06-17,Cherrapunji,orographic,19.2,8.2,10.9,9.5,9.5,6.52,0.278,0.0125,0.0019
2026-06-17,Imphal,orographic,4.2,4.1,6.1,4.3,4.3,4.81,0.1678,0.0046,0.0007
2026-06-17,Agartala,orographic,3.6,7.1,9.6,8.0,8.0,6.37,0.2509,0.0101,0.0015
2026-06-17,Lucknow,normal,0.2,0.0,0.0,0.0,0.0,0.25,0.0288,0.0001,0.0
2026-06-17,Patna,normal,0.4,0.0,0.0,0.0,0.0,0.25,0.0288,0.0001,0.0
2026-06-17,Varanasi,normal,1.3,0.0,0.0,0.0,0.0,0.25,0.0288,0.0001,0.0
2026-06-17,Delhi,normal,0.0,0.0,0.0,0.0,0.0,0.25,0.0288,0.0001,0.0
2026-06-17,Kanpur,normal,0.5,0.0,0.0,0.0,0.0,0.25,0.0288,0.0001,0.0
2026-06-17,Ranchi,normal,0.1,0.0,0.0,0.0,0.0,0.25,0.0288,0.0001,0.0
2026-06-17,Jodhpur,normal,0.5,0.4,1.1,1.1,1.1,0.81,0.0411,0.0001,0.0
2026-06-17,Bikaner,normal,0.1,5.9,8.2,8.7,8.7,4.27,0.1978,0.0021,0.0003
2026-06-17,Jaisalmer,normal,0.0,0.0,0.0,0.0,0.0,0.0,0.0288,0.0001,0.0
2026-06-17,Hyderabad,normal,1.2,0.0,0.0,0.0,0.0,0.78,0.0288,0.0001,0.0
2026-06-17,Bengaluru,normal,1.7,0.0,0.0,0.0,0.0,0.59,0.0288,0.0001,0.0
2026-06-17,Pune,normal,2.8,0.0,0.0,0.0,0.0,0.59,0.0288,0.0001,0.0
2026-06-17,Kurnool,normal,0.1,0.1,0.6,0.6,0.6,0.95,0.0319,0.0001,0.0
2026-06-17,Madurai,normal,1.9,53.5,61.7,77.9,77.9,18.15,0.7038,0.0689,0.0101
2026-06-18,Nagpur,normal,2.4,1.0,2.1,2.3,2.3,2.61,0.0596,0.0002,0.0
2026-06-18,Bhopal,normal,0.2,0.0,0.0,0.0,0.0,1.2,0.0288,0.0001,0.0
2026-06-18,Raipur,normal,0.7,6.0,8.3,8.8,8.8,6.06,0.2003,0.0022,0.0003
2026-06-18,Jabalpur,normal,1.9,2.7,4.4,5.0,5.0,3.38,0.1107,0.0007,0.0001
2026-06-18,Akola,normal,0.0,0.0,0.0,0.0,0.0,0.45,0.0288,0.0001,0.0
2026-06-18,Amravati,normal,1.2,0.0,0.0,0.0,0.0,0.62,0.0288,0.0001,0.0
2026-06-18,Aurangabad,normal,0.0,0.0,0.0,0.0,0.0,0.45,0.0288,0.0001,0.0
2026-06-18,Bhubaneswar,normal,2.7,0.0,0.0,0.0,0.0,0.45,0.0288,0.0001,0.0
2026-06-18,Mumbai,coastal,0.5,0.0,0.0,0.0,0.0,0.88,0.0422,0.0001,0.0
2026-06-18,Thiruvananthapuram,coastal,8.1,0.0,0.0,0.0,0.0,1.33,0.0422,0.0001,0.0
2026-06-18,Kochi,coastal,5.9,8.0,10.6,12.78,12.78,11.49,0.3287,0.0042,0.0003
2026-06-18,Mangaluru,coastal,0.9,9.5,12.4,14.6,14.6,10.11,0.367,0.0055,0.0004
2026-06-18,Panaji,coastal,0.3,0.3,1.0,1.9,1.9,2.48,0.0554,0.0002,0.0
2026-06-18,Chennai,coastal,4.6,1.6,3.0,4.6,4.6,3.99,0.1115,0.0005,0.0
2026-06-18,Visakhapatnam,coastal,5.6,4.5,6.6,9.1,9.1,6.03,0.222,0.0018,0.0001
2026-06-18,Puri,coastal,0.2,0.0,0.0,0.0,0.0,0.88,0.0422,0.0001,0.0
2026-06-18,Kolkata,coastal,4.4,0.0,0.0,0.0,0.0,0.88,0.0422,0.0001,0.0
2026-06-18,Surat,coastal,3.5,0.0,0.0,0.0,0.0,0.88,0.0422,0.0001,0.0
2026-06-18,Mahabaleshwar,orographic,0.8,0.0,0.0,0.0,0.0,0.97,0.0327,0.0003,0.0
2026-06-18,Munnar,orographic,8.0,18.2,22.0,23.6,23.6,21.76,0.4631,0.0431,0.007
2026-06-18,Madikeri,orographic,14.9,1.5,2.8,1.6,1.6,5.0,0.0845,0.0013,0.0002
2026-06-18,Ooty,orographic,25.9,73.3,79.9,88.81,88.81,63.13,0.7918,0.3162,0.0698
2026-06-18,Lonavala,orographic,1.2,0.2,0.8,0.3,0.3,1.97,0.0396,0.0004,0.0001
2026-06-18,Wayanad,orographic,6.4,38.2,44.7,55.31,55.31,28.94,0.6536,0.1333,0.0239
2026-06-18,Shimla,orographic,4.0,0.6,1.5,0.7,0.7,2.91,0.0536,0.0006,0.0001
2026-06-18,Dehradun,orographic,1.2,0.0,0.0,0.0,0.0,0.28,0.0327,0.0003,0.0
2026-06-18,Srinagar,orographic,2.6,3.3,5.1,3.5,3.5,2.99,0.1433,0.0034,0.0005
2026-06-18,Gangtok,orographic,13.9,16.0,19.4,19.97,19.97,8.2,0.4302,0.0352,0.0056
2026-06-18,Guwahati,orographic,18.0,14.4,17.7,17.7,17.7,9.62,0.4038,0.0299,0.0048
2026-06-18,Cherrapunji,orographic,3.0,9.7,12.7,11.4,11.4,7.48,0.3125,0.0162,0.0025
2026-06-18,Imphal,orographic,0.4,3.2,5.0,3.4,3.4,3.92,0.1402,0.0033,0.0005
2026-06-18,Agartala,orographic,4.2,5.4,7.7,5.9,5.9,5.62,0.2055,0.0067,0.001
2026-06-18,Lucknow,normal,0.7,0.0,0.0,0.0,0.0,0.34,0.0288,0.0001,0.0
2026-06-18,Patna,normal,0.9,0.3,1.0,1.0,1.0,1.17,0.038,0.0001,0.0
2026-06-18,Varanasi,normal,2.7,0.4,1.2,1.2,1.2,1.49,0.0411,0.0001,0.0
2026-06-18,Delhi,normal,0.1,0.0,0.0,0.0,0.0,0.34,0.0288,0.0001,0.0
2026-06-18,Kanpur,normal,2.0,0.0,0.0,0.0,0.0,0.34,0.0288,0.0001,0.0
2026-06-18,Ranchi,normal,5.4,0.2,0.8,0.8,0.8,1.01,0.035,0.0001,0.0
2026-06-18,Jodhpur,normal,0.4,0.8,1.8,1.9,1.9,1.27,0.0535,0.0002,0.0
2026-06-18,Bikaner,normal,7.6,5.0,7.2,7.8,7.8,5.0,0.1746,0.0017,0.0002
2026-06-18,Jaisalmer,normal,0.0,0.2,0.8,0.8,0.8,0.37,0.035,0.0001,0.0
2026-06-18,Hyderabad,normal,0.2,0.1,0.6,0.6,0.6,0.93,0.0319,0.0001,0.0
2026-06-18,Bengaluru,normal,6.0,0.6,1.5,1.6,1.6,1.96,0.0473,0.0002,0.0
2026-06-18,Pune,normal,2.3,0.0,0.0,0.0,0.0,0.58,0.0288,0.0001,0.0
2026-06-18,Kurnool,normal,0.2,5.8,8.1,8.6,8.6,4.86,0.1952,0.002,0.0003
2026-06-18,Madurai,normal,1.0,4.1,6.1,6.7,6.7,6.63,0.1504,0.0013,0.0002
2026-06-19,Nagpur,normal,0.0,1.1,2.3,2.4,2.4,2.84,0.0627,0.0003,0.0
2026-06-19,Bhopal,normal,0.1,0.0,0.0,0.0,0.0,0.37,0.0288,0.0001,0.0
2026-06-19,Raipur,normal,3.3,0.4,1.1,1.1,1.1,2.86,0.0411,0.0001,0.0
2026-06-19,Jabalpur,normal,1.8,3.6,5.5,6.2,6.2,4.73,0.1365,0.001,0.0001
2026-06-19,Akola,normal,0.3,0.0,0.0,0.0,0.0,0.37,0.0288,0.0001,0.0
2026-06-19,Amravati,normal,0.4,0.0,0.0,0.0,0.0,0.37,0.0288,0.0001,0.0
2026-06-19,Aurangabad,normal,0.0,0.0,0.0,0.0,0.0,0.37,0.0288,0.0001,0.0
2026-06-19,Bhubaneswar,normal,8.4,0.0,0.0,0.0,0.0,0.37,0.0288,0.0001,0.0
2026-06-19,Mumbai,coastal,0.0,1.3,2.5,3.91,3.91,2.77,0.0989,0.0004,0.0
2026-06-19,Thiruvananthapuram,coastal,0.7,0.1,0.6,1.2,1.2,1.18,0.0466,0.0001,0.0
2026-06-19,Kochi,coastal,6.7,2.7,4.4,6.3,6.3,6.02,0.156,0.0009,0.0001
2026-06-19,Mangaluru,coastal,7.2,12.5,15.62,17.3,17.3,12.07,0.433,0.0085,0.0007
2026-06-19,Panaji,coastal,0.4,0.7,1.62,2.7,2.7,2.99,0.073,0.0002,0.0
2026-06-19,Chennai,coastal,5.8,13.9,17.2,18.57,18.57,10.1,0.4597,0.01,0.0008
2026-06-19,Visakhapatnam,coastal,10.8,0.0,0.0,0.0,0.0,1.67,0.0422,0.0001,0.0
2026-06-19,Puri,coastal,1.6,0.0,0.0,0.0,0.0,0.74,0.0422,0.0001,0.0
2026-06-19,Kolkata,coastal,45.6,0.1,0.6,1.2,1.2,1.18,0.0466,0.0001,0.0
2026-06-19,Surat,coastal,1.7,0.3,1.0,1.9,1.9,1.58,0.0554,0.0002,0.0
2026-06-19,Mahabaleshwar,orographic,3.7,0.0,0.0,0.0,0.0,0.84,0.0327,0.0003,0.0
2026-06-19,Munnar,orographic,11.1,27.8,32.2,37.75,37.75,20.61,0.5737,0.0829,0.0141
2026-06-19,Madikeri,orographic,2.9,11.3,14.5,13.7,13.7,9.53,0.3462,0.0205,0.0032
2026-06-19,Ooty,orographic,8.9,13.9,17.2,17.0,17.0,21.98,0.3952,0.0283,0.0045
2026-06-19,Lonavala,orographic,1.6,0.5,1.3,0.6,0.6,2.19,0.0501,0.0006,0.0001
2026-06-19,Wayanad,orographic,3.9,2.3,3.9,2.4,2.4,8.01,0.1112,0.0022,0.0003
2026-06-19,Shimla,orographic,5.0,0.0,0.0,0.0,0.0,0.42,0.0327,0.0003,0.0
2026-06-19,Dehradun,orographic,0.4,0.2,0.8,0.3,0.3,0.37,0.0396,0.0004,0.0001
2026-06-19,Srinagar,orographic,2.6,0.7,1.62,0.9,0.9,1.93,0.057,0.0007,0.0001
2026-06-19,Gangtok,orographic,51.7,14.3,17.6,17.5,17.5,8.55,0.4021,0.0295,0.0047
2026-06-19,Guwahati,orographic,10.5,21.4,25.1,28.2,28.2,11.56,0.5053,0.0554,0.0091
2026-06-19,Cherrapunji,orographic,4.8,11.0,14.1,13.1,13.1,6.93,0.3401,0.0196,0.0031
2026-06-19,Imphal,orographic,2.4,2.0,3.5,2.1,2.1,3.07,0.1013,0.0018,0.0003
2026-06-19,Agartala,orographic,1.2,5.9,8.2,6.5,6.5,5.8,0.2193,0.0077,0.0012
2026-06-19,Lucknow,normal,1.7,0.0,0.0,0.0,0.0,0.25,0.0288,0.0001,0.0
2026-06-19,Patna,normal,2.5,0.3,1.0,1.0,1.0,1.46,0.038,0.0001,0.0
2026-06-19,Varanasi,normal,0.3,0.9,2.0,2.2,2.2,2.27,0.0566,0.0002,0.0
2026-06-19,Delhi,normal,0.0,0.0,0.0,0.0,0.0,0.25,0.0288,0.0001,0.0
2026-06-19,Kanpur,normal,0.3,0.0,0.0,0.0,0.0,0.25,0.0288,0.0001,0.0
2026-06-19,Ranchi,normal,1.1,3.6,5.5,6.2,6.2,3.36,0.1365,0.001,0.0001
2026-06-19,Jodhpur,normal,1.1,0.1,0.6,0.6,0.6,0.64,0.0319,0.0001,0.0
2026-06-19,Bikaner,normal,0.0,5.7,8.0,8.5,8.5,5.11,0.1927,0.002,0.0003
2026-06-19,Jaisalmer,normal,0.0,0.0,0.0,0.0,0.0,0.0,0.0288,0.0001,0.0
2026-06-19,Hyderabad,normal,0.2,0.3,1.0,1.0,1.0,1.54,0.038,0.0001,0.0
2026-06-19,Bengaluru,normal,3.4,0.3,1.0,1.0,1.0,2.0,0.038,0.0001,0.0
2026-06-19,Pune,normal,1.6,0.0,0.0,0.0,0.0,0.59,0.0288,0.0001,0.0
2026-06-19,Kurnool,normal,0.0,3.1,5.0,5.6,5.6,5.35,0.1223,0.0009,0.0001
2026-06-19,Madurai,normal,3.1,5.9,8.2,8.7,8.7,6.01,0.1978,0.0021,0.0003
2026-06-20,Nagpur,normal,0.0,0.0,0.0,0.0,0.0,1.02,0.0288,0.0001,0.0
2026-06-20,Bhopal,normal,1.6,0.0,0.0,0.0,0.0,0.37,0.0288,0.0001,0.0
2026-06-20,Raipur,normal,0.1,0.0,0.0,0.0,0.0,0.83,0.0288,0.0001,0.0
2026-06-20,Jabalpur,normal,0.2,0.0,0.0,0.0,0.0,1.29,0.0288,0.0001,0.0
2026-06-20,Akola,normal,2.0,0.0,0.0,0.0,0.0,0.37,0.0288,0.0001,0.0
2026-06-20,Amravati,normal,0.0,0.0,0.0,0.0,0.0,0.37,0.0288,0.0001,0.0
2026-06-20,Aurangabad,normal,2.1,0.0,0.0,0.0,0.0,0.37,0.0288,0.0001,0.0
2026-06-20,Bhubaneswar,normal,2.6,3.1,4.9,5.5,5.5,3.26,0.1223,0.0009,0.0001
2026-06-20,Mumbai,coastal,0.0,1.0,2.1,3.16,3.16,3.3,0.086,0.0003,0.0
2026-06-20,Thiruvananthapuram,coastal,0.7,0.4,1.2,2.1,2.1,2.07,0.0599,0.0002,0.0
2026-06-20,Kochi,coastal,6.4,1.2,2.4,3.56,3.56,4.06,0.0946,0.0004,0.0
2026-06-20,Mangaluru,coastal,2.0,0.0,0.0,0.0,0.0,1.96,0.0422,0.0001,0.0
2026-06-20,Panaji,coastal,0.4,0.5,1.3,2.2,2.2,2.64,0.0643,0.0002,0.0
2026-06-20,Chennai,coastal,4.0,0.1,0.6,1.2,1.2,2.43,0.0466,0.0001,0.0
2026-06-20,Visakhapatnam,coastal,14.1,0.7,1.6,2.6,2.6,2.53,0.073,0.0002,0.0
2026-06-20,Puri,coastal,4.5,0.4,1.2,2.1,2.1,1.97,0.0599,0.0002,0.0
2026-06-20,Kolkata,coastal,1.2,0.1,0.6,1.2,1.2,1.25,0.0466,0.0001,0.0
2026-06-20,Surat,coastal,1.8,0.4,1.2,2.1,2.1,2.27,0.0599,0.0002,0.0
2026-06-20,Mahabaleshwar,orographic,1.6,0.0,0.0,0.0,0.0,0.84,0.0327,0.0003,0.0
2026-06-20,Munnar,orographic,0.5,11.3,14.5,13.7,13.7,15.23,0.3462,0.0205,0.0032
2026-06-20,Madikeri,orographic,1.2,0.1,0.6,0.2,0.2,3.13,0.0362,0.0003,0.0
2026-06-20,Ooty,orographic,1.6,19.5,23.3,25.6,25.6,19.44,0.481,0.048,0.0078
2026-06-20,Lonavala,orographic,1.2,0.7,1.62,0.9,0.9,3.01,0.057,0.0007,0.0001
2026-06-20,Wayanad,orographic,0.3,0.9,2.0,1.03,1.03,3.88,0.064,0.0008,0.0001
2026-06-20,Shimla,orographic,0.4,0.8,1.8,0.9,0.9,0.87,0.0605,0.0008,0.0001
2026-06-20,Dehradun,orographic,0.0,0.0,0.0,0.0,0.0,0.0,0.0327,0.0003,0.0
2026-06-20,Srinagar,orographic,11.5,0.5,1.3,0.6,0.6,1.23,0.0501,0.0006,0.0001
2026-06-20,Gangtok,orographic,56.0,16.2,19.5,20.5,20.5,8.28,0.4333,0.0359,0.0058
2026-06-20,Guwahati,orographic,8.9,13.0,16.0,15.3,15.3,9.07,0.379,0.0255,0.004
2026-06-20,Cherrapunji,orographic,6.9,20.6,24.3,26.9,26.9,10.89,0.4954,0.0522,0.0086
2026-06-20,Imphal,orographic,1.1,5.0,7.2,5.5,5.5,3.77,0.1942,0.006,0.0009
2026-06-20,Agartala,orographic,9.8,14.7,18.0,18.1,18.1,8.59,0.4089,0.0308,0.0049
2026-06-20,Lucknow,normal,0.2,0.3,1.0,1.0,1.0,1.0,0.038,0.0001,0.0
2026-06-20,Patna,normal,0.1,0.0,0.0,0.0,0.0,0.67,0.0288,0.0001,0.0
2026-06-20,Varanasi,normal,0.1,0.2,0.8,0.8,0.8,1.56,0.035,0.0001,0.0
2026-06-20,Delhi,normal,0.5,0.0,0.0,0.0,0.0,0.25,0.0288,0.0001,0.0
2026-06-20,Kanpur,normal,0.0,0.0,0.0,0.0,0.0,0.25,0.0288,0.0001,0.0
2026-06-20,Ranchi,normal,6.4,0.5,1.3,1.4,1.4,2.54,0.0442,0.0002,0.0
2026-06-20,Jodhpur,normal,0.0,0.1,0.6,0.6,0.6,0.3,0.0319,0.0001,0.0
2026-06-20,Bikaner,normal,0.9,6.8,9.3,9.8,9.8,5.82,0.22,0.0026,0.0003
2026-06-20,Jaisalmer,normal,0.0,0.0,0.0,0.0,0.0,0.0,0.0288,0.0001,0.0
2026-06-20,Hyderabad,normal,1.1,0.6,1.5,1.6,1.6,2.56,0.0473,0.0002,0.0
2026-06-20,Bengaluru,normal,2.5,3.6,5.5,6.2,6.2,3.95,0.1365,0.001,0.0001
2026-06-20,Pune,normal,0.6,0.0,0.0,0.0,0.0,0.59,0.0288,0.0001,0.0
2026-06-20,Kurnool,normal,0.0,0.0,0.0,0.0,0.0,1.63,0.0288,0.0001,0.0
2026-06-20,Madurai,normal,0.1,1.5,2.8,3.1,3.1,4.4,0.0749,0.0004,0.0
2026-06-21,Nagpur,normal,1.2,0.0,0.0,0.0,0.0,0.37,0.0288,0.0001,0.0
2026-06-21,Bhopal,normal,3.1,0.1,0.6,0.6,0.6,0.84,0.0319,0.0001,0.0
2026-06-21,Raipur,normal,0.0,1.0,2.1,2.3,2.3,1.77,0.0596,0.0002,0.0
2026-06-21,Jabalpur,normal,4.0,2.1,3.6,4.0,4.0,2.5,0.093,0.0005,0.0001
2026-06-21,Akola,normal,0.5,0.0,0.0,0.0,0.0,0.37,0.0288,0.0001,0.0
2026-06-21,Amravati,normal,2.4,0.0,0.0,0.0,0.0,0.37,0.0288,0.0001,0.0
2026-06-21,Aurangabad,normal,0.1,0.7,1.62,1.8,1.8,1.77,0.0504,0.0002,0.0
2026-06-21,Bhubaneswar,normal,19.6,0.0,0.0,0.0,0.0,1.29,0.0288,0.0001,0.0
2026-06-21,Mumbai,coastal,0.5,4.0,6.0,8.2,8.2,5.91,0.2045,0.0015,0.0001
2026-06-21,Thiruvananthapuram,coastal,10.3,5.8,8.1,10.4,10.4,7.5,0.2647,0.0026,0.0002
2026-06-21,Kochi,coastal,17.4,12.2,15.3,17.1,17.1,9.49,0.427,0.0082,0.0006
2026-06-21,Mangaluru,coastal,14.6,4.6,6.8,9.2,9.2,5.34,0.2254,0.0019,0.0001
2026-06-21,Panaji,coastal,8.3,4.1,6.1,8.4,8.4,5.64,0.208,0.0016,0.0001
2026-06-21,Chennai,coastal,3.8,1.7,3.2,4.8,4.8,3.28,0.1157,0.0005,0.0
2026-06-21,Visakhapatnam,coastal,3.6,0.2,0.8,1.6,1.6,1.96,0.051,0.0001,0.0
2026-06-21,Puri,coastal,1.0,0.0,0.0,0.0,0.0,1.16,0.0422,0.0001,0.0
2026-06-21,Kolkata,coastal,13.3,0.0,0.0,0.0,0.0,0.8,0.0422,0.0001,0.0
2026-06-21,Surat,coastal,0.8,1.2,2.4,3.7,3.7,3.25,0.0946,0.0004,0.0
2026-06-21,Mahabaleshwar,orographic,7.2,1.7,3.2,1.8,1.8,3.26,0.0913,0.0015,0.0002
2026-06-21,Munnar,orographic,10.0,24.8,28.8,33.71,33.71,19.38,0.5439,0.0696,0.0116
2026-06-21,Madikeri,orographic,3.9,8.3,11.1,9.7,9.7,8.41,0.2804,0.0128,0.002
2026-06-21,Ooty,orographic,34.5,19.1,23.0,24.9,24.9,19.69,0.4756,0.0464,0.0076
2026-06-21,Lonavala,orographic,5.6,0.9,2.0,1.03,1.03,3.27,0.064,0.0008,0.0001
2026-06-21,Wayanad,orographic,8.7,0.9,2.0,1.03,1.03,3.27,0.064,0.0008,0.0001
2026-06-21,Shimla,orographic,0.1,0.2,0.8,0.3,0.3,0.86,0.0396,0.0004,0.0001
2026-06-21,Dehradun,orographic,0.3,0.0,0.0,0.0,0.0,0.0,0.0327,0.0003,0.0
2026-06-21,Srinagar,orographic,0.3,2.8,4.5,3.0,3.0,1.88,0.1275,0.0028,0.0004
2026-06-21,Gangtok,orographic,60.4,18.4,22.2,23.8,23.8,10.31,0.466,0.0438,0.0071
2026-06-21,Guwahati,orographic,23.6,8.8,11.7,10.2,10.2,6.52,0.2921,0.0139,0.0022
2026-06-21,Cherrapunji,orographic,25.7,33.8,38.9,47.1,47.1,15.42,0.6235,0.1113,0.0195
2026-06-21,Imphal,orographic,5.7,3.3,5.2,3.5,3.5,4.16,0.1433,0.0034,0.0005
2026-06-21,Agartala,orographic,4.1,5.0,7.2,5.5,5.5,5.36,0.1942,0.006,0.0009
2026-06-21,Lucknow,normal,0.0,0.0,0.0,0.0,0.0,0.67,0.0288,0.0001,0.0
2026-06-21,Patna,normal,0.0,0.1,0.6,0.6,0.6,0.68,0.0319,0.0001,0.0
2026-06-21,Varanasi,normal,0.3,0.0,0.0,0.0,0.0,0.4,0.0288,0.0001,0.0
2026-06-21,Delhi,normal,0.0,0.1,0.6,0.6,0.6,0.68,0.0319,0.0001,0.0
2026-06-21,Kanpur,normal,0.0,0.0,0.0,0.0,0.0,0.25,0.0288,0.0001,0.0
2026-06-21,Ranchi,normal,1.6,0.4,1.2,1.2,1.2,1.73,0.0411,0.0001,0.0
2026-06-21,Jodhpur,normal,0.3,0.8,1.8,1.9,1.9,1.02,0.0535,0.0002,0.0
2026-06-21,Bikaner,normal,0.0,0.3,1.0,1.0,1.0,1.81,0.038,0.0001,0.0
2026-06-21,Jaisalmer,normal,0.0,0.0,0.0,0.0,0.0,0.0,0.0288,0.0001,0.0
2026-06-21,Hyderabad,normal,2.3,1.1,2.3,2.4,2.4,2.98,0.0627,0.0003,0.0
2026-06-21,Bengaluru,normal,1.8,4.5,6.6,7.2,7.2,5.25,0.1613,0.0014,0.0002
2026-06-21,Pune,normal,2.8,0.5,1.3,1.4,1.4,1.54,0.0442,0.0002,0.0
2026-06-21,Kurnool,normal,0.0,2.7,4.4,5.0,5.0,3.0,0.1107,0.0007,0.0001
2026-06-21,Madurai,normal,0.9,4.4,6.5,7.0,7.0,4.5,0.1586,0.0014,0.0002
2026-06-22,Nagpur,normal,5.1,0.3,1.0,1.0,1.0,1.44,0.038,0.0001,0.0
2026-06-22,Bhopal,normal,9.1,0.5,1.3,1.4,1.4,2.12,0.0442,0.0002,0.0
2026-06-22,Raipur,normal,5.1,4.3,6.3,6.9,6.9,5.03,0.1558,0.0013,0.0002
2026-06-22,Jabalpur,normal,2.9,0.0,0.0,0.0,0.0,1.35,0.0288,0.0001,0.0
2026-06-22,Akola,normal,11.4,1.8,3.3,3.6,3.6,2.69,0.084,0.0004,0.0001
2026-06-22,Amravati,normal,16.0,2.3,3.9,4.4,4.4,3.38,0.099,0.0006,0.0001
2026-06-22,Aurangabad,normal,8.2,11.3,14.5,15.1,15.1,7.33,0.3172,0.0057,0.0008
2026-06-22,Bhubaneswar,normal,8.5,0.6,1.4,1.5,1.5,2.03,0.0473,0.0002,0.0
2026-06-22,Mumbai,coastal,12.4,0.3,1.0,1.9,1.9,3.42,0.0554,0.0002,0.0
2026-06-22,Thiruvananthapuram,coastal,5.4,25.4,29.51,35.7,35.7,17.28,0.6143,0.0265,0.0021
2026-06-22,Kochi,coastal,6.7,17.7,21.4,23.61,23.61,16.14,0.5219,0.0148,0.0012
2026-06-22,Mangaluru,coastal,35.1,11.5,14.7,16.4,16.4,11.66,0.4124,0.0074,0.0006
2026-06-22,Panaji,coastal,38.0,20.0,23.7,26.6,26.6,16.09,0.5535,0.018,0.0014
2026-06-22,Chennai,coastal,1.7,9.4,12.3,14.37,14.37,9.74,0.3646,0.0054,0.0004
2026-06-22,Visakhapatnam,coastal,1.7,1.2,2.4,3.56,3.56,3.43,0.0946,0.0004,0.0
2026-06-22,Puri,coastal,21.7,0.0,0.0,0.0,0.0,1.03,0.0422,0.0001,0.0
2026-06-22,Kolkata,coastal,27.0,0.4,1.2,2.1,2.1,2.49,0.0599,0.0002,0.0
2026-06-22,Surat,coastal,4.8,1.7,3.2,4.8,4.8,4.45,0.1157,0.0005,0.0
2026-06-22,Mahabaleshwar,orographic,14.0,7.7,10.3,8.7,8.7,10.79,0.2659,0.0114,0.0018
2026-06-22,Munnar,orographic,10.3,7.8,10.4,8.84,8.84,16.55,0.2684,0.0116,0.0018
2026-06-22,Madikeri,orographic,11.2,7.9,10.5,9.0,9.0,15.49,0.2708,0.0118,0.0018
2026-06-22,Ooty,orographic,23.3,25.1,29.2,34.4,34.4,23.61,0.5471,0.0709,0.0119
2026-06-22,Lonavala,orographic,11.3,10.0,12.9,11.8,11.8,10.7,0.319,0.017,0.0026
2026-06-22,Wayanad,orographic,9.1,6.2,8.5,6.9,6.9,9.25,0.2274,0.0082,0.0013
2026-06-22,Shimla,orographic,1.4,0.7,1.6,0.8,0.8,1.09,0.057,0.0007,0.0001
2026-06-22,Dehradun,orographic,0.1,0.3,1.0,0.4,0.4,0.59,0.0431,0.0004,0.0001
2026-06-22,Srinagar,orographic,10.2,2.0,3.5,2.1,2.1,2.36,0.1013,0.0018,0.0003
2026-06-22,Gangtok,orographic,50.6,17.5,21.2,22.8,22.8,9.33,0.453,0.0405,0.0065
2026-06-22,Guwahati,orographic,4.7,9.0,12.0,10.5,10.5,7.46,0.2967,0.0144,0.0022
2026-06-22,Cherrapunji,orographic,13.2,53.0,61.5,68.8,68.8,30.4,0.7283,0.2107,0.0412
2026-06-22,Imphal,orographic,7.8,20.7,24.4,27.0,27.0,10.9,0.4966,0.0526,0.0086
2026-06-22,Agartala,orographic,4.9,0.2,0.8,0.3,0.3,2.7,0.0396,0.0004,0.0001
2026-06-22,Lucknow,normal,0.0,0.0,0.0,0.0,0.0,0.46,0.0288,0.0001,0.0
2026-06-22,Patna,normal,0.3,0.0,0.0,0.0,0.0,0.63,0.0288,0.0001,0.0
2026-06-22,Varanasi,normal,2.8,0.2,0.8,0.8,0.8,1.18,0.035,0.0001,0.0
2026-06-22,Delhi,normal,0.4,0.2,0.8,0.8,0.8,1.45,0.035,0.0001,0.0
2026-06-22,Kanpur,normal,0.0,0.2,0.8,0.8,0.8,1.18,0.035,0.0001,0.0
2026-06-22,Ranchi,normal,8.7,2.3,3.9,4.4,4.4,3.65,0.099,0.0006,0.0001
2026-06-22,Jodhpur,normal,0.9,0.0,0.0,0.0,0.0,0.53,0.0288,0.0001,0.0
2026-06-22,Bikaner,normal,0.1,3.7,5.6,6.3,6.3,2.71,0.1393,0.0011,0.0001
2026-06-22,Jaisalmer,normal,0.0,0.0,0.0,0.0,0.0,0.0,0.0288,0.0001,0.0
2026-06-22,Hyderabad,normal,0.0,3.4,5.2,5.9,5.9,3.91,0.1308,0.001,0.0001
2026-06-22,Bengaluru,normal,2.1,7.1,9.6,10.2,10.2,6.77,0.2271,0.0028,0.0004
2026-06-22,Pune,normal,6.9,1.7,3.2,3.5,3.5,3.1,0.081,0.0004,0.0001
2026-06-22,Kurnool,normal,0.1,20.1,23.8,24.8,24.8,10.61,0.4564,0.0142,0.0019
2026-06-22,Madurai,normal,4.5,1.2,2.4,2.6,2.6,3.86,0.0658,0.0003,0.0
2026-06-23,Nagpur,normal,6.5,1.2,2.4,2.6,2.6,2.89,0.0658,0.0003,0.0
2026-06-23,Bhopal,normal,14.7,7.7,10.3,11.0,11.0,6.81,0.2412,0.0031,0.0004
2026-06-23,Raipur,normal,0.7,1.2,2.4,2.6,2.6,3.88,0.0658,0.0003,0.0
2026-06-23,Jabalpur,normal,3.9,0.1,0.6,0.6,0.6,1.07,0.0319,0.0001,0.0
2026-06-23,Akola,normal,10.3,1.4,2.7,3.0,3.0,3.34,0.0719,0.0003,0.0
2026-06-23,Amravati,normal,4.0,0.3,1.0,1.0,1.0,2.69,0.038,0.0001,0.0
2026-06-23,Aurangabad,normal,20.4,11.2,14.4,15.0,15.0,9.33,0.3153,0.0056,0.0007
2026-06-23,Bhubaneswar,normal,3.3,0.0,0.0,0.0,0.0,1.12,0.0288,0.0001,0.0
2026-06-23,Mumbai,coastal,51.6,12.4,15.5,17.22,17.22,11.17,0.431,0.0084,0.0007
2026-06-23,Thiruvananthapuram,coastal,1.9,0.4,1.2,2.1,2.1,4.32,0.0599,0.0002,0.0
2026-06-23,Kochi,coastal,3.3,14.3,17.6,18.9,18.9,15.07,0.4669,0.0105,0.0008
2026-06-23,Mangaluru,coastal,29.5,20.7,24.4,27.3,27.3,17.28,0.5623,0.019,0.0015
2026-06-23,Panaji,depression,68.1,52.0,61.0,51.1,111.58,33.6,0.8226,0.1383,0.0116
2026-06-23,Chennai,coastal,1.7,2.7,4.4,6.3,6.3,6.88,0.156,0.0009,0.0001
2026-06-23,Visakhapatnam,coastal,22.7,0.3,1.0,1.9,1.9,2.76,0.0554,0.0002,0.0
2026-06-23,Puri,coastal,5.7,20.1,23.8,26.8,26.8,13.4,0.5548,0.0181,0.0014
2026-06-23,Kolkata,coastal,14.5,0.0,0.0,0.0,0.0,1.52,0.0422,0.0001,0.0
2026-06-23,Surat,coastal,3.2,1.3,2.5,3.91,3.91,4.22,0.0989,0.0004,0.0
2026-06-23,Mahabaleshwar,orographic,62.5,75.6,80.2,89.2,89.2,41.36,0.7973,0.3277,0.0734
2026-06-23,Munnar,orographic,4.8,5.4,7.7,5.9,5.9,11.96,0.2055,0.0067,0.001
2026-06-23,Madikeri,orographic,12.5,8.6,11.5,10.1,10.1,15.91,0.2875,0.0135,0.0021
2026-06-23,Ooty,orographic,2.3,12.5,15.62,14.8,14.8,20.2,0.3696,0.024,0.0038
2026-06-23,Lonavala,orographic,19.8,53.8,61.81,68.8,68.8,36.43,0.7315,0.215,0.0422
2026-06-23,Wayanad,orographic,2.3,5.4,7.7,5.9,5.9,11.96,0.2055,0.0067,0.001
2026-06-23,Shimla,orographic,0.4,0.1,0.6,0.2,0.2,0.77,0.0362,0.0003,0.0
2026-06-23,Dehradun,orographic,1.4,0.0,0.0,0.0,0.0,0.35,0.0327,0.0003,0.0
2026-06-23,Srinagar,orographic,0.0,0.0,0.0,0.0,0.0,0.61,0.0327,0.0003,0.0
2026-06-23,Gangtok,orographic,39.3,15.8,19.2,19.67,19.67,8.91,0.427,0.0345,0.0055
2026-06-23,Guwahati,orographic,8.2,16.7,20.2,21.5,21.5,10.44,0.4411,0.0376,0.0061
2026-06-23,Cherrapunji,orographic,8.0,13.7,17.0,16.6,16.6,13.09,0.3916,0.0276,0.0044
2026-06-23,Imphal,orographic,10.5,12.8,15.9,15.1,15.1,9.54,0.3753,0.0249,0.0039
2026-06-23,Agartala,orographic,3.8,0.8,1.8,0.9,0.9,1.87,0.0605,0.0008,0.0001
2026-06-23,Lucknow,normal,0.0,0.0,0.0,0.0,0.0,0.46,0.0288,0.0001,0.0
2026-06-23,Patna,normal,0.0,0.0,0.0,0.0,0.0,0.46,0.0288,0.0001,0.0
2026-06-23,Varanasi,normal,0.0,0.1,0.6,0.6,0.6,1.21,0.0319,0.0001,0.0
2026-06-23,Delhi,normal,1.4,0.5,1.3,1.4,1.4,2.15,0.0442,0.0002,0.0
2026-06-23,Kanpur,normal,0.0,0.0,0.0,0.0,0.0,0.63,0.0288,0.0001,0.0
2026-06-23,Ranchi,normal,0.9,0.0,0.0,0.0,0.0,1.36,0.0288,0.0001,0.0
2026-06-23,Jodhpur,normal,0.3,0.0,0.0,0.0,0.0,0.0,0.0288,0.0001,0.0
2026-06-23,Bikaner,normal,4.2,0.0,0.0,0.0,0.0,0.76,0.0288,0.0001,0.0
2026-06-23,Jaisalmer,normal,0.0,0.0,0.0,0.0,0.0,0.0,0.0288,0.0001,0.0
2026-06-23,Hyderabad,normal,2.7,15.7,19.1,20.06,20.06,8.66,0.3938,0.0096,0.0013
2026-06-23,Bengaluru,normal,0.7,10.3,13.3,13.9,13.9,8.26,0.2974,0.0049,0.0006
2026-06-23,Pune,normal,19.5,6.8,9.3,9.8,9.8,6.13,0.22,0.0026,0.0003
2026-06-23,Kurnool,normal,0.2,27.9,32.3,33.6,33.6,15.24,0.5424,0.0242,0.0033
2026-06-23,Madurai,normal,0.0,2.3,3.9,4.4,4.4,3.62,0.099,0.0006,0.0001
2026-06-24,Nagpur,normal,9.5,9.8,12.7,13.3,13.3,8.02,0.2872,0.0045,0.0006
2026-06-24,Bhopal,normal,20.4,2.8,4.5,5.2,5.2,5.79,0.1136,0.0008,0.0001
2026-06-24,Raipur,normal,1.4,2.8,4.5,5.2,5.2,4.77,0.1136,0.0008,0.0001
2026-06-24,Jabalpur,normal,6.9,1.5,2.9,3.2,3.2,3.37,0.0749,0.0004,0.0
2026-06-24,Akola,normal,27.8,1.2,2.4,2.6,2.6,3.93,0.0658,0.0003,0.0
2026-06-24,Amravati,normal,18.2,0.5,1.3,1.4,1.4,2.81,0.0442,0.0002,0.0
2026-06-24,Aurangabad,normal,13.8,5.5,7.8,8.3,8.3,7.77,0.1876,0.0019,0.0002
2026-06-24,Bhubaneswar,normal,1.0,0.2,0.8,0.8,0.8,1.61,0.035,0.0001,0.0
2026-06-24,Mumbai,coastal,29.0,19.7,23.36,26.01,26.01,17.28,0.5496,0.0176,0.0014
2026-06-24,Thiruvananthapuram,coastal,4.8,0.0,0.0,0.0,0.0,1.66,0.0422,0.0001,0.0
2026-06-24,Kochi,coastal,8.2,0.0,0.0,0.0,0.0,2.44,0.0422,0.0001,0.0
2026-06-24,Mangaluru,coastal,18.7,15.2,18.6,20.16,20.16,15.19,0.4826,0.0116,0.0009
2026-06-24,Panaji,depression,36.7,32.5,36.9,17.6,50.21,26.6,0.7371,0.0679,0.0052
2026-06-24,Chennai,coastal,0.9,0.2,0.8,1.6,1.6,3.07,0.051,0.0001,0.0
2026-06-24,Visakhapatnam,coastal,0.2,0.2,0.8,1.6,1.6,2.45,0.051,0.0001,0.0
2026-06-24,Puri,coastal,0.7,0.0,0.0,0.0,0.0,2.47,0.0422,0.0001,0.0
2026-06-24,Kolkata,coastal,5.5,0.0,0.0,0.0,0.0,1.16,0.0422,0.0001,0.0
2026-06-24,Surat,coastal,6.5,7.4,10.0,12.0,12.0,10.14,0.3122,0.0038,0.0003
2026-06-24,Mahabaleshwar,orographic,10.5,39.1,45.8,56.35,56.35,42.61,0.6592,0.1379,0.0249
2026-06-24,Munnar,orographic,15.8,1.6,3.0,1.6,1.6,6.89,0.0879,0.0014,0.0002
2026-06-24,Madikeri,orographic,9.9,2.3,4.0,2.5,2.5,8.53,0.1112,0.0022,0.0003
2026-06-24,Ooty,orographic,3.3,3.5,5.35,3.6,3.6,9.42,0.1495,0.0037,0.0006
2026-06-24,Lonavala,orographic,16.0,19.1,23.0,24.9,24.9,28.24,0.4756,0.0464,0.0076
2026-06-24,Wayanad,orographic,5.7,0.0,0.0,0.0,0.0,3.23,0.0327,0.0003,0.0
2026-06-24,Shimla,orographic,3.3,0.0,0.0,0.0,0.0,0.21,0.0327,0.0003,0.0
2026-06-24,Dehradun,orographic,2.8,0.0,0.0,0.0,0.0,0.11,0.0327,0.0003,0.0
2026-06-24,Srinagar,orographic,0.7,2.1,3.6,2.3,2.3,1.73,0.1046,0.0019,0.0003
2026-06-24,Gangtok,orographic,6.9,9.5,12.4,11.1,11.1,7.22,0.308,0.0157,0.0024
2026-06-24,Guwahati,orographic,8.9,21.4,25.1,28.2,28.2,13.33,0.5053,0.0554,0.0091
2026-06-24,Cherrapunji,orographic,7.3,7.8,10.4,8.84,8.84,7.67,0.2684,0.0116,0.0018
2026-06-24,Imphal,orographic,16.0,20.8,24.46,27.1,27.1,12.59,0.4979,0.053,0.0087
2026-06-24,Agartala,orographic,6.4,3.3,5.1,3.5,3.5,3.66,0.1433,0.0034,0.0005
2026-06-24,Lucknow,normal,0.1,0.1,0.6,0.6,0.6,1.26,0.0319,0.0001,0.0
2026-06-24,Patna,normal,0.2,0.0,0.0,0.0,0.0,0.65,0.0288,0.0001,0.0
2026-06-24,Varanasi,normal,0.0,0.0,0.0,0.0,0.0,0.86,0.0288,0.0001,0.0
2026-06-24,Delhi,normal,0.6,0.0,0.0,0.0,0.0,1.19,0.0288,0.0001,0.0
2026-06-24,Kanpur,normal,0.1,0.0,0.0,0.0,0.0,0.65,0.0288,0.0001,0.0
2026-06-24,Ranchi,normal,4.1,0.0,0.0,0.0,0.0,0.65,0.0288,0.0001,0.0
2026-06-24,Jodhpur,normal,0.0,0.0,0.0,0.0,0.0,0.0,0.0288,0.0001,0.0
2026-06-24,Bikaner,normal,0.5,0.6,1.4,1.5,1.5,1.1,0.0473,0.0002,0.0
2026-06-24,Jaisalmer,normal,0.0,0.0,0.0,0.0,0.0,0.0,0.0288,0.0001,0.0
2026-06-24,Hyderabad,normal,0.4,0.4,1.2,1.2,1.2,3.9,0.0411,0.0001,0.0
2026-06-24,Bengaluru,normal,1.6,0.0,0.0,0.0,0.0,2.35,0.0288,0.0001,0.0
2026-06-24,Pune,normal,9.0,9.8,12.7,13.3,13.3,8.26,0.2872,0.0045,0.0006
2026-06-24,Kurnool,normal,0.7,0.6,1.4,1.5,1.5,4.73,0.0473,0.0002,0.0
2026-06-24,Madurai,normal,2.9,0.0,0.0,0.0,0.0,1.89,0.0288,0.0001,0.0
2026-06-25,Nagpur,normal,9.8,1.4,2.7,3.0,3.0,4.77,0.0719,0.0003,0.0
2026-06-25,Bhopal,normal,0.5,1.4,2.7,3.0,3.0,4.41,0.0719,0.0003,0.0
2026-06-25,Raipur,normal,3.1,2.8,4.5,5.2,5.2,5.41,0.1136,0.0008,0.0001
2026-06-25,Jabalpur,normal,1.8,2.7,4.4,5.0,5.0,4.94,0.1107,0.0007,0.0001
2026-06-25,Akola,normal,4.8,3.5,5.35,6.0,6.0,5.19,0.1337,0.001,0.0001
2026-06-25,Amravati,normal,11.5,4.0,6.0,6.6,6.6,5.74,0.1476,0.0012,0.0002
2026-06-25,Aurangabad,normal,4.8,9.6,12.6,13.2,13.2,9.47,0.283,0.0044,0.0006
2026-06-25,Bhubaneswar,normal,5.2,0.9,1.9,2.0,2.0,3.05,0.0566,0.0002,0.0
2026-06-25,Mumbai,coastal,6.7,14.2,17.5,18.87,18.87,15.15,0.4651,0.0104,0.0008
2026-06-25,Thiruvananthapuram,coastal,2.2,0.0,0.0,0.0,0.0,1.16,0.0422,0.0001,0.0
2026-06-25,Kochi,coastal,0.7,0.6,1.5,2.5,2.5,3.3,0.0686,0.0002,0.0
2026-06-25,Mangaluru,coastal,16.8,17.0,20.7,22.9,22.9,16.05,0.5114,0.0139,0.0011
2026-06-25,Panaji,coastal,27.5,23.2,27.1,31.7,31.7,18.06,0.5915,0.0229,0.0018
2026-06-25,Chennai,coastal,2.6,0.0,0.0,0.0,0.0,1.23,0.0422,0.0001,0.0
2026-06-25,Visakhapatnam,coastal,1.3,0.0,0.0,0.0,0.0,1.23,0.0422,0.0001,0.0
2026-06-25,Puri,coastal,7.1,0.0,0.0,0.0,0.0,1.16,0.0422,0.0001,0.0
2026-06-25,Kolkata,coastal,3.1,0.3,1.0,1.9,1.9,2.29,0.0554,0.0002,0.0
2026-06-25,Surat,coastal,1.0,7.7,10.3,12.4,12.4,11.75,0.3205,0.004,0.0003
2026-06-25,Mahabaleshwar,orographic,6.1,1.7,3.2,1.8,1.8,8.21,0.0913,0.0015,0.0002
2026-06-25,Munnar,orographic,2.0,2.0,3.5,2.1,2.1,5.15,0.1013,0.0018,0.0003
2026-06-25,Madikeri,orographic,10.5,2.2,3.8,2.3,2.3,5.81,0.1079,0.0021,0.0003
2026-06-25,Ooty,orographic,1.4,4.5,6.6,4.8,4.8,9.24,0.1797,0.0052,0.0008
2026-06-25,Lonavala,orographic,1.8,3.1,4.9,3.3,3.3,9.86,0.137,0.0031,0.0005
2026-06-25,Wayanad,orographic,2.9,0.0,0.0,0.0,0.0,1.28,0.0327,0.0003,0.0
2026-06-25,Shimla,orographic,5.2,3.2,5.0,3.4,3.4,2.26,0.1402,0.0033,0.0005
2026-06-25,Dehradun,orographic,1.8,1.1,2.3,1.2,1.2,1.28,0.0708,0.001,0.0001
2026-06-25,Srinagar,orographic,0.3,4.8,7.0,5.2,5.2,3.7,0.1885,0.0057,0.0009
2026-06-25,Gangtok,orographic,7.5,2.9,4.6,3.1,3.1,3.7,0.1307,0.0029,0.0004
2026-06-25,Guwahati,orographic,6.5,7.0,9.5,7.9,7.9,8.25,0.2483,0.0099,0.0015
2026-06-25,Cherrapunji,orographic,3.4,14.1,17.4,17.37,17.37,10.11,0.3987,0.0289,0.0046
2026-06-25,Imphal,orographic,9.7,18.6,22.4,24.0,24.0,13.53,0.4688,0.0445,0.0072
2026-06-25,Agartala,orographic,8.9,5.6,7.9,6.2,6.2,5.41,0.2111,0.0071,0.0011
2026-06-25,Lucknow,normal,0.2,0.3,1.0,1.0,1.0,2.06,0.038,0.0001,0.0
2026-06-25,Patna,normal,0.4,0.0,0.0,0.0,0.0,0.65,0.0288,0.0001,0.0
2026-06-25,Varanasi,normal,4.4,0.0,0.0,0.0,0.0,0.65,0.0288,0.0001,0.0
2026-06-25,Delhi,normal,0.8,0.0,0.0,0.0,0.0,0.65,0.0288,0.0001,0.0
2026-06-25,Kanpur,normal,0.0,0.0,0.0,0.0,0.0,0.65,0.0288,0.0001,0.0
2026-06-25,Ranchi,normal,3.4,0.0,0.0,0.0,0.0,0.65,0.0288,0.0001,0.0
2026-06-25,Jodhpur,normal,3.2,1.4,2.7,3.0,3.0,1.29,0.0719,0.0003,0.0
2026-06-25,Bikaner,normal,0.2,0.0,0.0,0.0,0.0,0.45,0.0288,0.0001,0.0
2026-06-25,Jaisalmer,normal,0.0,0.0,0.0,0.0,0.0,0.0,0.0288,0.0001,0.0
2026-06-25,Hyderabad,normal,1.8,1.5,2.8,3.1,3.1,3.51,0.0749,0.0004,0.0
2026-06-25,Bengaluru,normal,3.9,0.0,0.0,0.0,0.0,0.86,0.0288,0.0001,0.0
2026-06-25,Pune,normal,0.9,0.0,0.0,0.0,0.0,2.35,0.0288,0.0001,0.0
2026-06-25,Kurnool,normal,0.7,0.0,0.0,0.0,0.0,1.52,0.0288,0.0001,0.0
2026-06-25,Madurai,normal,0.5,0.0,0.0,0.0,0.0,0.86,0.0288,0.0001,0.0
2026-06-26,Nagpur,normal,5.0,10.8,13.9,14.6,14.6,8.57,0.3075,0.0053,0.0007
2026-06-26,Bhopal,normal,4.8,1.4,2.7,3.0,3.0,4.04,0.0719,0.0003,0.0
2026-06-26,Raipur,normal,9.8,2.7,4.4,5.0,5.0,5.44,0.1107,0.0007,0.0001
2026-06-26,Jabalpur,normal,3.1,2.6,4.3,4.9,4.9,5.44,0.1078,0.0007,0.0001
2026-06-26,Akola,normal,7.9,4.6,6.7,7.2,7.2,6.97,0.1639,0.0015,0.0002
2026-06-26,Amravati,normal,21.0,1.8,3.3,3.6,3.6,4.78,0.084,0.0004,0.0001
2026-06-26,Aurangabad,normal,1.3,11.2,14.4,15.0,15.0,9.93,0.3153,0.0056,0.0007
2026-06-26,Bhubaneswar,normal,5.7,0.1,0.6,0.6,0.6,2.21,0.0319,0.0001,0.0
2026-06-26,Mumbai,coastal,5.8,1.9,3.4,5.1,5.1,6.06,0.1239,0.0006,0.0
2026-06-26,Thiruvananthapuram,coastal,11.1,0.0,0.0,0.0,0.0,1.27,0.0422,0.0001,0.0
2026-06-26,Kochi,coastal,7.3,3.2,5.0,7.2,7.2,6.15,0.1751,0.0011,0.0001
2026-06-26,Mangaluru,coastal,9.0,18.6,22.4,24.5,24.5,17.49,0.5347,0.016,0.0013
2026-06-26,Panaji,coastal,6.5,16.9,20.5,22.9,22.9,16.96,0.5099,0.0137,0.0011
2026-06-26,Chennai,coastal,0.0,0.0,0.0,0.0,0.0,1.27,0.0422,0.0001,0.0
2026-06-26,Visakhapatnam,coastal,9.8,1.2,2.4,3.56,3.56,3.87,0.0946,0.0004,0.0
2026-06-26,Puri,coastal,2.0,0.0,0.0,0.0,0.0,1.27,0.0422,0.0001,0.0
2026-06-26,Kolkata,coastal,6.2,0.4,1.2,2.1,2.1,3.15,0.0599,0.0002,0.0
2026-06-26,Surat,coastal,0.1,0.2,0.8,1.6,1.6,3.57,0.051,0.0001,0.0
2026-06-26,Mahabaleshwar,orographic,3.0,0.2,0.8,0.3,0.3,3.11,0.0396,0.0004,0.0001
2026-06-26,Munnar,orographic,6.9,3.8,5.7,4.0,4.0,7.92,0.1588,0.0041,0.0006
2026-06-26,Madikeri,orographic,9.3,2.2,3.8,2.3,2.3,5.63,0.1079,0.0021,0.0003
2026-06-26,Ooty,orographic,2.5,1.7,3.1,1.7,1.7,6.05,0.0913,0.0015,0.0002
2026-06-26,Lonavala,orographic,1.5,0.2,0.8,0.3,0.3,3.51,0.0396,0.0004,0.0001
2026-06-26,Wayanad,orographic,2.2,3.8,5.7,4.0,4.0,6.81,0.1588,0.0041,0.0006
2026-06-26,Shimla,orographic,6.9,0.0,0.0,0.0,0.0,0.87,0.0327,0.0003,0.0
2026-06-26,Dehradun,orographic,0.7,0.0,0.0,0.0,0.0,0.65,0.0327,0.0003,0.0
2026-06-26,Srinagar,orographic,0.1,5.0,7.2,5.5,5.5,5.02,0.1942,0.006,0.0009
2026-06-26,Gangtok,orographic,6.2,5.7,8.0,6.3,6.3,4.76,0.2138,0.0073,0.0011
2026-06-26,Guwahati,orographic,1.6,16.9,20.5,21.9,21.9,11.01,0.4441,0.0384,0.0062
2026-06-26,Cherrapunji,orographic,5.6,11.6,14.8,13.93,13.93,9.15,0.3522,0.0213,0.0033
2026-06-26,Imphal,orographic,3.4,6.0,8.3,6.7,6.7,7.51,0.222,0.0079,0.0012
2026-06-26,Agartala,orographic,3.2,1.4,2.7,1.5,1.5,4.17,0.0811,0.0013,0.0002
2026-06-26,Lucknow,normal,0.4,0.0,0.0,0.0,0.0,1.19,0.0288,0.0001,0.0
2026-06-26,Patna,normal,0.4,0.3,1.0,1.0,1.0,1.85,0.038,0.0001,0.0
2026-06-26,Varanasi,normal,1.3,1.4,2.7,3.0,3.0,3.02,0.0719,0.0003,0.0
2026-06-26,Delhi,normal,1.2,0.0,0.0,0.0,0.0,0.73,0.0288,0.0001,0.0
2026-06-26,Kanpur,normal,0.3,0.1,0.6,0.6,0.6,1.36,0.0319,0.0001,0.0
2026-06-26,Ranchi,normal,4.0,2.0,3.5,3.85,3.85,3.72,0.09,0.0005,0.0001
2026-06-26,Jodhpur,normal,10.3,0.5,1.3,1.4,1.4,1.67,0.0442,0.0002,0.0
2026-06-26,Bikaner,normal,0.4,0.0,0.0,0.0,0.0,0.14,0.0288,0.0001,0.0
2026-06-26,Jaisalmer,normal,0.0,0.0,0.0,0.0,0.0,0.14,0.0288,0.0001,0.0
2026-06-26,Hyderabad,normal,1.2,1.7,3.1,3.4,3.4,3.91,0.081,0.0004,0.0001
2026-06-26,Bengaluru,normal,3.9,0.0,0.0,0.0,0.0,0.95,0.0288,0.0001,0.0
2026-06-26,Pune,normal,0.1,0.0,0.0,0.0,0.0,0.95,0.0288,0.0001,0.0
2026-06-26,Kurnool,normal,0.0,0.0,0.0,0.0,0.0,0.95,0.0288,0.0001,0.0
2026-06-26,Madurai,normal,0.8,0.0,0.0,0.0,0.0,0.95,0.0288,0.0001,0.0
2026-06-27,Nagpur,normal,5.1,13.1,16.1,17.21,17.21,10.91,0.3505,0.0072,0.001
2026-06-27,Bhopal,normal,8.6,5.7,8.0,8.5,8.5,7.4,0.1927,0.002,0.0003
2026-06-27,Raipur,normal,10.8,2.6,4.3,4.9,4.9,5.41,0.1078,0.0007,0.0001
2026-06-27,Jabalpur,normal,3.0,3.3,5.2,5.9,5.9,5.68,0.128,0.0009,0.0001
2026-06-27,Akola,normal,5.5,1.4,2.7,3.0,3.0,4.52,0.0719,0.0003,0.0
2026-06-27,Amravati,normal,5.5,2.6,4.3,4.9,4.9,5.06,0.1078,0.0007,0.0001
2026-06-27,Aurangabad,normal,4.2,4.5,6.6,7.2,7.2,7.5,0.1613,0.0014,0.0002
2026-06-27,Bhubaneswar,normal,12.1,0.1,0.6,0.6,0.6,1.78,0.0319,0.0001,0.0
2026-06-27,Mumbai,coastal,0.8,0.8,1.8,2.82,2.82,4.29,0.0774,0.0003,0.0
2026-06-27,Thiruvananthapuram,coastal,3.9,0.0,0.0,0.0,0.0,1.25,0.0422,0.0001,0.0
2026-06-27,Kochi,coastal,6.8,23.5,27.4,32.33,32.33,16.81,0.5948,0.0233,0.0019
2026-06-27,Mangaluru,coastal,8.8,30.9,35.4,48.3,48.3,19.68,0.6622,0.0363,0.003
2026-06-27,Panaji,coastal,27.1,27.6,32.0,39.7,39.7,18.56,0.6349,0.0302,0.0025
2026-06-27,Chennai,coastal,6.6,0.0,0.0,0.0,0.0,1.25,0.0422,0.0001,0.0
2026-06-27,Visakhapatnam,coastal,7.4,0.2,0.8,1.6,1.6,2.74,0.051,0.0001,0.0
2026-06-27,Puri,coastal,16.3,0.0,0.0,0.0,0.0,1.25,0.0422,0.0001,0.0
2026-06-27,Kolkata,coastal,2.0,0.0,0.0,0.0,0.0,1.66,0.0422,0.0001,0.0
2026-06-27,Surat,coastal,0.0,0.5,1.3,2.2,2.2,3.23,0.0643,0.0002,0.0
2026-06-27,Mahabaleshwar,orographic,5.5,0.9,2.0,1.03,1.03,3.78,0.064,0.0008,0.0001
2026-06-27,Munnar,orographic,2.8,3.2,5.0,3.4,3.4,7.83,0.1402,0.0033,0.0005
2026-06-27,Madikeri,orographic,7.3,5.9,8.2,6.5,6.5,11.04,0.2193,0.0077,0.0012
2026-06-27,Ooty,orographic,1.9,4.3,6.3,4.6,4.6,7.61,0.1738,0.0049,0.0007
2026-06-27,Lonavala,orographic,3.3,1.5,2.8,1.6,1.6,4.25,0.0845,0.0013,0.0002
2026-06-27,Wayanad,orographic,3.7,4.2,6.2,4.5,4.5,9.29,0.1708,0.0047,0.0007
2026-06-27,Shimla,orographic,1.5,0.0,0.0,0.0,0.0,0.16,0.0327,0.0003,0.0
2026-06-27,Dehradun,orographic,0.1,0.0,0.0,0.0,0.0,0.16,0.0327,0.0003,0.0
2026-06-27,Srinagar,orographic,0.0,3.8,5.7,4.0,4.0,4.54,0.1588,0.0041,0.0006
2026-06-27,Gangtok,orographic,29.0,13.9,17.2,17.0,17.0,8.94,0.3952,0.0283,0.0045
2026-06-27,Guwahati,orographic,3.3,9.2,12.2,10.6,10.6,8.57,0.3013,0.0149,0.0023
2026-06-27,Cherrapunji,orographic,10.9,6.1,8.5,6.85,6.85,6.73,0.2247,0.0081,0.0012
2026-06-27,Imphal,orographic,1.1,1.8,3.3,1.9,1.9,4.33,0.0946,0.0016,0.0002
2026-06-27,Agartala,orographic,2.1,12.1,15.2,14.3,14.3,7.38,0.362,0.0228,0.0036
2026-06-27,Lucknow,normal,0.5,0.5,1.3,1.4,1.4,2.34,0.0442,0.0002,0.0
2026-06-27,Patna,normal,1.4,3.4,5.3,6.0,6.0,4.69,0.1308,0.001,0.0001
2026-06-27,Varanasi,normal,0.5,1.3,2.5,2.8,2.8,4.02,0.0688,0.0003,0.0
2026-06-27,Delhi,normal,1.0,0.1,0.6,0.6,0.6,1.36,0.0319,0.0001,0.0
2026-06-27,Kanpur,normal,1.8,0.1,0.6,0.6,0.6,1.65,0.0319,0.0001,0.0
2026-06-27,Ranchi,normal,2.6,1.7,3.1,3.4,3.4,4.16,0.081,0.0004,0.0001
2026-06-27,Jodhpur,normal,0.5,0.1,0.6,0.6,0.6,0.7,0.0319,0.0001,0.0
2026-06-27,Bikaner,normal,0.0,0.0,0.0,0.0,0.0,0.14,0.0288,0.0001,0.0
2026-06-27,Jaisalmer,normal,0.0,0.0,0.0,0.0,0.0,0.14,0.0288,0.0001,0.0
2026-06-27,Hyderabad,normal,4.2,14.9,18.2,19.4,19.4,8.72,0.381,0.0088,0.0012
2026-06-27,Bengaluru,normal,5.3,0.4,1.2,1.2,1.2,2.16,0.0411,0.0001,0.0
2026-06-27,Pune,normal,1.6,0.6,1.4,1.5,1.5,2.58,0.0473,0.0002,0.0
2026-06-27,Kurnool,normal,4.5,3.1,4.9,5.5,5.5,4.19,0.1223,0.0009,0.0001
2026-06-27,Madurai,normal,1.5,0.7,1.6,1.7,1.7,2.58,0.0504,0.0002,0.0
2026-06-28,Nagpur,normal,1.0,0.3,1.0,1.0,1.0,4.1,0.038,0.0001,0.0
2026-06-28,Bhopal,depression,6.9,40.5,47.81,32.2,47.6,21.54,0.78,0.0953,0.0076
2026-06-28,Raipur,normal,13.3,7.1,9.6,10.2,10.2,9.55,0.2271,0.0028,0.0004
2026-06-28,Jabalpur,normal,0.4,4.4,6.5,7.0,7.0,7.74,0.1586,0.0014,0.0002
2026-06-28,Akola,normal,3.7,3.4,5.2,5.9,5.9,6.02,0.1308,0.001,0.0001
2026-06-28,Amravati,normal,4.6,3.5,5.35,6.0,6.0,6.48,0.1337,0.001,0.0001
2026-06-28,Aurangabad,normal,3.8,28.1,32.6,34.0,34.0,16.77,0.5443,0.0245,0.0034
2026-06-28,Bhubaneswar,normal,23.3,0.5,1.3,1.4,1.4,3.35,0.0442,0.0002,0.0
2026-06-28,Mumbai,coastal,11.5,6.1,8.4,10.6,10.6,10.11,0.2741,0.0028,0.0002
2026-06-28,Thiruvananthapuram,coastal,12.2,1.5,2.8,4.3,4.3,4.25,0.1073,0.0005,0.0
2026-06-28,Kochi,depression,30.7,42.9,51.2,36.34,83.42,29.47,0.7904,0.104,0.0084
2026-06-28,Mangaluru,depression,117.2,45.1,54.25,40.57,40.57,33.2,0.7991,0.1121,0.0091
2026-06-28,Panaji,coastal,75.5,20.3,24.0,27.0,27.0,19.97,0.5573,0.0184,0.0015
2026-06-28,Chennai,coastal,24.5,2.9,4.6,6.7,6.7,5.58,0.1637,0.001,0.0001
2026-06-28,Visakhapatnam,coastal,4.8,2.0,3.5,5.2,5.2,4.94,0.128,0.0006,0.0
2026-06-28,Puri,coastal,16.9,0.0,0.0,0.0,0.0,1.43,0.0422,0.0001,0.0
2026-06-28,Kolkata,coastal,12.6,0.0,0.0,0.0,0.0,1.43,0.0422,0.0001,0.0
2026-06-28,Surat,coastal,0.0,3.2,5.0,7.2,7.2,6.26,0.1751,0.0011,0.0001
2026-06-28,Mahabaleshwar,orographic,27.4,8.3,11.1,9.7,9.7,12.8,0.2804,0.0128,0.002
2026-06-28,Munnar,orographic,12.5,5.5,7.8,6.0,6.0,11.21,0.2083,0.0069,0.0011
2026-06-28,Madikeri,orographic,37.9,8.4,11.2,9.79,9.79,18.11,0.2828,0.013,0.002
2026-06-28,Ooty,orographic,9.8,11.2,14.4,13.5,13.5,16.2,0.3442,0.0202,0.0032
2026-06-28,Lonavala,orographic,17.2,7.0,9.5,7.9,7.9,12.69,0.2483,0.0099,0.0015
2026-06-28,Wayanad,orographic,6.4,8.0,10.6,9.2,9.2,14.79,0.2732,0.0121,0.0019
2026-06-28,Shimla,orographic,4.5,0.1,0.6,0.2,0.2,0.55,0.0362,0.0003,0.0
2026-06-28,Dehradun,orographic,4.0,0.0,0.0,0.0,0.0,0.23,0.0327,0.0003,0.0
2026-06-28,Srinagar,orographic,0.0,0.4,1.1,0.5,0.5,1.82,0.0466,0.0005,0.0001
2026-06-28,Gangtok,orographic,119.4,13.9,17.2,17.0,17.0,10.15,0.3952,0.0283,0.0045
2026-06-28,Guwahati,orographic,12.4,7.5,10.1,8.4,8.4,7.67,0.261,0.0109,0.0017
2026-06-28,Cherrapunji,orographic,27.9,8.3,11.1,9.7,9.7,7.88,0.2804,0.0128,0.002
2026-06-28,Imphal,orographic,1.8,0.7,1.6,0.8,0.8,3.28,0.057,0.0007,0.0001
2026-06-28,Agartala,orographic,3.6,6.8,9.3,7.6,7.6,7.63,0.2432,0.0095,0.0014
2026-06-28,Lucknow,normal,3.0,0.0,0.0,0.0,0.0,1.33,0.0288,0.0001,0.0
2026-06-28,Patna,normal,7.5,1.4,2.7,3.0,3.0,4.49,0.0719,0.0003,0.0
2026-06-28,Varanasi,normal,0.7,2.3,3.9,4.4,4.4,4.98,0.099,0.0006,0.0001
2026-06-28,Delhi,normal,1.0,0.1,0.6,0.6,0.6,1.84,0.0319,0.0001,0.0
2026-06-28,Kanpur,normal,1.0,0.5,1.3,1.4,1.4,3.03,0.0442,0.0002,0.0
2026-06-28,Ranchi,normal,1.1,0.8,1.8,1.9,1.9,3.96,0.0535,0.0002,0.0
2026-06-28,Jodhpur,normal,0.1,0.0,0.0,0.0,0.0,0.33,0.0288,0.0001,0.0
2026-06-28,Bikaner,normal,0.0,0.0,0.0,0.0,0.0,0.2,0.0288,0.0001,0.0
2026-06-28,Jaisalmer,normal,0.0,0.0,0.0,0.0,0.0,0.2,0.0288,0.0001,0.0
2026-06-28,Hyderabad,normal,14.6,12.2,15.3,16.2,16.2,10.71,0.3342,0.0064,0.0008
2026-06-28,Bengaluru,normal,3.2,6.7,9.2,9.6,9.6,7.1,0.2175,0.0025,0.0003
2026-06-28,Pune,normal,11.7,2.6,4.3,4.9,4.9,4.37,0.1078,0.0007,0.0001
2026-06-28,Kurnool,normal,8.6,3.8,5.7,6.4,6.4,5.82,0.1421,0.0011,0.0001
2026-06-28,Madurai,normal,3.0,2.1,3.6,4.0,4.0,4.29,0.093,0.0005,0.0001
2026-06-29,Nagpur,normal,21.3,7.6,10.2,10.9,10.9,8.41,0.2389,0.0031,0.0004
2026-06-29,Bhopal,normal,2.6,12.1,15.2,16.1,16.1,13.52,0.3324,0.0063,0.0008
2026-06-29,Raipur,normal,0.4,9.9,12.8,13.4,13.4,10.14,0.2893,0.0046,0.0006
2026-06-29,Jabalpur,normal,3.4,0.7,1.62,1.8,1.8,4.55,0.0504,0.0002,0.0
2026-06-29,Akola,normal,4.1,6.5,8.9,9.3,9.3,8.59,0.2127,0.0024,0.0003
2026-06-29,Amravati,normal,4.7,2.1,3.6,4.0,4.0,5.09,0.093,0.0005,0.0001
2026-06-29,Aurangabad,normal,8.7,3.8,5.7,6.4,6.4,7.47,0.1421,0.0011,0.0001
2026-06-29,Bhubaneswar,normal,9.3,1.3,2.5,2.8,2.8,3.83,0.0688,0.0003,0.0
2026-06-29,Mumbai,coastal,26.4,38.1,44.65,63.31,63.31,23.6,0.7102,0.0507,0.0042
2026-06-29,Thiruvananthapuram,coastal,3.3,1.8,3.3,4.9,4.9,4.99,0.1198,0.0006,0.0
2026-06-29,Kochi,depression,23.0,25.8,30.0,10.08,35.8,23.56,0.687,0.0473,0.0036
2026-06-29,Mangaluru,coastal,63.4,18.3,22.1,24.2,4.7,19.16,0.5305,0.0156,0.0012
2026-06-29,Panaji,depression,42.3,31.3,35.7,16.28,48.61,20.87,0.7292,0.064,0.0049
2026-06-29,Chennai,coastal,1.7,2.2,3.8,5.6,5.6,5.68,0.1361,0.0007,0.0001
2026-06-29,Visakhapatnam,coastal,0.7,0.2,0.8,1.6,1.6,2.91,0.051,0.0001,0.0
2026-06-29,Puri,coastal,0.8,0.0,0.0,0.0,0.0,1.28,0.0422,0.0001,0.0
2026-06-29,Kolkata,coastal,24.5,3.5,5.35,7.5,7.5,5.76,0.1863,0.0013,0.0001
2026-06-29,Surat,coastal,3.5,2.7,4.4,6.3,6.3,6.64,0.156,0.0009,0.0001
2026-06-29,Mahabaleshwar,orographic,38.4,4.9,7.1,5.3,5.3,13.4,0.1913,0.0059,0.0009
2026-06-29,Munnar,orographic,18.4,7.6,10.2,8.6,8.6,17.03,0.2634,0.0112,0.0017
2026-06-29,Madikeri,orographic,18.4,9.0,12.0,10.5,10.5,17.49,0.2967,0.0144,0.0022
2026-06-29,Ooty,orographic,1.0,11.6,14.8,13.93,13.93,20.23,0.3522,0.0213,0.0033
2026-06-29,Lonavala,orographic,13.8,20.3,24.0,26.6,26.6,24.86,0.4915,0.0511,0.0084
2026-06-29,Wayanad,orographic,2.9,5.8,8.1,6.4,6.4,15.53,0.2166,0.0075,0.0011
2026-06-29,Shimla,orographic,12.2,0.5,1.3,0.6,0.6,1.26,0.0501,0.0006,0.0001
2026-06-29,Dehradun,orographic,5.5,0.1,0.6,0.2,0.2,0.48,0.0362,0.0003,0.0
2026-06-29,Srinagar,orographic,0.0,0.0,0.0,0.0,0.0,0.44,0.0327,0.0003,0.0
2026-06-29,Gangtok,orographic,44.7,15.1,18.4,18.7,18.7,8.98,0.4156,0.0322,0.0051
2026-06-29,Guwahati,orographic,40.4,8.1,10.8,9.4,9.4,7.8,0.2756,0.0123,0.0019
2026-06-29,Cherrapunji,orographic,28.3,12.9,16.0,15.2,15.2,9.34,0.3771,0.0252,0.004
2026-06-29,Imphal,orographic,4.2,0.0,0.0,0.0,0.0,1.51,0.0327,0.0003,0.0
2026-06-29,Agartala,orographic,6.6,1.3,2.5,1.4,1.4,4.18,0.0777,0.0012,0.0002
2026-06-29,Lucknow,normal,6.1,0.0,0.0,0.0,0.0,0.75,0.0288,0.0001,0.0
2026-06-29,Patna,normal,4.7,2.5,4.2,4.8,4.8,4.81,0.1049,0.0007,0.0001
2026-06-29,Varanasi,normal,2.9,0.3,1.0,1.0,1.0,3.08,0.038,0.0001,0.0
2026-06-29,Delhi,normal,1.4,0.1,0.6,0.6,0.6,1.68,0.0319,0.0001,0.0
2026-06-29,Kanpur,normal,4.5,0.1,0.6,0.6,0.6,1.79,0.0319,0.0001,0.0
2026-06-29,Ranchi,normal,6.4,11.2,14.4,15.0,15.0,7.61,0.3153,0.0056,0.0007
2026-06-29,Jodhpur,normal,0.0,0.0,0.0,0.0,0.0,0.15,0.0288,0.0001,0.0
2026-06-29,Bikaner,normal,0.0,0.0,0.0,0.0,0.0,0.15,0.0288,0.0001,0.0
2026-06-29,Jaisalmer,normal,0.0,0.0,0.0,0.0,0.0,0.15,0.0288,0.0001,0.0
2026-06-29,Hyderabad,normal,0.9,11.5,14.7,15.4,15.4,8.75,0.3211,0.0058,0.0008
2026-06-29,Bengaluru,normal,8.4,1.9,3.4,3.7,3.7,5.18,0.087,0.0005,0.0001
2026-06-29,Pune,normal,4.0,3.0,4.8,5.4,5.4,4.9,0.1194,0.0008,0.0001
2026-06-29,Kurnool,normal,1.5,4.7,6.9,7.4,7.4,6.26,0.1666,0.0015,0.0002
2026-06-29,Madurai,normal,2.7,11.2,14.4,15.0,15.0,7.48,0.3153,0.0056,0.0007
2026-06-30,Nagpur,depression,19.5,32.3,36.7,17.6,36.71,19.34,0.7358,0.0672,0.0052
2026-06-30,Bhopal,depression,6.1,58.8,66.1,54.9,43.83,25.52,0.8411,0.165,0.0143
2026-06-30,Raipur,active,11.7,3.4,5.2,6.9,6.9,7.77,0.1897,0.0012,0.0003
2026-06-30,Jabalpur,active,20.2,17.5,21.2,21.4,21.4,13.13,0.5305,0.0144,0.0034
2026-06-30,Akola,depression,7.4,23.3,27.2,7.5,32.51,16.57,0.6635,0.0402,0.003
2026-06-30,Amravati,active,2.6,20.5,24.2,29.72,29.72,15.49,0.5713,0.0186,0.0044
2026-06-30,Aurangabad,active,17.8,3.5,5.4,6.94,6.94,7.0,0.1935,0.0013,0.0003
2026-06-30,Bhubaneswar,active,33.9,23.7,27.61,34.65,7.64,15.16,0.6081,0.0235,0.0056
2026-06-30,Mumbai,depression,57.5,54.1,62.11,52.22,116.08,49.57,0.8287,0.1465,0.0124
2026-06-30,Thiruvananthapuram,coastal,5.0,0.0,0.0,0.0,0.0,2.19,0.0422,0.0001,0.0
2026-06-30,Kochi,depression,9.0,15.8,19.2,3.5,21.4,18.68,0.5681,0.0217,0.0016
2026-06-30,Mangaluru,depression,57.4,37.4,44.0,26.8,26.8,25.71,0.765,0.0844,0.0066
2026-06-30,Panaji,depression,55.8,41.6,49.61,34.49,80.2,29.77,0.7849,0.0992,0.008
2026-06-30,Chennai,coastal,2.9,4.1,6.1,8.4,8.4,8.03,0.208,0.0016,0.0001
2026-06-30,Visakhapatnam,coastal,4.4,0.1,0.6,1.2,1.2,2.22,0.0466,0.0001,0.0
2026-06-30,Puri,coastal,22.8,13.5,16.67,18.0,18.0,13.52,0.4523,0.0096,0.0007
2026-06-30,Kolkata,coastal,10.2,3.5,5.35,7.5,7.5,7.27,0.1863,0.0013,0.0001
2026-06-30,Surat,coastal,21.6,12.6,15.7,17.3,17.3,13.34,0.435,0.0086,0.0007
2026-06-30,Mahabaleshwar,orographic,51.2,6.1,8.4,6.8,6.8,16.32,0.2247,0.0081,0.0012
2026-06-30,Munnar,orographic,11.7,4.3,6.3,4.6,4.6,13.43,0.1738,0.0049,0.0007
2026-06-30,Madikeri,orographic,22.6,13.0,16.0,15.3,15.3,23.13,0.379,0.0255,0.004
2026-06-30,Ooty,orographic,7.6,6.2,8.5,6.9,6.9,17.12,0.2274,0.0082,0.0013
2026-06-30,Lonavala,orographic,35.3,8.2,10.9,9.5,9.5,20.64,0.278,0.0125,0.0019
2026-06-30,Wayanad,orographic,8.0,3.9,5.9,4.1,4.1,12.86,0.1618,0.0043,0.0006
2026-06-30,Shimla,orographic,13.1,0.0,0.0,0.0,0.0,0.54,0.0327,0.0003,0.0
2026-06-30,Dehradun,orographic,9.9,0.0,0.0,0.0,0.0,0.35,0.0327,0.0003,0.0
2026-06-30,Srinagar,orographic,0.0,0.0,0.0,0.0,0.0,0.25,0.0327,0.0003,0.0
2026-06-30,Gangtok,orographic,9.6,10.9,14.0,13.0,13.0,8.51,0.338,0.0194,0.003
2026-06-30,Guwahati,orographic,23.4,6.0,8.3,6.7,6.7,7.07,0.222,0.0079,0.0012
2026-06-30,Cherrapunji,orographic,3.7,10.3,13.3,12.3,12.3,8.24,0.3254,0.0177,0.0028
2026-06-30,Imphal,orographic,21.9,23.1,27.0,31.6,31.6,11.94,0.5254,0.0624,0.0103
2026-06-30,Agartala,orographic,4.8,5.2,7.5,5.6,5.6,5.05,0.1999,0.0064,0.001
2026-06-30,Lucknow,active,0.1,0.2,0.8,1.1,1.1,1.84,0.0533,0.0001,0.0
2026-06-30,Patna,active,2.0,2.8,4.6,6.0,6.0,5.53,0.1662,0.001,0.0002
2026-06-30,Varanasi,active,3.3,1.6,3.0,4.2,4.2,3.98,0.1162,0.0005,0.0001
2026-06-30,Delhi,active,4.4,0.7,1.6,2.31,2.31,3.48,0.0762,0.0002,0.0001
2026-06-30,Kanpur,active,5.7,0.8,1.8,2.56,2.56,3.48,0.0808,0.0003,0.0001
2026-06-30,Ranchi,active,8.8,1.9,3.4,4.5,4.5,5.5,0.1291,0.0006,0.0001
2026-06-30,Jodhpur,active,0.0,0.0,0.0,0.0,0.0,0.24,0.0441,0.0001,0.0
2026-06-30,Bikaner,active,0.0,0.0,0.0,0.0,0.0,0.24,0.0441,0.0001,0.0
2026-06-30,Jaisalmer,active,0.0,0.0,0.0,0.0,0.0,0.24,0.0441,0.0001,0.0
2026-06-30,Hyderabad,active,1.8,0.5,1.3,1.86,1.86,4.5,0.0671,0.0002,0.0
2026-06-30,Bengaluru,active,1.4,2.3,3.9,5.3,5.3,4.93,0.1458,0.0008,0.0002
2026-06-30,Pune,active,18.9,0.4,1.2,1.6,1.6,3.62,0.0625,0.0002,0.0
2026-06-30,Kurnool,active,0.7,0.0,0.0,0.0,0.0,2.35,0.0441,0.0001,0.0
2026-06-30,Madurai,active,8.5,5.6,7.9,9.73,9.73,7.68,0.2674,0.0025,0.0006
2026-07-01,Nagpur,depression,30.0,25.7,29.9,9.9,30.55,19.36,0.6861,0.047,0.0035
2026-07-01,Bhopal,depression,3.6,71.6,79.8,68.75,80.7,47.5,0.8675,0.2162,0.02
2026-07-01,Raipur,normal,23.2,13.8,17.1,18.36,18.36,12.11,0.3627,0.0078,0.001
2026-07-01,Jabalpur,normal,8.3,9.8,12.7,13.3,13.3,12.24,0.2872,0.0045,0.0006
2026-07-01,Akola,normal,14.2,11.7,14.9,15.6,15.6,14.01,0.3249,0.006,0.0008
2026-07-01,Amravati,normal,9.7,15.1,18.4,19.5,19.5,14.72,0.3843,0.009,0.0012
2026-07-01,Aurangabad,normal,21.4,14.0,17.3,18.5,18.5,12.11,0.3661,0.008,0.0011
2026-07-01,Bhubaneswar,normal,48.8,0.1,0.6,0.6,1.5,4.06,0.0319,0.0001,0.0
2026-07-01,Mumbai,depression,86.6,45.9,54.9,41.18,41.18,42.88,0.8021,0.1151,0.0094
2026-07-01,Thiruvananthapuram,coastal,1.7,0.1,0.6,1.2,1.2,2.44,0.0466,0.0001,0.0
2026-07-01,Kochi,coastal,4.1,15.2,18.6,20.16,20.16,16.64,0.4826,0.0116,0.0009
2026-07-01,Mangaluru,depression,89.0,31.9,36.5,17.32,17.32,30.53,0.7332,0.066,0.0051
2026-07-01,Panaji,depression,66.9,59.4,66.3,55.12,127.46,50.54,0.8425,0.1674,0.0146
2026-07-01,Chennai,coastal,0.3,1.4,2.7,4.1,4.1,5.55,0.1031,0.0004,0.0
2026-07-01,Visakhapatnam,coastal,1.9,0.1,0.6,1.2,1.2,2.49,0.0466,0.0001,0.0
2026-07-01,Puri,coastal,35.3,0.0,0.0,0.0,0.0,3.06,0.0422,0.0001,0.0
2026-07-01,Kolkata,coastal,5.0,5.7,8.0,10.4,10.4,11.0,0.2616,0.0026,0.0002
2026-07-01,Surat,depression,30.8,35.3,40.96,22.9,58.5,23.07,0.7538,0.0772,0.006
2026-07-01,Mahabaleshwar,orographic,65.9,27.3,31.7,37.3,37.3,30.01,0.569,0.0807,0.0137
2026-07-01,Munnar,orographic,9.1,1.8,3.3,1.9,1.9,7.9,0.0946,0.0016,0.0002
2026-07-01,Madikeri,orographic,19.8,4.2,6.2,4.5,4.5,14.15,0.1708,0.0047,0.0007
2026-07-01,Ooty,orographic,3.9,0.6,1.5,0.7,0.7,8.46,0.0536,0.0006,0.0001
2026-07-01,Lonavala,orographic,79.8,29.1,33.8,40.88,40.88,30.01,0.5855,0.0889,0.0152
2026-07-01,Wayanad,orographic,12.4,1.8,3.3,1.9,1.9,7.7,0.0946,0.0016,0.0002
2026-07-01,Shimla,orographic,32.1,3.6,5.5,3.8,3.8,3.07,0.1526,0.0038,0.0006
2026-07-01,Dehradun,orographic,16.8,7.6,10.2,8.6,8.6,5.5,0.2634,0.0112,0.0017
2026-07-01,Srinagar,orographic,2.5,0.0,0.0,0.0,0.0,0.3,0.0327,0.0003,0.0
2026-07-01,Gangtok,orographic,22.9,9.7,12.7,11.4,11.4,6.96,0.3125,0.0162,0.0025
2026-07-01,Guwahati,orographic,25.7,25.7,29.9,35.3,35.3,13.75,0.5532,0.0736,0.0124
2026-07-01,Cherrapunji,orographic,6.6,15.7,19.1,19.4,19.4,10.94,0.4254,0.0342,0.0055
2026-07-01,Imphal,orographic,10.0,17.4,21.1,22.8,22.8,13.86,0.4516,0.0401,0.0065
2026-07-01,Agartala,orographic,4.7,10.2,13.2,12.1,12.1,8.31,0.3233,0.0175,0.0027
2026-07-01,Lucknow,normal,11.7,6.6,9.0,9.48,9.48,7.41,0.2151,0.0025,0.0003
2026-07-01,Patna,normal,7.0,3.6,5.5,6.2,6.2,6.05,0.1365,0.001,0.0001
2026-07-01,Varanasi,normal,18.0,3.5,5.35,6.0,6.0,5.38,0.1337,0.001,0.0001
2026-07-01,Delhi,normal,1.8,0.0,0.0,0.0,0.0,1.84,0.0288,0.0001,0.0
2026-07-01,Kanpur,normal,4.8,11.4,14.6,15.2,15.2,8.12,0.3192,0.0057,0.0008
2026-07-01,Ranchi,normal,9.0,6.4,8.8,9.2,9.2,7.14,0.2102,0.0024,0.0003
2026-07-01,Jodhpur,normal,0.0,0.0,0.0,0.0,0.0,0.32,0.0288,0.0001,0.0
2026-07-01,Bikaner,normal,0.0,0.0,0.0,0.0,0.0,0.32,0.0288,0.0001,0.0
2026-07-01,Jaisalmer,normal,0.0,0.0,0.0,0.0,0.0,0.32,0.0288,0.0001,0.0
2026-07-01,Hyderabad,normal,4.0,19.0,22.9,23.6,23.6,12.94,0.4419,0.013,0.0018
2026-07-01,Bengaluru,normal,1.1,0.0,0.0,0.0,0.0,2.38,0.0288,0.0001,0.0
2026-07-01,Pune,normal,26.6,5.6,7.9,8.4,8.4,6.18,0.1902,0.0019,0.0003
2026-07-01,Kurnool,normal,0.8,1.1,2.3,2.4,2.4,3.46,0.0627,0.0003,0.0
2026-07-01,Madurai,normal,0.6,0.0,0.0,0.0,0.0,2.88,0.0288,0.0001,0.0
2026-07-02,Nagpur,depression,24.5,152.4,134.0,100.95,100.95,36.39,0.937,0.5001,0.0703
2026-07-02,Bhopal,depression,24.0,24.5,28.5,7.9,35.92,22.29,0.6752,0.0436,0.0033
2026-07-02,Raipur,active,30.5,9.4,12.3,13.67,13.67,12.7,0.3754,0.0054,0.0012
2026-07-02,Jabalpur,active,29.6,13.5,16.67,17.54,17.54,14.05,0.4639,0.0095,0.0022
2026-07-02,Akola,active,12.8,18.0,21.7,21.52,21.52,14.96,0.5378,0.0151,0.0036
2026-07-02,Amravati,active,9.7,13.8,17.1,17.97,17.97,15.31,0.4694,0.0099,0.0023
2026-07-02,Aurangabad,active,2.0,7.7,10.3,11.83,11.83,12.53,0.3307,0.004,0.0009
2026-07-02,Bhubaneswar,active,36.6,9.6,12.6,14.39,1.5,9.97,0.3803,0.0056,0.0013
2026-07-02,Mumbai,depression,55.7,78.9,83.2,75.82,75.82,56.44,0.8791,0.2455,0.0236
2026-07-02,Thiruvananthapuram,coastal,3.2,0.0,0.0,0.0,0.0,1.77,0.0422,0.0001,0.0
2026-07-02,Kochi,coastal,11.9,3.2,5.0,7.2,7.2,8.48,0.1751,0.0011,0.0001
2026-07-02,Mangaluru,depression,58.8,21.9,25.7,7.19,7.19,21.58,0.6488,0.0365,0.0027
2026-07-02,Panaji,depression,45.4,60.1,66.75,55.2,128.96,50.32,0.8442,0.1701,0.0149
2026-07-02,Chennai,coastal,0.1,0.3,1.0,1.9,1.9,3.68,0.0554,0.0002,0.0
2026-07-02,Visakhapatnam,coastal,10.6,0.0,0.0,0.0,0.0,1.77,0.0422,0.0001,0.0
2026-07-02,Puri,coastal,41.3,4.0,6.0,8.2,1.5,7.87,0.2045,0.0015,0.0001
2026-07-02,Kolkata,coastal,11.5,1.2,2.4,3.56,3.56,5.83,0.0946,0.0004,0.0
2026-07-02,Surat,depression,39.8,44.6,53.3,40.07,40.07,42.69,0.7972,0.1102,0.009
2026-07-02,Mahabaleshwar,orographic,26.2,10.3,13.3,12.3,12.3,24.74,0.3254,0.0177,0.0028
2026-07-02,Munnar,orographic,21.4,2.9,4.6,3.1,3.1,8.27,0.1307,0.0029,0.0004
2026-07-02,Madikeri,orographic,22.1,2.8,4.5,3.0,3.0,9.54,0.1275,0.0028,0.0004
2026-07-02,Ooty,orographic,5.5,1.9,3.4,2.0,2.0,6.59,0.098,0.0017,0.0003
2026-07-02,Lonavala,orographic,18.9,54.1,62.11,68.82,68.82,54.26,0.7326,0.2165,0.0426
2026-07-02,Wayanad,orographic,11.8,1.7,3.1,1.7,1.7,6.68,0.0913,0.0015,0.0002
2026-07-02,Shimla,orographic,4.8,18.1,21.8,23.4,23.4,8.72,0.4617,0.0427,0.0069
2026-07-02,Dehradun,orographic,2.0,11.0,14.1,13.1,13.1,7.5,0.3401,0.0196,0.0031
2026-07-02,Srinagar,orographic,8.2,2.0,3.5,2.1,2.1,2.03,0.1013,0.0018,0.0003
2026-07-02,Gangtok,orographic,19.0,6.8,9.3,7.6,7.6,7.03,0.2432,0.0095,0.0014
2026-07-02,Guwahati,orographic,31.0,19.4,23.2,25.4,25.4,16.78,0.4797,0.0476,0.0077
2026-07-02,Cherrapunji,orographic,3.1,15.7,19.1,19.4,19.4,12.17,0.4254,0.0342,0.0055
2026-07-02,Imphal,orographic,5.9,21.3,25.0,27.86,27.86,15.74,0.5041,0.055,0.009
2026-07-02,Agartala,orographic,5.1,3.0,4.8,3.2,3.2,5.15,0.1338,0.003,0.0005
2026-07-02,Lucknow,active,8.1,2.5,4.2,5.4,5.4,6.02,0.1541,0.0008,0.0002
2026-07-02,Patna,active,3.4,0.4,1.2,1.6,1.6,3.91,0.0625,0.0002,0.0
2026-07-02,Varanasi,active,9.2,1.8,3.3,4.4,4.4,4.96,0.1248,0.0006,0.0001
2026-07-02,Delhi,active,6.8,0.0,0.0,0.0,0.0,1.03,0.0441,0.0001,0.0
2026-07-02,Kanpur,active,4.0,12.9,16.0,17.24,17.24,9.83,0.4524,0.0089,0.0021
2026-07-02,Ranchi,active,9.8,8.9,11.8,12.6,12.6,8.52,0.3628,0.005,0.0011
2026-07-02,Jodhpur,active,2.2,0.1,0.6,0.8,0.8,0.66,0.0487,0.0001,0.0
2026-07-02,Bikaner,active,0.6,0.1,0.6,0.8,0.8,0.66,0.0487,0.0001,0.0
2026-07-02,Jaisalmer,active,0.0,0.0,0.0,0.0,0.0,0.31,0.0441,0.0001,0.0
2026-07-02,Hyderabad,active,6.9,4.7,6.9,9.07,9.07,9.01,0.2371,0.0019,0.0004
2026-07-02,Bengaluru,active,1.2,0.2,0.8,1.1,1.1,2.15,0.0533,0.0001,0.0
2026-07-02,Pune,active,9.4,2.5,4.2,5.4,5.4,6.35,0.1541,0.0008,0.0002
2026-07-02,Kurnool,active,8.2,0.0,0.0,0.0,0.0,2.32,0.0441,0.0001,0.0
2026-07-02,Madurai,active,0.1,5.7,8.0,9.87,9.87,6.95,0.2707,0.0025,0.0006
2026-07-03,Nagpur,normal,42.0,17.9,21.5,22.41,21.4,16.42,0.4266,0.0118,0.0016
2026-07-03,Bhopal,normal,6.1,18.2,22.0,22.9,21.88,16.47,0.4309,0.0121,0.0016
2026-07-03,Raipur,normal,28.3,20.0,23.7,24.7,27.46,15.18,0.4551,0.0141,0.0019
2026-07-03,Jabalpur,normal,16.6,25.4,29.51,30.0,35.92,15.66,0.5177,0.0208,0.0029
2026-07-03,Akola,normal,29.7,5.8,8.2,8.7,1.5,9.89,0.1952,0.002,0.0003
2026-07-03,Amravati,normal,23.5,9.6,12.6,13.2,14.39,10.89,0.283,0.0044,0.0006
2026-07-03,Aurangabad,normal,17.3,18.2,22.0,22.9,21.88,15.18,0.4309,0.0121,0.0016
2026-07-03,Bhubaneswar,normal,38.4,20.1,23.8,24.8,6.59,15.18,0.4564,0.0142,0.0019
2026-07-03,Mumbai,depression,51.8,81.2,84.5,76.4,76.4,56.51,0.8823,0.2547,0.0247
2026-07-03,Thiruvananthapuram,coastal,13.5,0.0,0.0,0.0,0.0,1.71,0.0422,0.0001,0.0
2026-07-03,Kochi,coastal,42.4,5.1,7.3,9.7,9.7,9.73,0.2422,0.0022,0.0002
2026-07-03,Mangaluru,depression,85.6,37.6,44.2,27.1,61.71,25.97,0.7661,0.0851,0.0067
2026-07-03,Panaji,depression,44.9,33.2,38.36,19.3,51.76,27.58,0.7414,0.0702,0.0054
2026-07-03,Chennai,coastal,1.0,0.4,1.1,2.0,2.0,3.46,0.0599,0.0002,0.0
2026-07-03,Visakhapatnam,coastal,22.3,0.2,0.8,1.6,1.6,2.72,0.051,0.0001,0.0
2026-07-03,Puri,coastal,42.3,10.1,13.1,15.12,1.5,12.59,0.3812,0.0061,0.0005
2026-07-03,Kolkata,coastal,4.2,0.1,0.6,1.2,1.2,2.82,0.0466,0.0001,0.0
2026-07-03,Surat,depression,74.0,52.3,61.3,51.41,51.41,48.5,0.8235,0.1395,0.0117
2026-07-03,Mahabaleshwar,orographic,103.2,44.3,52.4,63.1,63.1,39.5,0.6886,0.1648,0.0306
2026-07-03,Munnar,orographic,60.9,0.8,1.8,0.9,0.9,6.17,0.0605,0.0008,0.0001
2026-07-03,Madikeri,orographic,40.5,6.0,8.3,6.7,6.7,13.61,0.222,0.0079,0.0012
2026-07-03,Ooty,orographic,10.3,0.8,1.8,0.9,0.9,5.71,0.0605,0.0008,0.0001
2026-07-03,Lonavala,orographic,60.8,68.5,76.55,86.31,86.31,79.63,0.7795,0.2919,0.0626
2026-07-03,Wayanad,orographic,15.8,0.0,0.0,0.0,0.0,2.78,0.0327,0.0003,0.0
2026-07-03,Shimla,orographic,16.2,19.0,22.9,24.8,24.8,11.45,0.4743,0.0461,0.0075
2026-07-03,Dehradun,orographic,3.2,13.5,16.67,16.1,16.1,8.97,0.3881,0.027,0.0043
2026-07-03,Srinagar,orographic,6.7,1.9,3.4,2.0,2.0,2.43,0.098,0.0017,0.0003
2026-07-03,Gangtok,orographic,12.8,12.6,15.7,14.9,14.9,7.95,0.3715,0.0242,0.0038
2026-07-03,Guwahati,orographic,7.9,5.3,7.6,5.8,5.8,6.79,0.2027,0.0066,0.001
2026-07-03,Cherrapunji,orographic,4.4,21.4,25.1,28.2,28.2,13.88,0.5053,0.0554,0.0091
2026-07-03,Imphal,orographic,5.3,5.3,7.6,5.8,5.8,6.79,0.2027,0.0066,0.001
2026-07-03,Agartala,orographic,8.9,12.1,15.2,14.3,14.3,8.55,0.362,0.0228,0.0036
2026-07-03,Lucknow,normal,8.7,3.1,4.9,5.5,6.54,5.61,0.1223,0.0009,0.0001
2026-07-03,Patna,normal,0.4,0.1,0.6,0.6,0.8,2.09,0.0319,0.0001,0.0
2026-07-03,Varanasi,normal,6.3,2.4,4.1,4.6,5.4,5.07,0.1019,0.0006,0.0001
2026-07-03,Delhi,normal,0.5,0.6,1.4,1.5,2.2,3.04,0.0473,0.0002,0.0
2026-07-03,Kanpur,normal,8.5,0.3,1.0,1.0,1.32,3.74,0.038,0.0001,0.0
2026-07-03,Ranchi,normal,4.7,5.9,8.2,8.7,9.87,7.63,0.1978,0.0021,0.0003
2026-07-03,Jodhpur,normal,10.4,9.5,12.4,13.1,13.77,5.84,0.2809,0.0043,0.0006
2026-07-03,Bikaner,normal,2.3,0.3,1.0,1.0,1.32,1.18,0.038,0.0001,0.0
2026-07-03,Jaisalmer,normal,0.0,0.0,0.0,0.0,0.0,0.29,0.0288,0.0001,0.0
2026-07-03,Hyderabad,normal,7.1,2.5,4.2,4.8,5.4,5.43,0.1049,0.0007,0.0001
2026-07-03,Bengaluru,normal,2.9,0.0,0.0,0.0,0.0,1.61,0.0288,0.0001,0.0
2026-07-03,Pune,normal,23.4,10.4,13.5,14.0,15.6,8.18,0.2995,0.005,0.0007
2026-07-03,Kurnool,normal,3.3,0.5,1.3,1.4,1.86,2.78,0.0442,0.0002,0.0
2026-07-03,Madurai,normal,1.3,2.9,4.6,5.3,6.2,5.92,0.1165,0.0008,0.0001
2026-07-04,Nagpur,depression,16.6,23.9,27.9,7.7,34.75,19.11,0.6694,0.0419,0.0031
2026-07-04,Bhopal,depression,18.1,51.7,60.7,50.9,43.83,30.41,0.8216,0.1371,0.0115
2026-07-04,Raipur,depression,24.3,29.4,34.11,13.83,13.83,21.41,0.7159,0.0581,0.0044
2026-07-04,Jabalpur,active,7.9,16.4,19.7,19.53,19.53,16.69,0.5138,0.013,0.0031
2026-07-04,Akola,depression,40.0,29.2,34.0,13.8,36.71,18.9,0.7145,0.0574,0.0044
2026-07-04,Amravati,depression,18.9,29.9,34.61,14.8,36.71,18.9,0.7196,0.0596,0.0046
2026-07-04,Aurangabad,depression,15.1,41.9,50.45,34.74,43.83,26.27,0.7862,0.1003,0.0081
2026-07-04,Bhubaneswar,depression,234.8,20.0,23.7,6.59,6.59,19.46,0.6269,0.0316,0.0023
2026-07-04,Mumbai,depression,78.1,141.8,127.81,98.75,98.75,56.83,0.9322,0.4693,0.0625
2026-07-04,Thiruvananthapuram,coastal,14.9,8.7,11.53,13.68,13.68,10.97,0.347,0.0048,0.0004
2026-07-04,Kochi,coastal,18.7,21.6,25.3,29.4,29.4,18.21,0.5733,0.0204,0.0016
2026-07-04,Mangaluru,depression,32.2,33.1,38.16,19.17,51.21,30.39,0.7408,0.0699,0.0054
2026-07-04,Panaji,depression,58.1,25.4,29.51,9.24,35.7,21.58,0.6835,0.0461,0.0035
2026-07-04,Chennai,coastal,5.8,0.0,0.0,0.0,0.0,2.18,0.0422,0.0001,0.0
2026-07-04,Visakhapatnam,coastal,20.1,2.6,4.3,6.2,6.2,5.96,0.152,0.0009,0.0001
2026-07-04,Puri,coastal,65.6,17.1,20.8,23.0,4.6,17.1,0.5129,0.014,0.0011
2026-07-04,Kolkata,coastal,7.7,3.3,5.1,7.3,7.3,6.47,0.1789,0.0012,0.0001
2026-07-04,Surat,depression,33.9,38.8,45.3,29.6,29.6,36.88,0.772,0.0893,0.0071
2026-07-04,Mahabaleshwar,orographic,183.3,82.5,84.7,91.11,91.11,85.37,0.8121,0.3612,0.0843
2026-07-04,Munnar,orographic,46.8,2.0,3.5,2.1,2.1,6.7,0.1013,0.0018,0.0003
2026-07-04,Madikeri,orographic,30.5,14.6,17.9,18.1,18.1,25.74,0.4073,0.0305,0.0049
2026-07-04,Ooty,orographic,11.7,0.9,2.0,1.03,1.03,5.65,0.064,0.0008,0.0001
2026-07-04,Lonavala,orographic,85.5,139.0,127.4,145.3,145.3,85.72,0.8839,0.5792,0.1853
2026-07-04,Wayanad,orographic,20.2,3.2,5.0,3.4,3.4,7.79,0.1402,0.0033,0.0005
2026-07-04,Shimla,orographic,12.1,9.6,12.6,11.3,11.3,8.58,0.3102,0.0159,0.0025
2026-07-04,Dehradun,orographic,3.9,3.5,5.35,3.6,3.6,4.74,0.1495,0.0037,0.0006
2026-07-04,Srinagar,orographic,2.0,3.9,5.9,4.1,4.1,3.59,0.1618,0.0043,0.0006
2026-07-04,Gangtok,orographic,10.5,16.4,19.8,21.0,21.0,9.15,0.4364,0.0366,0.0059
2026-07-04,Guwahati,orographic,1.8,20.2,23.91,26.4,26.4,13.94,0.4902,0.0507,0.0083
2026-07-04,Cherrapunji,orographic,7.1,8.0,10.6,9.2,9.2,9.83,0.2732,0.0121,0.0019
2026-07-04,Imphal,orographic,17.6,6.2,8.5,6.9,6.9,7.11,0.2274,0.0082,0.0013
2026-07-04,Agartala,orographic,10.4,4.1,6.1,4.3,4.3,6.12,0.1678,0.0046,0.0007
2026-07-04,Lucknow,active,3.2,0.0,0.0,0.0,0.0,2.07,0.0441,0.0001,0.0
2026-07-04,Patna,active,0.6,0.0,0.0,0.0,0.0,1.23,0.0441,0.0001,0.0
2026-07-04,Varanasi,active,0.0,0.0,0.0,0.0,0.0,1.98,0.0441,0.0001,0.0
2026-07-04,Delhi,active,1.4,0.0,0.0,0.0,0.0,1.6,0.0441,0.0001,0.0
2026-07-04,Kanpur,active,2.3,1.2,2.4,3.56,3.56,3.87,0.0987,0.0004,0.0001
2026-07-04,Ranchi,active,4.1,3.2,5.0,6.69,6.69,6.49,0.1819,0.0011,0.0003
2026-07-04,Jodhpur,active,4.3,4.0,6.0,7.59,7.59,5.48,0.2121,0.0015,0.0003
2026-07-04,Bikaner,active,0.1,1.0,2.1,2.91,2.91,1.65,0.0898,0.0003,0.0001
2026-07-04,Jaisalmer,active,0.0,0.0,0.0,0.0,0.0,0.31,0.0441,0.0001,0.0
2026-07-04,Hyderabad,active,10.7,3.4,5.3,6.94,6.94,5.82,0.1897,0.0012,0.0003
2026-07-04,Bengaluru,active,3.9,0.4,1.2,1.6,1.6,2.75,0.0625,0.0002,0.0
2026-07-04,Pune,active,27.4,23.0,26.9,32.41,32.41,14.95,0.6005,0.0224,0.0054
2026-07-04,Kurnool,active,2.1,1.7,3.1,4.3,4.3,4.1,0.1205,0.0005,0.0001
2026-07-04,Madurai,active,3.0,0.0,0.0,0.0,0.0,2.5,0.0441,0.0001,0.0
2026-07-05,Nagpur,depression,12.3,38.1,44.65,28.46,44.7,26.75,0.7686,0.0868,0.0069
2026-07-05,Bhopal,active,10.5,10.4,13.5,15.6,14.0,14.62,0.3993,0.0063,0.0015
2026-07-05,Raipur,depression,62.9,102.7,99.7,83.42,83.42,35.73,0.9063,0.3376,0.0367
2026-07-05,Jabalpur,active,11.1,9.8,12.7,14.7,13.3,12.64,0.3851,0.0058,0.0013
2026-07-05,Akola,active,3.2,6.4,8.8,10.3,9.2,12.29,0.2927,0.003,0.0007
2026-07-05,Amravati,active,5.1,7.0,9.5,11.38,10.0,13.05,0.3107,0.0034,0.0008
2026-07-05,Aurangabad,active,6.6,6.3,8.6,10.2,9.0,11.78,0.2896,0.0029,0.0007
2026-07-05,Bhubaneswar,active,47.9,0.4,1.2,1.6,1.5,5.49,0.0625,0.0002,0.0
2026-07-05,Mumbai,depression,136.9,219.1,198.8,136.65,136.65,59.16,0.9567,0.6507,0.1245
2026-07-05,Thiruvananthapuram,coastal,4.5,2.6,4.3,6.2,6.2,7.45,0.152,0.0009,0.0001
2026-07-05,Kochi,coastal,3.3,9.6,12.6,14.7,14.7,14.15,0.3694,0.0056,0.0004
2026-07-05,Mangaluru,coastal,14.1,19.2,23.1,25.41,25.41,20.81,0.5429,0.0168,0.0013
2026-07-05,Panaji,depression,48.0,45.9,54.9,41.18,83.42,34.56,0.8021,0.1151,0.0094
2026-07-05,Chennai,coastal,0.0,0.0,0.0,0.0,0.0,1.67,0.0422,0.0001,0.0
2026-07-05,Visakhapatnam,coastal,6.4,0.4,1.1,2.0,2.0,4.21,0.0599,0.0002,0.0
2026-07-05,Puri,coastal,16.8,3.1,4.9,7.0,1.5,8.59,0.1713,0.0011,0.0001
2026-07-05,Kolkata,coastal,13.1,18.0,21.7,23.91,23.91,16.87,0.5262,0.0152,0.0012
2026-07-05,Surat,depression,22.9,41.5,49.4,34.14,34.14,38.73,0.7844,0.0989,0.0079
2026-07-05,Mahabaleshwar,orographic,250.8,217.2,167.62,205.0,205.0,87.75,0.9253,0.7472,0.331
2026-07-05,Munnar,orographic,17.3,3.1,4.9,3.3,3.3,8.64,0.137,0.0031,0.0005
2026-07-05,Madikeri,orographic,8.6,8.6,11.5,10.1,10.1,21.95,0.2875,0.0135,0.0021
2026-07-05,Ooty,orographic,3.0,0.3,1.0,0.4,0.4,4.19,0.0431,0.0004,0.0001
2026-07-05,Lonavala,orographic,169.2,287.7,211.0,211.0,211.0,87.75,0.9439,0.8272,0.4468
2026-07-05,Wayanad,orographic,6.5,1.0,2.1,1.1,1.1,6.69,0.0674,0.0009,0.0001
2026-07-05,Shimla,orographic,2.3,10.5,13.6,12.5,12.5,7.3,0.3297,0.0183,0.0029
2026-07-05,Dehradun,orographic,3.6,16.2,19.5,20.5,20.5,8.0,0.4333,0.0359,0.0058
2026-07-05,Srinagar,orographic,0.0,1.7,3.1,1.7,1.7,2.52,0.0913,0.0015,0.0002
2026-07-05,Gangtok,orographic,21.3,17.8,21.4,23.1,23.1,10.57,0.4574,0.0416,0.0067
2026-07-05,Guwahati,orographic,1.5,14.6,17.9,18.1,18.1,12.65,0.4073,0.0305,0.0049
2026-07-05,Cherrapunji,orographic,26.6,26.5,30.8,36.38,36.38,15.27,0.5612,0.0771,0.013
2026-07-05,Imphal,orographic,13.6,6.4,8.8,7.2,7.2,7.35,0.2327,0.0086,0.0013
2026-07-05,Agartala,orographic,18.5,1.8,3.3,1.9,1.9,4.17,0.0946,0.0016,0.0002
2026-07-05,Lucknow,active,3.1,0.9,2.0,2.7,2.2,2.92,0.0853,0.0003,0.0001
2026-07-05,Patna,active,4.2,0.0,0.0,0.0,0.0,0.98,0.0441,0.0001,0.0
2026-07-05,Varanasi,active,6.3,1.4,2.7,4.05,3.0,3.26,0.1075,0.0004,0.0001
2026-07-05,Delhi,active,3.7,0.4,1.2,1.6,1.2,2.62,0.0625,0.0002,0.0
2026-07-05,Kanpur,active,8.1,0.4,1.2,1.6,1.2,3.51,0.0625,0.0002,0.0
2026-07-05,Ranchi,active,5.9,9.4,12.3,13.67,12.9,7.95,0.3754,0.0054,0.0012
2026-07-05,Jodhpur,active,2.0,1.9,3.4,4.5,3.7,2.94,0.1291,0.0006,0.0001
2026-07-05,Bikaner,active,1.5,0.2,0.8,1.1,0.8,1.33,0.0533,0.0001,0.0
2026-07-05,Jaisalmer,active,0.0,0.2,0.8,1.1,0.8,0.77,0.0533,0.0001,0.0
2026-07-05,Hyderabad,active,4.5,18.1,21.8,21.71,22.61,11.74,0.5392,0.0152,0.0036
2026-07-05,Bengaluru,active,1.2,0.0,0.0,0.0,0.0,1.92,0.0441,0.0001,0.0
2026-07-05,Pune,active,87.7,82.7,84.7,57.76,80.7,33.5,0.8553,0.1643,0.0458
2026-07-05,Kurnool,active,0.2,0.2,0.8,1.1,0.8,2.96,0.0533,0.0001,0.0
2026-07-05,Madurai,active,0.0,0.0,0.0,0.0,0.0,1.31,0.0441,0.0001,0.0
2026-07-06,Nagpur,depression,2.4,28.6,33.2,12.9,35.2,27.52,0.7099,0.0556,0.0042
2026-07-06,Bhopal,active,11.6,16.9,20.5,20.06,21.3,14.91,0.5215,0.0136,0.0032
2026-07-06,Raipur,depression,48.3,48.8,57.7,47.6,47.6,43.4,0.8124,0.126,0.0104
2026-07-06,Jabalpur,depression,16.2,34.5,39.7,20.91,42.71,20.71,0.7492,0.0745,0.0058
2026-07-06,Akola,active,0.4,24.9,28.9,35.92,29.3,17.19,0.6204,0.0254,0.0061
2026-07-06,Amravati,active,1.2,28.7,33.4,36.71,35.4,18.93,0.655,0.032,0.0078
2026-07-06,Aurangabad,active,19.3,0.0,0.0,0.0,0.0,3.0,0.0441,0.0001,0.0
2026-07-06,Bhubaneswar,active,18.2,1.1,2.3,3.16,1.5,4.39,0.0942,0.0003,0.0001
2026-07-06,Mumbai,depression,131.8,533.1,529.48,529.48,529.48,59.48,0.9832,0.8955,0.4016
2026-07-06,Thiruvananthapuram,coastal,0.3,2.5,4.2,6.0,6.0,7.03,0.1481,0.0008,0.0001
2026-07-06,Kochi,coastal,0.6,14.6,17.9,19.4,19.4,16.36,0.4722,0.0109,0.0009
2026-07-06,Mangaluru,depression,20.3,31.5,35.8,16.32,49.3,24.1,0.7306,0.0647,0.005
2026-07-06,Panaji,depression,41.7,49.0,57.7,47.6,100.1,50.83,0.813,0.1268,0.0105
2026-07-06,Chennai,coastal,0.0,0.0,0.0,0.0,0.0,1.7,0.0422,0.0001,0.0
2026-07-06,Visakhapatnam,coastal,0.3,0.0,0.0,0.0,0.0,2.17,0.0422,0.0001,0.0
2026-07-06,Puri,coastal,1.6,1.0,2.1,3.16,3.16,5.2,0.086,0.0003,0.0
2026-07-06,Kolkata,coastal,15.7,4.6,6.7,9.2,9.2,10.61,0.2254,0.0019,0.0001
2026-07-06,Surat,depression,59.8,52.1,61.0,51.15,51.15,51.89,0.8229,0.1387,0.0117
2026-07-06,Mahabaleshwar,orographic,204.1,171.2,138.01,149.41,149.41,88.22,0.9053,0.6629,0.2464
2026-07-06,Munnar,orographic,10.4,5.6,7.9,6.2,6.2,14.82,0.2111,0.0071,0.0011
2026-07-06,Madikeri,orographic,19.6,15.9,19.3,19.8,19.8,26.16,0.4286,0.0349,0.0056
2026-07-06,Ooty,orographic,2.8,2.1,3.6,2.3,2.3,6.26,0.1046,0.0019,0.0003
2026-07-06,Lonavala,orographic,219.6,238.5,198.8,205.0,205.0,88.22,0.9321,0.7763,0.3681
2026-07-06,Wayanad,orographic,9.9,6.4,8.8,7.2,7.2,13.49,0.2327,0.0086,0.0013
2026-07-06,Shimla,orographic,6.8,25.4,29.51,35.01,35.01,11.48,0.5502,0.0722,0.0121
2026-07-06,Dehradun,orographic,3.1,36.5,42.8,51.7,51.7,16.4,0.6425,0.1247,0.0222
2026-07-06,Srinagar,orographic,0.0,0.0,0.0,0.0,0.0,0.81,0.0327,0.0003,0.0
2026-07-06,Gangtok,orographic,44.8,10.4,13.5,12.33,12.33,8.7,0.3276,0.018,0.0028
2026-07-06,Guwahati,orographic,20.1,3.4,5.2,3.57,3.57,5.79,0.1464,0.0035,0.0005
2026-07-06,Cherrapunji,orographic,53.6,34.2,39.1,47.5,47.5,22.0,0.6264,0.1133,0.0199
2026-07-06,Imphal,orographic,21.9,11.9,15.0,14.1,14.1,9.55,0.3581,0.0222,0.0035
2026-07-06,Agartala,orographic,26.8,5.0,7.2,5.5,5.5,5.19,0.1942,0.006,0.0009
2026-07-06,Lucknow,active,1.2,1.1,2.3,3.16,2.4,4.25,0.0942,0.0003,0.0001
2026-07-06,Patna,active,4.4,6.5,8.9,10.5,9.3,6.94,0.2958,0.0031,0.0007
2026-07-06,Varanasi,active,10.2,1.5,2.8,4.1,3.1,4.36,0.1119,0.0005,0.0001
2026-07-06,Delhi,active,0.5,2.2,3.8,5.2,4.3,4.28,0.1417,0.0007,0.0002
2026-07-06,Kanpur,active,4.3,0.0,0.0,0.0,0.0,1.53,0.0441,0.0001,0.0
2026-07-06,Ranchi,active,16.5,5.5,7.8,9.5,8.3,7.59,0.2642,0.0024,0.0005
2026-07-06,Jodhpur,active,1.7,0.0,0.0,0.0,0.0,0.89,0.0441,0.0001,0.0
2026-07-06,Bikaner,active,0.0,0.0,0.0,0.0,0.0,0.39,0.0441,0.0001,0.0
2026-07-06,Jaisalmer,active,0.0,0.0,0.0,0.0,0.0,0.39,0.0441,0.0001,0.0
2026-07-06,Hyderabad,active,1.8,1.5,2.8,4.1,3.1,6.17,0.1119,0.0005,0.0001
2026-07-06,Bengaluru,active,1.1,0.2,0.8,1.1,0.8,2.06,0.0533,0.0001,0.0
2026-07-06,Pune,active,44.2,80.2,83.41,57.76,80.7,45.73,0.8512,0.1573,0.0436
2026-07-06,Kurnool,active,1.3,0.0,0.0,0.0,0.0,1.58,0.0441,0.0001,0.0
2026-07-06,Madurai,active,0.0,0.0,0.0,0.0,0.0,1.33,0.0441,0.0001,0.0
2026-07-07,Nagpur,normal,3.2,6.3,8.6,9.0,9.0,8.6,0.2078,0.0023,0.0003
2026-07-07,Bhopal,normal,15.2,10.1,13.1,13.8,13.8,9.72,0.2934,0.0048,0.0006
2026-07-07,Raipur,normal,2.5,5.9,8.2,8.7,8.7,8.84,0.1978,0.0021,0.0003
2026-07-07,Jabalpur,normal,18.5,15.0,18.3,19.4,19.4,11.66,0.3827,0.0089,0.0012
2026-07-07,Akola,normal,8.4,2.9,4.6,5.3,5.3,5.74,0.1165,0.0008,0.0001
2026-07-07,Amravati,normal,6.1,4.6,6.8,7.3,7.3,7.4,0.1639,0.0015,0.0002
2026-07-07,Aurangabad,normal,17.0,15.4,18.77,19.7,19.7,8.71,0.3891,0.0093,0.0012
2026-07-07,Bhubaneswar,normal,6.1,0.5,1.3,1.4,1.4,2.89,0.0442,0.0002,0.0
2026-07-07,Mumbai,depression,55.4,65.9,74.2,61.33,61.33,52.27,0.8568,0.1933,0.0174
2026-07-07,Thiruvananthapuram,coastal,1.9,3.1,4.9,7.0,7.0,7.1,0.1713,0.0011,0.0001
2026-07-07,Kochi,coastal,2.8,11.6,14.8,16.5,16.5,14.42,0.4145,0.0075,0.0006
2026-07-07,Mangaluru,depression,34.0,42.0,50.51,34.74,83.42,29.76,0.7866,0.1007,0.0081
2026-07-07,Panaji,depression,35.4,49.0,57.7,47.6,100.1,49.89,0.813,0.1268,0.0105
2026-07-07,Chennai,coastal,0.5,0.0,0.0,0.0,0.0,1.66,0.0422,0.0001,0.0
2026-07-07,Visakhapatnam,coastal,0.5,0.3,1.0,1.9,1.9,2.79,0.0554,0.0002,0.0
2026-07-07,Puri,coastal,2.3,4.4,6.5,8.89,8.89,7.96,0.2185,0.0018,0.0001
2026-07-07,Kolkata,coastal,30.4,8.7,11.53,13.68,13.68,11.53,0.347,0.0048,0.0004
2026-07-07,Surat,depression,47.5,32.9,37.7,18.78,18.78,28.15,0.7396,0.0692,0.0053
2026-07-07,Mahabaleshwar,orographic,142.4,48.4,57.45,65.61,65.61,66.31,0.7085,0.1863,0.0354
2026-07-07,Munnar,orographic,14.3,1.3,2.5,1.4,1.4,7.62,0.0777,0.0012,0.0002
2026-07-07,Madikeri,orographic,19.0,14.8,18.1,18.2,18.2,21.86,0.4106,0.0312,0.005
2026-07-07,Ooty,orographic,4.0,1.6,3.0,1.6,1.6,5.29,0.0879,0.0014,0.0002
2026-07-07,Lonavala,orographic,75.9,57.2,65.0,74.3,74.3,67.69,0.7442,0.233,0.0467
2026-07-07,Wayanad,orographic,15.1,6.1,8.4,6.8,6.8,15.97,0.2247,0.0081,0.0012
2026-07-07,Shimla,orographic,8.9,15.9,19.3,19.8,19.8,9.22,0.4286,0.0349,0.0056
2026-07-07,Dehradun,orographic,3.7,11.8,15.0,14.1,14.1,9.21,0.3561,0.0219,0.0034
2026-07-07,Srinagar,orographic,4.5,0.7,1.6,0.8,0.8,1.1,0.057,0.0007,0.0001
2026-07-07,Gangtok,orographic,37.1,8.1,10.8,9.4,9.4,6.4,0.2756,0.0123,0.0019
2026-07-07,Guwahati,orographic,36.5,22.7,26.6,30.3,30.3,11.07,0.5208,0.0607,0.0101
2026-07-07,Cherrapunji,orographic,28.2,45.8,54.9,64.61,64.61,27.67,0.6962,0.1726,0.0323
2026-07-07,Imphal,orographic,20.4,10.9,14.0,13.0,13.0,7.93,0.338,0.0194,0.003
2026-07-07,Agartala,orographic,25.5,4.5,6.6,4.8,4.8,5.6,0.1797,0.0052,0.0008
2026-07-07,Lucknow,normal,28.1,0.0,0.0,0.0,0.0,1.63,0.0288,0.0001,0.0
2026-07-07,Patna,normal,3.2,5.6,7.9,8.4,8.4,7.05,0.1902,0.0019,0.0003
2026-07-07,Varanasi,normal,23.8,3.7,5.6,6.3,6.3,5.13,0.1393,0.0011,0.0001
2026-07-07,Delhi,normal,8.4,1.8,3.3,3.6,3.6,3.99,0.084,0.0004,0.0001
2026-07-07,Kanpur,normal,12.1,0.5,1.3,1.4,1.4,2.41,0.0442,0.0002,0.0
2026-07-07,Ranchi,normal,11.5,6.2,8.5,9.0,9.0,7.59,0.2053,0.0023,0.0003
2026-07-07,Jodhpur,normal,4.4,13.4,16.5,17.6,17.6,7.25,0.3558,0.0074,0.001
2026-07-07,Bikaner,normal,2.4,2.4,4.1,4.7,4.7,2.13,0.1019,0.0006,0.0001
2026-07-07,Jaisalmer,normal,0.0,0.0,0.0,0.0,0.0,0.26,0.0288,0.0001,0.0
2026-07-07,Hyderabad,normal,2.2,2.0,3.5,3.85,3.85,3.9,0.09,0.0005,0.0001
2026-07-07,Bengaluru,normal,0.9,0.0,0.0,0.0,0.0,1.38,0.0288,0.0001,0.0
2026-07-07,Pune,normal,15.4,21.4,25.1,25.61,25.61,16.89,0.4727,0.0157,0.0021
2026-07-07,Kurnool,normal,1.6,0.0,0.0,0.0,0.0,1.15,0.0288,0.0001,0.0
2026-07-07,Madurai,normal,0.0,0.0,0.0,0.0,0.0,1.15,0.0288,0.0001,0.0
2026-07-08,Nagpur,normal,2.2,7.9,10.5,11.4,11.4,8.65,0.2458,0.0033,0.0004
2026-07-08,Bhopal,normal,10.2,27.3,31.7,32.5,32.5,14.17,0.5367,0.0234,0.0032
2026-07-08,Raipur,normal,0.8,0.9,2.0,2.2,2.2,4.3,0.0566,0.0002,0.0
2026-07-08,Jabalpur,normal,18.7,14.0,17.3,18.5,18.5,10.95,0.3661,0.008,0.0011
2026-07-08,Akola,normal,1.7,5.5,7.8,8.3,8.3,6.29,0.1876,0.0019,0.0002
2026-07-08,Amravati,normal,1.1,2.3,3.9,4.4,4.4,4.89,0.099,0.0006,0.0001
2026-07-08,Aurangabad,normal,23.5,0.0,0.0,0.0,0.0,2.35,0.0288,0.0001,0.0
2026-07-08,Bhubaneswar,normal,0.1,1.1,2.3,2.4,2.4,3.09,0.0627,0.0003,0.0
2026-07-08,Mumbai,depression,25.9,71.4,79.2,67.28,153.2,59.29,0.8671,0.2154,0.0199
2026-07-08,Thiruvananthapuram,coastal,7.3,0.0,0.0,0.0,0.0,2.58,0.0422,0.0001,0.0
2026-07-08,Kochi,coastal,31.0,19.4,23.2,25.7,25.7,18.02,0.5456,0.0171,0.0014
2026-07-08,Mangaluru,depression,38.5,42.2,50.9,35.04,83.42,37.52,0.7874,0.1014,0.0082
2026-07-08,Panaji,coastal,40.5,29.2,34.0,43.91,43.91,24.3,0.6486,0.0331,0.0027
2026-07-08,Chennai,coastal,0.2,0.0,0.0,0.0,0.0,1.66,0.0422,0.0001,0.0
2026-07-08,Visakhapatnam,coastal,0.2,1.5,2.8,4.3,4.3,4.5,0.1073,0.0005,0.0
2026-07-08,Puri,coastal,0.6,0.5,1.3,2.2,2.2,4.65,0.0643,0.0002,0.0
2026-07-08,Kolkata,coastal,9.7,8.2,11.0,13.0,13.0,12.4,0.334,0.0044,0.0003
2026-07-08,Surat,coastal,30.6,14.9,18.2,19.52,19.52,16.44,0.4774,0.0112,0.0009
2026-07-08,Mahabaleshwar,orographic,100.9,43.4,51.7,61.0,61.0,49.33,0.6838,0.1601,0.0296
2026-07-08,Munnar,orographic,37.8,2.0,3.5,2.1,2.1,5.61,0.1013,0.0018,0.0003
2026-07-08,Madikeri,orographic,23.9,14.4,17.7,17.7,17.7,21.86,0.4038,0.0299,0.0048
2026-07-08,Ooty,orographic,16.0,1.9,3.4,2.0,2.0,5.61,0.098,0.0017,0.0003
2026-07-08,Lonavala,orographic,92.7,62.4,71.6,78.31,78.31,65.98,0.7617,0.2603,0.0538
2026-07-08,Wayanad,orographic,23.0,7.5,10.1,8.4,8.4,17.2,0.261,0.0109,0.0017
2026-07-08,Shimla,orographic,9.0,18.3,22.1,23.7,23.7,10.75,0.4646,0.0434,0.007
2026-07-08,Dehradun,orographic,16.2,18.9,22.8,24.7,24.7,10.12,0.4729,0.0457,0.0074
2026-07-08,Srinagar,orographic,2.1,0.4,1.2,0.5,0.5,1.46,0.0466,0.0005,0.0001
2026-07-08,Gangtok,orographic,12.3,14.1,17.4,17.37,17.37,8.43,0.3987,0.0289,0.0046
2026-07-08,Guwahati,orographic,25.0,29.6,34.31,42.2,42.2,15.79,0.5898,0.0912,0.0156
2026-07-08,Cherrapunji,orographic,75.9,17.1,20.8,22.2,22.2,14.43,0.4471,0.0391,0.0063
2026-07-08,Imphal,orographic,14.0,3.4,5.2,3.57,3.57,4.94,0.1464,0.0035,0.0005
2026-07-08,Agartala,orographic,52.6,28.7,33.3,40.03,40.03,12.83,0.5819,0.0871,0.0148
2026-07-08,Lucknow,normal,25.5,1.7,3.1,3.4,3.4,3.12,0.081,0.0004,0.0001
2026-07-08,Patna,normal,2.1,5.6,7.9,8.4,8.4,7.05,0.1902,0.0019,0.0003
2026-07-08,Varanasi,normal,2.6,2.5,4.2,4.8,4.8,4.94,0.1049,0.0007,0.0001
2026-07-08,Delhi,normal,11.8,4.4,6.5,7.0,7.0,5.34,0.1586,0.0014,0.0002
2026-07-08,Kanpur,normal,23.9,2.3,3.9,4.4,4.4,4.19,0.099,0.0006,0.0001
2026-07-08,Ranchi,normal,2.7,0.8,1.7,1.8,1.8,4.61,0.0535,0.0002,0.0
2026-07-08,Jodhpur,normal,2.3,0.0,0.0,0.0,0.0,1.42,0.0288,0.0001,0.0
2026-07-08,Bikaner,normal,0.7,0.6,1.4,1.5,1.5,2.07,0.0473,0.0002,0.0
2026-07-08,Jaisalmer,normal,0.0,0.0,0.0,0.0,0.0,0.26,0.0288,0.0001,0.0
2026-07-08,Hyderabad,normal,0.8,0.0,0.0,0.0,0.0,1.98,0.0288,0.0001,0.0
2026-07-08,Bengaluru,normal,2.3,0.0,0.0,0.0,0.0,1.15,0.0288,0.0001,0.0
2026-07-08,Pune,normal,45.2,11.0,14.1,14.82,14.82,9.29,0.3114,0.0054,0.0007
2026-07-08,Kurnool,normal,2.3,0.0,0.0,0.0,0.0,1.15,0.0288,0.0001,0.0
2026-07-08,Madurai,normal,1.3,0.0,0.0,0.0,0.0,1.15,0.0288,0.0001,0.0
2026-07-09,Nagpur,normal,0.5,32.7,37.4,39.91,29.31,14.86,0.5838,0.0313,0.0044
2026-07-09,Bhopal,normal,13.8,0.3,1.0,1.0,0.8,3.66,0.038,0.0001,0.0
2026-07-09,Raipur,normal,5.3,11.4,14.6,15.2,16.51,7.33,0.3192,0.0057,0.0008
2026-07-09,Jabalpur,normal,10.4,22.5,26.3,27.15,24.83,13.4,0.4858,0.0171,0.0023
2026-07-09,Akola,normal,0.4,1.7,3.2,3.5,2.8,4.63,0.081,0.0004,0.0001
2026-07-09,Amravati,normal,0.1,3.0,4.8,5.4,4.83,4.6,0.1194,0.0008,0.0001
2026-07-09,Aurangabad,normal,0.4,1.4,2.7,3.0,2.5,2.63,0.0719,0.0003,0.0
2026-07-09,Bhubaneswar,normal,1.7,9.9,12.8,13.4,14.96,7.1,0.2893,0.0046,0.0006
2026-07-09,Mumbai,coastal,4.0,7.2,9.7,11.63,11.63,13.15,0.3066,0.0036,0.0003
2026-07-09,Thiruvananthapuram,coastal,1.7,0.0,0.0,0.0,0.0,1.52,0.0422,0.0001,0.0
2026-07-09,Kochi,coastal,27.1,5.8,8.1,10.4,10.4,11.37,0.2647,0.0026,0.0002
2026-07-09,Mangaluru,coastal,30.9,28.3,32.8,41.8,41.8,23.68,0.641,0.0315,0.0026
2026-07-09,Panaji,coastal,15.0,23.1,27.0,31.6,31.6,18.16,0.5904,0.0227,0.0018
2026-07-09,Chennai,coastal,5.2,0.0,0.0,0.0,0.0,1.52,0.0422,0.0001,0.0
2026-07-09,Visakhapatnam,coastal,0.8,3.1,4.9,7.0,7.0,6.16,0.1713,0.0011,0.0001
2026-07-09,Puri,coastal,0.4,13.7,17.0,18.3,18.3,12.4,0.456,0.0098,0.0008
2026-07-09,Kolkata,coastal,40.9,7.0,9.5,11.5,1.5,11.72,0.3008,0.0035,0.0003
2026-07-09,Surat,coastal,1.4,1.2,2.4,3.7,3.7,5.47,0.0946,0.0004,0.0
2026-07-09,Mahabaleshwar,orographic,21.0,14.0,17.3,17.17,17.17,26.29,0.3969,0.0286,0.0045
2026-07-09,Munnar,orographic,20.0,1.2,2.4,1.3,1.3,4.92,0.0743,0.0011,0.0002
2026-07-09,Madikeri,orographic,15.5,4.2,6.2,4.5,4.5,11.98,0.1708,0.0047,0.0007
2026-07-09,Ooty,orographic,8.6,6.0,8.3,6.7,6.7,10.8,0.222,0.0079,0.0012
2026-07-09,Lonavala,orographic,12.3,9.6,12.6,11.3,11.3,21.0,0.3102,0.0159,0.0025
2026-07-09,Wayanad,orographic,4.1,2.4,4.1,2.62,2.62,9.25,0.1145,0.0023,0.0003
2026-07-09,Shimla,orographic,47.8,15.6,19.0,19.22,19.22,8.55,0.4238,0.0338,0.0054
2026-07-09,Dehradun,orographic,65.6,2.2,3.8,2.3,2.3,3.44,0.1079,0.0021,0.0003
2026-07-09,Srinagar,orographic,0.4,0.2,0.8,0.3,0.3,0.85,0.0396,0.0004,0.0001
2026-07-09,Gangtok,orographic,16.3,11.8,15.0,14.1,14.1,7.53,0.3561,0.0219,0.0034
2026-07-09,Guwahati,orographic,30.2,47.3,56.5,65.11,65.11,25.97,0.7034,0.1805,0.0341
2026-07-09,Cherrapunji,orographic,94.0,25.2,29.3,34.51,34.51,13.03,0.5481,0.0714,0.012
2026-07-09,Imphal,orographic,3.2,2.3,4.0,2.5,2.5,3.75,0.1112,0.0022,0.0003
2026-07-09,Agartala,orographic,17.9,6.9,9.4,7.8,7.8,8.21,0.2458,0.0097,0.0015
2026-07-09,Lucknow,normal,19.8,9.4,12.3,12.9,14.33,6.32,0.2788,0.0043,0.0006
2026-07-09,Patna,normal,15.1,3.9,5.9,6.5,6.53,6.13,0.1449,0.0012,0.0001
2026-07-09,Varanasi,normal,27.7,0.9,2.0,2.2,1.4,3.61,0.0566,0.0002,0.0
2026-07-09,Delhi,normal,99.8,74.9,80.0,80.7,66.3,21.38,0.7736,0.1157,0.0179
2026-07-09,Kanpur,normal,45.1,9.4,12.3,12.9,14.33,6.51,0.2788,0.0043,0.0006
2026-07-09,Ranchi,normal,9.4,9.4,12.3,12.9,14.33,6.32,0.2788,0.0043,0.0006
2026-07-09,Jodhpur,normal,0.3,0.0,0.0,0.0,0.0,0.21,0.0288,0.0001,0.0
2026-07-09,Bikaner,normal,6.5,7.4,9.9,10.5,10.67,4.81,0.2342,0.0029,0.0004
2026-07-09,Jaisalmer,normal,0.1,0.0,0.0,0.0,0.0,0.21,0.0288,0.0001,0.0
2026-07-09,Hyderabad,normal,0.6,1.2,2.4,2.7,2.0,2.65,0.0658,0.0003,0.0
2026-07-09,Bengaluru,normal,0.8,0.0,0.0,0.0,0.0,1.04,0.0288,0.0001,0.0
2026-07-09,Pune,normal,0.6,12.0,15.12,16.0,16.62,8.96,0.3305,0.0062,0.0008
2026-07-09,Kurnool,normal,0.3,0.1,0.6,0.6,0.5,1.45,0.0319,0.0001,0.0
2026-07-09,Madurai,normal,1.2,0.0,0.0,0.0,0.0,1.04,0.0288,0.0001,0.0
2026-07-10,Nagpur,break,1.5,0.3,1.0,0.8,0.8,2.26,0.0366,0.0002,0.0
2026-07-10,Bhopal,break,0.4,0.0,0.0,0.0,0.0,0.88,0.0277,0.0001,0.0
2026-07-10,Raipur,break,1.7,25.5,29.6,26.57,26.57,9.01,0.5087,0.0331,0.0013
2026-07-10,Jabalpur,break,10.2,5.0,7.2,7.57,7.57,5.11,0.1688,0.0026,0.0001
2026-07-10,Akola,break,0.3,0.0,0.0,0.0,0.0,0.98,0.0277,0.0001,0.0
2026-07-10,Amravati,break,0.9,0.0,0.0,0.0,0.0,1.02,0.0277,0.0001,0.0
2026-07-10,Aurangabad,break,0.0,0.1,0.6,0.5,0.5,1.46,0.0307,0.0001,0.0
2026-07-10,Bhubaneswar,break,10.6,6.0,8.3,8.22,8.22,5.31,0.1939,0.0034,0.0001
2026-07-10,Mumbai,coastal,3.2,1.5,2.8,4.3,4.3,3.71,0.1073,0.0005,0.0
2026-07-10,Thiruvananthapuram,coastal,2.9,0.0,0.0,0.0,0.0,1.19,0.0422,0.0001,0.0
2026-07-10,Kochi,coastal,17.6,3.6,5.5,7.64,7.64,5.85,0.19,0.0013,0.0001
2026-07-10,Mangaluru,coastal,7.3,11.1,14.2,16.2,16.2,9.26,0.4038,0.007,0.0005
2026-07-10,Panaji,coastal,5.6,6.8,9.3,11.38,11.38,8.16,0.295,0.0033,0.0003
2026-07-10,Chennai,coastal,2.9,0.0,0.0,0.0,0.0,1.19,0.0422,0.0001,0.0
2026-07-10,Visakhapatnam,coastal,6.8,20.8,24.46,27.82,27.82,11.4,0.5636,0.0192,0.0015
2026-07-10,Puri,coastal,10.5,14.9,18.2,19.52,19.52,10.6,0.4774,0.0112,0.0009
2026-07-10,Kolkata,coastal,41.1,4.0,6.0,8.2,1.5,6.12,0.2045,0.0015,0.0001
2026-07-10,Surat,coastal,2.7,0.5,1.3,2.2,2.2,2.76,0.0643,0.0002,0.0
2026-07-10,Mahabaleshwar,orographic,10.0,3.9,5.9,4.1,4.1,9.28,0.1618,0.0043,0.0006
2026-07-10,Munnar,orographic,11.3,6.5,8.9,7.3,7.3,8.41,0.2354,0.0088,0.0014
2026-07-10,Madikeri,orographic,12.4,3.0,4.8,3.2,3.2,5.73,0.1338,0.003,0.0005
2026-07-10,Ooty,orographic,5.2,19.4,23.2,25.4,25.4,19.33,0.4797,0.0476,0.0077
2026-07-10,Lonavala,orographic,10.5,5.3,7.6,5.8,5.8,10.07,0.2027,0.0066,0.001
2026-07-10,Wayanad,orographic,12.0,2.4,4.1,2.62,2.62,5.19,0.1145,0.0023,0.0003
2026-07-10,Shimla,orographic,47.1,31.8,36.31,44.91,44.91,10.92,0.6081,0.1017,0.0176
2026-07-10,Dehradun,orographic,18.7,3.4,5.2,3.57,3.57,1.91,0.1464,0.0035,0.0005
2026-07-10,Srinagar,orographic,0.0,0.9,2.0,1.03,1.03,0.93,0.064,0.0008,0.0001
2026-07-10,Gangtok,orographic,13.0,27.1,31.6,36.7,36.7,8.8,0.5671,0.0798,0.0135
2026-07-10,Guwahati,orographic,11.2,12.8,15.9,15.1,15.1,10.23,0.3753,0.0249,0.0039
2026-07-10,Cherrapunji,orographic,51.8,37.0,43.75,53.46,53.46,16.06,0.6458,0.1272,0.0227
2026-07-10,Imphal,orographic,10.8,0.8,1.8,0.9,0.9,2.36,0.0605,0.0008,0.0001
2026-07-10,Agartala,orographic,23.2,8.9,11.8,10.3,10.3,5.76,0.2945,0.0142,0.0022
2026-07-10,Lucknow,break,24.9,8.4,11.2,12.15,12.15,5.95,0.2494,0.0057,0.0002
2026-07-10,Patna,break,26.6,3.3,5.2,5.8,5.8,3.73,0.1236,0.0015,0.0001
2026-07-10,Varanasi,break,2.1,16.9,20.5,20.78,20.78,6.79,0.4024,0.0171,0.0006
2026-07-10,Delhi,break,0.6,0.3,1.0,0.8,0.8,3.06,0.0366,0.0002,0.0
2026-07-10,Kanpur,break,12.5,1.6,3.0,2.7,2.7,3.42,0.0751,0.0006,0.0
2026-07-10,Ranchi,break,9.2,35.2,40.7,32.32,32.32,11.9,0.593,0.0553,0.0022
2026-07-10,Jodhpur,break,0.0,0.0,0.0,0.0,0.0,0.0,0.0277,0.0001,0.0
2026-07-10,Bikaner,break,0.0,0.0,0.0,0.0,0.0,0.89,0.0277,0.0001,0.0
2026-07-10,Jaisalmer,break,0.0,0.0,0.0,0.0,0.0,0.0,0.0277,0.0001,0.0
2026-07-10,Hyderabad,break,0.0,0.0,0.0,0.0,0.0,1.31,0.0277,0.0001,0.0
2026-07-10,Bengaluru,break,3.3,0.9,2.0,1.4,1.4,1.86,0.0545,0.0004,0.0
2026-07-10,Pune,break,0.0,0.1,0.6,0.5,0.5,2.23,0.0307,0.0001,0.0
2026-07-10,Kurnool,break,0.0,0.0,0.0,0.0,0.0,0.94,0.0277,0.0001,0.0
2026-07-10,Madurai,break,5.1,0.8,1.8,1.2,1.2,1.86,0.0515,0.0003,0.0
2026-07-11,Nagpur,break,0.0,0.0,0.0,0.0,0.0,0.96,0.0277,0.0001,0.0
2026-07-11,Bhopal,break,0.0,0.0,0.0,0.0,0.0,0.59,0.0277,0.0001,0.0
2026-07-11,Raipur,break,1.3,11.2,14.4,16.43,16.43,7.46,0.3067,0.0089,0.0003
2026-07-11,Jabalpur,break,0.8,2.7,4.4,4.47,4.47,3.7,0.1068,0.0012,0.0
2026-07-11,Akola,break,0.2,0.0,0.0,0.0,0.0,0.59,0.0277,0.0001,0.0
2026-07-11,Amravati,break,0.0,0.0,0.0,0.0,0.0,0.59,0.0277,0.0001,0.0
2026-07-11,Aurangabad,break,0.2,0.0,0.0,0.0,0.0,0.73,0.0277,0.0001,0.0
2026-07-11,Bhubaneswar,break,3.2,0.6,1.4,1.0,1.0,2.89,0.0455,0.0003,0.0
2026-07-11,Mumbai,coastal,7.6,1.3,2.5,3.91,3.91,3.54,0.0989,0.0004,0.0
2026-07-11,Thiruvananthapuram,coastal,2.2,0.0,0.0,0.0,0.0,1.16,0.0422,0.0001,0.0
2026-07-11,Kochi,coastal,9.7,1.3,2.5,3.91,3.91,3.48,0.0989,0.0004,0.0
2026-07-11,Mangaluru,coastal,3.9,6.4,8.8,10.9,10.9,8.43,0.2832,0.003,0.0002
2026-07-11,Panaji,coastal,5.4,1.9,3.4,5.1,5.1,4.32,0.1239,0.0006,0.0
2026-07-11,Chennai,coastal,0.5,0.0,0.0,0.0,0.0,1.16,0.0422,0.0001,0.0
2026-07-11,Visakhapatnam,coastal,1.2,0.1,0.6,1.2,1.2,2.26,0.0466,0.0001,0.0
2026-07-11,Puri,coastal,2.8,0.8,1.8,2.82,2.82,3.69,0.0774,0.0003,0.0
2026-07-11,Kolkata,coastal,38.9,1.5,2.8,4.3,1.5,3.63,0.1073,0.0005,0.0
2026-07-11,Surat,coastal,3.0,0.7,1.62,2.7,2.7,3.03,0.073,0.0002,0.0
2026-07-11,Mahabaleshwar,orographic,11.1,3.4,5.3,3.6,3.6,6.39,0.1464,0.0035,0.0005
2026-07-11,Munnar,orographic,5.3,4.1,6.1,4.3,4.3,9.99,0.1678,0.0046,0.0007
2026-07-11,Madikeri,orographic,11.0,3.3,5.2,3.5,3.5,6.39,0.1433,0.0034,0.0005
2026-07-11,Ooty,orographic,4.0,1.7,3.2,1.8,1.8,6.89,0.0913,0.0015,0.0002
2026-07-11,Lonavala,orographic,8.9,3.9,5.9,4.1,4.1,9.2,0.1618,0.0043,0.0006
2026-07-11,Wayanad,orographic,2.2,0.6,1.5,0.7,0.7,4.06,0.0536,0.0006,0.0001
2026-07-11,Shimla,orographic,3.8,15.9,19.3,19.8,19.8,8.34,0.4286,0.0349,0.0056
2026-07-11,Dehradun,orographic,5.5,13.7,17.0,16.6,16.6,6.13,0.3916,0.0276,0.0044
2026-07-11,Srinagar,orographic,0.5,3.3,5.1,3.5,3.5,2.03,0.1433,0.0034,0.0005
2026-07-11,Gangtok,orographic,25.2,28.4,32.9,39.3,39.3,11.84,0.5792,0.0857,0.0146
2026-07-11,Guwahati,orographic,54.2,31.4,35.76,44.01,44.01,13.57,0.6049,0.0997,0.0172
2026-07-11,Cherrapunji,orographic,66.2,44.3,52.4,63.1,63.1,29.79,0.6886,0.1648,0.0306
2026-07-11,Imphal,orographic,3.2,9.5,12.4,11.1,11.1,4.78,0.308,0.0157,0.0024
2026-07-11,Agartala,orographic,43.1,7.9,10.5,9.0,9.0,6.04,0.2708,0.0118,0.0018
2026-07-11,Lucknow,break,14.1,5.5,7.8,8.0,8.0,5.55,0.1815,0.003,0.0001
2026-07-11,Patna,break,11.8,22.8,26.7,25.26,25.26,9.06,0.4792,0.0276,0.001
2026-07-11,Varanasi,break,6.9,1.7,3.1,2.74,2.74,4.05,0.078,0.0007,0.0
2026-07-11,Delhi,break,0.3,0.3,1.0,0.8,0.8,1.68,0.0366,0.0002,0.0
2026-07-11,Kanpur,break,6.7,1.4,2.7,2.5,2.5,2.81,0.0692,0.0005,0.0
2026-07-11,Ranchi,break,7.0,26.5,30.8,28.3,28.3,16.01,0.5188,0.0352,0.0013
2026-07-11,Jodhpur,break,0.0,0.0,0.0,0.0,0.0,0.0,0.0277,0.0001,0.0
2026-07-11,Bikaner,break,0.0,0.0,0.0,0.0,0.0,0.0,0.0277,0.0001,0.0
2026-07-11,Jaisalmer,break,0.0,0.0,0.0,0.0,0.0,0.0,0.0277,0.0001,0.0
2026-07-11,Hyderabad,break,0.8,0.0,0.0,0.0,0.0,0.76,0.0277,0.0001,0.0
2026-07-11,Bengaluru,break,0.0,0.0,0.0,0.0,0.0,1.42,0.0277,0.0001,0.0
2026-07-11,Pune,break,0.2,0.0,0.0,0.0,0.0,0.93,0.0277,0.0001,0.0
2026-07-11,Kurnool,break,0.0,0.0,0.0,0.0,0.0,0.76,0.0277,0.0001,0.0
2026-07-11,Madurai,break,0.8,0.7,1.6,1.1,1.1,2.5,0.0485,0.0003,0.0
2026-07-12,Nagpur,break,0.0,0.0,0.0,0.0,0.0,0.59,0.0277,0.0001,0.0
2026-07-12,Bhopal,break,0.1,0.0,0.0,0.0,0.0,0.59,0.0277,0.0001,0.0
2026-07-12,Raipur,break,0.6,0.0,0.0,0.0,0.0,1.4,0.0277,0.0001,0.0
2026-07-12,Jabalpur,break,0.5,0.0,0.0,0.0,0.0,1.04,0.0277,0.0001,0.0
2026-07-12,Akola,break,0.0,0.0,0.0,0.0,0.0,0.59,0.0277,0.0001,0.0
2026-07-12,Amravati,break,0.2,0.0,0.0,0.0,0.0,0.59,0.0277,0.0001,0.0
2026-07-12,Aurangabad,break,0.0,0.0,0.0,0.0,0.0,0.59,0.0277,0.0001,0.0
2026-07-12,Bhubaneswar,break,0.6,0.4,1.2,0.9,0.9,1.85,0.0396,0.0002,0.0
2026-07-12,Mumbai,coastal,7.6,0.9,2.0,3.0,3.0,3.28,0.0817,0.0003,0.0
2026-07-12,Thiruvananthapuram,coastal,1.3,0.0,0.0,0.0,0.0,1.16,0.0422,0.0001,0.0
2026-07-12,Kochi,coastal,3.4,2.2,3.8,5.6,5.6,3.95,0.1361,0.0007,0.0001
2026-07-12,Mangaluru,coastal,3.3,3.7,5.6,7.9,7.9,6.35,0.1937,0.0014,0.0001
2026-07-12,Panaji,coastal,3.1,1.9,3.4,5.1,5.1,3.77,0.1239,0.0006,0.0
2026-07-12,Chennai,coastal,0.0,0.0,0.0,0.0,0.0,1.16,0.0422,0.0001,0.0
2026-07-12,Visakhapatnam,coastal,0.4,0.0,0.0,0.0,0.0,1.17,0.0422,0.0001,0.0
2026-07-12,Puri,coastal,2.9,0.0,0.0,0.0,0.0,1.64,0.0422,0.0001,0.0
2026-07-12,Kolkata,coastal,4.6,4.0,6.0,8.2,8.2,6.01,0.2045,0.0015,0.0001
2026-07-12,Surat,coastal,1.3,0.6,1.5,2.5,2.5,3.22,0.0686,0.0002,0.0
2026-07-12,Mahabaleshwar,orographic,9.8,1.5,2.8,1.6,1.6,4.74,0.0845,0.0013,0.0002
2026-07-12,Munnar,orographic,2.5,0.2,0.8,0.3,0.3,3.11,0.0396,0.0004,0.0001
2026-07-12,Madikeri,orographic,3.4,2.1,3.6,2.3,2.3,5.15,0.1046,0.0019,0.0003
2026-07-12,Ooty,orographic,0.0,0.0,0.0,0.0,0.0,1.91,0.0327,0.0003,0.0
2026-07-12,Lonavala,orographic,7.4,2.2,3.8,2.3,2.3,5.15,0.1079,0.0021,0.0003
2026-07-12,Wayanad,orographic,0.9,0.1,0.6,0.2,0.2,2.1,0.0362,0.0003,0.0
2026-07-12,Shimla,orographic,1.3,9.6,12.6,11.3,11.3,6.36,0.3102,0.0159,0.0025
2026-07-12,Dehradun,orographic,2.8,2.9,4.6,3.1,3.1,3.08,0.1307,0.0029,0.0004
2026-07-12,Srinagar,orographic,13.0,2.9,4.6,3.1,3.1,2.2,0.1307,0.0029,0.0004
2026-07-12,Gangtok,orographic,38.2,12.4,15.5,14.7,14.7,7.81,0.3677,0.0237,0.0037
2026-07-12,Guwahati,orographic,40.2,17.7,21.4,23.1,23.1,10.88,0.456,0.0412,0.0067
2026-07-12,Cherrapunji,orographic,65.2,54.9,63.6,71.9,71.9,36.0,0.7357,0.2208,0.0436
2026-07-12,Imphal,orographic,9.4,8.9,11.8,10.3,10.3,6.26,0.2945,0.0142,0.0022
2026-07-12,Agartala,orographic,49.8,19.2,23.1,24.91,24.91,10.7,0.477,0.0468,0.0076
2026-07-12,Lucknow,break,0.9,1.3,2.5,2.3,2.3,3.58,0.0663,0.0005,0.0
2026-07-12,Patna,break,0.9,1.1,2.3,1.7,1.7,3.96,0.0604,0.0004,0.0
2026-07-12,Varanasi,break,0.1,1.5,2.8,2.6,2.6,2.84,0.0722,0.0006,0.0
2026-07-12,Delhi,break,1.5,0.0,0.0,0.0,0.0,0.92,0.0277,0.0001,0.0
2026-07-12,Kanpur,break,0.3,2.1,3.6,3.7,3.7,3.0,0.0897,0.0008,0.0
2026-07-12,Ranchi,break,1.7,4.1,6.1,6.68,6.68,5.77,0.1453,0.002,0.0001
2026-07-12,Jodhpur,break,0.3,0.0,0.0,0.0,0.0,0.0,0.0277,0.0001,0.0
2026-07-12,Bikaner,break,0.0,0.0,0.0,0.0,0.0,0.0,0.0277,0.0001,0.0
2026-07-12,Jaisalmer,break,0.0,0.0,0.0,0.0,0.0,0.0,0.0277,0.0001,0.0
2026-07-12,Hyderabad,break,0.0,0.0,0.0,0.0,0.0,0.76,0.0277,0.0001,0.0
2026-07-12,Bengaluru,break,0.0,0.0,0.0,0.0,0.0,0.76,0.0277,0.0001,0.0
2026-07-12,Pune,break,0.0,0.0,0.0,0.0,0.0,0.76,0.0277,0.0001,0.0
2026-07-12,Kurnool,break,0.0,0.0,0.0,0.0,0.0,0.76,0.0277,0.0001,0.0
2026-07-12,Madurai,break,0.1,0.0,0.0,0.0,0.0,1.42,0.0277,0.0001,0.0
2026-07-13,Nagpur,break,0.0,0.0,0.0,0.0,0.0,0.59,0.0277,0.0001,0.0
2026-07-13,Bhopal,break,0.0,0.0,0.0,0.0,0.0,0.59,0.0277,0.0001,0.0
2026-07-13,Raipur,break,0.7,0.0,0.0,0.0,0.0,0.59,0.0277,0.0001,0.0
2026-07-13,Jabalpur,break,1.1,0.0,0.0,0.0,0.0,0.59,0.0277,0.0001,0.0
2026-07-13,Akola,break,0.0,0.0,0.0,0.0,0.0,0.59,0.0277,0.0001,0.0
2026-07-13,Amravati,break,0.0,0.0,0.0,0.0,0.0,0.59,0.0277,0.0001,0.0
2026-07-13,Aurangabad,break,0.0,0.0,0.0,0.0,0.0,0.59,0.0277,0.0001,0.0
2026-07-13,Bhubaneswar,break,0.7,4.4,6.5,7.0,7.0,4.18,0.1532,0.0022,0.0001
2026-07-13,Mumbai,coastal,0.9,0.0,0.0,0.0,0.0,1.64,0.0422,0.0001,0.0
2026-07-13,Thiruvananthapuram,coastal,1.0,0.0,0.0,0.0,0.0,1.16,0.0422,0.0001,0.0
2026-07-13,Kochi,coastal,1.1,1.4,2.7,4.1,4.1,3.05,0.1031,0.0004,0.0
2026-07-13,Mangaluru,coastal,5.7,1.8,3.3,4.9,4.9,3.78,0.1198,0.0006,0.0
2026-07-13,Panaji,coastal,0.6,1.8,3.3,4.9,4.9,3.66,0.1198,0.0006,0.0
2026-07-13,Chennai,coastal,0.0,0.0,0.0,0.0,0.0,1.16,0.0422,0.0001,0.0
2026-07-13,Visakhapatnam,coastal,2.9,0.0,0.0,0.0,0.0,1.16,0.0422,0.0001,0.0
2026-07-13,Puri,coastal,2.4,0.5,1.3,2.2,2.2,2.57,0.0643,0.0002,0.0
2026-07-13,Kolkata,coastal,22.2,3.7,5.6,7.9,7.9,5.76,0.1937,0.0014,0.0001
2026-07-13,Surat,coastal,0.5,1.1,2.3,3.4,3.4,3.41,0.0903,0.0003,0.0
2026-07-13,Mahabaleshwar,orographic,4.5,0.0,0.0,0.0,0.0,1.86,0.0327,0.0003,0.0
2026-07-13,Munnar,orographic,0.9,0.7,1.62,0.9,0.9,3.14,0.057,0.0007,0.0001
2026-07-13,Madikeri,orographic,4.8,1.1,2.3,1.2,1.2,3.93,0.0708,0.001,0.0001
2026-07-13,Ooty,orographic,0.0,0.0,0.0,0.0,0.0,1.29,0.0327,0.0003,0.0
2026-07-13,Lonavala,orographic,3.0,0.5,1.3,0.6,0.6,3.31,0.0501,0.0006,0.0001
2026-07-13,Wayanad,orographic,0.8,0.2,0.8,0.3,0.3,1.98,0.0396,0.0004,0.0001
2026-07-13,Shimla,orographic,2.3,1.4,2.7,1.5,1.5,2.11,0.0811,0.0013,0.0002
2026-07-13,Dehradun,orographic,0.5,0.2,0.8,0.3,0.3,1.0,0.0396,0.0004,0.0001
2026-07-13,Srinagar,orographic,0.0,0.0,0.0,0.0,0.0,0.58,0.0327,0.0003,0.0
2026-07-13,Gangtok,orographic,90.5,3.8,5.7,4.0,4.0,3.96,0.1588,0.0041,0.0006
2026-07-13,Guwahati,orographic,38.0,13.7,17.0,16.6,16.6,9.53,0.3916,0.0276,0.0044
2026-07-13,Cherrapunji,orographic,51.2,38.8,45.3,55.76,55.76,26.09,0.6573,0.1363,0.0245
2026-07-13,Imphal,orographic,6.4,52.2,61.1,68.7,68.7,19.28,0.725,0.2065,0.0401
2026-07-13,Agartala,orographic,6.2,45.8,54.9,64.61,64.61,20.9,0.6962,0.1726,0.0323
2026-07-13,Lucknow,break,0.2,0.0,0.0,0.0,0.0,1.12,0.0277,0.0001,0.0
2026-07-13,Patna,break,4.8,1.1,2.3,1.7,1.7,2.76,0.0604,0.0004,0.0
2026-07-13,Varanasi,break,0.3,0.8,1.8,1.2,1.2,2.62,0.0515,0.0003,0.0
2026-07-13,Delhi,break,0.1,0.0,0.0,0.0,0.0,0.53,0.0277,0.0001,0.0
2026-07-13,Kanpur,break,0.0,0.4,1.2,0.9,0.9,2.28,0.0396,0.0002,0.0
2026-07-13,Ranchi,break,0.3,1.0,2.1,1.5,1.5,3.01,0.0574,0.0004,0.0
2026-07-13,Jodhpur,break,0.0,0.0,0.0,0.0,0.0,0.0,0.0277,0.0001,0.0
2026-07-13,Bikaner,break,0.6,0.0,0.0,0.0,0.0,0.0,0.0277,0.0001,0.0
2026-07-13,Jaisalmer,break,0.0,0.0,0.0,0.0,0.0,0.0,0.0277,0.0001,0.0
2026-07-13,Hyderabad,break,0.9,0.0,0.0,0.0,0.0,0.76,0.0277,0.0001,0.0
2026-07-13,Bengaluru,break,0.0,0.0,0.0,0.0,0.0,0.76,0.0277,0.0001,0.0
2026-07-13,Pune,break,0.0,0.0,0.0,0.0,0.0,0.76,0.0277,0.0001,0.0
2026-07-13,Kurnool,break,0.0,0.0,0.0,0.0,0.0,0.76,0.0277,0.0001,0.0
2026-07-13,Madurai,break,0.0,0.0,0.0,0.0,0.0,0.76,0.0277,0.0001,0.0
2026-07-14,Nagpur,break,0.0,0.0,0.0,0.0,0.0,0.59,0.0277,0.0001,0.0
2026-07-14,Bhopal,break,0.0,0.0,0.0,0.0,0.0,0.59,0.0277,0.0001,0.0
2026-07-14,Raipur,break,0.2,0.0,0.0,0.0,0.0,0.59,0.0277,0.0001,0.0
2026-07-14,Jabalpur,break,2.3,0.0,0.0,0.0,0.0,0.59,0.0277,0.0001,0.0
2026-07-14,Akola,break,0.0,0.0,0.0,0.0,0.0,0.59,0.0277,0.0001,0.0
2026-07-14,Amravati,break,0.0,0.0,0.0,0.0,0.0,0.59,0.0277,0.0001,0.0
2026-07-14,Aurangabad,break,0.0,0.0,0.0,0.0,0.0,0.59,0.0277,0.0001,0.0
2026-07-14,Bhubaneswar,break,6.5,6.2,8.5,8.45,8.45,5.05,0.1988,0.0036,0.0001
2026-07-14,Mumbai,coastal,1.3,1.9,3.4,5.1,5.1,3.69,0.1239,0.0006,0.0
2026-07-14,Thiruvananthapuram,coastal,0.4,0.0,0.0,0.0,0.0,1.16,0.0422,0.0001,0.0
2026-07-14,Kochi,coastal,0.5,0.1,0.6,1.2,1.2,2.0,0.0466,0.0001,0.0
2026-07-14,Mangaluru,coastal,0.8,0.3,1.0,1.9,1.9,2.36,0.0554,0.0002,0.0
2026-07-14,Panaji,coastal,0.7,0.9,2.0,3.0,3.0,3.12,0.0817,0.0003,0.0
2026-07-14,Chennai,coastal,0.0,0.0,0.0,0.0,0.0,1.16,0.0422,0.0001,0.0
2026-07-14,Visakhapatnam,coastal,0.0,3.0,4.8,6.9,6.9,4.3,0.1675,0.0011,0.0001
2026-07-14,Puri,coastal,10.2,1.5,2.8,4.3,4.3,3.39,0.1073,0.0005,0.0
2026-07-14,Kolkata,coastal,7.8,19.0,22.9,25.06,25.06,12.3,0.5402,0.0166,0.0013
2026-07-14,Surat,coastal,3.7,0.9,2.0,3.0,3.0,3.22,0.0817,0.0003,0.0
2026-07-14,Mahabaleshwar,orographic,3.2,0.4,1.2,0.5,0.5,2.66,0.0466,0.0005,0.0001
2026-07-14,Munnar,orographic,0.0,0.7,1.62,0.9,0.9,3.49,0.057,0.0007,0.0001
2026-07-14,Madikeri,orographic,0.8,0.0,0.0,0.0,0.0,1.86,0.0327,0.0003,0.0
2026-07-14,Ooty,orographic,0.0,0.0,0.0,0.0,0.0,1.29,0.0327,0.0003,0.0
2026-07-14,Lonavala,orographic,3.4,2.1,3.6,2.3,2.3,4.07,0.1046,0.0019,0.0003
2026-07-14,Wayanad,orographic,0.0,0.0,0.0,0.0,0.0,1.32,0.0327,0.0003,0.0
2026-07-14,Shimla,orographic,4.0,0.0,0.0,0.0,0.0,0.48,0.0327,0.0003,0.0
2026-07-14,Dehradun,orographic,2.6,0.9,1.9,1.0,1.0,0.93,0.064,0.0008,0.0001
2026-07-14,Srinagar,orographic,0.2,0.2,0.8,0.3,0.3,0.39,0.0396,0.0004,0.0001
2026-07-14,Gangtok,orographic,21.2,1.4,2.7,1.5,1.5,1.66,0.0811,0.0013,0.0002
2026-07-14,Guwahati,orographic,18.7,8.6,11.5,10.1,10.1,7.0,0.2875,0.0135,0.0021
2026-07-14,Cherrapunji,orographic,5.1,19.8,23.5,25.7,25.7,15.4,0.485,0.0491,0.008
2026-07-14,Imphal,orographic,1.4,3.4,5.2,3.57,3.57,4.99,0.1464,0.0035,0.0005
2026-07-14,Agartala,orographic,1.1,2.3,3.9,2.4,2.4,4.63,0.1112,0.0022,0.0003
2026-07-14,Lucknow,break,0.1,1.3,2.5,2.3,2.3,2.14,0.0663,0.0005,0.0
2026-07-14,Patna,break,0.8,0.4,1.2,0.9,0.9,2.22,0.0396,0.0002,0.0
2026-07-14,Varanasi,break,0.0,0.1,0.6,0.5,0.5,1.54,0.0307,0.0001,0.0
2026-07-14,Delhi,break,2.3,1.1,2.3,1.7,1.7,2.14,0.0604,0.0004,0.0
2026-07-14,Kanpur,break,1.5,0.2,0.8,0.62,0.62,1.48,0.0336,0.0002,0.0
2026-07-14,Ranchi,break,1.8,13.6,16.8,17.59,17.59,6.9,0.35,0.0121,0.0004
2026-07-14,Jodhpur,break,0.0,0.0,0.0,0.0,0.0,0.0,0.0277,0.0001,0.0
2026-07-14,Bikaner,break,0.0,0.0,0.0,0.0,0.0,0.0,0.0277,0.0001,0.0
2026-07-14,Jaisalmer,break,0.0,0.0,0.0,0.0,0.0,0.0,0.0277,0.0001,0.0
2026-07-14,Hyderabad,break,0.0,0.0,0.0,0.0,0.0,0.76,0.0277,0.0001,0.0
2026-07-14,Bengaluru,break,0.0,0.0,0.0,0.0,0.0,0.76,0.0277,0.0001,0.0
2026-07-14,Pune,break,0.0,0.0,0.0,0.0,0.0,0.76,0.0277,0.0001,0.0
2026-07-14,Kurnool,break,0.0,0.0,0.0,0.0,0.0,0.76,0.0277,0.0001,0.0
2026-07-14,Madurai,break,0.0,0.0,0.0,0.0,0.0,0.76,0.0277,0.0001,0.0
2026-07-15,Nagpur,break,1.5,0.1,0.6,0.5,0.5,2.04,0.0307,0.0001,0.0
2026-07-15,Bhopal,break,1.0,0.0,0.0,0.0,0.0,1.35,0.0277,0.0001,0.0
2026-07-15,Raipur,break,1.2,3.1,4.9,5.13,5.13,5.36,0.118,0.0014,0.0
2026-07-15,Jabalpur,break,1.1,2.9,4.6,4.7,4.7,4.98,0.1124,0.0013,0.0
2026-07-15,Akola,break,1.5,0.0,0.0,0.0,0.0,1.35,0.0277,0.0001,0.0
2026-07-15,Amravati,break,0.8,0.3,1.0,0.8,0.8,2.43,0.0366,0.0002,0.0
2026-07-15,Aurangabad,break,2.2,0.0,0.0,0.0,0.0,1.35,0.0277,0.0001,0.0
2026-07-15,Bhubaneswar,break,36.7,21.8,25.6,24.24,7.19,14.59,0.4675,0.0257,0.001
2026-07-15,Mumbai,coastal,15.9,4.9,7.1,9.54,9.54,9.95,0.2356,0.0021,0.0002
2026-07-15,Thiruvananthapuram,coastal,1.6,0.3,1.0,1.9,1.9,3.49,0.0554,0.0002,0.0
2026-07-15,Kochi,coastal,1.3,1.9,3.4,5.1,5.1,5.86,0.1239,0.0006,0.0
2026-07-15,Mangaluru,coastal,1.2,1.0,2.1,3.16,3.16,4.94,0.086,0.0003,0.0
2026-07-15,Panaji,coastal,6.7,2.3,3.9,5.7,5.7,7.11,0.1401,0.0008,0.0001
2026-07-15,Chennai,coastal,0.0,0.0,0.0,0.0,0.0,2.19,0.0422,0.0001,0.0
2026-07-15,Visakhapatnam,coastal,1.4,0.0,0.0,0.0,0.0,2.78,0.0422,0.0001,0.0
2026-07-15,Puri,coastal,39.3,23.4,27.3,32.26,7.54,18.86,0.5937,0.0232,0.0019
2026-07-15,Kolkata,coastal,2.0,14.7,18.0,19.4,19.4,17.15,0.474,0.011,0.0009
2026-07-15,Surat,coastal,6.5,1.7,3.2,4.8,4.8,6.03,0.1157,0.0005,0.0
2026-07-15,Mahabaleshwar,orographic,13.0,3.2,5.0,3.4,3.4,8.01,0.1402,0.0033,0.0005
2026-07-15,Munnar,orographic,0.2,0.5,1.3,0.6,0.6,5.06,0.0501,0.0006,0.0001
2026-07-15,Madikeri,orographic,1.9,0.3,1.0,0.4,0.4,3.63,0.0431,0.0004,0.0001
2026-07-15,Ooty,orographic,0.0,0.0,0.0,0.0,0.0,2.36,0.0327,0.0003,0.0
2026-07-15,Lonavala,orographic,7.3,4.5,6.6,4.8,4.8,10.3,0.1797,0.0052,0.0008
2026-07-15,Wayanad,orographic,0.1,0.0,0.0,0.0,0.0,2.36,0.0327,0.0003,0.0
2026-07-15,Shimla,orographic,0.1,0.0,0.0,0.0,0.0,0.56,0.0327,0.0003,0.0
2026-07-15,Dehradun,orographic,2.5,0.7,1.6,0.8,0.8,2.26,0.057,0.0007,0.0001
2026-07-15,Srinagar,orographic,0.0,0.2,0.8,0.3,0.3,1.23,0.0396,0.0004,0.0001
2026-07-15,Gangtok,orographic,8.2,17.1,20.8,22.2,22.2,9.17,0.4471,0.0391,0.0063
2026-07-15,Guwahati,orographic,35.5,15.0,18.3,18.6,18.6,12.58,0.414,0.0318,0.0051
2026-07-15,Cherrapunji,orographic,7.8,15.5,18.9,19.1,19.1,14.33,0.4222,0.0335,0.0054
2026-07-15,Imphal,orographic,10.9,16.3,19.7,20.6,20.6,11.05,0.4349,0.0362,0.0058
2026-07-15,Agartala,orographic,2.4,0.7,1.6,0.8,0.8,4.21,0.057,0.0007,0.0001
2026-07-15,Lucknow,break,1.4,1.7,3.1,2.74,2.74,4.65,0.078,0.0007,0.0
2026-07-15,Patna,break,10.6,1.3,2.5,2.3,2.3,4.18,0.0663,0.0005,0.0
2026-07-15,Varanasi,break,1.6,1.9,3.4,3.1,3.1,4.46,0.0839,0.0008,0.0
2026-07-15,Delhi,break,3.4,0.9,1.9,1.4,1.4,4.26,0.0545,0.0004,0.0
2026-07-15,Kanpur,break,1.4,1.2,2.4,1.9,1.9,4.03,0.0633,0.0005,0.0
2026-07-15,Ranchi,break,8.3,3.6,5.5,6.1,6.1,8.52,0.1318,0.0017,0.0001
2026-07-15,Jodhpur,break,0.1,0.0,0.0,0.0,0.0,0.57,0.0277,0.0001,0.0
2026-07-15,Bikaner,break,0.0,0.0,0.0,0.0,0.0,0.57,0.0277,0.0001,0.0
2026-07-15,Jaisalmer,break,0.0,0.0,0.0,0.0,0.0,0.57,0.0277,0.0001,0.0
2026-07-15,Hyderabad,break,0.7,0.0,0.0,0.0,0.0,1.6,0.0277,0.0001,0.0
2026-07-15,Bengaluru,break,0.0,0.0,0.0,0.0,0.0,1.6,0.0277,0.0001,0.0
2026-07-15,Pune,break,2.4,0.1,0.6,0.5,0.5,2.08,0.0307,0.0001,0.0
2026-07-15,Kurnool,break,0.0,1.3,2.5,2.3,2.3,3.5,0.0663,0.0005,0.0
2026-07-15,Madurai,break,1.4,0.1,0.6,0.5,0.5,2.08,0.0307,0.0001,0.0
2026-07-16,Nagpur,normal,0.4,0.0,0.0,0.0,0.0,1.09,0.0288,0.0001,0.0
2026-07-16,Bhopal,normal,2.7,0.0,0.0,0.0,0.0,0.9,0.0288,0.0001,0.0
2026-07-16,Raipur,normal,31.2,24.3,28.3,28.9,35.92,11.54,0.506,0.0193,0.0026
2026-07-16,Jabalpur,normal,6.0,1.4,2.7,3.0,4.05,3.78,0.0719,0.0003,0.0
2026-07-16,Akola,normal,0.7,0.0,0.0,0.0,0.0,0.9,0.0288,0.0001,0.0
2026-07-16,Amravati,normal,0.0,0.0,0.0,0.0,0.0,1.37,0.0288,0.0001,0.0
2026-07-16,Aurangabad,normal,0.8,0.1,0.6,0.6,0.8,1.49,0.0319,0.0001,0.0
2026-07-16,Bhubaneswar,normal,237.4,31.9,36.5,38.45,17.32,16.01,0.5774,0.0301,0.0042
2026-07-16,Mumbai,coastal,8.7,6.3,8.6,10.8,10.8,11.74,0.2802,0.003,0.0002
2026-07-16,Thiruvananthapuram,coastal,0.3,0.1,0.6,1.2,1.2,2.48,0.0466,0.0001,0.0
2026-07-16,Kochi,coastal,0.8,2.5,4.2,6.0,6.0,6.04,0.1481,0.0008,0.0001
2026-07-16,Mangaluru,coastal,11.1,5.3,7.6,9.9,9.9,8.77,0.2488,0.0023,0.0002
2026-07-16,Panaji,coastal,12.5,6.4,8.8,10.9,10.9,10.64,0.2832,0.003,0.0002
2026-07-16,Chennai,coastal,0.1,0.0,0.0,0.0,0.0,1.66,0.0422,0.0001,0.0
2026-07-16,Visakhapatnam,coastal,0.9,0.5,1.3,2.2,2.2,3.44,0.0643,0.0002,0.0
2026-07-16,Puri,coastal,227.2,24.1,28.1,33.6,7.7,18.86,0.6011,0.0243,0.002
2026-07-16,Kolkata,coastal,6.2,8.5,11.4,13.4,13.4,12.43,0.3419,0.0047,0.0004
2026-07-16,Surat,coastal,5.2,1.5,2.8,4.3,4.3,4.83,0.1073,0.0005,0.0
2026-07-16,Mahabaleshwar,orographic,8.3,2.4,4.1,2.7,2.7,7.68,0.1145,0.0023,0.0003
2026-07-16,Munnar,orographic,2.2,0.4,1.2,0.5,0.5,3.72,0.0466,0.0005,0.0001
2026-07-16,Madikeri,orographic,4.5,0.6,1.5,0.7,0.7,4.33,0.0536,0.0006,0.0001
2026-07-16,Ooty,orographic,0.1,0.0,0.0,0.0,0.0,1.83,0.0327,0.0003,0.0
2026-07-16,Lonavala,orographic,6.6,1.8,3.3,1.9,1.9,6.79,0.0946,0.0016,0.0002
2026-07-16,Wayanad,orographic,1.4,0.1,0.6,0.2,0.2,2.41,0.0362,0.0003,0.0
2026-07-16,Shimla,orographic,0.0,0.0,0.0,0.0,0.0,0.24,0.0327,0.0003,0.0
2026-07-16,Dehradun,orographic,1.0,0.0,0.0,0.0,0.0,0.74,0.0327,0.0003,0.0
2026-07-16,Srinagar,orographic,0.0,0.4,1.2,0.5,0.5,1.18,0.0466,0.0005,0.0001
2026-07-16,Gangtok,orographic,8.0,16.2,19.5,20.5,20.5,8.73,0.4333,0.0359,0.0058
2026-07-16,Guwahati,orographic,11.4,22.8,26.7,30.5,30.5,13.2,0.5219,0.0612,0.0101
2026-07-16,Cherrapunji,orographic,14.2,26.9,31.3,36.6,36.6,14.4,0.5651,0.0789,0.0133
2026-07-16,Imphal,orographic,13.1,23.4,27.3,31.96,31.96,13.2,0.5287,0.0637,0.0106
2026-07-16,Agartala,orographic,1.7,0.8,1.7,0.9,0.9,2.73,0.0605,0.0008,0.0001
2026-07-16,Lucknow,normal,10.8,1.9,3.4,3.7,4.5,4.06,0.087,0.0005,0.0001
2026-07-16,Patna,normal,3.9,4.9,7.1,7.6,9.23,5.76,0.1719,0.0016,0.0002
2026-07-16,Varanasi,normal,4.7,1.9,3.4,3.7,4.5,4.04,0.087,0.0005,0.0001
2026-07-16,Delhi,normal,0.0,0.0,0.0,0.0,0.0,1.63,0.0288,0.0001,0.0
2026-07-16,Kanpur,normal,1.0,1.1,2.3,2.4,3.16,3.75,0.0627,0.0003,0.0
2026-07-16,Ranchi,normal,10.1,21.7,25.46,26.0,30.1,10.87,0.4763,0.0161,0.0022
2026-07-16,Jodhpur,normal,0.0,0.0,0.0,0.0,0.0,0.26,0.0288,0.0001,0.0
2026-07-16,Bikaner,normal,0.0,0.0,0.0,0.0,0.0,0.26,0.0288,0.0001,0.0
2026-07-16,Jaisalmer,normal,0.0,0.0,0.0,0.0,0.0,0.26,0.0288,0.0001,0.0
2026-07-16,Hyderabad,normal,1.0,0.2,0.8,0.8,1.1,1.72,0.035,0.0001,0.0
2026-07-16,Bengaluru,normal,0.0,0.0,0.0,0.0,0.0,1.15,0.0288,0.0001,0.0
2026-07-16,Pune,normal,4.2,0.5,1.3,1.4,1.86,2.7,0.0442,0.0002,0.0
2026-07-16,Kurnool,normal,0.0,0.4,1.2,1.2,1.6,2.95,0.0411,0.0001,0.0
2026-07-16,Madurai,normal,0.2,0.0,0.0,0.0,0.0,1.38,0.0288,0.0001,0.0
2026-07-17,Nagpur,normal,10.5,10.6,13.7,14.22,14.22,7.52,0.3035,0.0051,0.0007
2026-07-17,Bhopal,normal,0.9,0.8,1.7,1.8,1.8,2.45,0.0535,0.0002,0.0
2026-07-17,Raipur,depression,24.1,50.7,59.75,50.15,72.0,26.31,0.8185,0.1333,0.0111
2026-07-17,Jabalpur,normal,17.5,2.7,4.4,5.0,5.0,4.34,0.1107,0.0007,0.0001
2026-07-17,Akola,normal,0.1,1.0,2.1,2.3,2.3,2.45,0.0596,0.0002,0.0
2026-07-17,Amravati,normal,1.0,0.4,1.2,1.2,1.2,2.16,0.0411,0.0001,0.0
2026-07-17,Aurangabad,normal,6.3,0.2,0.8,0.8,0.8,1.92,0.035,0.0001,0.0
2026-07-17,Bhubaneswar,normal,23.4,6.3,8.6,9.0,1.5,8.72,0.2078,0.0023,0.0003
2026-07-17,Mumbai,coastal,16.4,6.1,8.4,10.6,10.6,11.95,0.2741,0.0028,0.0002
2026-07-17,Thiruvananthapuram,coastal,3.4,0.0,0.0,0.0,0.0,1.71,0.0422,0.0001,0.0
2026-07-17,Kochi,coastal,4.5,0.1,0.6,1.2,1.2,3.08,0.0466,0.0001,0.0
2026-07-17,Mangaluru,coastal,36.6,4.3,6.3,8.7,8.7,9.53,0.2151,0.0017,0.0001
2026-07-17,Panaji,coastal,19.3,8.3,11.1,13.0,13.0,12.68,0.3367,0.0045,0.0003
2026-07-17,Chennai,coastal,4.0,0.1,0.6,1.2,1.2,2.27,0.0466,0.0001,0.0
2026-07-17,Visakhapatnam,coastal,4.2,0.1,0.6,1.2,1.2,2.5,0.0466,0.0001,0.0
2026-07-17,Puri,coastal,19.9,2.1,3.6,5.4,1.5,6.51,0.1321,0.0007,0.0001
2026-07-17,Kolkata,coastal,7.1,17.5,21.2,23.2,23.2,16.92,0.5189,0.0145,0.0011
2026-07-17,Surat,coastal,6.4,1.8,3.3,4.9,4.9,5.15,0.1198,0.0006,0.0
2026-07-17,Mahabaleshwar,orographic,12.0,3.5,5.35,3.6,3.6,7.86,0.1495,0.0037,0.0006
2026-07-17,Munnar,orographic,4.8,0.3,1.0,0.4,0.4,3.29,0.0431,0.0004,0.0001
2026-07-17,Madikeri,orographic,33.0,0.1,0.6,0.2,0.2,2.91,0.0362,0.0003,0.0
2026-07-17,Ooty,orographic,2.4,1.6,3.0,1.6,1.6,4.53,0.0879,0.0014,0.0002
2026-07-17,Lonavala,orographic,13.0,4.6,6.8,5.0,5.0,8.76,0.1826,0.0054,0.0008
2026-07-17,Wayanad,orographic,5.6,0.0,0.0,0.0,0.0,1.91,0.0327,0.0003,0.0
2026-07-17,Shimla,orographic,1.0,0.2,0.8,0.3,0.3,0.68,0.0396,0.0004,0.0001
2026-07-17,Dehradun,orographic,3.3,0.0,0.0,0.0,0.0,0.25,0.0327,0.0003,0.0
2026-07-17,Srinagar,orographic,0.0,0.0,0.0,0.0,0.0,0.55,0.0327,0.0003,0.0
2026-07-17,Gangtok,orographic,8.3,11.8,15.0,14.1,14.1,8.08,0.3561,0.0219,0.0034
2026-07-17,Guwahati,orographic,18.7,15.4,18.77,19.0,19.0,11.51,0.4206,0.0332,0.0053
2026-07-17,Cherrapunji,orographic,89.9,15.3,18.7,18.9,18.9,11.51,0.4189,0.0328,0.0052
2026-07-17,Imphal,orographic,8.8,5.7,8.0,6.3,6.3,7.63,0.2138,0.0073,0.0011
2026-07-17,Agartala,orographic,7.1,2.7,4.4,2.9,2.9,3.24,0.1242,0.0026,0.0004
2026-07-17,Lucknow,normal,6.3,0.0,0.0,0.0,0.0,1.65,0.0288,0.0001,0.0
2026-07-17,Patna,normal,5.2,0.9,2.0,2.2,2.2,4.48,0.0566,0.0002,0.0
2026-07-17,Varanasi,normal,8.1,7.3,9.9,10.5,10.5,6.65,0.2319,0.0029,0.0004
2026-07-17,Delhi,normal,0.3,0.0,0.0,0.0,0.0,0.9,0.0288,0.0001,0.0
2026-07-17,Kanpur,normal,1.7,1.5,2.8,3.1,3.1,3.8,0.0749,0.0004,0.0
2026-07-17,Ranchi,normal,15.2,21.8,25.6,26.15,26.15,12.84,0.4775,0.0162,0.0022
2026-07-17,Jodhpur,normal,0.0,0.0,0.0,0.0,0.0,0.27,0.0288,0.0001,0.0
2026-07-17,Bikaner,normal,0.0,0.0,0.0,0.0,0.0,0.27,0.0288,0.0001,0.0
2026-07-17,Jaisalmer,normal,0.0,0.0,0.0,0.0,0.0,0.27,0.0288,0.0001,0.0
2026-07-17,Hyderabad,normal,13.6,0.3,1.0,1.0,1.0,2.27,0.038,0.0001,0.0
2026-07-17,Bengaluru,normal,9.8,0.1,0.6,0.6,0.6,1.59,0.0319,0.0001,0.0
2026-07-17,Pune,normal,2.9,0.3,1.0,1.0,1.0,2.4,0.038,0.0001,0.0
2026-07-17,Kurnool,normal,12.2,0.4,1.2,1.2,1.2,2.61,0.0411,0.0001,0.0
2026-07-17,Madurai,normal,0.0,0.5,1.3,1.4,1.4,2.31,0.0442,0.0002,0.0
2026-07-18,Nagpur,normal,13.4,25.4,29.51,30.0,30.0,13.29,0.5177,0.0208,0.0029
2026-07-18,Bhopal,normal,0.7,1.3,2.5,2.8,2.8,3.55,0.0688,0.0003,0.0
2026-07-18,Raipur,normal,16.6,23.2,27.1,27.4,27.4,16.89,0.4938,0.0179,0.0025
2026-07-18,Jabalpur,normal,11.1,3.4,5.2,5.9,5.9,5.16,0.1308,0.001,0.0001
2026-07-18,Akola,normal,5.3,0.2,0.8,0.8,0.8,2.44,0.035,0.0001,0.0
2026-07-18,Amravati,normal,11.4,1.5,2.8,3.1,3.1,3.35,0.0749,0.0004,0.0
2026-07-18,Aurangabad,normal,8.8,0.1,0.6,0.6,0.6,1.86,0.0319,0.0001,0.0
2026-07-18,Bhubaneswar,normal,27.9,2.0,3.5,3.85,3.85,4.96,0.09,0.0005,0.0001
2026-07-18,Mumbai,coastal,16.2,5.7,8.0,10.4,10.4,12.25,0.2616,0.0026,0.0002
2026-07-18,Thiruvananthapuram,coastal,1.4,0.0,0.0,0.0,0.0,1.75,0.0422,0.0001,0.0
2026-07-18,Kochi,coastal,4.9,1.7,3.2,4.8,4.8,4.86,0.1157,0.0005,0.0
2026-07-18,Mangaluru,coastal,12.6,15.7,19.1,21.3,21.3,15.07,0.4909,0.0122,0.001
2026-07-18,Panaji,coastal,34.5,10.3,13.3,15.4,15.4,13.76,0.3859,0.0063,0.0005
2026-07-18,Chennai,coastal,2.3,0.3,1.0,1.9,1.9,2.94,0.0554,0.0002,0.0
2026-07-18,Visakhapatnam,coastal,3.1,5.0,7.2,9.6,9.6,8.62,0.2389,0.0021,0.0002
2026-07-18,Puri,coastal,36.5,0.1,0.6,1.2,1.2,2.91,0.0466,0.0001,0.0
2026-07-18,Kolkata,coastal,11.5,1.4,2.7,4.1,4.1,5.98,0.1031,0.0004,0.0
2026-07-18,Surat,coastal,7.3,1.8,3.3,4.9,4.9,5.27,0.1198,0.0006,0.0
2026-07-18,Mahabaleshwar,orographic,33.1,4.5,6.6,4.8,4.8,10.17,0.1797,0.0052,0.0008
2026-07-18,Munnar,orographic,6.6,0.3,1.0,0.4,0.4,3.29,0.0431,0.0004,0.0001
2026-07-18,Madikeri,orographic,12.3,4.6,6.8,5.0,5.0,8.19,0.1826,0.0054,0.0008
2026-07-18,Ooty,orographic,0.6,0.5,1.3,0.6,0.6,4.32,0.0501,0.0006,0.0001
2026-07-18,Lonavala,orographic,15.0,7.0,9.5,7.9,7.9,14.13,0.2483,0.0099,0.0015
2026-07-18,Wayanad,orographic,1.9,0.3,1.0,0.4,0.4,2.98,0.0431,0.0004,0.0001
2026-07-18,Shimla,orographic,2.4,1.0,2.1,1.1,1.1,1.35,0.0674,0.0009,0.0001
2026-07-18,Dehradun,orographic,13.2,0.0,0.0,0.0,0.0,0.26,0.0327,0.0003,0.0
2026-07-18,Srinagar,orographic,0.0,0.0,0.0,0.0,0.0,0.26,0.0327,0.0003,0.0
2026-07-18,Gangtok,orographic,11.9,5.3,7.6,5.8,5.8,5.13,0.2027,0.0066,0.001
2026-07-18,Guwahati,orographic,16.2,13.5,16.67,16.1,16.1,10.81,0.3881,0.027,0.0043
2026-07-18,Cherrapunji,orographic,61.2,17.8,21.4,23.1,23.1,11.59,0.4574,0.0416,0.0067
2026-07-18,Imphal,orographic,0.9,2.7,4.4,2.9,2.9,4.81,0.1242,0.0026,0.0004
2026-07-18,Agartala,orographic,2.8,2.7,4.4,2.9,2.9,3.96,0.1242,0.0026,0.0004
2026-07-18,Lucknow,normal,2.9,0.0,0.0,0.0,0.0,0.91,0.0288,0.0001,0.0
2026-07-18,Patna,normal,30.2,11.9,15.0,15.86,15.86,7.44,0.3286,0.0061,0.0008
2026-07-18,Varanasi,normal,14.3,1.4,2.7,3.0,3.0,4.77,0.0719,0.0003,0.0
2026-07-18,Delhi,normal,0.0,0.0,0.0,0.0,0.0,0.91,0.0288,0.0001,0.0
2026-07-18,Kanpur,normal,1.2,0.2,0.8,0.8,0.8,2.54,0.035,0.0001,0.0
2026-07-18,Ranchi,normal,16.2,31.7,36.2,38.0,38.0,15.3,0.5758,0.0298,0.0041
2026-07-18,Jodhpur,normal,0.0,0.0,0.0,0.0,0.0,0.28,0.0288,0.0001,0.0
2026-07-18,Bikaner,normal,0.0,0.0,0.0,0.0,0.0,0.28,0.0288,0.0001,0.0
2026-07-18,Jaisalmer,normal,0.0,0.0,0.0,0.0,0.0,0.28,0.0288,0.0001,0.0
2026-07-18,Hyderabad,normal,8.2,1.3,2.5,2.8,2.8,3.28,0.0688,0.0003,0.0
2026-07-18,Bengaluru,normal,6.0,0.4,1.2,1.2,1.2,2.6,0.0411,0.0001,0.0
2026-07-18,Pune,normal,6.5,0.0,0.0,0.0,0.0,1.72,0.0288,0.0001,0.0
2026-07-18,Kurnool,normal,5.0,4.5,6.6,7.2,7.2,4.94,0.1613,0.0014,0.0002
2026-07-18,Madurai,normal,1.7,0.0,0.0,0.0,0.0,1.72,0.0288,0.0001,0.0
2026-07-19,Nagpur,normal,5.4,11.2,14.4,15.0,16.43,10.08,0.3153,0.0056,0.0007
2026-07-19,Bhopal,normal,5.2,4.2,6.2,6.9,6.78,5.3,0.1531,0.0013,0.0002
2026-07-19,Raipur,normal,10.6,17.7,21.4,22.4,21.15,12.49,0.4238,0.0116,0.0016
2026-07-19,Jabalpur,normal,9.6,32.4,36.8,39.0,29.2,13.52,0.5814,0.0308,0.0043
2026-07-19,Akola,normal,3.7,0.1,0.6,0.6,0.5,1.74,0.0319,0.0001,0.0
2026-07-19,Amravati,normal,0.2,1.4,2.7,3.0,2.5,3.45,0.0719,0.0003,0.0
2026-07-19,Aurangabad,normal,8.9,0.8,1.8,1.9,1.2,2.8,0.0535,0.0002,0.0
2026-07-19,Bhubaneswar,normal,11.9,2.0,3.5,3.85,3.44,3.66,0.09,0.0005,0.0001
2026-07-19,Mumbai,coastal,33.1,17.3,21.0,23.2,23.2,16.84,0.516,0.0143,0.0011
2026-07-19,Thiruvananthapuram,coastal,7.3,0.4,1.2,2.1,2.1,3.36,0.0599,0.0002,0.0
2026-07-19,Kochi,coastal,5.3,0.8,1.8,2.82,2.82,4.4,0.0774,0.0003,0.0
2026-07-19,Mangaluru,coastal,13.2,3.6,5.5,7.64,7.64,9.05,0.19,0.0013,0.0001
2026-07-19,Panaji,coastal,21.4,11.1,14.2,16.2,16.2,13.5,0.4038,0.007,0.0005
2026-07-19,Chennai,coastal,4.9,0.0,0.0,0.0,0.0,2.09,0.0422,0.0001,0.0
2026-07-19,Visakhapatnam,coastal,6.0,1.6,3.0,4.6,4.6,5.93,0.1115,0.0005,0.0
2026-07-19,Puri,coastal,5.0,2.5,4.2,6.0,6.0,5.57,0.1481,0.0008,0.0001
2026-07-19,Kolkata,coastal,17.3,7.7,10.3,12.4,12.4,10.31,0.3205,0.004,0.0003
2026-07-19,Surat,coastal,9.0,3.1,4.9,7.0,7.0,6.45,0.1713,0.0011,0.0001
2026-07-19,Mahabaleshwar,orographic,25.0,5.1,7.3,5.6,5.6,11.21,0.1971,0.0062,0.0009
2026-07-19,Munnar,orographic,2.9,4.1,6.2,4.4,4.4,7.96,0.1678,0.0046,0.0007
2026-07-19,Madikeri,orographic,12.3,1.7,3.2,1.8,1.8,6.79,0.0913,0.0015,0.0002
2026-07-19,Ooty,orographic,2.5,2.8,4.5,3.0,3.0,6.11,0.1275,0.0028,0.0004
2026-07-19,Lonavala,orographic,13.7,6.4,8.8,7.2,7.2,16.7,0.2327,0.0086,0.0013
2026-07-19,Wayanad,orographic,4.6,1.2,2.4,1.3,1.3,4.68,0.0743,0.0011,0.0002
2026-07-19,Shimla,orographic,4.5,0.5,1.3,0.6,0.6,1.58,0.0501,0.0006,0.0001
2026-07-19,Dehradun,orographic,35.5,15.8,19.2,19.67,19.67,6.61,0.427,0.0345,0.0055
2026-07-19,Srinagar,orographic,10.2,0.1,0.6,0.2,0.2,0.54,0.0362,0.0003,0.0
2026-07-19,Gangtok,orographic,36.4,16.7,20.2,21.5,21.5,8.48,0.4411,0.0376,0.0061
2026-07-19,Guwahati,orographic,25.4,22.4,26.1,29.8,29.8,13.2,0.5173,0.0595,0.0098
2026-07-19,Cherrapunji,orographic,126.4,35.2,40.7,50.2,50.2,17.49,0.6336,0.1182,0.0209
2026-07-19,Imphal,orographic,14.0,19.5,23.3,25.6,25.6,10.8,0.481,0.048,0.0078
2026-07-19,Agartala,orographic,17.9,3.6,5.5,3.8,3.8,4.41,0.1526,0.0038,0.0006
2026-07-19,Lucknow,normal,4.8,14.0,17.3,18.5,18.78,8.6,0.3661,0.008,0.0011
2026-07-19,Patna,normal,27.6,2.2,3.8,4.3,3.98,5.06,0.096,0.0006,0.0001
2026-07-19,Varanasi,normal,25.4,45.5,54.7,56.9,38.83,17.03,0.6663,0.0533,0.0076
2026-07-19,Delhi,normal,3.7,0.0,0.0,0.0,0.0,0.89,0.0288,0.0001,0.0
2026-07-19,Kanpur,normal,6.7,3.4,5.2,5.9,5.8,4.42,0.1308,0.001,0.0001
2026-07-19,Ranchi,normal,15.3,35.8,41.7,44.4,32.32,17.31,0.607,0.0362,0.0051
2026-07-19,Jodhpur,normal,0.0,0.0,0.0,0.0,0.0,0.26,0.0288,0.0001,0.0
2026-07-19,Bikaner,normal,0.0,0.0,0.0,0.0,0.0,0.26,0.0288,0.0001,0.0
2026-07-19,Jaisalmer,normal,0.0,0.0,0.0,0.0,0.0,0.26,0.0288,0.0001,0.0
2026-07-19,Hyderabad,normal,2.4,0.6,1.5,1.6,1.0,3.42,0.0473,0.0002,0.0
2026-07-19,Bengaluru,normal,1.0,3.0,4.8,5.4,4.83,3.89,0.1194,0.0008,0.0001
2026-07-19,Pune,normal,1.9,0.1,0.6,0.6,0.5,1.58,0.0319,0.0001,0.0
2026-07-19,Kurnool,normal,6.9,1.3,2.5,2.8,2.3,4.24,0.0688,0.0003,0.0
2026-07-19,Madurai,normal,2.6,0.2,0.8,0.8,0.62,1.72,0.035,0.0001,0.0
2026-07-20,Nagpur,normal,9.9,27.3,31.7,32.5,32.5,17.66,0.5367,0.0234,0.0032
2026-07-20,Bhopal,normal,12.5,21.0,24.7,25.46,25.46,15.74,0.4678,0.0153,0.0021
2026-07-20,Raipur,normal,18.2,16.7,20.2,21.01,21.01,15.46,0.4091,0.0106,0.0014
2026-07-20,Jabalpur,normal,20.4,21.1,24.8,25.5,25.5,18.83,0.469,0.0154,0.0021
2026-07-20,Akola,normal,11.1,0.9,1.9,2.0,2.0,4.12,0.0566,0.0002,0.0
2026-07-20,Amravati,normal,10.5,1.7,3.1,3.4,3.4,4.93,0.081,0.0004,0.0001
2026-07-20,Aurangabad,normal,7.3,0.0,0.0,0.0,0.0,2.26,0.0288,0.0001,0.0
2026-07-20,Bhubaneswar,depression,24.7,67.7,75.8,62.55,62.55,27.16,0.8603,0.2006,0.0182
2026-07-20,Mumbai,coastal,52.9,13.9,17.2,18.57,18.57,16.88,0.4597,0.01,0.0008
2026-07-20,Thiruvananthapuram,coastal,2.4,0.0,0.0,0.0,0.0,2.17,0.0422,0.0001,0.0
2026-07-20,Kochi,coastal,9.0,0.0,0.0,0.0,0.0,2.41,0.0422,0.0001,0.0
2026-07-20,Mangaluru,coastal,10.9,6.2,8.5,10.7,10.7,11.0,0.2771,0.0029,0.0002
2026-07-20,Panaji,coastal,31.0,25.4,29.51,35.7,35.7,18.27,0.6143,0.0265,0.0021
2026-07-20,Chennai,coastal,10.7,0.0,0.0,0.0,0.0,1.78,0.0422,0.0001,0.0
2026-07-20,Visakhapatnam,coastal,27.2,0.2,0.8,1.6,1.6,3.32,0.051,0.0001,0.0
2026-07-20,Puri,coastal,13.6,16.5,19.9,22.2,22.2,16.62,0.5037,0.0132,0.001
2026-07-20,Kolkata,coastal,11.0,13.4,16.5,17.92,17.92,15.92,0.4504,0.0095,0.0007
2026-07-20,Surat,coastal,17.9,3.9,5.9,8.1,1.5,8.48,0.2009,0.0015,0.0001
2026-07-20,Mahabaleshwar,orographic,34.0,8.2,10.9,9.5,9.5,19.15,0.278,0.0125,0.0019
2026-07-20,Munnar,orographic,6.3,2.4,4.1,2.62,2.62,9.27,0.1145,0.0023,0.0003
2026-07-20,Madikeri,orographic,11.9,2.3,3.9,2.4,2.4,8.03,0.1112,0.0022,0.0003
2026-07-20,Ooty,orographic,3.2,5.7,8.0,6.3,6.3,14.07,0.2138,0.0073,0.0011
2026-07-20,Lonavala,orographic,28.7,17.4,21.0,22.6,22.6,26.85,0.4516,0.0401,0.0065
2026-07-20,Wayanad,orographic,3.0,0.4,1.2,0.5,0.5,4.77,0.0466,0.0005,0.0001
2026-07-20,Shimla,orographic,10.4,31.7,36.2,44.7,44.7,11.72,0.6073,0.1012,0.0175
2026-07-20,Dehradun,orographic,25.4,16.3,19.7,20.6,20.6,9.76,0.4349,0.0362,0.0058
2026-07-20,Srinagar,orographic,6.8,9.8,12.7,11.5,11.5,5.76,0.3146,0.0164,0.0026
2026-07-20,Gangtok,orographic,34.9,46.6,55.76,64.91,64.91,19.29,0.7001,0.1769,0.0333
2026-07-20,Guwahati,orographic,47.0,41.3,49.01,59.81,59.81,23.37,0.6722,0.1492,0.0272
2026-07-20,Cherrapunji,orographic,77.2,15.9,19.3,19.8,19.8,15.77,0.4286,0.0349,0.0056
2026-07-20,Imphal,orographic,4.2,11.7,14.9,14.0,14.0,11.0,0.3542,0.0216,0.0034
2026-07-20,Agartala,orographic,28.5,2.6,4.3,2.8,2.8,4.51,0.121,0.0025,0.0004
2026-07-20,Lucknow,normal,12.8,13.6,16.8,17.96,17.96,11.65,0.3593,0.0076,0.001
2026-07-20,Patna,normal,20.0,2.2,3.8,4.3,4.3,4.61,0.096,0.0006,0.0001
2026-07-20,Varanasi,normal,25.2,107.1,105.55,94.06,94.06,42.59,0.8343,0.1938,0.0327
2026-07-20,Delhi,normal,31.9,20.1,23.8,24.8,24.8,12.33,0.4564,0.0142,0.0019
2026-07-20,Kanpur,normal,33.3,52.9,61.5,74.51,74.51,20.52,0.7013,0.0676,0.0099
2026-07-20,Ranchi,normal,19.7,11.1,14.2,15.0,15.0,12.65,0.3133,0.0055,0.0007
2026-07-20,Jodhpur,normal,0.4,0.0,0.0,0.0,0.0,0.32,0.0288,0.0001,0.0
2026-07-20,Bikaner,normal,0.0,0.0,0.0,0.0,0.0,0.32,0.0288,0.0001,0.0
2026-07-20,Jaisalmer,normal,0.0,0.0,0.0,0.0,0.0,0.32,0.0288,0.0001,0.0
2026-07-20,Hyderabad,normal,5.0,0.0,0.0,0.0,0.0,2.19,0.0288,0.0001,0.0
2026-07-20,Bengaluru,normal,8.3,0.4,1.2,1.2,1.2,3.87,0.0411,0.0001,0.0
2026-07-20,Pune,normal,4.5,0.2,0.8,0.8,0.8,2.51,0.035,0.0001,0.0
2026-07-20,Kurnool,normal,9.5,0.0,0.0,0.0,0.0,2.28,0.0288,0.0001,0.0
2026-07-20,Madurai,normal,0.2,0.0,0.0,0.0,0.0,1.68,0.0288,0.0001,0.0
2026-07-21,Nagpur,normal,31.1,21.8,25.6,26.15,30.19,19.28,0.4775,0.0162,0.0022
2026-07-21,Bhopal,normal,48.1,17.1,20.8,21.5,4.6,16.13,0.4151,0.011,0.0015
2026-07-21,Raipur,depression,30.6,47.1,56.35,43.7,43.83,29.33,0.8065,0.1196,0.0098
2026-07-21,Jabalpur,normal,28.5,8.1,10.8,11.7,12.23,12.44,0.2503,0.0034,0.0004
2026-07-21,Akola,normal,12.5,12.3,15.4,16.3,16.67,10.85,0.3361,0.0065,0.0009
2026-07-21,Amravati,normal,15.6,20.0,23.7,24.7,27.46,15.08,0.4551,0.0141,0.0019
2026-07-21,Aurangabad,normal,22.9,0.4,1.2,1.2,1.6,2.98,0.0411,0.0001,0.0
2026-07-21,Bhubaneswar,depression,37.1,49.7,59.0,48.65,48.65,43.17,0.8153,0.1294,0.0108
2026-07-21,Mumbai,coastal,25.2,16.7,20.2,22.36,22.36,18.01,0.5068,0.0135,0.0011
2026-07-21,Thiruvananthapuram,coastal,0.7,0.0,0.0,0.0,0.0,1.67,0.0422,0.0001,0.0
2026-07-21,Kochi,coastal,0.6,0.0,0.0,0.0,0.0,1.67,0.0422,0.0001,0.0
2026-07-21,Mangaluru,coastal,13.2,2.1,3.6,5.4,5.4,6.5,0.1321,0.0007,0.0001
2026-07-21,Panaji,coastal,20.9,17.2,20.9,23.16,23.16,19.45,0.5145,0.0141,0.0011
2026-07-21,Chennai,coastal,0.6,0.0,0.0,0.0,0.0,1.67,0.0422,0.0001,0.0
2026-07-21,Visakhapatnam,coastal,12.5,0.4,1.2,2.1,2.1,3.57,0.0599,0.0002,0.0
2026-07-21,Puri,depression,40.1,63.5,71.9,59.22,59.22,34.88,0.8518,0.1837,0.0163
2026-07-21,Kolkata,coastal,22.8,6.6,9.0,11.2,11.2,12.76,0.2891,0.0032,0.0002
2026-07-21,Surat,coastal,81.7,7.2,9.7,11.63,1.5,11.57,0.3066,0.0036,0.0003
2026-07-21,Mahabaleshwar,orographic,50.3,8.7,11.53,10.2,10.2,20.43,0.2898,0.0137,0.0021
2026-07-21,Munnar,orographic,0.7,2.3,4.0,2.5,2.5,8.65,0.1112,0.0022,0.0003
2026-07-21,Madikeri,orographic,7.0,1.6,3.0,1.6,1.6,6.99,0.0879,0.0014,0.0002
2026-07-21,Ooty,orographic,0.4,2.8,4.5,3.0,3.0,11.09,0.1275,0.0028,0.0004
2026-07-21,Lonavala,orographic,38.4,21.6,25.3,28.4,28.4,32.25,0.5078,0.0562,0.0093
2026-07-21,Wayanad,orographic,2.0,0.0,0.0,0.0,0.0,2.63,0.0327,0.0003,0.0
2026-07-21,Shimla,orographic,12.1,90.3,92.1,98.41,98.41,25.92,0.8266,0.3974,0.0972
2026-07-21,Dehradun,orographic,34.9,34.8,40.1,48.81,48.81,15.75,0.6307,0.1163,0.0205
2026-07-21,Srinagar,orographic,29.2,25.5,29.6,35.2,35.2,11.41,0.5512,0.0727,0.0122
2026-07-21,Gangtok,orographic,51.4,20.0,23.7,25.91,25.91,14.93,0.4876,0.0499,0.0081
2026-07-21,Guwahati,orographic,5.7,23.3,27.2,31.9,31.9,20.19,0.5276,0.0632,0.0105
2026-07-21,Cherrapunji,orographic,6.5,109.2,110.8,117.63,117.63,29.12,0.8542,0.4769,0.1302
2026-07-21,Imphal,orographic,9.3,14.6,17.9,18.1,18.1,10.98,0.4073,0.0305,0.0049
2026-07-21,Agartala,orographic,5.1,4.0,6.0,4.2,4.2,5.26,0.1648,0.0044,0.0007
2026-07-21,Lucknow,normal,20.2,30.4,35.16,37.3,36.71,16.88,0.5649,0.0278,0.0039
2026-07-21,Patna,normal,10.0,0.5,1.3,1.4,1.86,3.77,0.0442,0.0002,0.0
2026-07-21,Varanasi,normal,15.0,10.5,13.6,14.1,15.6,12.93,0.3015,0.0051,0.0007
2026-07-21,Delhi,normal,14.7,19.3,23.1,24.0,24.87,14.71,0.4459,0.0133,0.0018
2026-07-21,Kanpur,normal,11.7,18.5,22.26,23.2,22.6,18.33,0.435,0.0124,0.0017
2026-07-21,Ranchi,normal,17.7,6.5,8.9,9.3,10.5,7.85,0.2127,0.0024,0.0003
2026-07-21,Jodhpur,normal,3.4,0.7,1.62,1.8,2.41,1.27,0.0504,0.0002,0.0
2026-07-21,Bikaner,normal,6.9,4.2,6.2,6.9,8.4,3.29,0.1531,0.0013,0.0002
2026-07-21,Jaisalmer,normal,0.0,0.0,0.0,0.0,0.0,0.27,0.0288,0.0001,0.0
2026-07-21,Hyderabad,normal,13.9,0.0,0.0,0.0,0.0,1.32,0.0288,0.0001,0.0
2026-07-21,Bengaluru,normal,0.7,0.4,1.1,1.1,1.5,2.91,0.0411,0.0001,0.0
2026-07-21,Pune,normal,11.5,0.4,1.2,1.2,1.6,3.02,0.0411,0.0001,0.0
2026-07-21,Kurnool,normal,2.7,0.0,0.0,0.0,0.0,1.32,0.0288,0.0001,0.0
2026-07-21,Madurai,normal,0.1,0.0,0.0,0.0,0.0,1.32,0.0288,0.0001,0.0
2026-07-22,Nagpur,normal,21.4,15.6,19.0,19.9,19.05,12.95,0.3922,0.0095,0.0013
2026-07-22,Bhopal,normal,39.8,24.6,28.5,29.0,7.9,15.87,0.5093,0.0197,0.0027
2026-07-22,Raipur,normal,26.9,16.6,20.1,20.91,19.63,16.02,0.4076,0.0105,0.0014
2026-07-22,Jabalpur,normal,40.8,6.7,9.2,9.6,10.74,10.26,0.2175,0.0025,0.0003
2026-07-22,Akola,normal,21.9,8.8,11.7,12.4,12.6,10.35,0.2659,0.0038,0.0005
2026-07-22,Amravati,normal,14.9,21.9,25.7,26.3,31.9,15.87,0.4787,0.0163,0.0022
2026-07-22,Aurangabad,normal,25.1,27.2,31.7,32.4,10.89,15.06,0.5357,0.0232,0.0032
2026-07-22,Bhubaneswar,normal,18.0,13.3,16.4,17.5,17.34,14.97,0.354,0.0073,0.001
2026-07-22,Mumbai,depression,71.0,50.2,59.5,49.28,49.28,34.03,0.817,0.1314,0.0109
2026-07-22,Thiruvananthapuram,coastal,0.2,0.0,0.0,0.0,0.0,1.71,0.0422,0.0001,0.0
2026-07-22,Kochi,coastal,1.0,0.5,1.3,2.2,2.2,3.71,0.0643,0.0002,0.0
2026-07-22,Mangaluru,coastal,21.5,14.3,17.6,18.9,18.9,13.94,0.4669,0.0105,0.0008
2026-07-22,Panaji,coastal,50.6,25.5,29.6,35.7,35.7,18.07,0.6153,0.0266,0.0021
2026-07-22,Chennai,coastal,10.0,0.0,0.0,0.0,0.0,1.71,0.0422,0.0001,0.0
2026-07-22,Visakhapatnam,coastal,0.4,0.0,0.0,0.0,0.0,2.11,0.0422,0.0001,0.0
2026-07-22,Puri,coastal,22.1,13.8,17.1,18.3,3.09,17.22,0.4579,0.0099,0.0008
2026-07-22,Kolkata,coastal,28.0,28.6,33.2,42.41,42.41,19.24,0.6436,0.032,0.0026
2026-07-22,Surat,coastal,43.6,36.1,42.15,58.7,23.5,21.75,0.6982,0.0465,0.0039
2026-07-22,Mahabaleshwar,orographic,65.4,38.8,45.3,55.76,55.76,34.59,0.6573,0.1363,0.0245
2026-07-22,Munnar,orographic,2.0,2.5,4.2,2.8,2.8,8.35,0.1178,0.0024,0.0004
2026-07-22,Madikeri,orographic,12.5,7.5,10.1,8.4,8.4,13.68,0.261,0.0109,0.0017
2026-07-22,Ooty,orographic,0.9,6.5,8.9,7.3,7.3,14.24,0.2354,0.0088,0.0014
2026-07-22,Lonavala,orographic,49.3,44.7,53.3,63.91,63.91,43.25,0.6906,0.1669,0.0311
2026-07-22,Wayanad,orographic,6.3,0.7,1.6,0.8,0.8,4.64,0.057,0.0007,0.0001
2026-07-22,Shimla,orographic,25.1,1.0,2.1,1.1,1.1,3.24,0.0674,0.0009,0.0001
2026-07-22,Dehradun,orographic,5.8,9.8,12.7,11.5,11.5,8.48,0.3146,0.0164,0.0026
2026-07-22,Srinagar,orographic,31.3,27.8,32.2,37.75,37.75,13.53,0.5737,0.0829,0.0141
2026-07-22,Gangtok,orographic,42.0,13.4,16.5,16.0,16.0,9.5,0.3863,0.0267,0.0042
2026-07-22,Guwahati,orographic,25.9,30.6,35.3,43.36,43.36,17.87,0.5983,0.0959,0.0165
2026-07-22,Cherrapunji,orographic,28.6,33.5,38.7,46.81,46.81,26.56,0.6212,0.1099,0.0192
2026-07-22,Imphal,orographic,21.1,20.9,24.6,27.11,27.11,13.88,0.4991,0.0534,0.0088
2026-07-22,Agartala,orographic,14.3,11.8,15.0,14.1,14.1,8.3,0.3561,0.0219,0.0034
2026-07-22,Lucknow,normal,3.0,5.2,7.5,8.0,9.23,7.47,0.1798,0.0017,0.0002
2026-07-22,Patna,normal,10.8,1.9,3.4,3.7,4.5,4.27,0.087,0.0005,0.0001
2026-07-22,Varanasi,normal,5.7,13.5,16.67,17.8,17.54,10.26,0.3575,0.0075,0.001
2026-07-22,Delhi,normal,5.7,12.3,15.4,16.3,16.67,10.02,0.3361,0.0065,0.0009
2026-07-22,Kanpur,normal,1.4,2.9,4.6,5.3,6.2,6.03,0.1165,0.0008,0.0001
2026-07-22,Ranchi,normal,6.4,6.8,9.3,9.8,11.16,8.14,0.22,0.0026,0.0003
2026-07-22,Jodhpur,normal,27.1,22.3,26.0,26.7,32.11,9.73,0.4835,0.0168,0.0023
2026-07-22,Bikaner,normal,27.3,7.1,9.6,10.2,11.43,5.74,0.2271,0.0028,0.0004
2026-07-22,Jaisalmer,normal,3.1,0.7,1.62,1.8,2.41,1.32,0.0504,0.0002,0.0
2026-07-22,Hyderabad,normal,12.3,0.8,1.8,1.9,2.56,3.08,0.0535,0.0002,0.0
2026-07-22,Bengaluru,normal,8.9,0.6,1.4,1.5,2.2,3.6,0.0473,0.0002,0.0
2026-07-22,Pune,normal,11.1,3.8,5.7,6.4,7.28,5.36,0.1421,0.0011,0.0001
2026-07-22,Kurnool,normal,5.9,0.0,0.0,0.0,0.0,1.35,0.0288,0.0001,0.0
2026-07-22,Madurai,normal,1.0,0.0,0.0,0.0,0.0,1.35,0.0288,0.0001,0.0
2026-07-23,Nagpur,normal,4.2,5.1,7.3,7.9,7.9,8.45,0.1772,0.0017,0.0002
2026-07-23,Bhopal,normal,13.1,0.8,1.8,1.9,1.9,5.02,0.0535,0.0002,0.0
2026-07-23,Raipur,normal,5.2,4.6,6.7,7.2,7.2,8.13,0.1639,0.0015,0.0002
2026-07-23,Jabalpur,normal,16.8,2.9,4.6,5.3,5.3,6.22,0.1165,0.0008,0.0001
2026-07-23,Akola,depression,10.5,40.3,47.6,32.15,47.6,20.55,0.7791,0.0946,0.0075
2026-07-23,Amravati,depression,8.9,44.8,53.4,40.24,55.9,24.52,0.798,0.111,0.009
2026-07-23,Aurangabad,normal,20.0,18.6,22.4,23.21,23.21,15.73,0.4364,0.0126,0.0017
2026-07-23,Bhubaneswar,normal,13.1,6.0,8.3,8.8,8.8,9.3,0.2003,0.0022,0.0003
2026-07-23,Mumbai,depression,107.0,48.1,57.3,44.64,44.64,49.02,0.81,0.1233,0.0102
2026-07-23,Thiruvananthapuram,coastal,0.9,0.0,0.0,0.0,0.0,1.69,0.0422,0.0001,0.0
2026-07-23,Kochi,coastal,2.7,0.1,0.6,1.2,1.2,2.53,0.0466,0.0001,0.0
2026-07-23,Mangaluru,coastal,32.1,11.0,14.1,16.12,16.12,13.37,0.4016,0.0069,0.0005
2026-07-23,Panaji,coastal,16.9,20.5,24.2,27.21,27.21,18.79,0.5598,0.0187,0.0015
2026-07-23,Chennai,coastal,1.0,0.4,1.2,2.1,2.1,3.59,0.0599,0.0002,0.0
2026-07-23,Visakhapatnam,coastal,3.6,0.3,1.0,1.9,1.9,2.99,0.0554,0.0002,0.0
2026-07-23,Puri,coastal,4.6,2.1,3.6,5.4,5.4,6.33,0.1321,0.0007,0.0001
2026-07-23,Kolkata,coastal,21.4,7.8,10.4,12.5,1.5,12.56,0.3233,0.0041,0.0003
2026-07-23,Surat,depression,130.6,74.5,79.9,69.43,69.43,56.78,0.8723,0.2279,0.0214
2026-07-23,Mahabaleshwar,orographic,63.8,21.9,25.7,29.1,29.1,33.16,0.5114,0.0575,0.0095
2026-07-23,Munnar,orographic,1.3,0.2,0.8,0.3,0.3,4.04,0.0396,0.0004,0.0001
2026-07-23,Madikeri,orographic,22.5,1.4,2.7,1.5,1.5,7.94,0.0811,0.0013,0.0002
2026-07-23,Ooty,orographic,0.2,1.0,2.1,1.1,1.1,7.73,0.0674,0.0009,0.0001
2026-07-23,Lonavala,orographic,77.3,43.8,52.15,61.55,61.55,51.99,0.6859,0.1622,0.03
2026-07-23,Wayanad,orographic,1.2,0.0,0.0,0.0,0.0,2.6,0.0327,0.0003,0.0
2026-07-23,Shimla,orographic,11.3,11.7,14.9,14.0,14.0,6.28,0.3542,0.0216,0.0034
2026-07-23,Dehradun,orographic,7.0,12.7,15.8,15.0,15.0,8.19,0.3734,0.0245,0.0039
2026-07-23,Srinagar,orographic,8.1,2.5,4.2,2.8,2.8,4.06,0.1178,0.0024,0.0004
2026-07-23,Gangtok,orographic,4.4,21.3,25.0,27.86,27.86,11.3,0.5041,0.055,0.009
2026-07-23,Guwahati,orographic,24.0,19.8,23.5,25.7,25.7,14.87,0.485,0.0491,0.008
2026-07-23,Cherrapunji,orographic,21.8,24.0,28.0,32.8,32.8,14.87,0.5354,0.0662,0.011
2026-07-23,Imphal,orographic,13.8,7.4,10.0,8.3,8.3,8.68,0.2585,0.0107,0.0016
2026-07-23,Agartala,orographic,23.5,4.8,7.0,5.2,5.2,6.16,0.1885,0.0057,0.0009
2026-07-23,Lucknow,normal,8.3,12.1,15.2,16.1,16.1,9.26,0.3324,0.0063,0.0008
2026-07-23,Patna,normal,13.5,7.8,10.5,11.3,11.3,7.46,0.2435,0.0032,0.0004
2026-07-23,Varanasi,normal,8.4,18.1,21.8,22.61,22.61,11.37,0.4295,0.012,0.0016
2026-07-23,Delhi,normal,9.8,1.4,2.7,3.0,3.0,4.8,0.0719,0.0003,0.0
2026-07-23,Kanpur,normal,10.4,11.4,14.6,15.2,15.2,8.1,0.3192,0.0057,0.0008
2026-07-23,Ranchi,normal,5.0,0.1,0.6,0.6,0.6,2.89,0.0319,0.0001,0.0
2026-07-23,Jodhpur,normal,6.3,13.9,17.2,18.4,18.4,9.98,0.3644,0.0079,0.0011
2026-07-23,Bikaner,normal,5.5,8.2,11.0,11.8,11.8,6.96,0.2526,0.0034,0.0005
2026-07-23,Jaisalmer,normal,6.9,4.8,7.0,7.5,7.5,3.89,0.1693,0.0016,0.0002
2026-07-23,Hyderabad,normal,1.2,0.0,0.0,0.0,0.0,2.18,0.0288,0.0001,0.0
2026-07-23,Bengaluru,normal,1.3,0.0,0.0,0.0,0.0,1.95,0.0288,0.0001,0.0
2026-07-23,Pune,normal,15.4,1.4,2.7,3.0,3.0,4.74,0.0719,0.0003,0.0
2026-07-23,Kurnool,normal,0.7,0.0,0.0,0.0,0.0,1.32,0.0288,0.0001,0.0
2026-07-23,Madurai,normal,0.1,0.1,0.6,0.6,0.6,1.82,0.0319,0.0001,0.0
2026-07-24,Nagpur,break,3.4,8.4,11.2,12.15,12.15,9.5,0.2494,0.0057,0.0002
2026-07-24,Bhopal,break,1.4,2.4,4.1,4.2,4.2,5.18,0.0983,0.001,0.0
2026-07-24,Raipur,break,1.3,0.3,1.0,0.8,0.8,3.39,0.0366,0.0002,0.0
2026-07-24,Jabalpur,break,1.1,4.3,6.3,6.93,6.93,6.32,0.1506,0.0021,0.0001
2026-07-24,Akola,break,10.2,8.1,10.8,11.83,11.83,11.14,0.2428,0.0054,0.0002
2026-07-24,Amravati,break,17.7,6.5,8.9,9.12,9.12,9.31,0.206,0.0039,0.0001
2026-07-24,Aurangabad,break,5.6,0.8,1.8,1.2,1.2,4.92,0.0515,0.0003,0.0
2026-07-24,Bhubaneswar,break,14.8,0.5,1.3,1.0,1.5,4.35,0.0425,0.0002,0.0
2026-07-24,Mumbai,coastal,46.0,36.5,42.8,58.7,24.36,31.6,0.7006,0.0474,0.0039
2026-07-24,Thiruvananthapuram,coastal,1.2,0.0,0.0,0.0,0.0,2.19,0.0422,0.0001,0.0
2026-07-24,Kochi,coastal,1.8,0.0,0.0,0.0,0.0,2.21,0.0422,0.0001,0.0
2026-07-24,Mangaluru,coastal,20.9,0.2,0.8,1.6,1.6,4.2,0.051,0.0001,0.0
2026-07-24,Panaji,coastal,26.0,5.9,8.2,10.5,10.5,12.47,0.2679,0.0027,0.0002
2026-07-24,Chennai,coastal,7.5,0.4,1.2,2.1,2.1,4.26,0.0599,0.0002,0.0
2026-07-24,Visakhapatnam,coastal,11.5,0.3,1.0,1.9,1.9,3.76,0.0554,0.0002,0.0
2026-07-24,Puri,coastal,5.8,0.4,1.2,2.1,2.1,3.99,0.0599,0.0002,0.0
2026-07-24,Kolkata,coastal,56.2,15.1,18.4,20.0,3.4,17.11,0.4809,0.0115,0.0009
2026-07-24,Surat,depression,21.0,52.7,61.5,51.66,51.66,57.23,0.8246,0.141,0.0119
2026-07-24,Mahabaleshwar,orographic,84.1,15.2,18.6,18.8,18.8,28.73,0.4173,0.0325,0.0052
2026-07-24,Munnar,orographic,3.6,0.0,0.0,0.0,0.0,2.4,0.0327,0.0003,0.0
2026-07-24,Madikeri,orographic,10.2,0.6,1.5,0.7,0.7,5.63,0.0536,0.0006,0.0001
2026-07-24,Ooty,orographic,6.3,1.1,2.3,1.2,1.2,5.94,0.0708,0.001,0.0001
2026-07-24,Lonavala,orographic,69.9,34.3,39.3,47.56,47.56,52.69,0.6271,0.1138,0.02
2026-07-24,Wayanad,orographic,4.5,0.0,0.0,0.0,0.0,2.36,0.0327,0.0003,0.0
2026-07-24,Shimla,orographic,9.5,15.0,18.3,18.6,18.6,10.4,0.414,0.0318,0.0051
2026-07-24,Dehradun,orographic,10.9,23.9,27.9,32.71,32.71,13.69,0.5343,0.0658,0.0109
2026-07-24,Srinagar,orographic,12.6,1.7,3.1,1.7,1.7,2.91,0.0913,0.0015,0.0002
2026-07-24,Gangtok,orographic,3.5,15.7,19.1,19.4,19.4,11.86,0.4254,0.0342,0.0055
2026-07-24,Guwahati,orographic,6.7,26.4,30.6,36.0,36.0,19.56,0.5603,0.0767,0.0129
2026-07-24,Cherrapunji,orographic,12.8,8.0,10.6,9.2,9.2,11.46,0.2732,0.0121,0.0019
2026-07-24,Imphal,orographic,1.4,3.7,5.6,3.9,3.9,6.85,0.1557,0.004,0.0006
2026-07-24,Agartala,orographic,2.5,3.8,5.7,4.0,4.0,6.68,0.1588,0.0041,0.0006
2026-07-24,Lucknow,break,19.7,0.7,1.6,1.1,1.1,5.89,0.0485,0.0003,0.0
2026-07-24,Patna,break,2.3,5.0,7.2,7.57,7.57,8.47,0.1688,0.0026,0.0001
2026-07-24,Varanasi,break,9.6,2.2,3.8,3.98,3.98,6.76,0.0925,0.0009,0.0
2026-07-24,Delhi,break,8.5,7.5,10.1,11.07,11.07,7.91,0.2294,0.0048,0.0002
2026-07-24,Kanpur,break,4.2,0.2,0.8,0.62,0.62,3.99,0.0336,0.0002,0.0
2026-07-24,Ranchi,break,15.8,2.0,3.5,3.44,3.44,4.46,0.0868,0.0008,0.0
2026-07-24,Jodhpur,break,26.7,14.1,17.4,18.92,18.92,12.55,0.3585,0.0128,0.0005
2026-07-24,Bikaner,break,2.9,4.1,6.1,6.68,6.68,6.24,0.1453,0.002,0.0001
2026-07-24,Jaisalmer,break,2.8,2.1,3.6,3.7,3.7,4.07,0.0897,0.0008,0.0
2026-07-24,Hyderabad,break,0.2,0.0,0.0,0.0,0.0,1.6,0.0277,0.0001,0.0
2026-07-24,Bengaluru,break,8.2,0.2,0.8,0.62,0.62,2.24,0.0336,0.0002,0.0
2026-07-24,Pune,break,12.0,1.8,3.3,2.89,2.89,4.72,0.081,0.0007,0.0
2026-07-24,Kurnool,break,0.1,0.0,0.0,0.0,0.0,1.6,0.0277,0.0001,0.0
2026-07-24,Madurai,break,1.0,0.0,0.0,0.0,0.0,1.86,0.0277,0.0001,0.0
2026-07-25,Nagpur,break,2.2,0.5,1.3,1.0,1.4,4.38,0.0425,0.0002,0.0
2026-07-25,Bhopal,break,1.6,1.0,2.1,1.5,2.3,3.93,0.0574,0.0004,0.0
2026-07-25,Raipur,break,1.1,2.2,3.8,3.98,4.3,4.36,0.0925,0.0009,0.0
2026-07-25,Jabalpur,break,1.3,6.4,8.8,8.97,9.2,8.1,0.2036,0.0038,0.0001
2026-07-25,Akola,break,7.2,8.2,10.9,11.83,11.8,9.85,0.245,0.0055,0.0002
2026-07-25,Amravati,break,2.5,2.7,4.4,4.47,5.0,6.05,0.1068,0.0012,0.0
2026-07-25,Aurangabad,break,2.2,0.9,2.0,1.4,2.2,3.98,0.0545,0.0004,0.0
2026-07-25,Bhubaneswar,break,42.6,1.6,3.0,2.7,1.5,4.07,0.0751,0.0006,0.0
2026-07-25,Mumbai,coastal,20.6,31.7,36.2,49.6,49.6,28.97,0.6682,0.0378,0.0031
2026-07-25,Thiruvananthapuram,coastal,0.3,0.0,0.0,0.0,0.0,2.21,0.0422,0.0001,0.0
2026-07-25,Kochi,coastal,0.5,0.0,0.0,0.0,0.0,2.21,0.0422,0.0001,0.0
2026-07-25,Mangaluru,coastal,10.2,6.9,9.4,11.4,11.4,12.7,0.2979,0.0034,0.0003
2026-07-25,Panaji,coastal,23.9,21.1,24.8,28.41,28.41,20.15,0.5673,0.0196,0.0016
2026-07-25,Chennai,coastal,4.4,0.1,0.6,1.2,1.2,3.14,0.0466,0.0001,0.0
2026-07-25,Visakhapatnam,coastal,0.4,0.0,0.0,0.0,0.0,2.69,0.0422,0.0001,0.0
2026-07-25,Puri,coastal,65.0,10.3,13.3,15.4,1.5,13.58,0.3859,0.0063,0.0005
2026-07-25,Kolkata,coastal,9.3,2.4,4.1,5.9,5.9,7.82,0.1441,0.0008,0.0001
2026-07-25,Surat,coastal,23.9,12.8,15.9,17.4,17.4,18.74,0.4389,0.0088,0.0007
2026-07-25,Mahabaleshwar,orographic,44.2,13.1,16.1,15.5,15.5,28.38,0.3808,0.0258,0.0041
2026-07-25,Munnar,orographic,1.3,0.7,1.62,0.9,0.9,4.9,0.057,0.0007,0.0001
2026-07-25,Madikeri,orographic,15.9,1.8,3.3,1.9,1.9,6.32,0.0946,0.0016,0.0002
2026-07-25,Ooty,orographic,2.7,1.4,2.7,1.5,1.5,5.97,0.0811,0.0013,0.0002
2026-07-25,Lonavala,orographic,35.7,36.5,42.8,51.7,51.7,48.57,0.6425,0.1247,0.0222
2026-07-25,Wayanad,orographic,3.9,0.0,0.0,0.0,0.0,2.37,0.0327,0.0003,0.0
2026-07-25,Shimla,orographic,6.5,20.7,24.4,27.0,27.0,14.91,0.4966,0.0526,0.0086
2026-07-25,Dehradun,orographic,12.1,12.0,15.12,14.2,14.2,12.06,0.36,0.0225,0.0035
2026-07-25,Srinagar,orographic,19.8,1.3,2.5,1.4,1.4,2.5,0.0777,0.0012,0.0002
2026-07-25,Gangtok,orographic,11.5,4.8,7.0,5.2,5.2,7.43,0.1885,0.0057,0.0009
2026-07-25,Guwahati,orographic,4.0,8.9,11.8,10.3,10.3,11.82,0.2945,0.0142,0.0022
2026-07-25,Cherrapunji,orographic,3.3,2.6,4.3,2.8,2.8,5.89,0.121,0.0025,0.0004
2026-07-25,Imphal,orographic,1.6,4.3,6.3,4.6,4.6,6.07,0.1738,0.0049,0.0007
2026-07-25,Agartala,orographic,1.4,0.6,1.5,0.7,0.7,4.35,0.0536,0.0006,0.0001
2026-07-25,Lucknow,break,9.4,5.2,7.5,7.82,8.0,7.08,0.174,0.0028,0.0001
2026-07-25,Patna,break,0.9,0.0,0.0,0.0,0.0,2.76,0.0277,0.0001,0.0
2026-07-25,Varanasi,break,1.8,15.0,18.3,20.06,19.4,10.35,0.3732,0.0141,0.0005
2026-07-25,Delhi,break,2.3,8.1,10.8,11.83,11.7,10.0,0.2428,0.0054,0.0002
2026-07-25,Kanpur,break,1.3,6.4,8.8,8.97,9.2,7.57,0.2036,0.0038,0.0001
2026-07-25,Ranchi,break,3.8,20.2,23.91,23.61,24.9,13.23,0.4477,0.0228,0.0009
2026-07-25,Jodhpur,break,9.7,13.0,16.0,17.01,17.1,12.61,0.3396,0.0113,0.0004
2026-07-25,Bikaner,break,0.5,7.5,10.1,11.07,10.7,7.28,0.2294,0.0048,0.0002
2026-07-25,Jaisalmer,break,22.6,9.4,12.3,14.33,12.9,6.93,0.2708,0.0068,0.0002
2026-07-25,Hyderabad,break,0.0,0.0,0.0,0.0,0.0,1.62,0.0277,0.0001,0.0
2026-07-25,Bengaluru,break,2.9,0.0,0.0,0.0,0.0,1.88,0.0277,0.0001,0.0
2026-07-25,Pune,break,5.2,2.7,4.4,4.47,5.0,5.19,0.1068,0.0012,0.0
2026-07-25,Kurnool,break,0.8,0.0,0.0,0.0,0.0,1.62,0.0277,0.0001,0.0
2026-07-25,Madurai,break,2.5,0.4,1.1,0.9,1.1,2.7,0.0396,0.0002,0.0
2026-07-26,Nagpur,normal,1.1,3.8,5.7,6.4,6.4,4.67,0.1421,0.0011,0.0001
2026-07-26,Bhopal,normal,0.8,14.5,17.8,19.0,19.0,8.3,0.3745,0.0084,0.0011
2026-07-26,Raipur,normal,6.0,12.1,15.2,16.1,16.1,7.76,0.3324,0.0063,0.0008
2026-07-26,Jabalpur,normal,2.5,10.5,13.6,14.1,14.1,9.0,0.3015,0.0051,0.0007
2026-07-26,Akola,normal,3.4,2.7,4.4,5.0,5.0,5.41,0.1107,0.0007,0.0001
2026-07-26,Amravati,normal,1.5,0.8,1.8,1.9,1.9,3.49,0.0535,0.0002,0.0
2026-07-26,Aurangabad,normal,3.8,4.2,6.2,6.9,6.9,5.23,0.1531,0.0013,0.0002
2026-07-26,Bhubaneswar,normal,137.5,35.4,41.15,43.9,22.92,13.04,0.6042,0.0356,0.005
2026-07-26,Mumbai,depression,32.1,35.5,41.2,23.02,58.5,23.34,0.7549,0.0779,0.0061
2026-07-26,Thiruvananthapuram,coastal,1.5,0.0,0.0,0.0,0.0,1.52,0.0422,0.0001,0.0
2026-07-26,Kochi,coastal,3.8,0.0,0.0,0.0,0.0,1.52,0.0422,0.0001,0.0
2026-07-26,Mangaluru,coastal,24.8,3.3,5.2,7.4,7.4,7.72,0.1789,0.0012,0.0001
2026-07-26,Panaji,coastal,27.6,26.0,30.1,36.01,36.01,17.93,0.6202,0.0275,0.0022
2026-07-26,Chennai,coastal,1.4,0.0,0.0,0.0,0.0,1.55,0.0422,0.0001,0.0
2026-07-26,Visakhapatnam,coastal,1.0,0.8,1.8,2.82,2.82,3.59,0.0774,0.0003,0.0
2026-07-26,Puri,coastal,117.9,31.5,35.8,49.3,16.32,19.48,0.6667,0.0374,0.0031
2026-07-26,Kolkata,coastal,4.9,1.6,3.0,4.6,4.6,5.07,0.1115,0.0005,0.0
2026-07-26,Surat,coastal,21.3,24.7,28.6,34.46,34.46,17.22,0.6073,0.0253,0.002
2026-07-26,Mahabaleshwar,orographic,39.4,12.2,15.3,14.4,14.4,19.88,0.3639,0.0231,0.0036
2026-07-26,Munnar,orographic,2.6,0.0,0.0,0.0,0.0,2.37,0.0327,0.0003,0.0
2026-07-26,Madikeri,orographic,11.9,1.8,3.3,1.9,1.9,5.31,0.0946,0.0016,0.0002
2026-07-26,Ooty,orographic,0.3,0.4,1.2,0.5,0.5,3.85,0.0466,0.0005,0.0001
2026-07-26,Lonavala,orographic,22.5,19.6,23.3,25.66,25.66,30.09,0.4824,0.0483,0.0079
2026-07-26,Wayanad,orographic,2.0,0.0,0.0,0.0,0.0,1.68,0.0327,0.0003,0.0
2026-07-26,Shimla,orographic,3.5,15.1,18.4,18.7,18.7,8.48,0.4156,0.0322,0.0051
2026-07-26,Dehradun,orographic,3.4,20.9,24.6,27.11,27.11,9.87,0.4991,0.0534,0.0088
2026-07-26,Srinagar,orographic,13.4,1.0,2.1,1.1,1.1,1.64,0.0674,0.0009,0.0001
2026-07-26,Gangtok,orographic,4.5,4.3,6.3,4.6,4.6,4.38,0.1738,0.0049,0.0007
2026-07-26,Guwahati,orographic,5.1,1.5,2.8,1.6,1.6,3.98,0.0845,0.0013,0.0002
2026-07-26,Cherrapunji,orographic,6.5,7.2,9.7,8.1,8.1,5.79,0.2534,0.0103,0.0016
2026-07-26,Imphal,orographic,2.2,8.0,10.6,9.2,9.2,6.2,0.2732,0.0121,0.0019
2026-07-26,Agartala,orographic,1.6,3.8,5.7,4.0,4.0,3.46,0.1588,0.0041,0.0006
2026-07-26,Lucknow,normal,1.9,0.1,0.6,0.6,0.6,2.6,0.0319,0.0001,0.0
2026-07-26,Patna,normal,0.0,0.0,0.0,0.0,0.0,0.77,0.0288,0.0001,0.0
2026-07-26,Varanasi,normal,0.2,0.0,0.0,0.0,0.0,2.12,0.0288,0.0001,0.0
2026-07-26,Delhi,normal,1.4,0.0,0.0,0.0,0.0,2.03,0.0288,0.0001,0.0
2026-07-26,Kanpur,normal,1.6,2.7,4.4,5.0,5.0,5.3,0.1107,0.0007,0.0001
2026-07-26,Ranchi,normal,0.8,8.3,11.1,11.9,11.9,8.17,0.2548,0.0035,0.0005
2026-07-26,Jodhpur,normal,5.5,5.0,7.2,7.8,7.8,5.11,0.1746,0.0017,0.0002
2026-07-26,Bikaner,normal,0.8,0.2,0.8,0.8,0.8,1.93,0.035,0.0001,0.0
2026-07-26,Jaisalmer,normal,1.6,0.4,1.2,1.2,1.2,2.4,0.0411,0.0001,0.0
2026-07-26,Hyderabad,normal,6.2,0.3,1.0,1.0,1.0,1.82,0.038,0.0001,0.0
2026-07-26,Bengaluru,normal,3.1,0.0,0.0,0.0,0.0,1.04,0.0288,0.0001,0.0
2026-07-26,Pune,normal,2.4,1.8,3.3,3.6,3.6,4.01,0.084,0.0004,0.0001
2026-07-26,Kurnool,normal,3.1,0.0,0.0,0.0,0.0,1.04,0.0288,0.0001,0.0
2026-07-26,Madurai,normal,0.0,0.0,0.0,0.0,0.0,1.55,0.0288,0.0001,0.0
2026-07-27,Nagpur,normal,16.3,17.1,20.8,21.5,21.5,9.97,0.4151,0.011,0.0015
2026-07-27,Bhopal,normal,5.2,8.5,11.4,12.1,12.1,9.28,0.2593,0.0036,0.0005
2026-07-27,Raipur,normal,19.2,9.4,12.3,12.9,12.9,8.73,0.2788,0.0043,0.0006
2026-07-27,Jabalpur,normal,13.5,8.4,11.2,12.0,12.0,8.73,0.2571,0.0036,0.0005
2026-07-27,Akola,normal,8.5,0.0,0.0,0.0,0.0,1.76,0.0288,0.0001,0.0
2026-07-27,Amravati,normal,6.8,4.9,7.1,7.6,7.6,5.97,0.1719,0.0016,0.0002
2026-07-27,Aurangabad,normal,13.1,0.5,1.3,1.4,1.4,3.42,0.0442,0.0002,0.0
2026-07-27,Bhubaneswar,normal,19.8,17.5,21.2,22.16,4.6,14.1,0.4209,0.0114,0.0015
2026-07-27,Mumbai,coastal,42.9,11.2,14.4,16.3,16.3,14.75,0.406,0.0071,0.0006
2026-07-27,Thiruvananthapuram,coastal,3.2,0.0,0.0,0.0,0.0,1.66,0.0422,0.0001,0.0
2026-07-27,Kochi,coastal,5.6,0.7,1.62,2.7,2.7,3.79,0.073,0.0002,0.0
2026-07-27,Mangaluru,coastal,27.2,11.6,14.8,16.5,16.5,13.16,0.4145,0.0075,0.0006
2026-07-27,Panaji,coastal,42.1,13.8,17.1,18.3,18.3,16.44,0.4579,0.0099,0.0008
2026-07-27,Chennai,coastal,1.6,0.0,0.0,0.0,0.0,1.66,0.0422,0.0001,0.0
2026-07-27,Visakhapatnam,coastal,8.3,3.0,4.8,6.9,6.9,5.97,0.1675,0.0011,0.0001
2026-07-27,Puri,coastal,14.6,17.1,20.8,23.0,4.6,17.63,0.5129,0.014,0.0011
2026-07-27,Kolkata,coastal,43.0,16.5,19.9,22.2,22.2,14.39,0.5037,0.0132,0.001
2026-07-27,Surat,coastal,17.6,27.5,31.86,39.31,39.31,20.11,0.634,0.0301,0.0024
2026-07-27,Mahabaleshwar,orographic,37.4,6.5,8.9,7.3,7.3,16.85,0.2354,0.0088,0.0014
2026-07-27,Munnar,orographic,13.2,0.2,0.8,0.3,0.3,2.67,0.0396,0.0004,0.0001
2026-07-27,Madikeri,orographic,14.6,4.7,6.9,5.1,5.1,8.9,0.1856,0.0055,0.0008
2026-07-27,Ooty,orographic,1.4,0.5,1.3,0.6,0.6,3.94,0.0501,0.0006,0.0001
2026-07-27,Lonavala,orographic,42.1,17.4,21.0,22.6,22.6,23.64,0.4516,0.0401,0.0065
2026-07-27,Wayanad,orographic,7.1,0.0,0.0,0.0,0.0,1.83,0.0327,0.0003,0.0
2026-07-27,Shimla,orographic,5.3,10.4,13.5,12.33,12.33,7.39,0.3276,0.018,0.0028
2026-07-27,Dehradun,orographic,14.7,35.4,41.15,50.2,50.2,13.88,0.635,0.1192,0.0211
2026-07-27,Srinagar,orographic,0.2,3.3,5.1,3.5,3.5,2.64,0.1433,0.0034,0.0005
2026-07-27,Gangtok,orographic,2.7,6.2,8.5,6.9,6.9,4.66,0.2274,0.0082,0.0013
2026-07-27,Guwahati,orographic,1.9,21.2,24.9,27.6,27.6,10.11,0.5029,0.0546,0.009
2026-07-27,Cherrapunji,orographic,4.2,9.6,12.6,11.3,11.3,7.65,0.3102,0.0159,0.0025
2026-07-27,Imphal,orographic,6.9,5.0,7.2,5.5,5.5,5.98,0.1942,0.006,0.0009
2026-07-27,Agartala,orographic,2.1,4.2,6.2,4.5,4.5,4.65,0.1708,0.0047,0.0007
2026-07-27,Lucknow,normal,4.0,0.7,1.6,1.7,1.7,3.04,0.0504,0.0002,0.0
2026-07-27,Patna,normal,6.0,0.3,1.0,1.0,1.0,1.91,0.038,0.0001,0.0
2026-07-27,Varanasi,normal,3.9,0.3,1.0,1.0,1.0,1.91,0.038,0.0001,0.0
2026-07-27,Delhi,normal,0.6,0.0,0.0,0.0,0.0,0.89,0.0288,0.0001,0.0
2026-07-27,Kanpur,normal,14.3,0.1,0.6,0.6,0.6,2.41,0.0319,0.0001,0.0
2026-07-27,Ranchi,normal,9.6,11.1,14.2,15.0,15.0,8.62,0.3133,0.0055,0.0007
2026-07-27,Jodhpur,normal,3.7,2.2,3.8,4.3,4.3,3.13,0.096,0.0006,0.0001
2026-07-27,Bikaner,normal,0.6,0.0,0.0,0.0,0.0,0.37,0.0288,0.0001,0.0
2026-07-27,Jaisalmer,normal,1.4,0.3,1.0,1.0,1.0,1.15,0.038,0.0001,0.0
2026-07-27,Hyderabad,normal,16.5,0.0,0.0,0.0,0.0,1.69,0.0288,0.0001,0.0
2026-07-27,Bengaluru,normal,1.1,0.0,0.0,0.0,0.0,1.15,0.0288,0.0001,0.0
2026-07-27,Pune,normal,9.7,0.4,1.2,1.2,1.2,2.94,0.0411,0.0001,0.0
2026-07-27,Kurnool,normal,5.6,0.0,0.0,0.0,0.0,1.15,0.0288,0.0001,0.0
2026-07-27,Madurai,normal,1.5,0.0,0.0,0.0,0.0,1.15,0.0288,0.0001,0.0
2026-07-28,Nagpur,depression,21.7,34.4,39.5,20.86,37.03,22.55,0.7486,0.0742,0.0058
2026-07-28,Bhopal,normal,10.3,25.7,29.9,30.55,35.92,16.11,0.5208,0.0212,0.0029
2026-07-28,Raipur,depression,29.4,59.7,66.55,55.17,55.17,25.64,0.8432,0.1685,0.0147
2026-07-28,Jabalpur,normal,17.5,9.2,12.2,12.8,13.47,10.88,0.2745,0.0041,0.0005
2026-07-28,Akola,normal,51.9,13.5,16.67,17.8,17.54,11.97,0.3575,0.0075,0.001
2026-07-28,Amravati,normal,23.0,15.3,18.7,19.7,18.77,13.06,0.3875,0.0092,0.0012
2026-07-28,Aurangabad,normal,3.8,4.8,7.0,7.5,9.17,7.44,0.1693,0.0016,0.0002
2026-07-28,Bhubaneswar,normal,65.9,3.9,5.9,6.5,1.5,8.66,0.1449,0.0012,0.0001
2026-07-28,Mumbai,coastal,9.2,6.6,9.0,11.2,11.2,12.35,0.2891,0.0032,0.0002
2026-07-28,Thiruvananthapuram,coastal,5.0,0.8,1.8,2.82,2.82,4.16,0.0774,0.0003,0.0
2026-07-28,Kochi,coastal,18.4,10.2,13.2,15.22,15.22,11.94,0.3836,0.0062,0.0005
2026-07-28,Mangaluru,coastal,25.2,27.4,31.7,39.05,39.05,19.48,0.6331,0.0299,0.0024
2026-07-28,Panaji,coastal,41.6,21.9,25.7,29.81,29.81,18.94,0.5768,0.0208,0.0017
2026-07-28,Chennai,coastal,0.1,0.4,1.2,2.1,2.1,3.69,0.0599,0.0002,0.0
2026-07-28,Visakhapatnam,coastal,11.5,6.4,8.8,10.9,10.9,11.17,0.2832,0.003,0.0002
2026-07-28,Puri,coastal,27.5,7.9,10.5,12.6,12.6,13.11,0.326,0.0042,0.0003
2026-07-28,Kolkata,coastal,8.8,7.8,10.5,12.6,12.6,13.11,0.3233,0.0041,0.0003
2026-07-28,Surat,coastal,2.1,3.6,5.5,7.64,7.64,9.83,0.19,0.0013,0.0001
2026-07-28,Mahabaleshwar,orographic,39.7,7.0,9.5,7.9,7.9,19.57,0.2483,0.0099,0.0015
2026-07-28,Munnar,orographic,29.1,3.3,5.2,3.5,3.5,7.78,0.1433,0.0034,0.0005
2026-07-28,Madikeri,orographic,11.8,5.1,7.4,5.6,5.6,12.96,0.1971,0.0062,0.0009
2026-07-28,Ooty,orographic,0.9,0.6,1.5,0.7,0.7,5.13,0.0536,0.0006,0.0001
2026-07-28,Lonavala,orographic,25.6,19.0,22.9,24.8,24.8,31.47,0.4743,0.0461,0.0075
2026-07-28,Wayanad,orographic,7.3,1.7,3.2,1.8,1.8,5.94,0.0913,0.0015,0.0002
2026-07-28,Shimla,orographic,3.1,16.8,20.4,21.7,21.7,9.37,0.4426,0.038,0.0061
2026-07-28,Dehradun,orographic,50.7,30.1,34.8,42.76,42.76,19.71,0.5941,0.0936,0.0161
2026-07-28,Srinagar,orographic,5.0,3.0,4.8,3.2,3.2,3.14,0.1338,0.003,0.0005
2026-07-28,Gangtok,orographic,11.5,5.3,7.6,5.8,5.8,5.34,0.2027,0.0066,0.001
2026-07-28,Guwahati,orographic,10.9,6.3,8.7,7.1,7.1,8.46,0.2301,0.0084,0.0013
2026-07-28,Cherrapunji,orographic,6.3,19.3,23.1,25.2,25.2,13.75,0.4784,0.0472,0.0077
2026-07-28,Imphal,orographic,3.9,8.2,10.9,9.5,9.5,7.96,0.278,0.0125,0.0019
2026-07-28,Agartala,orographic,9.0,5.0,7.2,5.5,5.5,5.74,0.1942,0.006,0.0009
2026-07-28,Lucknow,normal,2.8,2.3,3.9,4.4,5.3,5.04,0.099,0.0006,0.0001
2026-07-28,Patna,normal,2.2,0.2,0.8,0.8,1.1,2.45,0.035,0.0001,0.0
2026-07-28,Varanasi,normal,14.8,0.8,1.8,1.9,2.56,3.57,0.0535,0.0002,0.0
2026-07-28,Delhi,normal,19.5,0.4,1.2,1.2,1.6,2.79,0.0411,0.0001,0.0
2026-07-28,Kanpur,normal,4.8,2.2,3.8,4.3,5.2,4.3,0.096,0.0006,0.0001
2026-07-28,Ranchi,normal,24.9,10.9,14.0,14.7,15.62,8.84,0.3094,0.0054,0.0007
2026-07-28,Jodhpur,normal,6.3,0.0,0.0,0.0,0.0,0.84,0.0288,0.0001,0.0
2026-07-28,Bikaner,normal,0.4,0.1,0.6,0.6,0.8,0.67,0.0319,0.0001,0.0
2026-07-28,Jaisalmer,normal,0.0,0.0,0.0,0.0,0.0,0.61,0.0288,0.0001,0.0
2026-07-28,Hyderabad,normal,8.0,5.9,8.2,8.7,9.87,6.99,0.1978,0.0021,0.0003
2026-07-28,Bengaluru,normal,1.9,0.0,0.0,0.0,0.0,1.41,0.0288,0.0001,0.0
2026-07-28,Pune,normal,5.0,0.7,1.62,1.8,2.41,3.63,0.0504,0.0002,0.0
2026-07-28,Kurnool,normal,4.1,0.0,0.0,0.0,0.0,1.41,0.0288,0.0001,0.0
2026-07-28,Madurai,normal,1.5,0.0,0.0,0.0,0.0,1.41,0.0288,0.0001,0.0
2026-07-29,Nagpur,depression,35.0,53.4,61.7,52.22,52.22,35.79,0.8267,0.1437,0.0122
2026-07-29,Bhopal,depression,23.8,20.7,24.4,7.04,30.1,19.88,0.6352,0.0333,0.0025
2026-07-29,Raipur,depression,56.3,64.4,72.2,59.33,59.33,43.17,0.8537,0.1873,0.0167
2026-07-29,Jabalpur,active,26.1,23.5,27.4,32.87,32.87,17.07,0.6059,0.0232,0.0056
2026-07-29,Akola,depression,6.8,37.6,44.2,27.1,37.03,24.56,0.7661,0.0851,0.0067
2026-07-29,Amravati,active,9.8,17.4,21.0,21.31,21.31,16.13,0.529,0.0143,0.0034
2026-07-29,Aurangabad,active,13.2,7.5,10.1,11.8,11.8,11.01,0.3251,0.0038,0.0009
2026-07-29,Bhubaneswar,active,13.5,0.9,2.0,2.7,1.5,5.09,0.0853,0.0003,0.0001
2026-07-29,Mumbai,coastal,12.1,3.7,5.6,7.9,7.9,8.8,0.1937,0.0014,0.0001
2026-07-29,Thiruvananthapuram,coastal,4.0,7.2,9.7,11.63,11.63,10.63,0.3066,0.0036,0.0003
2026-07-29,Kochi,coastal,12.2,15.8,19.2,21.4,21.4,15.82,0.4925,0.0123,0.001
2026-07-29,Mangaluru,coastal,36.2,16.9,20.5,22.9,22.9,18.86,0.5099,0.0137,0.0011
2026-07-29,Panaji,coastal,20.6,8.3,11.1,13.0,13.0,13.41,0.3367,0.0045,0.0003
2026-07-29,Chennai,coastal,1.5,1.0,2.1,3.16,3.16,4.1,0.086,0.0003,0.0
2026-07-29,Visakhapatnam,coastal,10.7,0.3,1.0,1.9,1.9,4.29,0.0554,0.0002,0.0
2026-07-29,Puri,coastal,1.5,3.6,5.5,7.64,7.64,8.8,0.19,0.0013,0.0001
2026-07-29,Kolkata,coastal,21.2,5.1,7.3,9.7,9.7,10.16,0.2422,0.0022,0.0002
2026-07-29,Surat,coastal,4.1,2.0,3.5,5.2,5.2,5.86,0.128,0.0006,0.0
2026-07-29,Mahabaleshwar,orographic,50.5,7.2,9.7,8.1,8.1,19.64,0.2534,0.0103,0.0016
2026-07-29,Munnar,orographic,53.9,2.8,4.5,3.0,3.0,8.9,0.1275,0.0028,0.0004
2026-07-29,Madikeri,orographic,22.0,6.6,9.0,7.4,7.4,18.48,0.238,0.009,0.0014
2026-07-29,Ooty,orographic,1.1,0.0,0.0,0.0,0.0,2.8,0.0327,0.0003,0.0
2026-07-29,Lonavala,orographic,32.9,13.1,16.1,15.5,15.5,27.73,0.3808,0.0258,0.0041
2026-07-29,Wayanad,orographic,11.2,0.2,0.8,0.3,0.3,4.11,0.0396,0.0004,0.0001
2026-07-29,Shimla,orographic,9.1,8.1,10.8,9.4,9.4,8.12,0.2756,0.0123,0.0019
2026-07-29,Dehradun,orographic,1.3,19.1,23.0,24.9,24.9,13.38,0.4756,0.0464,0.0076
2026-07-29,Srinagar,orographic,1.0,5.5,7.8,6.0,6.0,4.31,0.2083,0.0069,0.0011
2026-07-29,Gangtok,orographic,10.1,7.7,10.3,8.7,8.7,6.32,0.2659,0.0114,0.0018
2026-07-29,Guwahati,orographic,54.2,31.0,35.41,43.61,43.61,16.52,0.6016,0.0978,0.0169
2026-07-29,Cherrapunji,orographic,13.8,14.3,17.6,17.5,17.5,12.47,0.4021,0.0295,0.0047
2026-07-29,Imphal,orographic,8.9,14.6,17.9,18.1,18.1,10.8,0.4073,0.0305,0.0049
2026-07-29,Agartala,orographic,12.7,3.5,5.35,3.6,3.6,5.05,0.1495,0.0037,0.0006
2026-07-29,Lucknow,active,0.3,1.6,3.0,4.2,4.2,4.51,0.1162,0.0005,0.0001
2026-07-29,Patna,active,0.5,0.0,0.0,0.0,0.0,1.11,0.0441,0.0001,0.0
2026-07-29,Varanasi,active,2.2,0.0,0.0,0.0,0.0,1.7,0.0441,0.0001,0.0
2026-07-29,Delhi,active,5.6,2.9,4.6,6.2,6.2,4.48,0.1702,0.001,0.0002
2026-07-29,Kanpur,active,0.1,4.4,6.5,8.6,8.6,5.93,0.2266,0.0018,0.0004
2026-07-29,Ranchi,active,7.7,7.7,10.3,11.83,11.83,8.28,0.3307,0.004,0.0009
2026-07-29,Jodhpur,active,0.2,0.0,0.0,0.0,0.0,0.24,0.0441,0.0001,0.0
2026-07-29,Bikaner,active,0.2,0.0,0.0,0.0,0.0,0.35,0.0441,0.0001,0.0
2026-07-29,Jaisalmer,active,0.0,0.0,0.0,0.0,0.0,0.24,0.0441,0.0001,0.0
2026-07-29,Hyderabad,active,19.3,3.7,5.6,7.14,7.14,7.04,0.201,0.0014,0.0003
2026-07-29,Bengaluru,active,3.3,0.0,0.0,0.0,0.0,1.26,0.0441,0.0001,0.0
2026-07-29,Pune,active,5.3,0.4,1.2,1.6,1.6,3.31,0.0625,0.0002,0.0
2026-07-29,Kurnool,active,8.2,0.0,0.0,0.0,0.0,1.26,0.0441,0.0001,0.0
2026-07-29,Madurai,active,1.6,0.0,0.0,0.0,0.0,1.26,0.0441,0.0001,0.0
2026-07-30,Nagpur,depression,36.1,25.0,29.1,8.76,35.92,22.2,0.6798,0.045,0.0034
2026-07-30,Bhopal,depression,14.3,23.3,27.2,7.5,32.51,19.46,0.6635,0.0402,0.003
2026-07-30,Raipur,active,10.2,2.2,3.8,5.2,5.2,7.24,0.1417,0.0007,0.0002
2026-07-30,Jabalpur,active,1.3,7.6,10.2,11.8,11.8,13.3,0.3279,0.0039,0.0009
2026-07-30,Akola,depression,65.1,77.7,81.8,74.24,74.24,49.19,0.8773,0.2407,0.023
2026-07-30,Amravati,depression,80.2,83.9,86.9,76.7,76.7,33.76,0.886,0.2654,0.0261
2026-07-30,Aurangabad,depression,27.3,48.5,57.5,45.54,45.54,26.55,0.8114,0.1249,0.0103
2026-07-30,Bhubaneswar,active,1.5,0.0,0.0,0.0,0.0,2.38,0.0441,0.0001,0.0
2026-07-30,Mumbai,depression,9.8,27.5,31.86,11.16,39.31,19.74,0.7013,0.0523,0.004
2026-07-30,Thiruvananthapuram,coastal,7.7,4.9,7.1,9.54,9.54,10.6,0.2356,0.0021,0.0002
2026-07-30,Kochi,depression,16.2,27.1,31.6,10.89,38.11,20.77,0.6981,0.0511,0.0039
2026-07-30,Mangaluru,depression,29.0,26.1,30.2,10.08,36.2,21.23,0.6896,0.0481,0.0036
2026-07-30,Panaji,depression,14.7,21.9,25.7,7.19,29.81,19.05,0.6488,0.0365,0.0027
2026-07-30,Chennai,coastal,1.1,0.3,1.0,1.9,1.9,3.62,0.0554,0.0002,0.0
2026-07-30,Visakhapatnam,coastal,1.3,1.0,2.1,3.16,3.16,4.36,0.086,0.0003,0.0
2026-07-30,Puri,coastal,2.9,0.9,2.0,3.0,3.0,5.16,0.0817,0.0003,0.0
2026-07-30,Kolkata,coastal,8.8,7.6,10.2,12.3,12.3,11.99,0.3178,0.0039,0.0003
2026-07-30,Surat,coastal,2.0,1.2,2.4,3.56,3.56,5.08,0.0946,0.0004,0.0
2026-07-30,Mahabaleshwar,orographic,45.9,17.7,21.4,23.1,23.1,27.57,0.456,0.0412,0.0067
2026-07-30,Munnar,orographic,31.4,2.7,4.4,2.9,2.9,8.9,0.1242,0.0026,0.0004
2026-07-30,Madikeri,orographic,23.2,8.3,11.1,9.7,9.7,20.47,0.2804,0.0128,0.002
2026-07-30,Ooty,orographic,0.3,0.3,1.0,0.4,0.4,3.63,0.0431,0.0004,0.0001
2026-07-30,Lonavala,orographic,38.1,33.6,38.8,46.86,46.86,34.53,0.622,0.1104,0.0193
2026-07-30,Wayanad,orographic,8.9,0.9,2.0,1.03,1.03,5.13,0.064,0.0008,0.0001
2026-07-30,Shimla,orographic,9.2,12.4,15.5,14.7,14.7,8.24,0.3677,0.0237,0.0037
2026-07-30,Dehradun,orographic,6.4,24.7,28.6,33.51,33.51,13.09,0.5429,0.0692,0.0116
2026-07-30,Srinagar,orographic,0.3,10.1,13.1,12.0,12.0,7.26,0.3212,0.0172,0.0027
2026-07-30,Gangtok,orographic,11.7,17.7,21.4,23.1,23.1,9.57,0.456,0.0412,0.0067
2026-07-30,Guwahati,orographic,38.1,23.6,27.5,32.4,32.4,16.78,0.531,0.0645,0.0107
2026-07-30,Cherrapunji,orographic,23.5,15.5,18.9,19.1,19.1,12.17,0.4222,0.0335,0.0054
2026-07-30,Imphal,orographic,19.1,26.2,30.3,35.8,35.8,16.66,0.5583,0.0758,0.0128
2026-07-30,Agartala,orographic,14.8,5.8,8.1,6.4,6.4,6.52,0.2166,0.0075,0.0011
2026-07-30,Lucknow,active,1.4,0.0,0.0,0.0,0.0,1.83,0.0441,0.0001,0.0
2026-07-30,Patna,active,8.8,0.0,0.0,0.0,0.0,1.03,0.0441,0.0001,0.0
2026-07-30,Varanasi,active,2.4,0.0,0.0,0.0,0.0,1.03,0.0441,0.0001,0.0
2026-07-30,Delhi,active,10.8,1.4,2.7,4.05,4.05,4.69,0.1075,0.0004,0.0001
2026-07-30,Kanpur,active,0.9,0.0,0.0,0.0,0.0,2.13,0.0441,0.0001,0.0
2026-07-30,Ranchi,active,4.2,3.3,5.2,6.9,6.9,6.49,0.1858,0.0012,0.0003
2026-07-30,Jodhpur,active,0.3,0.4,1.1,1.5,1.5,1.13,0.0625,0.0002,0.0
2026-07-30,Bikaner,active,0.0,1.7,3.1,4.3,4.3,1.68,0.1205,0.0005,0.0001
2026-07-30,Jaisalmer,active,0.0,0.0,0.0,0.0,0.0,0.31,0.0441,0.0001,0.0
2026-07-30,Hyderabad,active,15.1,14.3,17.6,18.42,18.42,10.57,0.4785,0.0104,0.0024
2026-07-30,Bengaluru,active,3.1,0.0,0.0,0.0,0.0,1.4,0.0441,0.0001,0.0
2026-07-30,Pune,active,5.8,11.6,14.8,16.08,16.08,8.61,0.4259,0.0075,0.0017
2026-07-30,Kurnool,active,3.0,0.6,1.5,2.2,2.2,3.12,0.0717,0.0002,0.0
2026-07-30,Madurai,active,0.4,0.0,0.0,0.0,0.0,1.4,0.0441,0.0001,0.0
2026-07-31,Nagpur,active,4.5,3.3,5.2,6.9,6.9,8.62,0.1858,0.0012,0.0003
2026-07-31,Bhopal,active,7.6,4.3,6.3,8.44,8.44,9.95,0.223,0.0017,0.0004
2026-07-31,Raipur,active,1.1,1.9,3.4,4.5,4.5,5.3,0.1291,0.0006,0.0001
2026-07-31,Jabalpur,active,1.2,1.1,2.3,3.16,3.16,5.83,0.0942,0.0003,0.0001
2026-07-31,Akola,depression,47.4,77.1,80.6,72.73,72.73,49.67,0.8764,0.2383,0.0227
2026-07-31,Amravati,active,43.6,13.1,16.1,17.3,2.2,17.33,0.4562,0.0091,0.0021
2026-07-31,Aurangabad,depression,81.8,113.4,112.1,87.84,87.84,48.74,0.9151,0.3764,0.0433
2026-07-31,Bhubaneswar,active,1.7,0.1,0.6,0.8,0.8,2.09,0.0487,0.0001,0.0
2026-07-31,Mumbai,depression,14.7,76.7,80.6,72.73,164.58,40.94,0.8758,0.2367,0.0225
2026-07-31,Thiruvananthapuram,coastal,21.0,5.9,8.2,10.5,10.5,11.22,0.2679,0.0027,0.0002
2026-07-31,Kochi,depression,49.7,41.4,49.3,33.99,33.99,29.77,0.784,0.0985,0.0079
2026-07-31,Mangaluru,depression,85.0,26.6,30.96,10.39,10.39,22.08,0.6939,0.0496,0.0037
2026-07-31,Panaji,depression,76.0,32.9,37.7,18.78,51.21,23.14,0.7396,0.0692,0.0053
2026-07-31,Chennai,coastal,0.8,0.5,1.3,2.2,2.2,3.73,0.0643,0.0002,0.0
2026-07-31,Visakhapatnam,coastal,1.2,0.8,1.8,2.82,2.82,4.4,0.0774,0.0003,0.0
2026-07-31,Puri,coastal,1.7,0.0,0.0,0.0,0.0,2.26,0.0422,0.0001,0.0
2026-07-31,Kolkata,coastal,8.9,0.2,0.8,1.6,1.6,3.83,0.051,0.0001,0.0
2026-07-31,Surat,coastal,130.3,34.7,39.9,54.47,21.43,19.73,0.6892,0.0437,0.0036
2026-07-31,Mahabaleshwar,orographic,93.8,38.7,45.2,55.6,55.6,40.34,0.6567,0.1358,0.0244
2026-07-31,Munnar,orographic,23.9,4.7,6.9,5.1,5.1,11.41,0.1856,0.0055,0.0008
2026-07-31,Madikeri,orographic,35.4,15.0,18.3,18.6,18.6,25.35,0.414,0.0318,0.0051
2026-07-31,Ooty,orographic,3.4,1.3,2.5,1.4,1.4,5.39,0.0777,0.0012,0.0002
2026-07-31,Lonavala,orographic,57.2,99.9,99.7,114.01,114.01,67.54,0.8418,0.4392,0.1137
2026-07-31,Wayanad,orographic,14.3,7.9,10.5,9.0,9.0,13.81,0.2708,0.0118,0.0018
2026-07-31,Shimla,orographic,12.1,8.4,11.2,9.79,9.79,6.88,0.2828,0.013,0.002
2026-07-31,Dehradun,orographic,2.5,21.5,25.3,28.3,28.3,13.38,0.5065,0.0558,0.0092
2026-07-31,Srinagar,orographic,0.5,18.7,22.5,24.17,24.17,11.25,0.4702,0.0449,0.0073
2026-07-31,Gangtok,orographic,17.0,8.6,11.5,10.1,10.1,8.16,0.2875,0.0135,0.0021
2026-07-31,Guwahati,orographic,30.6,7.5,10.1,8.4,8.4,9.63,0.261,0.0109,0.0017
2026-07-31,Cherrapunji,orographic,8.6,8.7,11.53,10.2,10.2,9.24,0.2898,0.0137,0.0021
2026-07-31,Imphal,orographic,7.1,15.7,19.1,19.4,19.4,13.18,0.4254,0.0342,0.0055
2026-07-31,Agartala,orographic,2.2,8.0,10.6,9.2,9.2,8.0,0.2732,0.0121,0.0019
2026-07-31,Lucknow,active,1.6,3.5,5.35,6.94,6.94,4.68,0.1935,0.0013,0.0003
2026-07-31,Patna,active,4.0,1.3,2.5,3.7,3.7,3.11,0.1031,0.0004,0.0001
2026-07-31,Varanasi,active,1.6,6.1,8.4,9.87,9.87,6.4,0.2834,0.0028,0.0006
2026-07-31,Delhi,active,4.9,0.1,0.6,0.8,0.8,2.38,0.0487,0.0001,0.0
2026-07-31,Kanpur,active,2.3,2.2,3.8,5.2,5.2,3.83,0.1417,0.0007,0.0002
2026-07-31,Ranchi,active,5.1,9.3,12.2,13.57,13.57,7.63,0.3729,0.0053,0.0012
2026-07-31,Jodhpur,active,1.1,0.5,1.3,1.86,1.86,1.44,0.0671,0.0002,0.0
2026-07-31,Bikaner,active,0.2,0.0,0.0,0.0,0.0,0.78,0.0441,0.0001,0.0
2026-07-31,Jaisalmer,active,1.0,0.5,1.3,1.86,1.86,1.14,0.0671,0.0002,0.0
2026-07-31,Hyderabad,active,2.7,1.5,2.8,4.1,4.1,5.86,0.1119,0.0005,0.0001
2026-07-31,Bengaluru,active,2.6,0.0,0.0,0.0,0.0,1.26,0.0441,0.0001,0.0
2026-07-31,Pune,active,17.3,11.9,15.0,16.44,16.44,10.27,0.4322,0.0078,0.0018
2026-07-31,Kurnool,active,4.6,0.0,0.0,0.0,0.0,2.08,0.0441,0.0001,0.0
2026-07-31,Madurai,active,7.0,0.0,0.0,0.0,0.0,1.26,0.0441,0.0001,0.0
2026-08-01,Nagpur,normal,2.7,1.0,2.1,2.3,2.3,2.89,0.0596,0.0002,0.0
2026-08-01,Bhopal,normal,4.1,1.9,3.4,3.7,3.7,3.32,0.087,0.0005,0.0001
2026-08-01,Raipur,normal,1.3,2.7,4.4,5.0,5.0,3.52,0.1107,0.0007,0.0001
2026-08-01,Jabalpur,normal,0.7,2.2,3.8,4.3,4.3,2.97,0.096,0.0006,0.0001
2026-08-01,Akola,normal,5.5,0.6,1.4,1.5,1.5,3.57,0.0473,0.0002,0.0
2026-08-01,Amravati,normal,3.7,1.6,3.0,3.3,3.3,3.33,0.078,0.0004,0.0
2026-08-01,Aurangabad,normal,6.7,0.1,0.6,0.6,0.6,2.4,0.0319,0.0001,0.0
2026-08-01,Bhubaneswar,normal,12.0,14.3,17.6,18.8,18.8,6.93,0.3712,0.0082,0.0011
2026-08-01,Mumbai,coastal,9.0,15.7,19.1,21.3,21.3,15.46,0.4909,0.0122,0.001
2026-08-01,Thiruvananthapuram,coastal,37.1,6.4,8.8,10.9,1.5,10.15,0.2832,0.003,0.0002
2026-08-01,Kochi,coastal,92.1,26.5,30.8,37.21,10.3,19.4,0.6249,0.0283,0.0023
2026-08-01,Mangaluru,depression,79.3,40.1,47.11,31.7,31.7,24.69,0.7782,0.0939,0.0075
2026-08-01,Panaji,coastal,44.7,29.3,34.01,44.26,44.26,17.17,0.6495,0.0333,0.0027
2026-08-01,Chennai,coastal,8.2,0.0,0.0,0.0,0.0,1.96,0.0422,0.0001,0.0
2026-08-01,Visakhapatnam,coastal,4.8,0.1,0.6,1.2,1.2,2.54,0.0466,0.0001,0.0
2026-08-01,Puri,coastal,2.2,0.3,1.0,1.9,1.9,2.5,0.0554,0.0002,0.0
2026-08-01,Kolkata,coastal,20.9,2.0,3.5,5.2,5.2,4.38,0.128,0.0006,0.0
2026-08-01,Surat,coastal,42.0,10.3,13.3,15.4,1.5,11.6,0.3859,0.0063,0.0005
2026-08-01,Mahabaleshwar,orographic,59.2,25.2,29.3,34.51,34.51,19.69,0.5481,0.0714,0.012
2026-08-01,Munnar,orographic,140.8,4.1,6.2,4.4,4.4,7.49,0.1678,0.0046,0.0007
2026-08-01,Madikeri,orographic,35.6,5.6,7.9,6.2,6.2,10.05,0.2111,0.0071,0.0011
2026-08-01,Ooty,orographic,30.3,2.2,3.8,2.3,2.3,4.43,0.1079,0.0021,0.0003
2026-08-01,Lonavala,orographic,46.6,34.5,39.7,48.11,48.11,26.93,0.6286,0.1148,0.0202
2026-08-01,Wayanad,orographic,35.0,3.9,5.9,4.1,4.1,7.79,0.1618,0.0043,0.0006
2026-08-01,Shimla,orographic,10.8,10.5,13.6,12.5,12.5,5.92,0.3297,0.0183,0.0029
2026-08-01,Dehradun,orographic,9.7,17.0,20.7,22.2,22.2,8.36,0.4456,0.0387,0.0062
2026-08-01,Srinagar,orographic,3.7,4.6,6.7,4.9,4.9,4.67,0.1826,0.0054,0.0008
2026-08-01,Gangtok,orographic,29.9,9.6,12.6,11.3,11.3,5.78,0.3102,0.0159,0.0025
2026-08-01,Guwahati,orographic,17.9,21.7,25.46,28.6,28.6,9.71,0.509,0.0566,0.0093
2026-08-01,Cherrapunji,orographic,10.3,7.5,10.1,8.4,8.4,5.64,0.261,0.0109,0.0017
2026-08-01,Imphal,orographic,4.8,7.0,9.5,7.9,7.9,6.2,0.2483,0.0099,0.0015
2026-08-01,Agartala,orographic,6.0,7.1,9.6,8.0,8.0,5.64,0.2509,0.0101,0.0015
2026-08-01,Lucknow,normal,6.1,0.8,1.8,1.9,1.9,3.9,0.0535,0.0002,0.0
2026-08-01,Patna,normal,4.3,4.9,7.1,7.6,7.6,5.99,0.1719,0.0016,0.0002
2026-08-01,Varanasi,normal,5.4,0.7,1.62,1.8,1.8,4.25,0.0504,0.0002,0.0
2026-08-01,Delhi,normal,5.5,5.0,7.2,7.8,7.8,5.47,0.1746,0.0017,0.0002
2026-08-01,Kanpur,normal,1.6,2.3,4.0,4.5,4.5,4.52,0.099,0.0006,0.0001
2026-08-01,Ranchi,normal,7.7,15.1,18.4,19.5,19.5,9.83,0.3843,0.009,0.0012
2026-08-01,Jodhpur,normal,4.5,0.4,1.2,1.2,1.2,1.24,0.0411,0.0001,0.0
2026-08-01,Bikaner,normal,7.9,0.3,1.0,1.0,1.0,0.79,0.038,0.0001,0.0
2026-08-01,Jaisalmer,normal,1.2,0.5,1.3,1.4,1.4,1.34,0.0442,0.0002,0.0
2026-08-01,Hyderabad,normal,2.0,0.0,0.0,0.0,0.0,1.53,0.0288,0.0001,0.0
2026-08-01,Bengaluru,normal,17.0,0.0,0.0,0.0,0.0,0.79,0.0288,0.0001,0.0
2026-08-01,Pune,normal,4.6,3.1,4.9,5.5,5.5,4.25,0.1223,0.0009,0.0001
2026-08-01,Kurnool,normal,0.3,0.0,0.0,0.0,0.0,0.79,0.0288,0.0001,0.0
2026-08-01,Madurai,normal,8.1,5.4,7.7,8.2,8.2,4.17,0.185,0.0018,0.0002
2026-08-02,Nagpur,normal,0.8,0.3,1.0,1.0,0.8,2.19,0.038,0.0001,0.0
2026-08-02,Bhopal,normal,2.2,1.2,2.4,2.7,2.0,2.95,0.0658,0.0003,0.0
2026-08-02,Raipur,normal,1.2,0.5,1.3,1.4,1.0,2.75,0.0442,0.0002,0.0
2026-08-02,Jabalpur,normal,1.2,3.8,5.7,6.4,6.38,4.3,0.1421,0.0011,0.0001
2026-08-02,Akola,normal,2.3,5.7,8.0,8.5,8.12,5.56,0.1927,0.002,0.0003
2026-08-02,Amravati,normal,0.9,1.7,3.1,3.4,2.74,2.99,0.081,0.0004,0.0001
2026-08-02,Aurangabad,normal,3.6,1.0,2.1,2.3,1.5,2.31,0.0596,0.0002,0.0
2026-08-02,Bhubaneswar,normal,14.4,1.7,3.2,3.5,2.8,3.79,0.081,0.0004,0.0001
2026-08-02,Mumbai,coastal,25.3,18.0,21.7,23.91,23.91,14.47,0.5262,0.0152,0.0012
2026-08-02,Thiruvananthapuram,coastal,19.7,0.0,0.0,0.0,0.0,2.64,0.0422,0.0001,0.0
2026-08-02,Kochi,coastal,40.4,2.7,4.4,6.3,1.5,6.45,0.156,0.0009,0.0001
2026-08-02,Mangaluru,coastal,42.4,30.5,35.26,48.3,48.3,22.7,0.6591,0.0355,0.0029
2026-08-02,Panaji,coastal,49.2,18.5,22.26,24.4,24.4,16.47,0.5333,0.0159,0.0013
2026-08-02,Chennai,coastal,6.2,0.0,0.0,0.0,0.0,1.58,0.0422,0.0001,0.0
2026-08-02,Visakhapatnam,coastal,8.9,0.0,0.0,0.0,0.0,1.61,0.0422,0.0001,0.0
2026-08-02,Puri,coastal,24.9,1.7,3.1,4.7,4.7,4.33,0.1157,0.0005,0.0
2026-08-02,Kolkata,coastal,23.4,3.6,5.5,7.64,7.64,7.08,0.19,0.0013,0.0001
2026-08-02,Surat,coastal,12.5,6.9,9.4,11.4,11.4,10.55,0.2979,0.0034,0.0003
2026-08-02,Mahabaleshwar,orographic,34.3,6.2,8.5,6.9,6.9,10.21,0.2274,0.0082,0.0013
2026-08-02,Munnar,orographic,52.7,1.5,2.8,1.6,1.6,4.68,0.0845,0.0013,0.0002
2026-08-02,Madikeri,orographic,22.5,3.4,5.2,3.57,3.57,6.9,0.1464,0.0035,0.0005
2026-08-02,Ooty,orographic,4.5,5.6,7.9,6.2,6.2,7.77,0.2111,0.0071,0.0011
2026-08-02,Lonavala,orographic,40.8,19.6,23.3,25.66,25.66,17.2,0.4824,0.0483,0.0079
2026-08-02,Wayanad,orographic,6.5,0.5,1.3,0.6,0.6,3.88,0.0501,0.0006,0.0001
2026-08-02,Shimla,orographic,5.8,9.9,12.8,11.5,11.5,5.79,0.3168,0.0167,0.0026
2026-08-02,Dehradun,orographic,13.4,35.1,40.5,49.25,49.25,12.91,0.6329,0.1177,0.0208
2026-08-02,Srinagar,orographic,6.6,18.2,22.0,23.6,23.6,9.01,0.4631,0.0431,0.007
2026-08-02,Gangtok,orographic,12.5,7.9,10.5,9.0,9.0,5.57,0.2708,0.0118,0.0018
2026-08-02,Guwahati,orographic,16.0,13.7,17.0,16.6,16.6,8.45,0.3916,0.0276,0.0044
2026-08-02,Cherrapunji,orographic,10.9,34.7,39.9,48.32,48.32,13.06,0.63,0.1158,0.0204
2026-08-02,Imphal,orographic,1.4,10.0,12.9,11.8,11.8,6.15,0.319,0.017,0.0026
2026-08-02,Agartala,orographic,9.2,0.8,1.8,0.9,0.9,3.13,0.0605,0.0008,0.0001
2026-08-02,Lucknow,normal,11.3,2.6,4.3,4.9,4.3,4.49,0.1078,0.0007,0.0001
2026-08-02,Patna,normal,4.0,0.1,0.6,0.6,0.5,2.61,0.0319,0.0001,0.0
2026-08-02,Varanasi,normal,5.6,7.5,10.1,10.7,11.07,6.95,0.2366,0.003,0.0004
2026-08-02,Delhi,normal,4.8,0.5,1.3,1.4,1.0,3.8,0.0442,0.0002,0.0
2026-08-02,Kanpur,normal,1.3,0.0,0.0,0.0,0.0,1.81,0.0288,0.0001,0.0
2026-08-02,Ranchi,normal,5.9,21.5,25.3,25.7,24.24,12.94,0.4739,0.0159,0.0022
2026-08-02,Jodhpur,normal,22.4,34.2,39.1,41.7,31.81,12.61,0.5954,0.0337,0.0047
2026-08-02,Bikaner,normal,5.5,0.0,0.0,0.0,0.0,0.57,0.0288,0.0001,0.0
2026-08-02,Jaisalmer,normal,8.0,6.0,8.3,8.8,8.22,4.47,0.2003,0.0022,0.0003
2026-08-02,Hyderabad,normal,1.3,0.0,0.0,0.0,0.0,0.81,0.0288,0.0001,0.0
2026-08-02,Bengaluru,normal,1.1,0.0,0.0,0.0,0.0,0.81,0.0288,0.0001,0.0
2026-08-02,Pune,normal,2.6,1.2,2.4,2.7,2.0,3.25,0.0658,0.0003,0.0
2026-08-02,Kurnool,normal,10.0,0.0,0.0,0.0,0.0,0.81,0.0288,0.0001,0.0
2026-08-02,Madurai,normal,0.9,0.0,0.0,0.0,0.0,1.91,0.0288,0.0001,0.0
2026-08-03,Nagpur,normal,0.2,0.4,1.2,1.2,1.2,2.09,0.0411,0.0001,0.0
2026-08-03,Bhopal,normal,3.9,0.8,1.8,1.9,1.9,2.76,0.0535,0.0002,0.0
2026-08-03,Raipur,normal,4.1,0.1,0.6,0.6,0.6,1.58,0.0319,0.0001,0.0
2026-08-03,Jabalpur,normal,1.4,8.6,11.5,12.2,12.2,6.47,0.2615,0.0037,0.0005
2026-08-03,Akola,normal,2.9,0.7,1.62,1.8,1.8,3.36,0.0504,0.0002,0.0
2026-08-03,Amravati,normal,1.3,0.3,1.0,1.0,1.0,2.23,0.038,0.0001,0.0
2026-08-03,Aurangabad,normal,12.4,1.9,3.4,3.7,3.7,3.11,0.087,0.0005,0.0001
2026-08-03,Bhubaneswar,normal,30.0,2.4,4.1,4.6,4.6,3.68,0.1019,0.0006,0.0001
2026-08-03,Mumbai,coastal,18.7,5.0,7.2,9.6,9.6,9.2,0.2389,0.0021,0.0002
2026-08-03,Thiruvananthapuram,coastal,12.9,5.9,8.2,10.5,10.5,8.99,0.2679,0.0027,0.0002
2026-08-03,Kochi,coastal,37.3,21.7,25.46,29.51,29.51,15.64,0.5745,0.0205,0.0016
2026-08-03,Mangaluru,coastal,16.0,15.3,18.7,20.36,20.36,14.45,0.4842,0.0117,0.0009
2026-08-03,Panaji,coastal,23.9,12.9,16.0,17.47,17.47,12.85,0.4409,0.0089,0.0007
2026-08-03,Chennai,coastal,5.4,0.1,0.6,1.2,1.2,2.11,0.0466,0.0001,0.0
2026-08-03,Visakhapatnam,coastal,6.9,0.1,0.6,1.2,1.2,2.11,0.0466,0.0001,0.0
2026-08-03,Puri,coastal,26.1,1.0,2.1,3.16,1.5,4.25,0.086,0.0003,0.0
2026-08-03,Kolkata,coastal,16.9,2.8,4.5,6.45,6.45,6.37,0.1598,0.001,0.0001
2026-08-03,Surat,coastal,3.5,2.3,4.0,5.8,5.8,6.55,0.1401,0.0008,0.0001
2026-08-03,Mahabaleshwar,orographic,34.6,6.2,8.5,6.9,6.9,10.3,0.2274,0.0082,0.0013
2026-08-03,Munnar,orographic,36.6,2.0,3.5,2.1,2.1,4.46,0.1013,0.0018,0.0003
2026-08-03,Madikeri,orographic,10.2,5.2,7.5,5.6,5.6,8.26,0.1999,0.0064,0.001
2026-08-03,Ooty,orographic,5.4,1.3,2.5,1.4,1.4,4.87,0.0777,0.0012,0.0002
2026-08-03,Lonavala,orographic,32.7,18.1,21.8,23.4,23.4,15.06,0.4617,0.0427,0.0069
2026-08-03,Wayanad,orographic,8.4,0.5,1.3,0.6,0.6,3.09,0.0501,0.0006,0.0001
2026-08-03,Shimla,orographic,8.2,12.9,16.0,15.2,15.2,6.79,0.3771,0.0252,0.004
2026-08-03,Dehradun,orographic,11.2,18.1,21.8,23.4,23.4,9.8,0.4617,0.0427,0.0069
2026-08-03,Srinagar,orographic,4.9,16.4,19.7,20.9,20.9,8.1,0.4364,0.0366,0.0059
2026-08-03,Gangtok,orographic,13.5,5.7,8.0,6.3,6.3,5.1,0.2138,0.0073,0.0011
2026-08-03,Guwahati,orographic,35.6,36.6,43.0,51.96,51.96,14.09,0.6432,0.1252,0.0223
2026-08-03,Cherrapunji,orographic,13.3,25.2,29.3,34.51,34.51,11.45,0.5481,0.0714,0.012
2026-08-03,Imphal,orographic,7.0,10.8,13.9,12.9,12.9,6.32,0.336,0.0191,0.003
2026-08-03,Agartala,orographic,21.8,2.9,4.6,3.1,3.1,2.75,0.1307,0.0029,0.0004
2026-08-03,Lucknow,normal,12.7,26.6,30.96,31.7,31.7,12.76,0.5298,0.0224,0.0031
2026-08-03,Patna,normal,7.1,7.3,9.8,10.4,10.4,6.77,0.2319,0.0029,0.0004
2026-08-03,Varanasi,normal,0.9,2.5,4.2,4.8,4.8,5.24,0.1049,0.0007,0.0001
2026-08-03,Delhi,normal,14.3,3.4,5.2,5.9,5.9,4.58,0.1308,0.001,0.0001
2026-08-03,Kanpur,normal,16.9,3.4,5.2,5.9,5.9,4.34,0.1308,0.001,0.0001
2026-08-03,Ranchi,normal,5.4,10.5,13.6,14.1,14.1,8.85,0.3015,0.0051,0.0007
2026-08-03,Jodhpur,normal,10.3,21.6,25.3,25.8,25.8,12.07,0.4751,0.016,0.0022
2026-08-03,Bikaner,normal,16.0,8.6,11.5,12.2,12.2,5.39,0.2615,0.0037,0.0005
2026-08-03,Jaisalmer,normal,1.3,0.5,1.3,1.4,1.4,2.39,0.0442,0.0002,0.0
2026-08-03,Hyderabad,normal,2.7,0.0,0.0,0.0,0.0,0.81,0.0288,0.0001,0.0
2026-08-03,Bengaluru,normal,8.9,1.2,2.4,2.6,2.6,2.16,0.0658,0.0003,0.0
2026-08-03,Pune,normal,11.4,0.9,2.0,2.2,2.2,2.76,0.0566,0.0002,0.0
2026-08-03,Kurnool,normal,17.5,0.3,1.0,1.0,1.0,1.45,0.038,0.0001,0.0
2026-08-03,Madurai,normal,0.2,0.0,0.0,0.0,0.0,0.81,0.0288,0.0001,0.0
2026-08-04,Nagpur,normal,0.6,15.1,18.4,19.5,20.12,7.29,0.3843,0.009,0.0012
2026-08-04,Bhopal,normal,3.7,4.1,6.2,6.8,6.7,4.59,0.1504,0.0013,0.0002
2026-08-04,Raipur,normal,10.1,7.0,9.5,10.0,9.74,5.95,0.2248,0.0027,0.0004
2026-08-04,Jabalpur,normal,2.7,9.0,12.0,12.62,14.21,7.0,0.2702,0.004,0.0005
2026-08-04,Akola,normal,1.2,0.2,0.8,0.8,0.62,1.94,0.035,0.0001,0.0
2026-08-04,Amravati,normal,0.7,0.1,0.6,0.6,0.5,1.55,0.0319,0.0001,0.0
2026-08-04,Aurangabad,normal,1.9,0.2,0.8,0.8,0.62,1.97,0.035,0.0001,0.0
2026-08-04,Bhubaneswar,normal,3.2,1.1,2.3,2.4,1.7,3.2,0.0627,0.0003,0.0
2026-08-04,Mumbai,coastal,13.8,3.0,4.8,6.9,6.9,6.34,0.1675,0.0011,0.0001
2026-08-04,Thiruvananthapuram,coastal,8.4,0.1,0.6,1.2,1.2,3.03,0.0466,0.0001,0.0
2026-08-04,Kochi,coastal,16.0,18.3,22.1,24.2,24.2,15.26,0.5305,0.0156,0.0012
2026-08-04,Mangaluru,coastal,50.0,17.6,21.3,23.42,23.42,14.12,0.5204,0.0147,0.0012
2026-08-04,Panaji,coastal,39.4,8.8,11.7,13.8,13.8,10.57,0.3496,0.0049,0.0004
2026-08-04,Chennai,coastal,6.2,0.4,1.2,2.1,2.1,3.1,0.0599,0.0002,0.0
2026-08-04,Visakhapatnam,coastal,17.8,0.8,1.7,2.8,2.8,3.56,0.0774,0.0003,0.0
2026-08-04,Puri,coastal,12.8,0.1,0.6,1.2,1.2,2.56,0.0466,0.0001,0.0
2026-08-04,Kolkata,coastal,11.2,2.9,4.6,6.7,6.7,6.19,0.1637,0.001,0.0001
2026-08-04,Surat,coastal,6.6,1.4,2.7,4.1,4.1,4.85,0.1031,0.0004,0.0
2026-08-04,Mahabaleshwar,orographic,32.3,7.6,10.2,8.6,8.6,11.1,0.2634,0.0112,0.0017
2026-08-04,Munnar,orographic,28.1,2.5,4.2,2.8,2.8,5.31,0.1178,0.0024,0.0004
2026-08-04,Madikeri,orographic,21.8,6.3,8.6,7.0,7.0,10.12,0.2301,0.0084,0.0013
2026-08-04,Ooty,orographic,20.4,3.8,5.7,4.0,4.0,6.34,0.1588,0.0041,0.0006
2026-08-04,Lonavala,orographic,25.3,9.8,12.7,11.5,11.5,11.56,0.3146,0.0164,0.0026
2026-08-04,Wayanad,orographic,41.5,1.3,2.5,1.4,1.4,3.68,0.0777,0.0012,0.0002
2026-08-04,Shimla,orographic,9.4,12.6,15.7,14.9,14.9,6.74,0.3715,0.0242,0.0038
2026-08-04,Dehradun,orographic,10.7,29.3,34.01,41.5,41.5,11.71,0.5872,0.0898,0.0154
2026-08-04,Srinagar,orographic,3.1,14.6,17.9,18.1,18.1,8.09,0.4073,0.0305,0.0049
2026-08-04,Gangtok,orographic,5.5,18.4,22.2,23.8,23.8,9.69,0.466,0.0438,0.0071
2026-08-04,Guwahati,orographic,47.0,23.9,27.9,32.71,32.71,13.66,0.5343,0.0658,0.0109
2026-08-04,Cherrapunji,orographic,13.5,23.3,27.2,31.9,31.9,11.39,0.5276,0.0632,0.0105
2026-08-04,Imphal,orographic,14.8,13.4,16.5,16.0,16.0,7.76,0.3863,0.0267,0.0042
2026-08-04,Agartala,orographic,8.6,6.5,8.9,7.3,7.3,4.79,0.2354,0.0088,0.0014
2026-08-04,Lucknow,normal,14.7,30.9,35.4,37.85,28.82,16.35,0.5691,0.0286,0.004
2026-08-04,Patna,normal,14.1,9.5,12.4,13.1,14.33,7.96,0.2809,0.0043,0.0006
2026-08-04,Varanasi,normal,8.2,13.9,17.2,18.4,18.63,9.17,0.3644,0.0079,0.0011
2026-08-04,Delhi,normal,13.6,5.3,7.6,8.2,7.92,6.29,0.1824,0.0018,0.0002
2026-08-04,Kanpur,normal,10.4,11.1,14.2,15.0,16.08,7.81,0.3133,0.0055,0.0007
2026-08-04,Ranchi,normal,11.5,18.5,22.26,23.2,21.71,12.19,0.435,0.0124,0.0017
2026-08-04,Jodhpur,normal,2.2,0.0,0.0,0.0,0.0,1.39,0.0288,0.0001,0.0
2026-08-04,Bikaner,normal,14.2,0.0,0.0,0.0,0.0,1.24,0.0288,0.0001,0.0
2026-08-04,Jaisalmer,normal,0.0,0.0,0.0,0.0,0.0,0.58,0.0288,0.0001,0.0
2026-08-04,Hyderabad,normal,9.0,0.0,0.0,0.0,0.0,0.83,0.0288,0.0001,0.0
2026-08-04,Bengaluru,normal,18.5,2.0,3.5,3.85,3.44,3.18,0.09,0.0005,0.0001
2026-08-04,Pune,normal,2.1,0.2,0.8,0.8,0.62,2.0,0.035,0.0001,0.0
2026-08-04,Kurnool,normal,1.4,0.5,1.3,1.4,1.0,2.25,0.0442,0.0002,0.0
2026-08-04,Madurai,normal,20.4,0.3,1.0,1.0,0.8,1.49,0.038,0.0001,0.0
2026-08-05,Nagpur,normal,0.2,7.0,9.5,10.0,10.0,7.61,0.2248,0.0027,0.0004
2026-08-05,Bhopal,normal,2.5,7.9,10.5,11.4,11.4,6.67,0.2458,0.0033,0.0004
2026-08-05,Raipur,normal,10.0,11.3,14.5,15.1,15.1,7.66,0.3172,0.0057,0.0008
2026-08-05,Jabalpur,normal,5.9,18.2,22.0,22.9,22.9,10.77,0.4309,0.0121,0.0016
2026-08-05,Akola,normal,4.3,0.1,0.6,0.6,0.6,1.34,0.0319,0.0001,0.0
2026-08-05,Amravati,normal,0.4,0.3,1.0,1.0,1.0,1.74,0.038,0.0001,0.0
2026-08-05,Aurangabad,normal,3.9,0.4,1.2,1.2,1.2,2.02,0.0411,0.0001,0.0
2026-08-05,Bhubaneswar,normal,12.7,10.7,13.8,14.5,14.5,6.74,0.3055,0.0052,0.0007
2026-08-05,Mumbai,coastal,15.1,3.5,5.35,7.5,7.5,6.32,0.1863,0.0013,0.0001
2026-08-05,Thiruvananthapuram,coastal,8.5,0.0,0.0,0.0,0.0,1.39,0.0422,0.0001,0.0
2026-08-05,Kochi,coastal,8.3,5.2,7.5,9.84,9.84,8.64,0.2455,0.0022,0.0002
2026-08-05,Mangaluru,coastal,14.8,19.4,23.2,25.7,25.7,15.25,0.5456,0.0171,0.0014
2026-08-05,Panaji,coastal,32.1,14.0,17.3,18.7,18.7,13.35,0.4615,0.0102,0.0008
2026-08-05,Chennai,coastal,6.7,0.1,0.6,1.2,1.2,2.11,0.0466,0.0001,0.0
2026-08-05,Visakhapatnam,coastal,1.8,0.2,0.8,1.6,1.6,2.68,0.051,0.0001,0.0
2026-08-05,Puri,coastal,11.1,3.7,5.6,7.9,1.5,6.02,0.1937,0.0014,0.0001
2026-08-05,Kolkata,coastal,25.3,50.0,59.3,100.1,100.1,26.88,0.7663,0.0779,0.0067
2026-08-05,Surat,coastal,5.4,0.9,2.0,3.0,3.0,3.93,0.0817,0.0003,0.0
2026-08-05,Mahabaleshwar,orographic,39.1,5.5,7.8,6.0,6.0,8.68,0.2083,0.0069,0.0011
2026-08-05,Munnar,orographic,8.3,1.7,3.2,1.8,1.8,4.72,0.0913,0.0015,0.0002
2026-08-05,Madikeri,orographic,13.2,4.2,6.2,4.5,4.5,7.91,0.1708,0.0047,0.0007
2026-08-05,Ooty,orographic,4.9,2.5,4.2,2.8,2.8,5.64,0.1178,0.0024,0.0004
2026-08-05,Lonavala,orographic,30.8,11.4,14.6,13.8,13.8,12.06,0.3482,0.0208,0.0033
2026-08-05,Wayanad,orographic,3.6,0.9,2.0,1.03,1.03,3.57,0.064,0.0008,0.0001
2026-08-05,Shimla,orographic,4.9,10.2,13.2,12.1,12.1,6.07,0.3233,0.0175,0.0027
2026-08-05,Dehradun,orographic,14.8,14.4,17.7,17.7,17.7,8.68,0.4038,0.0299,0.0048
2026-08-05,Srinagar,orographic,0.0,8.1,10.8,9.4,9.4,6.23,0.2756,0.0123,0.0019
2026-08-05,Gangtok,orographic,37.1,5.8,8.1,6.4,6.4,5.65,0.2166,0.0075,0.0011
2026-08-05,Guwahati,orographic,20.1,19.0,22.9,24.8,24.8,11.46,0.4743,0.0461,0.0075
2026-08-05,Cherrapunji,orographic,57.2,139.3,127.4,145.3,145.3,25.63,0.8842,0.5801,0.1859
2026-08-05,Imphal,orographic,24.9,21.5,25.3,28.3,28.3,10.63,0.5065,0.0558,0.0092
2026-08-05,Agartala,orographic,47.4,34.5,39.7,48.11,48.11,13.12,0.6286,0.1148,0.0202
2026-08-05,Lucknow,normal,29.1,19.2,23.1,23.87,23.87,13.35,0.4446,0.0132,0.0018
2026-08-05,Patna,normal,36.8,10.9,14.0,14.7,14.7,8.19,0.3094,0.0054,0.0007
2026-08-05,Varanasi,normal,14.0,29.7,34.4,36.9,36.9,14.3,0.5588,0.0268,0.0037
2026-08-05,Delhi,normal,1.9,8.0,10.6,11.5,11.5,7.58,0.2481,0.0033,0.0004
2026-08-05,Kanpur,normal,18.9,20.6,24.3,25.11,25.11,11.89,0.4628,0.0148,0.002
2026-08-05,Ranchi,normal,23.0,18.3,22.1,23.01,23.01,12.77,0.4323,0.0122,0.0017
2026-08-05,Jodhpur,normal,0.0,0.0,0.0,0.0,0.0,0.17,0.0288,0.0001,0.0
2026-08-05,Bikaner,normal,0.1,0.0,0.0,0.0,0.0,0.17,0.0288,0.0001,0.0
2026-08-05,Jaisalmer,normal,0.0,0.0,0.0,0.0,0.0,0.17,0.0288,0.0001,0.0
2026-08-05,Hyderabad,normal,4.5,0.0,0.0,0.0,0.0,0.73,0.0288,0.0001,0.0
2026-08-05,Bengaluru,normal,9.5,0.4,1.2,1.2,1.2,2.33,0.0411,0.0001,0.0
2026-08-05,Pune,normal,5.9,0.7,1.62,1.8,1.8,2.27,0.0504,0.0002,0.0
2026-08-05,Kurnool,normal,2.6,0.0,0.0,0.0,0.0,1.22,0.0288,0.0001,0.0
2026-08-05,Madurai,normal,0.3,2.9,4.6,5.3,5.3,3.13,0.1165,0.0008,0.0001
2026-08-06,Nagpur,normal,1.3,11.9,15.0,15.86,15.86,8.04,0.3286,0.0061,0.0008
2026-08-06,Bhopal,normal,1.8,11.6,14.8,15.5,15.5,8.04,0.323,0.0059,0.0008
2026-08-06,Raipur,normal,6.1,8.7,11.53,12.3,12.3,7.35,0.2637,0.0038,0.0005
2026-08-06,Jabalpur,normal,2.7,10.0,12.9,13.5,13.5,8.05,0.2913,0.0047,0.0006
2026-08-06,Akola,normal,3.0,2.1,3.6,4.0,4.0,2.87,0.093,0.0005,0.0001
2026-08-06,Amravati,normal,1.3,0.4,1.2,1.2,1.2,2.14,0.0411,0.0001,0.0
2026-08-06,Aurangabad,normal,2.2,1.7,3.1,3.4,3.4,2.8,0.081,0.0004,0.0001
2026-08-06,Bhubaneswar,normal,46.3,13.0,16.0,17.1,2.2,8.47,0.3487,0.0071,0.0009
2026-08-06,Mumbai,coastal,10.4,2.5,4.2,6.0,6.0,5.93,0.1481,0.0008,0.0001
2026-08-06,Thiruvananthapuram,coastal,12.2,0.6,1.5,2.5,2.5,3.27,0.0686,0.0002,0.0
2026-08-06,Kochi,coastal,34.5,14.1,17.4,18.8,18.8,13.3,0.4633,0.0103,0.0008
2026-08-06,Mangaluru,coastal,19.6,21.3,25.0,28.91,28.91,15.28,0.5697,0.0199,0.0016
2026-08-06,Panaji,coastal,26.6,16.7,20.2,22.36,22.36,14.08,0.5068,0.0135,0.0011
2026-08-06,Chennai,coastal,4.3,0.0,0.0,0.0,0.0,1.39,0.0422,0.0001,0.0
2026-08-06,Visakhapatnam,coastal,18.6,1.6,3.0,4.6,4.6,3.78,0.1115,0.0005,0.0
2026-08-06,Puri,coastal,61.9,20.9,24.6,28.1,7.1,15.19,0.5648,0.0193,0.0015
2026-08-06,Kolkata,coastal,3.9,16.2,19.5,21.8,21.8,14.79,0.499,0.0128,0.001
2026-08-06,Surat,coastal,2.5,0.4,1.2,2.1,2.1,3.33,0.0599,0.0002,0.0
2026-08-06,Mahabaleshwar,orographic,43.6,6.6,9.0,7.5,7.5,11.23,0.238,0.009,0.0014
2026-08-06,Munnar,orographic,24.9,1.9,3.4,2.0,2.0,4.48,0.098,0.0017,0.0003
2026-08-06,Madikeri,orographic,17.5,6.0,8.3,6.7,6.7,9.24,0.222,0.0079,0.0012
2026-08-06,Ooty,orographic,0.6,5.4,7.7,5.9,5.9,7.99,0.2055,0.0067,0.001
2026-08-06,Lonavala,orographic,25.4,13.4,16.5,16.0,16.0,14.17,0.3863,0.0267,0.0042
2026-08-06,Wayanad,orographic,5.5,0.8,1.8,0.9,0.9,3.55,0.0605,0.0008,0.0001
2026-08-06,Shimla,orographic,6.4,9.2,12.2,10.6,10.6,5.88,0.3013,0.0149,0.0023
2026-08-06,Dehradun,orographic,40.3,16.3,19.7,20.6,20.6,8.25,0.4349,0.0362,0.0058
2026-08-06,Srinagar,orographic,11.2,9.2,12.2,10.6,10.6,5.93,0.3013,0.0149,0.0023
2026-08-06,Gangtok,orographic,20.9,4.3,6.3,4.6,4.6,4.16,0.1738,0.0049,0.0007
2026-08-06,Guwahati,orographic,2.0,17.4,21.1,22.8,22.8,9.27,0.4516,0.0401,0.0065
2026-08-06,Cherrapunji,orographic,8.0,25.3,29.4,34.71,34.71,14.1,0.5492,0.0718,0.012
2026-08-06,Imphal,orographic,3.2,11.7,14.9,14.0,14.0,7.71,0.3542,0.0216,0.0034
2026-08-06,Agartala,orographic,24.6,131.2,117.61,134.0,134.0,29.3,0.8773,0.555,0.1707
2026-08-06,Lucknow,normal,30.0,16.4,19.7,20.8,20.8,10.41,0.4046,0.0102,0.0014
2026-08-06,Patna,normal,13.4,7.9,10.5,11.4,11.4,7.48,0.2458,0.0033,0.0004
2026-08-06,Varanasi,normal,9.9,17.8,21.4,22.4,22.4,11.57,0.4252,0.0117,0.0016
2026-08-06,Delhi,normal,12.8,5.8,8.1,8.6,8.6,6.87,0.1952,0.002,0.0003
2026-08-06,Kanpur,normal,18.0,5.9,8.2,8.7,8.7,7.37,0.1978,0.0021,0.0003
2026-08-06,Ranchi,normal,14.6,31.0,35.41,38.0,38.0,15.31,0.57,0.0287,0.004
2026-08-06,Jodhpur,normal,0.0,0.0,0.0,0.0,0.0,0.17,0.0288,0.0001,0.0
2026-08-06,Bikaner,normal,6.1,0.0,0.0,0.0,0.0,0.17,0.0288,0.0001,0.0
2026-08-06,Jaisalmer,normal,0.0,0.0,0.0,0.0,0.0,0.17,0.0288,0.0001,0.0
2026-08-06,Hyderabad,normal,1.8,0.0,0.0,0.0,0.0,0.76,0.0288,0.0001,0.0
2026-08-06,Bengaluru,normal,16.5,0.0,0.0,0.0,0.0,1.25,0.0288,0.0001,0.0
2026-08-06,Pune,normal,8.3,0.4,1.2,1.2,1.2,2.34,0.0411,0.0001,0.0
2026-08-06,Kurnool,normal,3.6,0.0,0.0,0.0,0.0,0.76,0.0288,0.0001,0.0
2026-08-06,Madurai,normal,2.0,1.0,2.1,2.3,2.3,3.02,0.0596,0.0002,0.0
2026-08-07,Nagpur,normal,13.2,6.0,8.3,8.8,8.8,7.42,0.2003,0.0022,0.0003
2026-08-07,Bhopal,normal,5.4,5.9,8.2,8.7,8.7,7.42,0.1978,0.0021,0.0003
2026-08-07,Raipur,normal,11.6,31.2,35.56,38.0,38.0,14.13,0.5716,0.029,0.004
2026-08-07,Jabalpur,normal,20.3,12.8,15.9,16.96,16.96,9.1,0.3452,0.0069,0.0009
2026-08-07,Akola,normal,1.1,1.3,2.5,2.8,2.8,3.79,0.0688,0.0003,0.0
2026-08-07,Amravati,normal,3.3,2.1,3.6,4.0,4.0,3.8,0.093,0.0005,0.0001
2026-08-07,Aurangabad,normal,1.0,0.1,0.6,0.6,0.6,2.24,0.0319,0.0001,0.0
2026-08-07,Bhubaneswar,normal,16.7,12.1,15.2,16.1,1.6,8.95,0.3324,0.0063,0.0008
2026-08-07,Mumbai,coastal,7.2,3.2,5.0,7.2,7.2,6.79,0.1751,0.0011,0.0001
2026-08-07,Thiruvananthapuram,coastal,11.8,0.6,1.4,2.4,2.4,4.15,0.0686,0.0002,0.0
2026-08-07,Kochi,coastal,24.0,23.4,27.3,32.26,32.26,15.77,0.5937,0.0232,0.0019
2026-08-07,Mangaluru,coastal,31.0,30.7,35.3,48.3,48.3,18.19,0.6606,0.0359,0.0029
2026-08-07,Panaji,coastal,16.5,12.3,15.4,17.2,17.2,12.99,0.429,0.0083,0.0006
2026-08-07,Chennai,coastal,5.6,0.7,1.6,2.6,2.6,3.63,0.073,0.0002,0.0
2026-08-07,Visakhapatnam,coastal,14.4,1.8,3.3,4.9,4.9,5.05,0.1198,0.0006,0.0
2026-08-07,Puri,depression,16.9,33.4,38.6,19.4,19.4,19.11,0.7427,0.0708,0.0055
2026-08-07,Kolkata,coastal,20.9,7.8,10.4,12.5,12.5,10.51,0.3233,0.0041,0.0003
2026-08-07,Surat,coastal,2.5,0.4,1.2,2.1,2.1,3.4,0.0599,0.0002,0.0
2026-08-07,Mahabaleshwar,orographic,24.1,6.6,9.0,7.4,7.4,12.06,0.238,0.009,0.0014
2026-08-07,Munnar,orographic,38.6,0.9,2.0,1.03,1.03,4.3,0.064,0.0008,0.0001
2026-08-07,Madikeri,orographic,39.2,9.0,12.0,10.5,10.5,12.56,0.2967,0.0144,0.0022
2026-08-07,Ooty,orographic,18.8,1.5,2.8,1.6,1.6,5.47,0.0845,0.0013,0.0002
2026-08-07,Lonavala,orographic,17.1,11.6,14.8,13.93,13.93,14.68,0.3522,0.0213,0.0033
2026-08-07,Wayanad,orographic,30.4,1.9,3.4,2.0,2.0,4.95,0.098,0.0017,0.0003
2026-08-07,Shimla,orographic,4.1,0.5,1.3,0.6,0.6,2.51,0.0501,0.0006,0.0001
2026-08-07,Dehradun,orographic,0.7,2.6,4.3,2.8,2.8,3.75,0.121,0.0025,0.0004
2026-08-07,Srinagar,orographic,0.4,8.1,10.8,9.4,9.4,6.37,0.2756,0.0123,0.0019
2026-08-07,Gangtok,orographic,2.8,5.3,7.6,5.8,5.8,4.34,0.2027,0.0066,0.001
2026-08-07,Guwahati,orographic,2.6,27.1,31.6,36.7,36.7,12.86,0.5671,0.0798,0.0135
2026-08-07,Cherrapunji,orographic,3.5,10.6,13.7,12.7,12.7,7.83,0.3318,0.0185,0.0029
2026-08-07,Imphal,orographic,2.0,8.7,11.53,10.2,10.2,6.66,0.2898,0.0137,0.0021
2026-08-07,Agartala,orographic,9.1,3.9,5.9,4.1,4.1,5.78,0.1618,0.0043,0.0006
2026-08-07,Lucknow,normal,1.3,4.7,6.9,7.4,7.4,7.25,0.1666,0.0015,0.0002
2026-08-07,Patna,normal,2.2,1.0,2.1,2.3,2.3,4.5,0.0596,0.0002,0.0
2026-08-07,Varanasi,normal,1.9,10.8,13.9,14.6,14.6,9.44,0.3075,0.0053,0.0007
2026-08-07,Delhi,normal,58.3,35.8,41.7,44.4,44.4,16.39,0.607,0.0362,0.0051
2026-08-07,Kanpur,normal,4.9,6.9,9.4,9.93,9.93,8.03,0.2224,0.0027,0.0003
2026-08-07,Ranchi,normal,11.4,30.1,34.8,37.0,37.0,17.11,0.5623,0.0274,0.0038
2026-08-07,Jodhpur,normal,0.0,0.0,0.0,0.0,0.0,0.25,0.0288,0.0001,0.0
2026-08-07,Bikaner,normal,1.3,2.9,4.6,5.3,5.3,2.33,0.1165,0.0008,0.0001
2026-08-07,Jaisalmer,normal,0.0,0.0,0.0,0.0,0.0,0.25,0.0288,0.0001,0.0
2026-08-07,Hyderabad,normal,1.3,2.4,4.1,4.6,4.6,3.74,0.1019,0.0006,0.0001
2026-08-07,Bengaluru,normal,16.8,0.3,1.0,1.0,1.0,1.85,0.038,0.0001,0.0
2026-08-07,Pune,normal,1.9,0.0,0.0,0.0,0.0,1.54,0.0288,0.0001,0.0
2026-08-07,Kurnool,normal,4.3,0.0,0.0,0.0,0.0,1.0,0.0288,0.0001,0.0
2026-08-07,Madurai,normal,0.0,4.3,6.3,6.9,6.9,4.97,0.1558,0.0013,0.0002
2026-08-08,Nagpur,normal,16.1,15.7,19.1,20.06,20.06,10.39,0.3938,0.0096,0.0013
2026-08-08,Bhopal,normal,12.8,11.9,15.0,15.86,15.86,9.44,0.3286,0.0061,0.0008
2026-08-08,Raipur,normal,26.1,16.6,20.1,20.91,20.91,11.92,0.4076,0.0105,0.0014
2026-08-08,Jabalpur,depression,18.7,47.3,56.5,43.79,57.7,20.68,0.8072,0.1203,0.0099
2026-08-08,Akola,normal,0.1,0.0,0.0,0.0,0.0,1.81,0.0288,0.0001,0.0
2026-08-08,Amravati,normal,1.2,2.2,3.8,4.3,4.3,4.28,0.096,0.0006,0.0001
2026-08-08,Aurangabad,normal,1.7,0.5,1.3,1.4,1.4,2.92,0.0442,0.0002,0.0
2026-08-08,Bhubaneswar,normal,17.5,4.6,6.7,7.2,7.2,6.9,0.1639,0.0015,0.0002
2026-08-08,Mumbai,coastal,5.8,2.7,4.4,6.3,6.3,6.51,0.156,0.0009,0.0001
2026-08-08,Thiruvananthapuram,coastal,8.7,0.1,0.6,1.2,1.2,2.43,0.0466,0.0001,0.0
2026-08-08,Kochi,coastal,30.3,13.2,16.3,17.6,17.6,14.59,0.4466,0.0093,0.0007
2026-08-08,Mangaluru,depression,18.6,34.0,39.0,19.93,52.66,21.63,0.7463,0.0728,0.0057
2026-08-08,Panaji,coastal,18.7,10.6,13.7,15.8,15.8,11.98,0.3927,0.0066,0.0005
2026-08-08,Chennai,coastal,4.1,0.0,0.0,0.0,0.0,2.25,0.0422,0.0001,0.0
2026-08-08,Visakhapatnam,coastal,6.6,2.0,3.5,5.2,5.2,5.27,0.128,0.0006,0.0
2026-08-08,Puri,coastal,18.2,6.3,8.6,10.8,10.8,10.29,0.2802,0.003,0.0002
2026-08-08,Kolkata,coastal,22.6,4.2,6.2,8.54,8.54,8.49,0.2116,0.0017,0.0001
2026-08-08,Surat,coastal,4.6,0.8,1.8,2.82,2.82,4.07,0.0774,0.0003,0.0
2026-08-08,Mahabaleshwar,orographic,19.5,5.3,7.6,5.8,5.8,10.66,0.2027,0.0066,0.001
2026-08-08,Munnar,orographic,28.6,5.6,7.9,6.2,6.2,8.91,0.2111,0.0071,0.0011
2026-08-08,Madikeri,orographic,15.9,5.3,7.6,5.8,5.8,10.66,0.2027,0.0066,0.001
2026-08-08,Ooty,orographic,2.4,5.3,7.6,5.8,5.8,8.91,0.2027,0.0066,0.001
2026-08-08,Lonavala,orographic,17.9,11.1,14.2,13.3,13.3,14.49,0.3421,0.0199,0.0031
2026-08-08,Wayanad,orographic,8.4,2.5,4.2,2.8,2.8,6.59,0.1178,0.0024,0.0004
2026-08-08,Shimla,orographic,6.8,6.8,9.3,7.6,7.6,5.11,0.2432,0.0095,0.0014
2026-08-08,Dehradun,orographic,4.6,10.9,14.0,13.0,13.0,6.13,0.338,0.0194,0.003
2026-08-08,Srinagar,orographic,6.3,3.9,5.9,4.1,4.1,4.62,0.1618,0.0043,0.0006
2026-08-08,Gangtok,orographic,8.3,8.4,11.2,9.79,9.79,6.43,0.2828,0.013,0.002
2026-08-08,Guwahati,orographic,16.0,33.7,38.8,47.01,47.01,16.44,0.6227,0.1109,0.0194
2026-08-08,Cherrapunji,orographic,5.3,12.3,15.4,14.5,14.5,7.86,0.3658,0.0234,0.0037
2026-08-08,Imphal,orographic,12.5,14.1,17.4,17.37,17.37,9.03,0.3987,0.0289,0.0046
2026-08-08,Agartala,orographic,18.7,8.3,11.1,9.7,9.7,6.42,0.2804,0.0128,0.002
2026-08-08,Lucknow,normal,5.0,3.4,5.3,6.0,6.0,5.79,0.1308,0.001,0.0001
2026-08-08,Patna,normal,2.2,0.1,0.6,0.6,0.6,2.45,0.0319,0.0001,0.0
2026-08-08,Varanasi,normal,2.7,9.7,12.7,13.3,13.3,8.59,0.2851,0.0045,0.0006
2026-08-08,Delhi,normal,28.9,11.4,14.6,15.2,15.2,11.74,0.3192,0.0057,0.0008
2026-08-08,Kanpur,normal,2.4,8.0,10.6,11.5,11.5,8.32,0.2481,0.0033,0.0004
2026-08-08,Ranchi,normal,8.0,2.3,4.0,4.5,4.5,5.9,0.099,0.0006,0.0001
2026-08-08,Jodhpur,normal,2.2,0.0,0.0,0.0,0.0,0.27,0.0288,0.0001,0.0
2026-08-08,Bikaner,normal,1.5,0.9,2.0,2.2,2.2,2.34,0.0566,0.0002,0.0
2026-08-08,Jaisalmer,normal,1.0,0.0,0.0,0.0,0.0,0.27,0.0288,0.0001,0.0
2026-08-08,Hyderabad,normal,1.0,3.6,5.5,6.2,6.2,5.16,0.1365,0.001,0.0001
2026-08-08,Bengaluru,normal,4.1,0.1,0.6,0.6,0.6,1.9,0.0319,0.0001,0.0
2026-08-08,Pune,normal,2.2,0.6,1.5,1.6,1.6,2.53,0.0473,0.0002,0.0
2026-08-08,Kurnool,normal,1.5,0.6,1.4,1.5,1.5,2.53,0.0473,0.0002,0.0
2026-08-08,Madurai,normal,1.2,0.2,0.8,0.8,0.8,2.75,0.035,0.0001,0.0
2026-08-09,Nagpur,normal,18.7,27.8,32.2,33.45,33.45,14.43,0.5414,0.0241,0.0033
2026-08-09,Bhopal,normal,42.0,11.0,14.1,14.82,1.5,9.0,0.3114,0.0054,0.0007
2026-08-09,Raipur,normal,18.2,10.3,13.3,13.9,13.9,9.45,0.2974,0.0049,0.0006
2026-08-09,Jabalpur,depression,33.7,32.0,36.6,17.45,38.6,20.44,0.7339,0.0663,0.0051
2026-08-09,Akola,normal,0.2,0.2,0.8,0.8,0.8,1.89,0.035,0.0001,0.0
2026-08-09,Amravati,normal,3.5,4.3,6.3,6.9,6.9,6.06,0.1558,0.0013,0.0002
2026-08-09,Aurangabad,normal,2.8,0.1,0.6,0.6,0.6,2.09,0.0319,0.0001,0.0
2026-08-09,Bhubaneswar,normal,7.9,12.8,15.9,16.96,16.96,9.35,0.3452,0.0069,0.0009
2026-08-09,Mumbai,coastal,5.8,2.7,4.4,6.3,6.3,6.48,0.156,0.0009,0.0001
2026-08-09,Thiruvananthapuram,coastal,4.2,0.0,0.0,0.0,0.0,1.61,0.0422,0.0001,0.0
2026-08-09,Kochi,coastal,7.8,1.0,2.1,3.16,3.16,4.99,0.086,0.0003,0.0
2026-08-09,Mangaluru,coastal,8.8,10.4,13.5,15.67,15.67,12.23,0.3882,0.0064,0.0005
2026-08-09,Panaji,coastal,14.3,4.5,6.6,9.1,9.1,8.69,0.222,0.0018,0.0001
2026-08-09,Chennai,coastal,6.2,0.0,0.0,0.0,0.0,1.57,0.0422,0.0001,0.0
2026-08-09,Visakhapatnam,coastal,13.4,0.1,0.6,1.2,1.2,2.7,0.0466,0.0001,0.0
2026-08-09,Puri,coastal,16.4,5.3,7.6,9.9,1.5,9.38,0.2488,0.0023,0.0002
2026-08-09,Kolkata,coastal,13.3,7.3,9.8,11.7,11.7,10.63,0.3094,0.0037,0.0003
2026-08-09,Surat,coastal,2.5,1.1,2.3,3.4,3.4,4.69,0.0903,0.0003,0.0
2026-08-09,Mahabaleshwar,orographic,13.9,4.0,6.0,4.2,4.2,9.64,0.1648,0.0044,0.0007
2026-08-09,Munnar,orographic,10.0,4.0,6.0,4.2,4.2,9.73,0.1648,0.0044,0.0007
2026-08-09,Madikeri,orographic,13.5,4.0,6.0,4.2,4.2,9.64,0.1648,0.0044,0.0007
2026-08-09,Ooty,orographic,1.6,2.8,4.5,3.0,3.0,7.42,0.1275,0.0028,0.0004
2026-08-09,Lonavala,orographic,14.1,9.5,12.4,11.1,11.1,13.67,0.308,0.0157,0.0024
2026-08-09,Wayanad,orographic,3.6,0.9,2.0,1.03,1.03,5.16,0.064,0.0008,0.0001
2026-08-09,Shimla,orographic,3.7,7.9,10.5,9.0,9.0,6.41,0.2708,0.0118,0.0018
2026-08-09,Dehradun,orographic,7.1,13.8,17.1,16.7,16.7,8.54,0.3934,0.0279,0.0044
2026-08-09,Srinagar,orographic,3.3,0.0,0.0,0.0,0.0,0.94,0.0327,0.0003,0.0
2026-08-09,Gangtok,orographic,24.5,24.6,28.5,33.5,33.5,10.85,0.5418,0.0688,0.0115
2026-08-09,Guwahati,orographic,22.2,24.7,28.6,33.51,33.51,12.6,0.5429,0.0692,0.0116
2026-08-09,Cherrapunji,orographic,9.3,18.1,21.8,23.4,23.4,9.57,0.4617,0.0427,0.0069
2026-08-09,Imphal,orographic,32.5,19.5,23.3,25.6,25.6,11.78,0.481,0.048,0.0078
2026-08-09,Agartala,orographic,10.4,8.2,10.9,9.5,9.5,6.87,0.278,0.0125,0.0019
2026-08-09,Lucknow,normal,2.6,1.8,3.3,3.6,3.6,4.91,0.084,0.0004,0.0001
2026-08-09,Patna,normal,1.5,0.6,1.4,1.5,1.5,3.44,0.0473,0.0002,0.0
2026-08-09,Varanasi,normal,2.2,1.2,2.4,2.6,2.6,4.71,0.0658,0.0003,0.0
2026-08-09,Delhi,normal,3.0,0.2,0.8,0.8,0.8,3.19,0.035,0.0001,0.0
2026-08-09,Kanpur,normal,4.3,0.2,0.8,0.8,0.8,3.21,0.035,0.0001,0.0
2026-08-09,Ranchi,normal,3.7,2.7,4.4,5.0,5.0,5.47,0.1107,0.0007,0.0001
2026-08-09,Jodhpur,normal,7.3,4.6,6.7,7.2,7.2,3.64,0.1639,0.0015,0.0002
2026-08-09,Bikaner,normal,6.2,0.2,0.8,0.8,0.8,1.37,0.035,0.0001,0.0
2026-08-09,Jaisalmer,normal,1.3,1.9,3.4,3.7,3.7,2.06,0.087,0.0005,0.0001
2026-08-09,Hyderabad,normal,0.2,1.1,2.3,2.4,2.4,3.98,0.0627,0.0003,0.0
2026-08-09,Bengaluru,normal,2.0,0.6,1.4,1.5,1.5,2.97,0.0473,0.0002,0.0
2026-08-09,Pune,normal,1.3,0.2,0.8,0.8,0.8,2.4,0.035,0.0001,0.0
2026-08-09,Kurnool,normal,1.0,0.0,0.0,0.0,0.0,1.66,0.0288,0.0001,0.0
2026-08-09,Madurai,normal,8.8,3.2,5.0,5.7,5.7,4.09,0.1251,0.0009,0.0001
2026-08-10,Nagpur,normal,3.0,9.4,12.3,12.9,13.67,8.79,0.2788,0.0043,0.0006
2026-08-10,Bhopal,depression,84.0,41.7,50.2,34.69,34.69,17.13,0.7853,0.0996,0.008
2026-08-10,Raipur,normal,1.0,3.6,5.5,6.2,6.99,5.97,0.1365,0.001,0.0001
2026-08-10,Jabalpur,normal,3.7,4.7,6.9,7.4,9.07,6.96,0.1666,0.0015,0.0002
2026-08-10,Akola,normal,0.4,1.2,2.4,2.6,3.5,3.29,0.0658,0.0003,0.0
2026-08-10,Amravati,normal,1.0,0.0,0.0,0.0,0.0,1.88,0.0288,0.0001,0.0
2026-08-10,Aurangabad,normal,1.7,0.7,1.62,1.8,2.41,3.01,0.0504,0.0002,0.0
2026-08-10,Bhubaneswar,normal,63.2,17.0,20.7,21.4,4.6,10.4,0.4136,0.0109,0.0015
2026-08-10,Mumbai,coastal,8.1,3.4,5.2,7.5,7.5,6.79,0.1826,0.0012,0.0001
2026-08-10,Thiruvananthapuram,coastal,1.1,0.0,0.0,0.0,0.0,1.51,0.0422,0.0001,0.0
2026-08-10,Kochi,coastal,3.8,0.1,0.6,1.2,1.2,2.57,0.0466,0.0001,0.0
2026-08-10,Mangaluru,coastal,4.3,1.7,3.2,4.8,4.8,5.43,0.1157,0.0005,0.0
2026-08-10,Panaji,coastal,14.3,2.5,4.2,6.0,6.0,6.43,0.1481,0.0008,0.0001
2026-08-10,Chennai,coastal,2.2,0.0,0.0,0.0,0.0,1.51,0.0422,0.0001,0.0
2026-08-10,Visakhapatnam,coastal,17.1,0.6,1.4,2.4,2.4,3.76,0.0686,0.0002,0.0
2026-08-10,Puri,coastal,55.9,5.2,7.5,9.84,1.5,9.24,0.2455,0.0022,0.0002
2026-08-10,Kolkata,coastal,15.1,5.8,8.1,10.4,10.4,10.19,0.2647,0.0026,0.0002
2026-08-10,Surat,coastal,2.5,2.4,4.1,5.9,5.9,5.89,0.1441,0.0008,0.0001
2026-08-10,Mahabaleshwar,orographic,20.5,5.1,7.3,5.6,5.6,9.12,0.1971,0.0062,0.0009
2026-08-10,Munnar,orographic,5.6,3.3,5.1,3.5,3.5,6.99,0.1433,0.0034,0.0005
2026-08-10,Madikeri,orographic,12.7,4.9,7.1,5.3,5.3,9.12,0.1913,0.0059,0.0009
2026-08-10,Ooty,orographic,5.8,3.0,4.8,3.2,3.2,6.39,0.1338,0.003,0.0005
2026-08-10,Lonavala,orographic,16.4,9.5,12.4,11.1,11.1,12.5,0.308,0.0157,0.0024
2026-08-10,Wayanad,orographic,3.6,2.5,4.2,2.8,2.8,5.71,0.1178,0.0024,0.0004
2026-08-10,Shimla,orographic,5.3,13.9,17.2,17.0,17.0,8.56,0.3952,0.0283,0.0045
2026-08-10,Dehradun,orographic,16.5,25.4,29.51,35.01,35.01,11.06,0.5502,0.0722,0.0121
2026-08-10,Srinagar,orographic,0.1,0.0,0.0,0.0,0.0,0.2,0.0327,0.0003,0.0
2026-08-10,Gangtok,orographic,15.3,11.4,14.6,13.8,13.8,7.56,0.3482,0.0208,0.0033
2026-08-10,Guwahati,orographic,12.3,14.2,17.5,17.4,17.4,9.81,0.4004,0.0292,0.0046
2026-08-10,Cherrapunji,orographic,14.1,20.4,24.2,26.66,26.66,11.9,0.4928,0.0515,0.0084
2026-08-10,Imphal,orographic,5.8,8.1,10.8,9.4,9.4,7.43,0.2756,0.0123,0.0019
2026-08-10,Agartala,orographic,14.4,0.7,1.6,0.8,0.8,3.54,0.057,0.0007,0.0001
2026-08-10,Lucknow,normal,5.8,0.1,0.6,0.6,0.8,2.41,0.0319,0.0001,0.0
2026-08-10,Patna,normal,3.1,5.2,7.5,8.0,9.23,6.33,0.1798,0.0017,0.0002
2026-08-10,Varanasi,normal,3.6,7.3,9.9,10.5,11.8,7.73,0.2319,0.0029,0.0004
2026-08-10,Delhi,normal,7.7,0.0,0.0,0.0,0.0,1.15,0.0288,0.0001,0.0
2026-08-10,Kanpur,normal,6.0,1.2,2.4,2.7,3.56,3.69,0.0658,0.0003,0.0
2026-08-10,Ranchi,normal,6.2,11.4,14.6,15.2,15.92,8.51,0.3192,0.0057,0.0008
2026-08-10,Jodhpur,normal,1.7,0.0,0.0,0.0,0.0,1.06,0.0288,0.0001,0.0
2026-08-10,Bikaner,normal,0.1,1.0,2.1,2.3,2.91,1.54,0.0596,0.0002,0.0
2026-08-10,Jaisalmer,normal,0.0,0.0,0.0,0.0,0.0,0.82,0.0288,0.0001,0.0
2026-08-10,Hyderabad,normal,2.4,0.0,0.0,0.0,0.0,1.8,0.0288,0.0001,0.0
2026-08-10,Bengaluru,normal,5.6,2.2,3.8,4.3,5.2,3.63,0.096,0.0006,0.0001
2026-08-10,Pune,normal,4.6,0.6,1.5,1.6,2.2,2.87,0.0473,0.0002,0.0
2026-08-10,Kurnool,normal,1.6,0.1,0.6,0.6,0.8,1.42,0.0319,0.0001,0.0
2026-08-10,Madurai,normal,4.5,0.3,1.0,1.0,1.32,2.94,0.038,0.0001,0.0
2026-08-11,Nagpur,normal,6.7,4.6,6.8,7.3,7.3,7.2,0.1639,0.0015,0.0002
2026-08-11,Bhopal,depression,27.2,66.7,74.6,61.63,61.63,34.14,0.8584,0.1965,0.0177
2026-08-11,Raipur,normal,0.3,9.8,12.7,13.3,13.3,8.5,0.2872,0.0045,0.0006
2026-08-11,Jabalpur,normal,9.5,1.8,3.3,3.6,3.6,4.56,0.084,0.0004,0.0001
2026-08-11,Akola,normal,5.1,1.3,2.5,2.8,2.8,3.98,0.0688,0.0003,0.0
2026-08-11,Amravati,normal,3.7,1.7,3.2,3.5,3.5,3.65,0.081,0.0004,0.0001
2026-08-11,Aurangabad,normal,7.8,2.7,4.4,5.0,5.0,4.89,0.1107,0.0007,0.0001
2026-08-11,Bhubaneswar,normal,34.8,17.1,20.8,21.5,4.6,11.88,0.4151,0.011,0.0015
2026-08-11,Mumbai,coastal,30.6,9.2,12.2,14.2,14.2,11.08,0.3596,0.0053,0.0004
2026-08-11,Thiruvananthapuram,coastal,3.4,0.0,0.0,0.0,0.0,1.57,0.0422,0.0001,0.0
2026-08-11,Kochi,coastal,0.3,0.3,1.0,1.9,1.9,2.81,0.0554,0.0002,0.0
2026-08-11,Mangaluru,coastal,7.0,6.5,8.9,11.0,11.0,9.96,0.2862,0.0031,0.0002
2026-08-11,Panaji,coastal,22.3,9.4,12.3,14.37,14.37,11.07,0.3646,0.0054,0.0004
2026-08-11,Chennai,coastal,9.3,0.0,0.0,0.0,0.0,1.57,0.0422,0.0001,0.0
2026-08-11,Visakhapatnam,coastal,1.5,0.0,0.0,0.0,0.0,2.05,0.0422,0.0001,0.0
2026-08-11,Puri,coastal,30.4,7.3,9.8,11.7,1.5,11.17,0.3094,0.0037,0.0003
2026-08-11,Kolkata,coastal,9.9,15.3,18.7,20.36,20.36,14.75,0.4842,0.0117,0.0009
2026-08-11,Surat,coastal,5.6,9.0,12.0,14.1,14.1,11.03,0.3546,0.0051,0.0004
2026-08-11,Mahabaleshwar,orographic,43.5,7.4,10.0,8.3,8.3,13.57,0.2585,0.0107,0.0016
2026-08-11,Munnar,orographic,5.0,4.5,6.6,4.8,4.8,9.37,0.1797,0.0052,0.0008
2026-08-11,Madikeri,orographic,8.7,3.8,5.7,4.0,4.0,9.45,0.1588,0.0041,0.0006
2026-08-11,Ooty,orographic,2.6,4.1,6.1,4.3,4.3,9.08,0.1678,0.0046,0.0007
2026-08-11,Lonavala,orographic,42.7,18.8,22.6,24.4,24.4,20.01,0.4715,0.0453,0.0074
2026-08-11,Wayanad,orographic,2.3,1.5,2.8,1.6,1.6,5.65,0.0845,0.0013,0.0002
2026-08-11,Shimla,orographic,15.0,7.9,10.5,9.0,9.0,6.86,0.2708,0.0118,0.0018
2026-08-11,Dehradun,orographic,1.3,9.6,12.6,11.3,11.3,7.74,0.3102,0.0159,0.0025
2026-08-11,Srinagar,orographic,0.0,0.0,0.0,0.0,0.0,0.21,0.0327,0.0003,0.0
2026-08-11,Gangtok,orographic,2.2,1.6,3.0,1.6,1.6,2.98,0.0879,0.0014,0.0002
2026-08-11,Guwahati,orographic,0.5,3.6,5.5,3.8,3.8,5.04,0.1526,0.0038,0.0006
2026-08-11,Cherrapunji,orographic,5.1,17.8,21.4,23.1,23.1,10.51,0.4574,0.0416,0.0067
2026-08-11,Imphal,orographic,1.4,7.1,9.6,8.0,8.0,6.95,0.2509,0.0101,0.0015
2026-08-11,Agartala,orographic,18.1,6.9,9.4,7.8,7.8,5.84,0.2458,0.0097,0.0015
2026-08-11,Lucknow,normal,6.9,3.6,5.5,6.2,6.2,5.29,0.1365,0.001,0.0001
2026-08-11,Patna,normal,3.0,0.0,0.0,0.0,0.0,2.17,0.0288,0.0001,0.0
2026-08-11,Varanasi,normal,3.0,5.1,7.3,7.9,7.9,7.44,0.1772,0.0017,0.0002
2026-08-11,Delhi,normal,12.5,17.7,21.4,22.4,22.4,11.16,0.4238,0.0116,0.0016
2026-08-11,Kanpur,normal,4.6,12.4,15.5,16.4,16.4,9.05,0.3379,0.0066,0.0009
2026-08-11,Ranchi,normal,10.2,7.1,9.6,10.2,10.2,8.49,0.2271,0.0028,0.0004
2026-08-11,Jodhpur,normal,3.1,0.0,0.0,0.0,0.0,0.27,0.0288,0.0001,0.0
2026-08-11,Bikaner,normal,5.5,0.2,0.8,0.8,0.8,1.38,0.035,0.0001,0.0
2026-08-11,Jaisalmer,normal,0.0,0.0,0.0,0.0,0.0,0.27,0.0288,0.0001,0.0
2026-08-11,Hyderabad,normal,0.6,0.1,0.6,0.6,0.6,1.48,0.0319,0.0001,0.0
2026-08-11,Bengaluru,normal,1.5,0.7,1.6,1.7,1.7,3.47,0.0504,0.0002,0.0
2026-08-11,Pune,normal,21.3,1.4,2.7,3.0,3.0,3.53,0.0719,0.0003,0.0
2026-08-11,Kurnool,normal,1.0,0.0,0.0,0.0,0.0,1.27,0.0288,0.0001,0.0
2026-08-11,Madurai,normal,6.7,3.3,5.1,5.8,5.8,4.22,0.128,0.0009,0.0001
2026-08-12,Nagpur,normal,1.1,1.4,2.7,3.0,3.0,3.15,0.0719,0.0003,0.0
2026-08-12,Bhopal,depression,11.2,34.8,40.1,21.43,42.71,18.83,0.7509,0.0755,0.0059
2026-08-12,Raipur,normal,6.7,1.6,3.0,3.3,3.3,3.39,0.078,0.0004,0.0
2026-08-12,Jabalpur,normal,7.8,0.6,1.5,1.6,1.6,2.65,0.0473,0.0002,0.0
2026-08-12,Akola,normal,26.2,2.5,4.2,4.8,4.8,3.57,0.1049,0.0007,0.0001
2026-08-12,Amravati,normal,3.6,8.1,10.8,11.7,11.7,6.0,0.2503,0.0034,0.0004
2026-08-12,Aurangabad,normal,2.4,1.0,2.1,2.3,2.3,2.9,0.0596,0.0002,0.0
2026-08-12,Bhubaneswar,normal,20.9,1.0,2.1,2.3,1.5,3.39,0.0596,0.0002,0.0
2026-08-12,Mumbai,coastal,12.0,3.3,5.1,7.3,7.3,6.52,0.1789,0.0012,0.0001
2026-08-12,Thiruvananthapuram,coastal,2.3,0.0,0.0,0.0,0.0,1.37,0.0422,0.0001,0.0
2026-08-12,Kochi,coastal,2.5,0.5,1.3,2.2,2.2,3.25,0.0643,0.0002,0.0
2026-08-12,Mangaluru,coastal,6.4,9.3,12.2,14.3,14.3,10.37,0.3621,0.0053,0.0004
2026-08-12,Panaji,coastal,27.5,10.5,13.6,15.8,15.8,10.87,0.3904,0.0065,0.0005
2026-08-12,Chennai,coastal,0.5,0.0,0.0,0.0,0.0,1.37,0.0422,0.0001,0.0
2026-08-12,Visakhapatnam,coastal,0.8,0.0,0.0,0.0,0.0,1.37,0.0422,0.0001,0.0
2026-08-12,Puri,coastal,9.9,0.9,2.0,3.0,3.0,4.55,0.0817,0.0003,0.0
2026-08-12,Kolkata,coastal,25.7,9.4,12.3,14.37,14.37,10.17,0.3646,0.0054,0.0004
2026-08-12,Surat,coastal,6.6,7.3,9.8,11.7,11.7,9.87,0.3094,0.0037,0.0003
2026-08-12,Mahabaleshwar,orographic,37.3,8.8,11.7,10.2,10.2,10.86,0.2921,0.0139,0.0022
2026-08-12,Munnar,orographic,3.5,3.4,5.2,3.57,3.57,5.99,0.1464,0.0035,0.0005
2026-08-12,Madikeri,orographic,11.1,4.3,6.3,4.6,4.6,7.14,0.1738,0.0049,0.0007
2026-08-12,Ooty,orographic,0.5,7.5,10.1,8.4,8.4,9.73,0.261,0.0109,0.0017
2026-08-12,Lonavala,orographic,29.1,14.0,17.3,17.17,17.17,13.45,0.3969,0.0286,0.0045
2026-08-12,Wayanad,orographic,3.6,4.0,6.0,4.2,4.2,6.3,0.1648,0.0044,0.0007
2026-08-12,Shimla,orographic,5.8,5.6,7.9,6.2,6.2,4.44,0.2111,0.0071,0.0011
2026-08-12,Dehradun,orographic,0.1,0.0,0.0,0.0,0.0,1.04,0.0327,0.0003,0.0
2026-08-12,Srinagar,orographic,0.6,3.3,5.1,3.5,3.5,2.04,0.1433,0.0034,0.0005
2026-08-12,Gangtok,orographic,0.5,4.0,6.0,4.2,4.2,3.05,0.1648,0.0044,0.0007
2026-08-12,Guwahati,orographic,0.4,11.5,14.7,13.8,13.8,5.39,0.3502,0.021,0.0033
2026-08-12,Cherrapunji,orographic,2.0,11.7,14.9,14.0,14.0,7.18,0.3542,0.0216,0.0034
2026-08-12,Imphal,orographic,1.0,3.8,5.7,4.0,4.0,4.07,0.1588,0.0041,0.0006
2026-08-12,Agartala,orographic,14.6,2.9,4.6,3.1,3.1,3.42,0.1307,0.0029,0.0004
2026-08-12,Lucknow,normal,0.7,0.0,0.0,0.0,0.0,1.64,0.0288,0.0001,0.0
2026-08-12,Patna,normal,0.4,0.0,0.0,0.0,0.0,0.73,0.0288,0.0001,0.0
2026-08-12,Varanasi,normal,1.3,1.1,2.3,2.4,2.4,4.08,0.0627,0.0003,0.0
2026-08-12,Delhi,normal,2.0,0.0,0.0,0.0,0.0,1.93,0.0288,0.0001,0.0
2026-08-12,Kanpur,normal,1.6,0.4,1.2,1.2,1.2,3.41,0.0411,0.0001,0.0
2026-08-12,Ranchi,normal,2.8,5.8,8.1,8.6,8.6,6.86,0.1952,0.002,0.0003
2026-08-12,Jodhpur,normal,21.1,24.0,28.0,28.35,28.35,9.34,0.5028,0.019,0.0026
2026-08-12,Bikaner,normal,10.6,1.5,2.8,3.1,3.1,1.54,0.0749,0.0004,0.0
2026-08-12,Jaisalmer,normal,2.1,0.5,1.3,1.4,1.4,1.01,0.0442,0.0002,0.0
2026-08-12,Hyderabad,normal,3.6,0.2,0.8,0.8,0.8,1.45,0.035,0.0001,0.0
2026-08-12,Bengaluru,normal,0.6,0.2,0.8,0.8,0.8,1.88,0.035,0.0001,0.0
2026-08-12,Pune,normal,6.9,0.3,1.0,1.0,1.0,2.15,0.038,0.0001,0.0
2026-08-12,Kurnool,normal,4.8,0.2,0.8,0.8,0.8,1.21,0.035,0.0001,0.0
2026-08-12,Madurai,normal,0.2,0.3,1.0,1.0,1.0,2.38,0.038,0.0001,0.0
2026-08-13,Nagpur,normal,2.3,8.2,10.9,11.8,11.8,6.17,0.2526,0.0034,0.0005
2026-08-13,Bhopal,normal,2.3,1.7,3.2,3.5,3.5,3.94,0.081,0.0004,0.0001
2026-08-13,Raipur,normal,7.2,12.7,15.8,16.8,16.8,6.87,0.3434,0.0068,0.0009
2026-08-13,Jabalpur,normal,2.2,7.9,10.5,11.4,11.4,6.07,0.2458,0.0033,0.0004
2026-08-13,Akola,normal,4.1,0.1,0.6,0.6,0.6,1.98,0.0319,0.0001,0.0
2026-08-13,Amravati,normal,1.7,0.6,1.5,1.6,1.6,3.34,0.0473,0.0002,0.0
2026-08-13,Aurangabad,normal,6.3,0.0,0.0,0.0,0.0,1.34,0.0288,0.0001,0.0
2026-08-13,Bhubaneswar,normal,27.7,9.2,12.2,12.8,1.5,6.17,0.2745,0.0041,0.0005
2026-08-13,Mumbai,coastal,12.6,2.8,4.6,6.6,6.6,6.2,0.1598,0.001,0.0001
2026-08-13,Thiruvananthapuram,coastal,3.3,0.0,0.0,0.0,0.0,1.51,0.0422,0.0001,0.0
2026-08-13,Kochi,coastal,7.4,0.5,1.3,2.2,2.2,3.45,0.0643,0.0002,0.0
2026-08-13,Mangaluru,coastal,7.8,5.3,7.6,9.9,9.9,9.02,0.2488,0.0023,0.0002
2026-08-13,Panaji,coastal,17.7,13.4,16.5,17.92,17.92,13.35,0.4504,0.0095,0.0007
2026-08-13,Chennai,coastal,0.3,0.6,1.4,2.4,2.4,3.44,0.0686,0.0002,0.0
2026-08-13,Visakhapatnam,coastal,2.8,0.0,0.0,0.0,0.0,1.51,0.0422,0.0001,0.0
2026-08-13,Puri,coastal,17.2,8.0,10.6,12.78,12.78,9.64,0.3287,0.0042,0.0003
2026-08-13,Kolkata,coastal,20.3,17.3,21.0,23.2,23.2,14.33,0.516,0.0143,0.0011
2026-08-13,Surat,coastal,21.9,2.9,4.6,6.7,6.7,6.38,0.1637,0.001,0.0001
2026-08-13,Mahabaleshwar,orographic,27.6,5.5,7.8,6.0,6.0,8.99,0.2083,0.0069,0.0011
2026-08-13,Munnar,orographic,10.3,5.4,7.7,5.9,5.9,8.25,0.2055,0.0067,0.001
2026-08-13,Madikeri,orographic,11.3,4.0,6.0,4.2,4.2,7.52,0.1648,0.0044,0.0007
2026-08-13,Ooty,orographic,11.5,4.6,6.7,4.9,4.9,8.4,0.1826,0.0054,0.0008
2026-08-13,Lonavala,orographic,24.5,12.5,15.62,14.8,14.8,13.06,0.3696,0.024,0.0038
2026-08-13,Wayanad,orographic,5.7,3.2,5.0,3.4,3.4,6.31,0.1402,0.0033,0.0005
2026-08-13,Shimla,orographic,6.2,6.9,9.4,7.8,7.8,5.72,0.2458,0.0097,0.0015
2026-08-13,Dehradun,orographic,0.8,4.2,6.2,4.5,4.5,2.76,0.1708,0.0047,0.0007
2026-08-13,Srinagar,orographic,0.3,12.6,15.7,14.9,14.9,6.17,0.3715,0.0242,0.0038
2026-08-13,Gangtok,orographic,10.8,7.0,9.5,7.9,7.9,4.93,0.2483,0.0099,0.0015
2026-08-13,Guwahati,orographic,13.9,29.1,33.8,40.88,40.88,11.3,0.5855,0.0889,0.0152
2026-08-13,Cherrapunji,orographic,7.6,9.5,12.4,11.1,11.1,5.94,0.308,0.0157,0.0024
2026-08-13,Imphal,orographic,2.5,10.8,13.9,12.9,12.9,5.66,0.336,0.0191,0.003
2026-08-13,Agartala,orographic,4.6,3.2,5.0,3.4,3.4,3.43,0.1402,0.0033,0.0005
2026-08-13,Lucknow,normal,2.0,0.1,0.6,0.6,0.6,1.42,0.0319,0.0001,0.0
2026-08-13,Patna,normal,10.4,0.7,1.62,1.8,1.8,2.55,0.0504,0.0002,0.0
2026-08-13,Varanasi,normal,9.9,0.3,1.0,1.0,1.0,2.72,0.038,0.0001,0.0
2026-08-13,Delhi,normal,2.6,0.0,0.0,0.0,0.0,0.85,0.0288,0.0001,0.0
2026-08-13,Kanpur,normal,2.5,0.1,0.6,0.6,0.6,1.87,0.0319,0.0001,0.0
2026-08-13,Ranchi,normal,35.8,31.4,35.76,38.0,38.0,14.67,0.5733,0.0293,0.0041
2026-08-13,Jodhpur,normal,14.2,0.2,0.8,0.8,0.8,2.04,0.035,0.0001,0.0
2026-08-13,Bikaner,normal,23.3,12.1,15.2,16.1,16.1,6.82,0.3324,0.0063,0.0008
2026-08-13,Jaisalmer,normal,5.2,2.0,3.5,3.85,3.85,2.05,0.09,0.0005,0.0001
2026-08-13,Hyderabad,normal,0.6,0.0,0.0,0.0,0.0,1.03,0.0288,0.0001,0.0
2026-08-13,Bengaluru,normal,5.6,2.8,4.5,5.2,5.2,3.08,0.1136,0.0008,0.0001
2026-08-13,Pune,normal,4.8,0.0,0.0,0.0,0.0,1.34,0.0288,0.0001,0.0
2026-08-13,Kurnool,normal,6.3,0.3,1.0,1.0,1.0,1.76,0.038,0.0001,0.0
2026-08-13,Madurai,normal,3.6,1.1,2.3,2.4,2.4,2.68,0.0627,0.0003,0.0
2026-08-14,Nagpur,depression,2.2,37.7,44.31,27.31,44.65,20.3,0.7666,0.0854,0.0067
2026-08-14,Bhopal,depression,8.6,46.6,55.76,42.48,57.3,20.49,0.8047,0.1177,0.0096
2026-08-14,Raipur,depression,4.9,47.9,57.15,44.36,60.11,23.24,0.8093,0.1226,0.0101
2026-08-14,Jabalpur,depression,14.4,28.1,32.6,11.95,34.0,16.71,0.7061,0.0541,0.0041
2026-08-14,Akola,active,2.6,5.8,8.1,9.87,8.6,7.44,0.2739,0.0026,0.0006
2026-08-14,Amravati,active,1.6,5.5,7.8,9.5,8.3,7.12,0.2642,0.0024,0.0005
2026-08-14,Aurangabad,active,0.8,0.2,0.8,1.1,0.8,1.97,0.0533,0.0001,0.0
2026-08-14,Bhubaneswar,active,45.1,13.2,16.3,17.3,2.2,12.3,0.4582,0.0092,0.0021
2026-08-14,Mumbai,coastal,8.5,2.2,3.8,5.6,5.6,5.4,0.1361,0.0007,0.0001
2026-08-14,Thiruvananthapuram,coastal,5.3,0.2,0.8,1.6,1.6,2.26,0.051,0.0001,0.0
2026-08-14,Kochi,coastal,19.6,4.2,6.2,8.54,8.54,7.07,0.2116,0.0017,0.0001
2026-08-14,Mangaluru,coastal,10.3,15.3,18.7,20.36,20.36,14.41,0.4842,0.0117,0.0009
2026-08-14,Panaji,coastal,26.0,14.4,17.7,19.02,19.02,15.09,0.4687,0.0106,0.0008
2026-08-14,Chennai,coastal,2.6,0.0,0.0,0.0,0.0,1.94,0.0422,0.0001,0.0
2026-08-14,Visakhapatnam,coastal,6.6,0.4,1.2,2.1,2.1,3.05,0.0599,0.0002,0.0
2026-08-14,Puri,coastal,34.7,11.7,14.9,16.6,1.6,13.44,0.4166,0.0076,0.0006
2026-08-14,Kolkata,coastal,11.0,3.1,4.9,7.0,7.0,7.72,0.1713,0.0011,0.0001
2026-08-14,Surat,coastal,4.1,1.1,2.3,3.4,3.4,4.87,0.0903,0.0003,0.0
2026-08-14,Mahabaleshwar,orographic,27.4,6.3,8.6,7.0,7.0,13.42,0.2301,0.0084,0.0013
2026-08-14,Munnar,orographic,14.3,3.1,4.9,3.3,3.3,9.08,0.137,0.0031,0.0005
2026-08-14,Madikeri,orographic,12.4,4.7,6.9,5.1,5.1,9.89,0.1856,0.0055,0.0008
2026-08-14,Ooty,orographic,3.4,2.4,4.1,2.62,2.62,7.41,0.1145,0.0023,0.0003
2026-08-14,Lonavala,orographic,20.0,15.2,18.6,18.8,18.8,18.97,0.4173,0.0325,0.0052
2026-08-14,Wayanad,orographic,4.3,0.9,2.0,1.03,1.03,5.42,0.064,0.0008,0.0001
2026-08-14,Shimla,orographic,7.9,8.8,11.7,10.2,10.2,7.15,0.2921,0.0139,0.0022
2026-08-14,Dehradun,orographic,5.2,21.8,25.6,28.9,28.9,10.86,0.5102,0.057,0.0094
2026-08-14,Srinagar,orographic,0.5,25.4,29.51,35.01,35.01,11.92,0.5502,0.0722,0.0121
2026-08-14,Gangtok,orographic,6.8,8.8,11.7,10.2,10.2,7.15,0.2921,0.0139,0.0022
2026-08-14,Guwahati,orographic,7.9,12.6,15.7,14.9,14.9,10.66,0.3715,0.0242,0.0038
2026-08-14,Cherrapunji,orographic,1.4,2.5,4.2,2.8,2.8,4.43,0.1178,0.0024,0.0004
2026-08-14,Imphal,orographic,1.1,5.1,7.3,5.6,5.6,5.72,0.1971,0.0062,0.0009
2026-08-14,Agartala,orographic,1.6,1.8,3.3,1.9,1.9,3.64,0.0946,0.0016,0.0002
2026-08-14,Lucknow,active,7.3,1.8,3.2,4.35,3.5,3.75,0.1248,0.0006,0.0001
2026-08-14,Patna,active,1.7,0.1,0.6,0.8,0.6,2.32,0.0487,0.0001,0.0
2026-08-14,Varanasi,active,24.8,11.3,14.5,15.82,15.1,8.2,0.4194,0.0072,0.0017
2026-08-14,Delhi,active,11.6,0.5,1.3,1.86,1.4,2.45,0.0671,0.0002,0.0
2026-08-14,Kanpur,active,21.1,8.2,10.9,12.28,11.8,7.19,0.3444,0.0044,0.001
2026-08-14,Ranchi,active,10.1,10.3,13.3,15.52,13.9,11.23,0.397,0.0062,0.0014
2026-08-14,Jodhpur,active,0.9,0.0,0.0,0.0,0.0,0.32,0.0441,0.0001,0.0
2026-08-14,Bikaner,active,0.0,0.0,0.0,0.0,0.0,1.48,0.0441,0.0001,0.0
2026-08-14,Jaisalmer,active,0.0,0.0,0.0,0.0,0.0,0.86,0.0441,0.0001,0.0
2026-08-14,Hyderabad,active,3.4,0.0,0.0,0.0,0.0,1.02,0.0441,0.0001,0.0
2026-08-14,Bengaluru,active,5.3,1.0,2.1,2.91,2.3,3.83,0.0898,0.0003,0.0001
2026-08-14,Pune,active,2.6,0.4,1.2,1.6,1.2,2.14,0.0625,0.0002,0.0
2026-08-14,Kurnool,active,8.2,0.0,0.0,0.0,0.0,1.62,0.0441,0.0001,0.0
2026-08-14,Madurai,active,3.7,1.3,2.5,3.7,2.8,3.65,0.1031,0.0004,0.0001
2026-08-15,Nagpur,normal,4.5,2.6,4.3,4.9,5.54,6.36,0.1078,0.0007,0.0001
2026-08-15,Bhopal,normal,16.0,21.9,25.7,26.3,31.9,16.78,0.4787,0.0163,0.0022
2026-08-15,Raipur,normal,12.7,12.7,15.8,16.8,17.1,12.84,0.3434,0.0068,0.0009
2026-08-15,Jabalpur,normal,67.1,23.6,27.5,27.91,33.9,14.7,0.4983,0.0185,0.0025
2026-08-15,Akola,normal,7.5,3.4,5.2,5.9,6.9,6.22,0.1308,0.001,0.0001
2026-08-15,Amravati,normal,5.0,3.0,4.8,5.4,6.4,5.82,0.1194,0.0008,0.0001
2026-08-15,Aurangabad,normal,5.4,1.2,2.4,2.7,3.56,3.64,0.0658,0.0003,0.0
2026-08-15,Bhubaneswar,depression,34.9,41.5,49.4,34.14,34.14,18.56,0.7844,0.0989,0.0079
2026-08-15,Mumbai,coastal,13.5,3.0,4.8,6.9,6.9,6.06,0.1675,0.0011,0.0001
2026-08-15,Thiruvananthapuram,coastal,1.3,0.0,0.0,0.0,0.0,1.66,0.0422,0.0001,0.0
2026-08-15,Kochi,coastal,2.3,2.7,4.4,6.3,6.3,6.53,0.156,0.0009,0.0001
2026-08-15,Mangaluru,depression,5.3,31.9,36.5,17.32,49.6,19.84,0.7332,0.066,0.0051
2026-08-15,Panaji,coastal,19.0,16.7,20.2,22.36,22.36,15.5,0.5068,0.0135,0.0011
2026-08-15,Chennai,coastal,0.0,0.0,0.0,0.0,0.0,1.62,0.0422,0.0001,0.0
2026-08-15,Visakhapatnam,coastal,6.4,0.5,1.3,2.2,2.2,3.71,0.0643,0.0002,0.0
2026-08-15,Puri,coastal,31.7,14.3,17.6,18.9,3.1,14.61,0.4669,0.0105,0.0008
2026-08-15,Kolkata,coastal,10.6,1.7,3.1,4.7,4.7,5.21,0.1157,0.0005,0.0
2026-08-15,Surat,coastal,2.5,1.0,2.1,3.16,3.16,4.36,0.086,0.0003,0.0
2026-08-15,Mahabaleshwar,orographic,24.7,5.9,8.2,6.5,6.5,12.92,0.2193,0.0077,0.0012
2026-08-15,Munnar,orographic,5.1,0.6,1.4,0.7,0.7,5.36,0.0536,0.0006,0.0001
2026-08-15,Madikeri,orographic,7.6,5.0,7.2,5.5,5.5,10.25,0.1942,0.006,0.0009
2026-08-15,Ooty,orographic,0.6,1.2,2.4,1.3,1.3,5.69,0.0743,0.0011,0.0002
2026-08-15,Lonavala,orographic,19.0,15.1,18.4,18.7,18.7,18.38,0.4156,0.0322,0.0051
2026-08-15,Wayanad,orographic,1.0,1.0,2.1,1.1,1.1,4.53,0.0674,0.0009,0.0001
2026-08-15,Shimla,orographic,2.7,12.1,15.2,14.3,14.3,8.17,0.362,0.0228,0.0036
2026-08-15,Dehradun,orographic,8.2,28.5,33.1,39.5,39.5,13.79,0.5801,0.0861,0.0147
2026-08-15,Srinagar,orographic,0.6,6.8,9.3,7.6,7.6,7.61,0.2432,0.0095,0.0014
2026-08-15,Gangtok,orographic,13.8,12.7,15.8,15.0,15.0,8.39,0.3734,0.0245,0.0039
2026-08-15,Guwahati,orographic,6.3,3.2,5.0,3.4,3.4,4.66,0.1402,0.0033,0.0005
2026-08-15,Cherrapunji,orographic,4.9,6.1,8.4,6.8,6.8,5.65,0.2247,0.0081,0.0012
2026-08-15,Imphal,orographic,1.7,3.3,5.1,3.5,3.5,4.62,0.1433,0.0034,0.0005
2026-08-15,Agartala,orographic,1.1,5.3,7.6,5.8,5.8,4.64,0.2027,0.0066,0.001
2026-08-15,Lucknow,normal,7.8,0.1,0.6,0.6,0.8,2.53,0.0319,0.0001,0.0
2026-08-15,Patna,normal,0.4,0.0,0.0,0.0,0.0,1.24,0.0288,0.0001,0.0
2026-08-15,Varanasi,normal,17.0,0.6,1.4,1.5,2.2,4.79,0.0473,0.0002,0.0
2026-08-15,Delhi,normal,4.5,0.7,1.6,1.7,2.31,3.62,0.0504,0.0002,0.0
2026-08-15,Kanpur,normal,9.9,8.7,11.53,12.3,12.6,8.66,0.2637,0.0038,0.0005
2026-08-15,Ranchi,normal,4.0,9.8,12.7,13.3,14.7,8.95,0.2872,0.0045,0.0006
2026-08-15,Jodhpur,normal,0.0,0.0,0.0,0.0,0.0,0.29,0.0288,0.0001,0.0
2026-08-15,Bikaner,normal,0.1,0.0,0.0,0.0,0.0,0.29,0.0288,0.0001,0.0
2026-08-15,Jaisalmer,normal,0.0,0.0,0.0,0.0,0.0,0.29,0.0288,0.0001,0.0
2026-08-15,Hyderabad,normal,1.0,0.1,0.6,0.6,0.8,1.58,0.0319,0.0001,0.0
2026-08-15,Bengaluru,normal,1.1,0.0,0.0,0.0,0.0,1.97,0.0288,0.0001,0.0
2026-08-15,Pune,normal,2.9,0.0,0.0,0.0,0.0,1.69,0.0288,0.0001,0.0
2026-08-15,Kurnool,normal,6.8,0.0,0.0,0.0,0.0,1.14,0.0288,0.0001,0.0
2026-08-15,Madurai,normal,0.1,0.0,0.0,0.0,0.0,1.97,0.0288,0.0001,0.0
2026-08-16,Nagpur,normal,5.2,19.5,23.3,24.2,24.2,13.08,0.4486,0.0135,0.0018
2026-08-16,Bhopal,depression,3.8,35.7,41.5,23.1,44.2,17.63,0.756,0.0785,0.0061
2026-08-16,Raipur,normal,28.7,24.2,28.3,28.8,28.8,13.47,0.5049,0.0192,0.0026
2026-08-16,Jabalpur,normal,22.8,11.0,14.1,14.82,14.82,10.32,0.3114,0.0054,0.0007
2026-08-16,Akola,normal,1.0,0.0,0.0,0.0,0.0,2.1,0.0288,0.0001,0.0
2026-08-16,Amravati,normal,0.1,0.0,0.0,0.0,0.0,2.1,0.0288,0.0001,0.0
2026-08-16,Aurangabad,normal,3.8,0.1,0.6,0.6,0.6,2.55,0.0319,0.0001,0.0
2026-08-16,Bhubaneswar,normal,33.6,21.9,25.7,26.3,7.19,16.78,0.4787,0.0163,0.0022
2026-08-16,Mumbai,coastal,11.3,3.1,4.9,7.0,7.0,6.94,0.1713,0.0011,0.0001
2026-08-16,Thiruvananthapuram,coastal,2.4,0.0,0.0,0.0,0.0,1.62,0.0422,0.0001,0.0
2026-08-16,Kochi,coastal,5.0,0.8,1.8,2.82,2.82,4.73,0.0774,0.0003,0.0
2026-08-16,Mangaluru,coastal,4.6,4.6,6.7,9.2,9.2,9.03,0.2254,0.0019,0.0001
2026-08-16,Panaji,coastal,15.3,5.2,7.5,9.84,9.84,9.65,0.2455,0.0022,0.0002
2026-08-16,Chennai,coastal,0.7,0.0,0.0,0.0,0.0,1.62,0.0422,0.0001,0.0
2026-08-16,Visakhapatnam,coastal,0.6,0.1,0.6,1.2,1.2,2.44,0.0466,0.0001,0.0
2026-08-16,Puri,coastal,28.2,12.6,15.7,17.3,2.2,13.57,0.435,0.0086,0.0007
2026-08-16,Kolkata,coastal,12.8,11.8,15.0,16.72,16.72,12.38,0.4187,0.0078,0.0006
2026-08-16,Surat,coastal,7.0,2.4,4.1,5.9,5.9,5.99,0.1441,0.0008,0.0001
2026-08-16,Mahabaleshwar,orographic,21.5,6.0,8.3,6.7,6.7,12.92,0.222,0.0079,0.0012
2026-08-16,Munnar,orographic,2.1,3.9,5.9,4.1,4.1,7.48,0.1618,0.0043,0.0006
2026-08-16,Madikeri,orographic,8.5,5.0,7.2,5.5,5.5,11.09,0.1942,0.006,0.0009
2026-08-16,Ooty,orographic,0.0,2.0,3.5,2.1,2.1,5.4,0.1013,0.0018,0.0003
2026-08-16,Lonavala,orographic,16.1,10.4,13.5,12.33,12.33,15.63,0.3276,0.018,0.0028
2026-08-16,Wayanad,orographic,1.3,0.3,1.0,0.4,0.4,3.48,0.0431,0.0004,0.0001
2026-08-16,Shimla,orographic,1.0,5.5,7.8,6.0,6.0,5.37,0.2083,0.0069,0.0011
2026-08-16,Dehradun,orographic,17.3,20.2,23.91,26.4,26.4,12.59,0.4902,0.0507,0.0083
2026-08-16,Srinagar,orographic,0.2,6.7,9.2,7.5,7.5,6.82,0.2406,0.0092,0.0014
2026-08-16,Gangtok,orographic,4.3,1.8,3.3,1.9,1.9,3.3,0.0946,0.0016,0.0002
2026-08-16,Guwahati,orographic,9.9,12.6,15.7,14.9,14.9,7.76,0.3715,0.0242,0.0038
2026-08-16,Cherrapunji,orographic,15.3,10.6,13.7,12.7,12.7,7.63,0.3318,0.0185,0.0029
2026-08-16,Imphal,orographic,6.4,3.8,5.7,4.0,4.0,4.62,0.1588,0.0041,0.0006
2026-08-16,Agartala,orographic,5.5,7.4,10.0,8.3,8.3,6.99,0.2585,0.0107,0.0016
2026-08-16,Lucknow,normal,17.1,25.6,29.7,30.21,30.21,13.12,0.5198,0.0211,0.0029
2026-08-16,Patna,normal,3.3,0.1,0.6,0.6,0.6,1.69,0.0319,0.0001,0.0
2026-08-16,Varanasi,normal,23.8,5.0,7.2,7.8,7.8,6.43,0.1746,0.0017,0.0002
2026-08-16,Delhi,normal,4.9,0.2,0.8,0.8,0.8,2.83,0.035,0.0001,0.0
2026-08-16,Kanpur,normal,10.0,23.9,27.9,28.3,28.3,13.63,0.5017,0.0188,0.0026
2026-08-16,Ranchi,normal,1.8,5.3,7.6,8.2,8.2,7.44,0.1824,0.0018,0.0002
2026-08-16,Jodhpur,normal,0.0,0.0,0.0,0.0,0.0,0.29,0.0288,0.0001,0.0
2026-08-16,Bikaner,normal,0.0,0.0,0.0,0.0,0.0,0.29,0.0288,0.0001,0.0
2026-08-16,Jaisalmer,normal,0.0,0.0,0.0,0.0,0.0,0.29,0.0288,0.0001,0.0
2026-08-16,Hyderabad,normal,1.0,0.0,0.0,0.0,0.0,1.37,0.0288,0.0001,0.0
2026-08-16,Bengaluru,normal,0.2,0.0,0.0,0.0,0.0,1.14,0.0288,0.0001,0.0
2026-08-16,Pune,normal,0.7,0.6,1.5,1.6,1.6,2.64,0.0473,0.0002,0.0
2026-08-16,Kurnool,normal,1.2,0.0,0.0,0.0,0.0,1.14,0.0288,0.0001,0.0
2026-08-16,Madurai,normal,0.0,0.0,0.0,0.0,0.0,1.14,0.0288,0.0001,0.0
2026-08-17,Nagpur,normal,5.3,12.0,15.12,16.0,16.0,12.28,0.3305,0.0062,0.0008
2026-08-17,Bhopal,normal,7.3,10.3,13.3,13.9,13.9,13.28,0.2974,0.0049,0.0006
2026-08-17,Raipur,normal,20.7,18.5,22.26,23.2,23.2,16.77,0.435,0.0124,0.0017
2026-08-17,Jabalpur,depression,8.9,58.2,65.7,54.54,77.9,22.75,0.8396,0.1626,0.0141
2026-08-17,Akola,normal,5.0,7.1,9.6,10.22,10.22,8.63,0.2271,0.0028,0.0004
2026-08-17,Amravati,normal,7.1,2.7,4.4,5.0,5.0,4.96,0.1107,0.0007,0.0001
2026-08-17,Aurangabad,normal,0.5,0.4,1.2,1.2,1.2,3.09,0.0411,0.0001,0.0
2026-08-17,Bhubaneswar,normal,20.8,16.5,19.9,20.81,4.0,14.01,0.4061,0.0103,0.0014
2026-08-17,Mumbai,coastal,11.4,2.2,3.8,5.6,5.6,5.7,0.1361,0.0007,0.0001
2026-08-17,Thiruvananthapuram,coastal,4.3,0.0,0.0,0.0,0.0,1.64,0.0422,0.0001,0.0
2026-08-17,Kochi,coastal,8.2,0.8,1.8,2.82,2.82,4.39,0.0774,0.0003,0.0
2026-08-17,Mangaluru,coastal,5.1,8.2,10.9,12.9,12.9,10.8,0.334,0.0044,0.0003
2026-08-17,Panaji,coastal,14.9,10.8,13.9,16.0,16.0,12.6,0.3972,0.0067,0.0005
2026-08-17,Chennai,coastal,1.1,0.0,0.0,0.0,0.0,1.64,0.0422,0.0001,0.0
2026-08-17,Visakhapatnam,coastal,3.1,0.0,0.0,0.0,0.0,1.68,0.0422,0.0001,0.0
2026-08-17,Puri,coastal,23.5,3.7,5.6,7.9,1.5,8.4,0.1937,0.0014,0.0001
2026-08-17,Kolkata,coastal,28.6,16.5,19.9,22.2,22.2,15.78,0.5037,0.0132,0.001
2026-08-17,Surat,coastal,5.5,1.7,3.2,4.8,4.8,5.52,0.1157,0.0005,0.0
2026-08-17,Mahabaleshwar,orographic,23.6,5.4,7.7,5.9,5.9,11.71,0.2055,0.0067,0.001
2026-08-17,Munnar,orographic,2.5,2.6,4.3,2.8,2.8,7.55,0.121,0.0025,0.0004
2026-08-17,Madikeri,orographic,6.7,3.4,5.2,3.57,3.57,8.85,0.1464,0.0035,0.0005
2026-08-17,Ooty,orographic,0.2,4.8,7.0,5.2,5.2,9.37,0.1885,0.0057,0.0009
2026-08-17,Lonavala,orographic,15.0,10.1,13.1,12.0,12.0,15.81,0.3212,0.0172,0.0027
2026-08-17,Wayanad,orographic,2.2,0.9,2.0,1.03,1.03,4.39,0.064,0.0008,0.0001
2026-08-17,Shimla,orographic,4.6,5.6,7.9,6.2,6.2,6.16,0.2111,0.0071,0.0011
2026-08-17,Dehradun,orographic,14.4,22.9,26.8,30.86,30.86,13.34,0.5231,0.0616,0.0102
2026-08-17,Srinagar,orographic,0.1,12.8,15.9,15.1,15.1,8.56,0.3753,0.0249,0.0039
2026-08-17,Gangtok,orographic,21.1,7.0,9.5,7.9,7.9,5.44,0.2483,0.0099,0.0015
2026-08-17,Guwahati,orographic,39.1,16.9,20.5,21.9,21.9,10.44,0.4441,0.0384,0.0062
2026-08-17,Cherrapunji,orographic,101.7,37.4,44.0,55.1,55.1,16.42,0.6484,0.1292,0.0231
2026-08-17,Imphal,orographic,25.5,25.8,30.0,35.36,35.36,13.07,0.5543,0.074,0.0124
2026-08-17,Agartala,orographic,14.1,10.0,12.9,11.8,11.8,7.54,0.319,0.017,0.0026
2026-08-17,Lucknow,normal,17.2,14.5,17.8,19.0,19.0,13.28,0.3745,0.0084,0.0011
2026-08-17,Patna,normal,25.3,2.0,3.5,3.85,3.85,4.23,0.09,0.0005,0.0001
2026-08-17,Varanasi,normal,48.3,17.0,20.7,21.4,21.4,11.98,0.4136,0.0109,0.0015
2026-08-17,Delhi,normal,4.5,0.9,2.0,2.2,2.2,3.51,0.0566,0.0002,0.0
2026-08-17,Kanpur,normal,12.6,22.2,25.9,26.6,26.6,16.4,0.4823,0.0167,0.0023
2026-08-17,Ranchi,normal,12.3,20.8,24.46,25.4,25.4,13.83,0.4653,0.015,0.002
2026-08-17,Jodhpur,normal,0.0,0.0,0.0,0.0,0.0,0.3,0.0288,0.0001,0.0
2026-08-17,Bikaner,normal,0.0,0.0,0.0,0.0,0.0,0.3,0.0288,0.0001,0.0
2026-08-17,Jaisalmer,normal,0.0,0.0,0.0,0.0,0.0,0.3,0.0288,0.0001,0.0
2026-08-17,Hyderabad,normal,0.9,0.1,0.6,0.6,0.6,1.61,0.0319,0.0001,0.0
2026-08-17,Bengaluru,normal,1.2,0.0,0.0,0.0,0.0,1.16,0.0288,0.0001,0.0
2026-08-17,Pune,normal,2.1,0.0,0.0,0.0,0.0,1.92,0.0288,0.0001,0.0
2026-08-17,Kurnool,normal,0.5,0.0,0.0,0.0,0.0,1.16,0.0288,0.0001,0.0
2026-08-17,Madurai,normal,0.7,2.1,3.6,4.0,4.0,3.66,0.093,0.0005,0.0001
2026-08-18,Nagpur,normal,3.0,3.0,4.8,5.4,5.4,5.08,0.1194,0.0008,0.0001
2026-08-18,Bhopal,normal,1.0,2.1,3.6,4.0,4.0,4.42,0.093,0.0005,0.0001
2026-08-18,Raipur,depression,13.0,43.7,51.91,38.69,49.42,18.72,0.7936,0.1069,0.0087
2026-08-18,Jabalpur,normal,3.4,9.2,12.2,12.8,12.8,9.73,0.2745,0.0041,0.0005
2026-08-18,Akola,normal,0.6,1.7,3.1,3.4,3.4,4.23,0.081,0.0004,0.0001
2026-08-18,Amravati,normal,2.4,1.0,2.1,2.3,2.3,3.72,0.0596,0.0002,0.0
2026-08-18,Aurangabad,normal,2.5,0.5,1.3,1.4,1.4,2.81,0.0442,0.0002,0.0
2026-08-18,Bhubaneswar,normal,16.0,13.0,16.0,17.1,17.1,9.88,0.3487,0.0071,0.0009
2026-08-18,Mumbai,coastal,9.6,2.1,3.6,5.4,5.4,5.18,0.1321,0.0007,0.0001
2026-08-18,Thiruvananthapuram,coastal,0.5,0.0,0.0,0.0,0.0,1.51,0.0422,0.0001,0.0
2026-08-18,Kochi,coastal,3.6,0.0,0.0,0.0,0.0,2.17,0.0422,0.0001,0.0
2026-08-18,Mangaluru,coastal,8.4,3.9,5.9,8.1,8.1,7.99,0.2009,0.0015,0.0001
2026-08-18,Panaji,coastal,25.7,16.0,19.4,21.63,21.63,13.99,0.4958,0.0126,0.001
2026-08-18,Chennai,coastal,0.8,0.2,0.8,1.6,1.6,2.4,0.051,0.0001,0.0
2026-08-18,Visakhapatnam,coastal,2.3,0.0,0.0,0.0,0.0,1.51,0.0422,0.0001,0.0
2026-08-18,Puri,coastal,20.2,0.1,0.6,1.2,1.2,2.78,0.0466,0.0001,0.0
2026-08-18,Kolkata,coastal,8.8,4.0,6.0,8.2,8.2,8.3,0.2045,0.0015,0.0001
2026-08-18,Surat,coastal,4.3,1.0,2.1,3.16,3.16,4.28,0.086,0.0003,0.0
2026-08-18,Mahabaleshwar,orographic,29.9,6.2,8.5,6.9,6.9,11.12,0.2274,0.0082,0.0013
2026-08-18,Munnar,orographic,2.4,1.4,2.7,1.5,1.5,5.01,0.0811,0.0013,0.0002
2026-08-18,Madikeri,orographic,11.3,5.1,7.3,5.6,5.6,9.08,0.1971,0.0062,0.0009
2026-08-18,Ooty,orographic,5.7,3.0,4.8,3.2,3.2,6.75,0.1338,0.003,0.0005
2026-08-18,Lonavala,orographic,20.9,9.5,12.4,11.1,11.1,12.5,0.308,0.0157,0.0024
2026-08-18,Wayanad,orographic,3.7,0.2,0.8,0.3,0.3,2.82,0.0396,0.0004,0.0001
2026-08-18,Shimla,orographic,18.3,7.7,10.3,8.7,8.7,6.27,0.2659,0.0114,0.0018
2026-08-18,Dehradun,orographic,22.6,20.5,24.2,26.7,26.7,11.55,0.4941,0.0518,0.0085
2026-08-18,Srinagar,orographic,2.8,8.6,11.5,10.1,10.1,6.37,0.2875,0.0135,0.0021
2026-08-18,Gangtok,orographic,39.5,5.1,7.3,5.6,5.6,5.05,0.1971,0.0062,0.0009
2026-08-18,Guwahati,orographic,17.7,17.1,20.8,22.2,22.2,9.93,0.4471,0.0391,0.0063
2026-08-18,Cherrapunji,orographic,37.7,20.4,24.2,26.66,26.66,14.57,0.4928,0.0515,0.0084
2026-08-18,Imphal,orographic,2.6,12.8,15.9,15.1,15.1,8.81,0.3753,0.0249,0.0039
2026-08-18,Agartala,orographic,10.9,2.8,4.5,3.0,3.0,4.05,0.1275,0.0028,0.0004
2026-08-18,Lucknow,normal,10.1,10.7,13.8,14.5,14.5,9.28,0.3055,0.0052,0.0007
2026-08-18,Patna,normal,12.9,20.3,24.0,25.0,25.0,12.54,0.459,0.0145,0.002
2026-08-18,Varanasi,normal,24.5,17.5,21.2,22.16,22.16,11.93,0.4209,0.0114,0.0015
2026-08-18,Delhi,normal,3.0,2.1,3.6,4.0,4.0,4.53,0.093,0.0005,0.0001
2026-08-18,Kanpur,normal,10.4,6.4,8.8,9.2,9.2,8.26,0.2102,0.0024,0.0003
2026-08-18,Ranchi,normal,25.4,53.6,61.7,77.9,77.9,25.89,0.7042,0.0691,0.0101
2026-08-18,Jodhpur,normal,0.0,0.0,0.0,0.0,0.0,0.25,0.0288,0.0001,0.0
2026-08-18,Bikaner,normal,0.0,0.0,0.0,0.0,0.0,0.25,0.0288,0.0001,0.0
2026-08-18,Jaisalmer,normal,0.0,0.0,0.0,0.0,0.0,0.25,0.0288,0.0001,0.0
2026-08-18,Hyderabad,normal,1.6,0.8,1.7,1.8,1.8,2.87,0.0535,0.0002,0.0
2026-08-18,Bengaluru,normal,2.8,2.6,4.3,4.9,4.9,3.74,0.1078,0.0007,0.0001
2026-08-18,Pune,normal,2.5,0.5,1.3,1.4,1.4,2.2,0.0442,0.0002,0.0
2026-08-18,Kurnool,normal,3.1,0.0,0.0,0.0,0.0,1.0,0.0288,0.0001,0.0
2026-08-18,Madurai,normal,0.5,0.3,1.0,1.0,1.0,2.72,0.038,0.0001,0.0
2026-08-19,Nagpur,normal,4.8,13.7,17.0,18.26,18.26,9.87,0.361,0.0077,0.001
2026-08-19,Bhopal,normal,0.0,7.3,9.8,10.4,10.4,8.08,0.2319,0.0029,0.0004
2026-08-19,Raipur,normal,9.0,22.5,26.3,27.15,27.15,15.48,0.4858,0.0171,0.0023
2026-08-19,Jabalpur,normal,37.7,23.6,27.5,27.91,27.91,12.68,0.4983,0.0185,0.0025
2026-08-19,Akola,normal,0.4,1.9,3.4,3.7,3.7,4.3,0.087,0.0005,0.0001
2026-08-19,Amravati,normal,2.0,10.1,13.1,13.8,13.8,8.51,0.2934,0.0048,0.0006
2026-08-19,Aurangabad,normal,0.4,0.6,1.5,1.6,1.6,3.33,0.0473,0.0002,0.0
2026-08-19,Bhubaneswar,normal,3.6,11.6,14.8,15.5,15.5,9.32,0.323,0.0059,0.0008
2026-08-19,Mumbai,coastal,5.0,2.2,3.8,5.6,5.6,5.27,0.1361,0.0007,0.0001
2026-08-19,Thiruvananthapuram,coastal,2.0,0.0,0.0,0.0,0.0,1.55,0.0422,0.0001,0.0
2026-08-19,Kochi,coastal,5.0,0.8,1.8,2.82,2.82,3.7,0.0774,0.0003,0.0
2026-08-19,Mangaluru,coastal,18.8,2.4,4.1,5.9,5.9,6.51,0.1441,0.0008,0.0001
2026-08-19,Panaji,coastal,13.2,7.6,10.2,12.3,12.3,10.68,0.3178,0.0039,0.0003
2026-08-19,Chennai,coastal,8.4,0.0,0.0,0.0,0.0,1.58,0.0422,0.0001,0.0
2026-08-19,Visakhapatnam,coastal,2.8,0.0,0.0,0.0,0.0,1.55,0.0422,0.0001,0.0
2026-08-19,Puri,coastal,2.1,1.7,3.1,4.7,4.7,4.31,0.1157,0.0005,0.0
2026-08-19,Kolkata,coastal,4.3,0.0,0.0,0.0,0.0,2.43,0.0422,0.0001,0.0
2026-08-19,Surat,coastal,1.4,1.2,2.4,3.7,3.7,4.69,0.0946,0.0004,0.0
2026-08-19,Mahabaleshwar,orographic,18.8,6.9,9.4,7.8,7.8,13.37,0.2458,0.0097,0.0015
2026-08-19,Munnar,orographic,7.5,4.0,6.0,4.2,4.2,7.89,0.1648,0.0044,0.0007
2026-08-19,Madikeri,orographic,11.4,1.5,2.8,1.6,1.6,5.97,0.0845,0.0013,0.0002
2026-08-19,Ooty,orographic,4.9,4.6,6.8,5.0,5.0,9.31,0.1826,0.0054,0.0008
2026-08-19,Lonavala,orographic,18.0,10.8,13.9,12.9,12.9,14.49,0.336,0.0191,0.003
2026-08-19,Wayanad,orographic,0.5,0.5,1.3,0.6,0.6,3.49,0.0501,0.0006,0.0001
2026-08-19,Shimla,orographic,6.9,6.7,9.2,7.5,7.5,6.41,0.2406,0.0092,0.0014
2026-08-19,Dehradun,orographic,5.4,20.8,24.46,27.1,27.1,11.34,0.4979,0.053,0.0087
2026-08-19,Srinagar,orographic,6.8,14.8,18.1,18.2,18.2,8.65,0.4106,0.0312,0.005
2026-08-19,Gangtok,orographic,6.8,8.1,10.8,9.4,9.4,6.4,0.2756,0.0123,0.0019
2026-08-19,Guwahati,orographic,26.8,19.0,22.9,24.8,24.8,12.02,0.4743,0.0461,0.0075
2026-08-19,Cherrapunji,orographic,7.5,8.3,11.1,9.7,9.7,7.55,0.2804,0.0128,0.002
2026-08-19,Imphal,orographic,0.8,3.5,5.35,3.6,3.6,4.36,0.1495,0.0037,0.0006
2026-08-19,Agartala,orographic,2.3,0.0,0.0,0.0,0.0,1.76,0.0327,0.0003,0.0
2026-08-19,Lucknow,normal,6.9,10.2,13.2,13.8,13.8,8.86,0.2954,0.0048,0.0006
2026-08-19,Patna,normal,2.0,0.0,0.0,0.0,0.0,2.25,0.0288,0.0001,0.0
2026-08-19,Varanasi,normal,14.3,10.2,13.2,13.8,13.8,9.59,0.2954,0.0048,0.0006
2026-08-19,Delhi,normal,5.2,0.8,1.8,1.9,1.9,4.06,0.0535,0.0002,0.0
2026-08-19,Kanpur,normal,10.0,5.6,7.9,8.4,8.4,7.18,0.1902,0.0019,0.0003
2026-08-19,Ranchi,normal,4.5,5.2,7.5,8.0,8.0,8.34,0.1798,0.0017,0.0002
2026-08-19,Jodhpur,normal,0.0,0.0,0.0,0.0,0.0,0.27,0.0288,0.0001,0.0
2026-08-19,Bikaner,normal,0.0,0.0,0.0,0.0,0.0,0.27,0.0288,0.0001,0.0
2026-08-19,Jaisalmer,normal,0.0,0.0,0.0,0.0,0.0,0.27,0.0288,0.0001,0.0
2026-08-19,Hyderabad,normal,3.0,0.2,0.8,0.8,0.8,2.46,0.035,0.0001,0.0
2026-08-19,Bengaluru,normal,6.8,0.0,0.0,0.0,0.0,1.91,0.0288,0.0001,0.0
2026-08-19,Pune,normal,0.4,0.7,1.62,1.8,1.8,3.03,0.0504,0.0002,0.0
2026-08-19,Kurnool,normal,3.9,0.0,0.0,0.0,0.0,1.03,0.0288,0.0001,0.0
2026-08-19,Madurai,normal,3.5,0.3,1.0,1.0,1.0,2.38,0.038,0.0001,0.0
2026-08-20,Nagpur,normal,1.0,0.9,2.0,2.2,2.2,3.3,0.0566,0.0002,0.0
2026-08-20,Bhopal,normal,4.4,11.4,14.6,15.2,15.2,7.05,0.3192,0.0057,0.0008
2026-08-20,Raipur,normal,0.3,1.8,3.3,3.6,3.6,3.66,0.084,0.0004,0.0001
2026-08-20,Jabalpur,normal,22.7,16.4,19.7,20.8,20.8,9.0,0.4046,0.0102,0.0014
2026-08-20,Akola,normal,0.4,0.5,1.3,1.4,1.4,2.39,0.0442,0.0002,0.0
2026-08-20,Amravati,normal,3.4,1.1,2.3,2.4,2.4,3.28,0.0627,0.0003,0.0
2026-08-20,Aurangabad,normal,1.1,0.1,0.6,0.6,0.6,1.66,0.0319,0.0001,0.0
2026-08-20,Bhubaneswar,normal,2.7,0.1,0.6,0.6,0.6,2.1,0.0319,0.0001,0.0
2026-08-20,Mumbai,coastal,2.1,3.9,5.9,8.1,8.1,6.87,0.2009,0.0015,0.0001
2026-08-20,Thiruvananthapuram,coastal,1.9,0.0,0.0,0.0,0.0,1.5,0.0422,0.0001,0.0
2026-08-20,Kochi,coastal,2.8,3.2,5.0,7.2,7.2,6.05,0.1751,0.0011,0.0001
2026-08-20,Mangaluru,coastal,5.1,3.5,5.35,7.5,7.5,6.57,0.1863,0.0013,0.0001
2026-08-20,Panaji,coastal,9.7,5.9,8.2,10.5,10.5,9.99,0.2679,0.0027,0.0002
2026-08-20,Chennai,coastal,2.6,0.0,0.0,0.0,0.0,1.5,0.0422,0.0001,0.0
2026-08-20,Visakhapatnam,coastal,2.9,0.1,0.6,1.2,1.2,2.01,0.0466,0.0001,0.0
2026-08-20,Puri,coastal,3.1,1.8,3.3,4.9,4.9,4.78,0.1198,0.0006,0.0
2026-08-20,Kolkata,coastal,1.5,0.9,2.0,3.0,3.0,3.42,0.0817,0.0003,0.0
2026-08-20,Surat,coastal,3.5,0.6,1.5,2.5,2.5,4.11,0.0686,0.0002,0.0
2026-08-20,Mahabaleshwar,orographic,19.7,7.1,9.6,8.0,8.0,11.05,0.2509,0.0101,0.0015
2026-08-20,Munnar,orographic,5.1,3.4,5.2,3.57,3.57,6.28,0.1464,0.0035,0.0005
2026-08-20,Madikeri,orographic,13.8,1.6,3.0,1.6,1.6,4.06,0.0879,0.0014,0.0002
2026-08-20,Ooty,orographic,8.2,4.2,6.2,4.5,4.5,7.49,0.1708,0.0047,0.0007
2026-08-20,Lonavala,orographic,11.3,12.6,15.7,14.9,14.9,13.13,0.3715,0.0242,0.0038
2026-08-20,Wayanad,orographic,1.7,0.1,0.6,0.2,0.2,2.02,0.0362,0.0003,0.0
2026-08-20,Shimla,orographic,6.0,7.1,9.6,8.0,8.0,5.52,0.2509,0.0101,0.0015
2026-08-20,Dehradun,orographic,6.9,11.5,14.7,13.8,13.8,6.57,0.3502,0.021,0.0033
2026-08-20,Srinagar,orographic,0.3,14.0,17.3,17.17,17.17,7.81,0.3969,0.0286,0.0045
2026-08-20,Gangtok,orographic,8.4,2.9,4.7,3.1,3.1,3.08,0.1307,0.0029,0.0004
2026-08-20,Guwahati,orographic,9.8,7.4,10.0,8.3,8.3,6.31,0.2585,0.0107,0.0016
2026-08-20,Cherrapunji,orographic,4.5,8.1,10.8,9.4,9.4,5.78,0.2756,0.0123,0.0019
2026-08-20,Imphal,orographic,5.0,5.3,7.6,5.8,5.8,4.06,0.2027,0.0066,0.001
2026-08-20,Agartala,orographic,1.2,0.9,2.0,1.03,1.03,1.44,0.064,0.0008,0.0001
2026-08-20,Lucknow,normal,4.0,1.0,2.1,2.3,2.3,4.25,0.0596,0.0002,0.0
2026-08-20,Patna,normal,0.6,0.0,0.0,0.0,0.0,0.84,0.0288,0.0001,0.0
2026-08-20,Varanasi,normal,9.6,3.6,5.5,6.2,6.2,6.01,0.1365,0.001,0.0001
2026-08-20,Delhi,normal,4.5,0.4,1.2,1.2,1.2,3.03,0.0411,0.0001,0.0
2026-08-20,Kanpur,normal,18.4,10.1,13.1,13.8,13.8,8.29,0.2934,0.0048,0.0006
2026-08-20,Ranchi,normal,2.7,0.3,1.0,1.0,1.0,3.2,0.038,0.0001,0.0
2026-08-20,Jodhpur,normal,0.0,0.0,0.0,0.0,0.0,0.2,0.0288,0.0001,0.0
2026-08-20,Bikaner,normal,0.0,0.0,0.0,0.0,0.0,0.2,0.0288,0.0001,0.0
2026-08-20,Jaisalmer,normal,0.0,0.0,0.0,0.0,0.0,0.2,0.0288,0.0001,0.0
2026-08-20,Hyderabad,normal,1.1,0.5,1.3,1.4,1.4,2.07,0.0442,0.0002,0.0
2026-08-20,Bengaluru,normal,5.2,0.0,0.0,0.0,0.0,0.79,0.0288,0.0001,0.0
2026-08-20,Pune,normal,0.4,0.2,0.8,0.8,0.8,1.94,0.035,0.0001,0.0
2026-08-20,Kurnool,normal,1.1,0.1,0.6,0.6,0.6,1.14,0.0319,0.0001,0.0
2026-08-20,Madurai,normal,0.8,1.3,2.5,2.8,2.8,2.6,0.0688,0.0003,0.0
2026-08-21,Nagpur,normal,7.3,5.3,7.6,8.2,8.2,5.18,0.1824,0.0018,0.0002
2026-08-21,Bhopal,normal,1.8,9.6,12.6,13.2,13.2,7.01,0.283,0.0044,0.0006
2026-08-21,Raipur,normal,4.5,9.6,12.6,13.2,13.2,6.24,0.283,0.0044,0.0006
2026-08-21,Jabalpur,normal,35.8,9.1,12.1,12.7,12.7,7.35,0.2724,0.004,0.0005
2026-08-21,Akola,normal,0.4,0.0,0.0,0.0,0.0,1.14,0.0288,0.0001,0.0
2026-08-21,Amravati,normal,2.4,4.5,6.6,7.2,7.2,4.74,0.1613,0.0014,0.0002
2026-08-21,Aurangabad,normal,4.2,0.1,0.6,0.6,0.6,1.38,0.0319,0.0001,0.0
2026-08-21,Bhubaneswar,normal,10.6,3.3,5.2,5.9,5.9,3.54,0.128,0.0009,0.0001
2026-08-21,Mumbai,coastal,9.9,3.1,4.9,7.0,7.0,6.62,0.1713,0.0011,0.0001
2026-08-21,Thiruvananthapuram,coastal,0.3,0.0,0.0,0.0,0.0,1.51,0.0422,0.0001,0.0
2026-08-21,Kochi,coastal,0.9,0.4,1.2,2.1,2.1,3.91,0.0599,0.0002,0.0
2026-08-21,Mangaluru,coastal,3.0,4.0,6.0,8.2,8.2,7.87,0.2045,0.0015,0.0001
2026-08-21,Panaji,coastal,6.7,4.7,6.9,9.24,9.24,8.67,0.2288,0.0019,0.0001
2026-08-21,Chennai,coastal,3.5,0.0,0.0,0.0,0.0,1.51,0.0422,0.0001,0.0
2026-08-21,Visakhapatnam,coastal,2.0,0.0,0.0,0.0,0.0,1.54,0.0422,0.0001,0.0
2026-08-21,Puri,coastal,6.9,1.9,3.4,5.1,5.1,4.92,0.1239,0.0006,0.0
2026-08-21,Kolkata,coastal,4.3,0.3,1.0,1.9,1.9,3.14,0.0554,0.0002,0.0
2026-08-21,Surat,coastal,4.8,1.4,2.7,4.1,4.1,4.29,0.1031,0.0004,0.0
2026-08-21,Mahabaleshwar,orographic,16.4,5.6,7.9,6.2,6.2,8.99,0.2111,0.0071,0.0011
2026-08-21,Munnar,orographic,1.3,0.5,1.3,0.6,0.6,3.88,0.0501,0.0006,0.0001
2026-08-21,Madikeri,orographic,7.6,3.0,4.8,3.2,3.2,5.14,0.1338,0.003,0.0005
2026-08-21,Ooty,orographic,0.4,1.2,2.4,1.3,1.3,4.58,0.0743,0.0011,0.0002
2026-08-21,Lonavala,orographic,19.0,10.1,13.1,12.0,12.0,11.99,0.3212,0.0172,0.0027
2026-08-21,Wayanad,orographic,2.1,2.7,4.4,2.9,2.9,4.59,0.1242,0.0026,0.0004
2026-08-21,Shimla,orographic,5.2,11.1,14.2,13.3,13.3,6.2,0.3421,0.0199,0.0031
2026-08-21,Dehradun,orographic,6.3,15.6,19.0,19.22,19.22,7.67,0.4238,0.0338,0.0054
2026-08-21,Srinagar,orographic,0.3,12.8,15.9,15.1,15.1,7.32,0.3753,0.0249,0.0039
2026-08-21,Gangtok,orographic,19.0,5.0,7.2,5.5,5.5,3.93,0.1942,0.006,0.0009
2026-08-21,Guwahati,orographic,28.0,5.2,7.5,5.6,5.6,4.74,0.1999,0.0064,0.001
2026-08-21,Cherrapunji,orographic,6.1,16.7,20.2,21.5,21.5,8.45,0.4411,0.0376,0.0061
2026-08-21,Imphal,orographic,1.3,7.6,10.2,8.6,8.6,5.75,0.2634,0.0112,0.0017
2026-08-21,Agartala,orographic,7.7,0.1,0.6,0.2,0.2,1.64,0.0362,0.0003,0.0
2026-08-21,Lucknow,normal,9.4,2.1,3.6,4.0,4.0,4.04,0.093,0.0005,0.0001
2026-08-21,Patna,normal,0.8,0.0,0.0,0.0,0.0,0.85,0.0288,0.0001,0.0
2026-08-21,Varanasi,normal,3.5,9.3,12.2,12.8,12.8,7.39,0.2767,0.0042,0.0006
2026-08-21,Delhi,normal,0.9,1.4,2.7,3.0,3.0,3.44,0.0719,0.0003,0.0
2026-08-21,Kanpur,normal,10.5,0.3,1.0,1.0,1.0,3.3,0.038,0.0001,0.0
2026-08-21,Ranchi,normal,1.9,3.1,4.9,5.5,5.5,4.58,0.1223,0.0009,0.0001
2026-08-21,Jodhpur,normal,0.0,0.0,0.0,0.0,0.0,0.24,0.0288,0.0001,0.0
2026-08-21,Bikaner,normal,0.0,0.0,0.0,0.0,0.0,0.24,0.0288,0.0001,0.0
2026-08-21,Jaisalmer,normal,0.0,0.0,0.0,0.0,0.0,0.24,0.0288,0.0001,0.0
2026-08-21,Hyderabad,normal,0.2,0.3,1.0,1.0,1.0,1.94,0.038,0.0001,0.0
2026-08-21,Bengaluru,normal,2.0,0.2,0.8,0.8,0.8,1.3,0.035,0.0001,0.0
2026-08-21,Pune,normal,1.3,0.1,0.6,0.6,0.6,1.43,0.0319,0.0001,0.0
2026-08-21,Kurnool,normal,1.1,0.0,0.0,0.0,0.0,1.03,0.0288,0.0001,0.0
2026-08-21,Madurai,normal,0.7,0.0,0.0,0.0,0.0,1.59,0.0288,0.0001,0.0
2026-08-22,Nagpur,normal,7.5,4.5,6.6,7.2,8.69,7.37,0.1613,0.0014,0.0002
2026-08-22,Bhopal,normal,13.7,20.0,23.7,24.7,27.46,13.54,0.4551,0.0141,0.0019
2026-08-22,Raipur,normal,32.1,33.4,38.6,40.81,36.71,15.83,0.5893,0.0324,0.0045
2026-08-22,Jabalpur,normal,36.3,8.4,11.2,12.0,12.4,9.23,0.2571,0.0036,0.0005
2026-08-22,Akola,normal,2.3,1.4,2.7,3.0,4.05,3.2,0.0719,0.0003,0.0
2026-08-22,Amravati,normal,1.9,5.3,7.6,8.2,9.28,7.27,0.1824,0.0018,0.0002
2026-08-22,Aurangabad,normal,2.7,0.4,1.2,1.2,1.6,2.88,0.0411,0.0001,0.0
2026-08-22,Bhubaneswar,normal,47.4,33.7,38.8,41.4,19.54,16.11,0.5916,0.0329,0.0046
2026-08-22,Mumbai,coastal,16.7,2.3,4.0,5.8,5.8,6.51,0.1401,0.0008,0.0001
2026-08-22,Thiruvananthapuram,coastal,1.5,0.0,0.0,0.0,0.0,1.57,0.0422,0.0001,0.0
2026-08-22,Kochi,coastal,3.8,0.8,1.8,2.82,2.82,4.07,0.0774,0.0003,0.0
2026-08-22,Mangaluru,coastal,11.4,3.1,4.9,7.0,7.0,6.97,0.1713,0.0011,0.0001
2026-08-22,Panaji,coastal,13.3,9.1,12.1,14.1,14.1,11.13,0.3572,0.0052,0.0004
2026-08-22,Chennai,coastal,0.1,0.0,0.0,0.0,0.0,1.57,0.0422,0.0001,0.0
2026-08-22,Visakhapatnam,coastal,20.9,12.7,15.8,17.4,17.4,12.45,0.437,0.0087,0.0007
2026-08-22,Puri,coastal,39.5,12.2,15.3,17.1,1.6,12.46,0.427,0.0082,0.0006
2026-08-22,Kolkata,coastal,2.4,1.2,2.4,3.56,3.56,4.4,0.0946,0.0004,0.0
2026-08-22,Surat,coastal,3.3,1.0,2.1,3.16,3.16,4.43,0.086,0.0003,0.0
2026-08-22,Mahabaleshwar,orographic,24.3,6.0,8.3,6.7,6.7,12.92,0.222,0.0079,0.0012
2026-08-22,Munnar,orographic,5.3,3.6,5.5,3.8,3.8,7.45,0.1526,0.0038,0.0006
2026-08-22,Madikeri,orographic,12.1,1.9,3.4,2.0,2.0,6.36,0.098,0.0017,0.0003
2026-08-22,Ooty,orographic,12.5,4.0,6.0,4.2,4.2,8.09,0.1648,0.0044,0.0007
2026-08-22,Lonavala,orographic,19.0,11.4,14.6,13.8,13.8,15.46,0.3482,0.0208,0.0033
2026-08-22,Wayanad,orographic,2.7,0.1,0.6,0.2,0.2,3.2,0.0362,0.0003,0.0
2026-08-22,Shimla,orographic,4.8,2.5,4.2,2.8,2.8,3.79,0.1178,0.0024,0.0004
2026-08-22,Dehradun,orographic,6.3,12.5,15.62,14.8,14.8,8.67,0.3696,0.024,0.0038
2026-08-22,Srinagar,orographic,1.9,3.9,5.9,4.1,4.1,4.86,0.1618,0.0043,0.0006
2026-08-22,Gangtok,orographic,16.5,17.9,21.5,23.3,23.3,9.8,0.4589,0.042,0.0068
2026-08-22,Guwahati,orographic,4.9,24.8,28.8,33.71,33.71,12.39,0.5439,0.0696,0.0116
2026-08-22,Cherrapunji,orographic,7.5,28.9,33.56,40.4,40.4,14.6,0.5837,0.088,0.015
2026-08-22,Imphal,orographic,1.2,17.7,21.4,23.1,23.1,10.36,0.456,0.0412,0.0067
2026-08-22,Agartala,orographic,15.7,1.7,3.1,1.7,1.7,2.53,0.0913,0.0015,0.0002
2026-08-22,Lucknow,normal,15.8,4.2,6.2,6.9,8.4,6.19,0.1531,0.0013,0.0002
2026-08-22,Patna,normal,17.0,0.0,0.0,0.0,0.0,1.0,0.0288,0.0001,0.0
2026-08-22,Varanasi,normal,19.4,0.1,0.6,0.6,0.8,2.92,0.0319,0.0001,0.0
2026-08-22,Delhi,normal,8.0,0.7,1.6,1.7,2.31,4.13,0.0504,0.0002,0.0
2026-08-22,Kanpur,normal,25.2,9.8,12.7,13.3,14.7,8.12,0.2872,0.0045,0.0006
2026-08-22,Ranchi,normal,7.6,7.7,10.3,11.0,11.83,7.96,0.2412,0.0031,0.0004
2026-08-22,Jodhpur,normal,0.0,0.0,0.0,0.0,0.0,0.27,0.0288,0.0001,0.0
2026-08-22,Bikaner,normal,0.0,0.0,0.0,0.0,0.0,0.27,0.0288,0.0001,0.0
2026-08-22,Jaisalmer,normal,0.0,0.0,0.0,0.0,0.0,0.27,0.0288,0.0001,0.0
2026-08-22,Hyderabad,normal,0.4,0.1,0.6,0.6,0.8,1.96,0.0319,0.0001,0.0
2026-08-22,Bengaluru,normal,3.6,0.0,0.0,0.0,0.0,1.33,0.0288,0.0001,0.0
2026-08-22,Pune,normal,2.3,0.0,0.0,0.0,0.0,1.33,0.0288,0.0001,0.0
2026-08-22,Kurnool,normal,1.0,0.1,0.6,0.6,0.8,1.53,0.0319,0.0001,0.0
2026-08-22,Madurai,normal,0.1,0.0,0.0,0.0,0.0,1.1,0.0288,0.0001,0.0
2026-08-23,Nagpur,active,5.7,28.5,33.1,36.71,34.75,15.96,0.6534,0.0316,0.0077
2026-08-23,Bhopal,active,1.0,19.3,23.1,24.87,24.0,17.25,0.5558,0.0169,0.004
2026-08-23,Raipur,active,15.2,9.1,12.1,13.07,12.7,11.87,0.3679,0.0051,0.0012
2026-08-23,Jabalpur,active,11.9,9.0,12.0,12.6,12.62,10.31,0.3654,0.005,0.0012
2026-08-23,Akola,depression,5.1,69.8,77.9,65.53,80.7,24.29,0.8643,0.209,0.0191
2026-08-23,Amravati,depression,9.9,36.7,43.2,25.3,44.6,18.67,0.7614,0.082,0.0064
2026-08-23,Aurangabad,active,2.2,0.4,1.1,1.5,1.1,2.89,0.0625,0.0002,0.0
2026-08-23,Bhubaneswar,active,44.5,8.3,11.1,12.38,1.5,11.87,0.3471,0.0045,0.001
2026-08-23,Mumbai,coastal,6.3,2.7,4.4,6.3,6.3,6.21,0.156,0.0009,0.0001
2026-08-23,Thiruvananthapuram,coastal,6.1,0.0,0.0,0.0,0.0,1.43,0.0422,0.0001,0.0
2026-08-23,Kochi,coastal,11.4,0.0,0.0,0.0,0.0,2.14,0.0422,0.0001,0.0
2026-08-23,Mangaluru,coastal,13.3,10.9,14.0,16.1,16.1,11.42,0.3994,0.0068,0.0005
2026-08-23,Panaji,coastal,11.2,10.4,13.5,15.67,15.67,12.16,0.3882,0.0064,0.0005
2026-08-23,Chennai,coastal,12.9,0.1,0.6,1.2,1.2,1.97,0.0466,0.0001,0.0
2026-08-23,Visakhapatnam,coastal,7.0,4.6,6.7,9.2,9.2,8.89,0.2254,0.0019,0.0001
2026-08-23,Puri,coastal,58.2,10.6,13.7,15.8,1.5,12.24,0.3927,0.0066,0.0005
2026-08-23,Kolkata,coastal,2.6,5.5,7.8,10.0,10.0,8.37,0.2552,0.0024,0.0002
2026-08-23,Surat,coastal,3.4,0.7,1.62,2.7,2.7,4.12,0.073,0.0002,0.0
2026-08-23,Mahabaleshwar,orographic,23.0,5.8,8.1,6.4,6.4,13.42,0.2166,0.0075,0.0011
2026-08-23,Munnar,orographic,16.7,0.3,1.0,0.4,0.4,4.2,0.0431,0.0004,0.0001
2026-08-23,Madikeri,orographic,18.3,3.8,5.7,4.0,4.0,8.37,0.1588,0.0041,0.0006
2026-08-23,Ooty,orographic,2.4,0.9,2.0,1.03,1.03,5.54,0.064,0.0008,0.0001
2026-08-23,Lonavala,orographic,10.6,8.5,11.4,9.9,9.9,15.01,0.2851,0.0132,0.002
2026-08-23,Wayanad,orographic,4.0,0.2,0.8,0.3,0.3,2.54,0.0396,0.0004,0.0001
2026-08-23,Shimla,orographic,1.6,3.2,5.0,3.4,3.4,3.39,0.1402,0.0033,0.0005
2026-08-23,Dehradun,orographic,12.1,24.2,28.3,33.2,33.2,11.92,0.5375,0.0671,0.0112
2026-08-23,Srinagar,orographic,3.5,2.0,3.5,2.1,2.1,2.84,0.1013,0.0018,0.0003
2026-08-23,Gangtok,orographic,4.0,14.2,17.5,17.4,17.4,10.78,0.4004,0.0292,0.0046
2026-08-23,Guwahati,orographic,6.9,32.0,36.6,45.0,45.0,18.17,0.6097,0.1026,0.0178
2026-08-23,Cherrapunji,orographic,13.7,11.5,14.7,13.8,13.8,9.55,0.3502,0.021,0.0033
2026-08-23,Imphal,orographic,9.4,8.7,11.53,10.2,10.2,8.72,0.2898,0.0137,0.0021
2026-08-23,Agartala,orographic,8.3,0.7,1.6,0.8,0.8,2.9,0.057,0.0007,0.0001
2026-08-23,Lucknow,active,5.5,1.1,2.3,3.16,2.4,4.6,0.0942,0.0003,0.0001
2026-08-23,Patna,active,9.1,0.3,1.0,1.32,1.0,1.94,0.0579,0.0002,0.0
2026-08-23,Varanasi,active,5.7,8.2,10.9,12.28,11.8,7.19,0.3444,0.0044,0.001
2026-08-23,Delhi,active,8.2,0.1,0.6,0.8,0.6,2.32,0.0487,0.0001,0.0
2026-08-23,Kanpur,active,7.4,6.1,8.4,9.87,8.9,8.22,0.2834,0.0028,0.0006
2026-08-23,Ranchi,active,11.6,3.8,5.7,7.28,6.4,6.77,0.2048,0.0014,0.0003
2026-08-23,Jodhpur,active,0.2,0.0,0.0,0.0,0.0,0.21,0.0441,0.0001,0.0
2026-08-23,Bikaner,active,0.0,0.0,0.0,0.0,0.0,0.21,0.0441,0.0001,0.0
2026-08-23,Jaisalmer,active,0.0,0.0,0.0,0.0,0.0,0.21,0.0441,0.0001,0.0
2026-08-23,Hyderabad,active,11.0,1.6,3.0,4.2,3.3,3.21,0.1162,0.0005,0.0001
2026-08-23,Bengaluru,active,9.8,0.0,0.0,0.0,0.0,1.02,0.0441,0.0001,0.0
2026-08-23,Pune,active,2.2,0.4,1.2,1.6,1.2,2.14,0.0625,0.0002,0.0
2026-08-23,Kurnool,active,13.3,1.4,2.7,4.05,3.0,3.1,0.1075,0.0004,0.0001
2026-08-23,Madurai,active,1.3,0.0,0.0,0.0,0.0,1.02,0.0441,0.0001,0.0
2026-08-24,Nagpur,normal,6.7,23.2,27.1,27.4,27.4,14.25,0.4938,0.0179,0.0025
2026-08-24,Bhopal,normal,5.7,19.7,23.36,24.46,24.46,13.72,0.4512,0.0138,0.0019
2026-08-24,Raipur,normal,23.4,17.8,21.4,22.4,22.4,11.35,0.4252,0.0117,0.0016
2026-08-24,Jabalpur,normal,13.6,7.3,9.8,10.4,10.4,8.95,0.2319,0.0029,0.0004
2026-08-24,Akola,normal,1.1,4.6,6.7,7.2,7.2,8.11,0.1639,0.0015,0.0002
2026-08-24,Amravati,normal,0.8,11.2,14.4,15.0,15.0,11.46,0.3153,0.0056,0.0007
2026-08-24,Aurangabad,normal,1.0,0.1,0.6,0.6,0.6,2.09,0.0319,0.0001,0.0
2026-08-24,Bhubaneswar,normal,48.4,21.5,25.3,25.7,7.19,13.22,0.4739,0.0159,0.0022
2026-08-24,Mumbai,coastal,4.4,3.0,4.8,6.9,6.9,6.48,0.1675,0.0011,0.0001
2026-08-24,Thiruvananthapuram,coastal,12.8,0.0,0.0,0.0,0.0,1.57,0.0422,0.0001,0.0
2026-08-24,Kochi,coastal,36.1,0.3,1.0,1.9,1.9,2.76,0.0554,0.0002,0.0
2026-08-24,Mangaluru,coastal,29.3,26.7,31.11,37.4,37.4,17.44,0.6268,0.0287,0.0023
2026-08-24,Panaji,coastal,14.0,8.5,11.4,13.4,13.4,11.49,0.3419,0.0047,0.0004
2026-08-24,Chennai,coastal,7.6,0.6,1.5,2.5,2.5,3.88,0.0686,0.0002,0.0
2026-08-24,Visakhapatnam,coastal,20.8,0.0,0.0,0.0,0.0,2.47,0.0422,0.0001,0.0
2026-08-24,Puri,coastal,31.3,8.2,11.0,13.0,1.5,11.29,0.334,0.0044,0.0003
2026-08-24,Kolkata,coastal,18.4,1.7,3.2,4.8,4.8,5.79,0.1157,0.0005,0.0
2026-08-24,Surat,coastal,1.7,0.5,1.3,2.2,2.2,3.98,0.0643,0.0002,0.0
2026-08-24,Mahabaleshwar,orographic,15.9,4.6,6.8,5.0,5.0,10.33,0.1826,0.0054,0.0008
2026-08-24,Munnar,orographic,35.2,1.8,3.3,1.9,1.9,4.91,0.0946,0.0016,0.0002
2026-08-24,Madikeri,orographic,21.8,4.5,6.6,4.8,4.8,9.37,0.1797,0.0052,0.0008
2026-08-24,Ooty,orographic,7.3,2.9,4.6,3.1,3.1,6.05,0.1307,0.0029,0.0004
2026-08-24,Lonavala,orographic,10.5,7.6,10.2,8.6,8.6,13.84,0.2634,0.0112,0.0017
2026-08-24,Wayanad,orographic,10.5,1.2,2.4,1.3,1.3,4.25,0.0743,0.0011,0.0002
2026-08-24,Shimla,orographic,0.8,1.7,3.2,1.8,1.8,2.68,0.0913,0.0015,0.0002
2026-08-24,Dehradun,orographic,15.2,6.9,9.4,7.8,7.8,7.42,0.2458,0.0097,0.0015
2026-08-24,Srinagar,orographic,0.0,4.0,6.0,4.2,4.2,3.58,0.1648,0.0044,0.0007
2026-08-24,Gangtok,orographic,3.6,11.6,14.8,13.93,13.93,7.95,0.3522,0.0213,0.0033
2026-08-24,Guwahati,orographic,10.3,18.2,22.0,23.6,23.6,13.04,0.4631,0.0431,0.007
2026-08-24,Cherrapunji,orographic,32.8,20.4,24.2,26.66,26.66,11.75,0.4928,0.0515,0.0084
2026-08-24,Imphal,orographic,7.9,8.4,11.2,9.79,9.79,7.15,0.2828,0.013,0.002
2026-08-24,Agartala,orographic,2.2,0.2,0.8,0.3,0.3,2.16,0.0396,0.0004,0.0001
2026-08-24,Lucknow,normal,10.4,8.8,11.7,12.4,12.4,7.93,0.2659,0.0038,0.0005
2026-08-24,Patna,normal,13.9,0.3,1.0,1.0,1.0,2.71,0.038,0.0001,0.0
2026-08-24,Varanasi,normal,14.7,17.0,20.7,21.4,21.4,11.72,0.4136,0.0109,0.0015
2026-08-24,Delhi,normal,6.9,0.4,1.2,1.2,1.2,3.0,0.0411,0.0001,0.0
2026-08-24,Kanpur,normal,2.5,2.0,3.5,3.85,3.85,5.26,0.09,0.0005,0.0001
2026-08-24,Ranchi,normal,16.8,10.6,13.7,14.22,14.22,8.6,0.3035,0.0051,0.0007
2026-08-24,Jodhpur,normal,0.1,0.0,0.0,0.0,0.0,0.27,0.0288,0.0001,0.0
2026-08-24,Bikaner,normal,0.0,0.0,0.0,0.0,0.0,0.27,0.0288,0.0001,0.0
2026-08-24,Jaisalmer,normal,0.0,0.0,0.0,0.0,0.0,0.27,0.0288,0.0001,0.0
2026-08-24,Hyderabad,normal,2.9,1.3,2.5,2.8,2.8,3.72,0.0688,0.0003,0.0
2026-08-24,Bengaluru,normal,18.2,0.0,0.0,0.0,0.0,1.05,0.0288,0.0001,0.0
2026-08-24,Pune,normal,1.6,0.2,0.8,0.8,0.8,2.16,0.035,0.0001,0.0
2026-08-24,Kurnool,normal,5.3,0.4,1.2,1.2,1.2,2.98,0.0411,0.0001,0.0
2026-08-24,Madurai,normal,1.7,0.3,1.0,1.0,1.0,1.92,0.038,0.0001,0.0
2026-08-25,Nagpur,normal,4.9,8.4,11.2,12.0,12.0,8.84,0.2571,0.0036,0.0005
2026-08-25,Bhopal,normal,2.8,22.7,26.6,27.2,27.2,12.72,0.4881,0.0173,0.0024
2026-08-25,Raipur,normal,22.3,4.1,6.1,6.7,6.7,6.55,0.1504,0.0013,0.0002
2026-08-25,Jabalpur,normal,13.4,18.1,21.8,22.61,22.61,10.6,0.4295,0.012,0.0016
2026-08-25,Akola,normal,4.1,5.1,7.3,7.9,7.9,6.75,0.1772,0.0017,0.0002
2026-08-25,Amravati,normal,5.1,14.4,17.7,18.9,18.9,9.75,0.3728,0.0083,0.0011
2026-08-25,Aurangabad,normal,3.9,0.3,1.0,1.0,1.0,2.26,0.038,0.0001,0.0
2026-08-25,Bhubaneswar,normal,12.8,6.7,9.2,9.6,1.5,8.55,0.2175,0.0025,0.0003
2026-08-25,Mumbai,coastal,7.3,2.0,3.5,5.2,5.2,5.6,0.128,0.0006,0.0
2026-08-25,Thiruvananthapuram,coastal,13.1,0.0,0.0,0.0,0.0,1.52,0.0422,0.0001,0.0
2026-08-25,Kochi,coastal,36.8,0.8,1.8,2.82,1.5,3.97,0.0774,0.0003,0.0
2026-08-25,Mangaluru,coastal,26.8,26.4,30.6,37.06,37.06,17.44,0.624,0.0282,0.0023
2026-08-25,Panaji,coastal,7.6,6.1,8.4,10.6,10.6,10.24,0.2741,0.0028,0.0002
2026-08-25,Chennai,coastal,1.4,1.2,2.4,3.7,3.7,4.55,0.0946,0.0004,0.0
2026-08-25,Visakhapatnam,coastal,7.3,0.3,1.0,1.9,1.9,2.69,0.0554,0.0002,0.0
2026-08-25,Puri,coastal,13.9,1.2,2.4,3.7,3.7,5.05,0.0946,0.0004,0.0
2026-08-25,Kolkata,coastal,8.4,2.6,4.3,6.2,6.2,6.0,0.152,0.0009,0.0001
2026-08-25,Surat,coastal,1.2,0.3,1.0,1.9,1.9,2.99,0.0554,0.0002,0.0
2026-08-25,Mahabaleshwar,orographic,21.8,6.5,8.9,7.3,7.3,11.47,0.2354,0.0088,0.0014
2026-08-25,Munnar,orographic,43.2,1.7,3.1,1.7,1.7,5.04,0.0913,0.0015,0.0002
2026-08-25,Madikeri,orographic,19.5,4.3,6.3,4.6,4.6,8.73,0.1738,0.0049,0.0007
2026-08-25,Ooty,orographic,14.3,2.8,4.5,3.0,3.0,6.73,0.1275,0.0028,0.0004
2026-08-25,Lonavala,orographic,14.7,9.6,12.6,11.3,11.3,13.47,0.3102,0.0159,0.0025
2026-08-25,Wayanad,orographic,18.0,0.2,0.8,0.3,0.3,2.91,0.0396,0.0004,0.0001
2026-08-25,Shimla,orographic,4.4,0.0,0.0,0.0,0.0,0.75,0.0327,0.0003,0.0
2026-08-25,Dehradun,orographic,4.8,2.1,3.6,2.3,2.3,3.2,0.1046,0.0019,0.0003
2026-08-25,Srinagar,orographic,0.0,0.2,0.8,0.3,0.3,1.59,0.0396,0.0004,0.0001
2026-08-25,Gangtok,orographic,10.4,14.8,18.1,18.2,18.2,8.45,0.4106,0.0312,0.005
2026-08-25,Guwahati,orographic,17.8,20.0,23.7,25.91,25.91,11.96,0.4876,0.0499,0.0081
2026-08-25,Cherrapunji,orographic,29.2,4.5,6.6,4.8,4.8,5.47,0.1797,0.0052,0.0008
2026-08-25,Imphal,orographic,7.4,6.4,8.8,7.2,7.2,6.12,0.2327,0.0086,0.0013
2026-08-25,Agartala,orographic,3.8,1.9,3.4,2.0,2.0,2.59,0.098,0.0017,0.0003
2026-08-25,Lucknow,normal,28.5,9.8,12.7,13.3,13.3,8.51,0.2872,0.0045,0.0006
2026-08-25,Patna,normal,6.1,0.2,0.8,0.8,0.8,2.35,0.035,0.0001,0.0
2026-08-25,Varanasi,normal,53.3,26.0,30.1,30.8,30.8,15.07,0.5238,0.0216,0.003
2026-08-25,Delhi,normal,3.4,0.0,0.0,0.0,0.0,1.48,0.0288,0.0001,0.0
2026-08-25,Kanpur,normal,40.4,22.3,26.0,26.7,26.7,12.85,0.4835,0.0168,0.0023
2026-08-25,Ranchi,normal,8.9,13.6,16.8,17.96,17.96,10.4,0.3593,0.0076,0.001
2026-08-25,Jodhpur,normal,0.3,0.0,0.0,0.0,0.0,0.25,0.0288,0.0001,0.0
2026-08-25,Bikaner,normal,0.0,0.0,0.0,0.0,0.0,0.25,0.0288,0.0001,0.0
2026-08-25,Jaisalmer,normal,0.0,0.0,0.0,0.0,0.0,0.25,0.0288,0.0001,0.0
2026-08-25,Hyderabad,normal,3.2,0.2,0.8,0.8,0.8,2.47,0.035,0.0001,0.0
2026-08-25,Bengaluru,normal,6.3,0.8,1.8,1.9,1.9,2.46,0.0535,0.0002,0.0
2026-08-25,Pune,normal,0.5,0.4,1.2,1.2,1.2,2.5,0.0411,0.0001,0.0
2026-08-25,Kurnool,normal,2.0,0.0,0.0,0.0,0.0,1.55,0.0288,0.0001,0.0
2026-08-25,Madurai,normal,8.3,1.5,2.8,3.1,3.1,3.38,0.0749,0.0004,0.0
2026-08-26,Nagpur,normal,2.7,7.4,10.0,10.6,10.6,6.9,0.2342,0.0029,0.0004
2026-08-26,Bhopal,normal,9.6,9.3,12.2,12.8,12.8,7.42,0.2767,0.0042,0.0006
2026-08-26,Raipur,normal,3.0,2.4,4.1,4.6,4.6,4.02,0.1019,0.0006,0.0001
2026-08-26,Jabalpur,normal,4.7,9.2,12.2,12.8,12.8,7.42,0.2745,0.0041,0.0005
2026-08-26,Akola,normal,0.9,3.0,4.8,5.4,5.4,4.29,0.1194,0.0008,0.0001
2026-08-26,Amravati,normal,12.9,4.1,6.1,6.7,6.7,5.59,0.1504,0.0013,0.0002
2026-08-26,Aurangabad,normal,0.8,0.5,1.3,1.4,1.4,2.21,0.0442,0.0002,0.0
2026-08-26,Bhubaneswar,normal,11.2,0.6,1.4,1.5,1.5,3.34,0.0473,0.0002,0.0
2026-08-26,Mumbai,coastal,4.2,2.5,4.2,6.0,6.0,5.67,0.1481,0.0008,0.0001
2026-08-26,Thiruvananthapuram,coastal,10.1,3.9,5.9,8.1,8.1,6.32,0.2009,0.0015,0.0001
2026-08-26,Kochi,coastal,61.9,1.4,2.7,4.1,4.1,4.37,0.1031,0.0004,0.0
2026-08-26,Mangaluru,coastal,5.0,11.4,14.6,16.32,16.32,11.7,0.4103,0.0073,0.0006
2026-08-26,Panaji,coastal,10.9,4.2,6.2,8.54,8.54,8.23,0.2116,0.0017,0.0001
2026-08-26,Chennai,coastal,2.5,2.6,4.3,6.2,6.2,5.69,0.152,0.0009,0.0001
2026-08-26,Visakhapatnam,coastal,8.8,0.0,0.0,0.0,0.0,1.97,0.0422,0.0001,0.0
2026-08-26,Puri,coastal,1.5,4.3,6.3,8.7,8.7,7.25,0.2151,0.0017,0.0001
2026-08-26,Kolkata,coastal,3.3,6.1,8.4,10.6,10.6,9.6,0.2741,0.0028,0.0002
2026-08-26,Surat,coastal,2.2,0.3,1.0,1.9,1.9,2.85,0.0554,0.0002,0.0
2026-08-26,Mahabaleshwar,orographic,17.3,5.6,7.9,6.2,6.2,8.99,0.2111,0.0071,0.0011
2026-08-26,Munnar,orographic,38.4,2.3,3.9,2.4,2.4,5.14,0.1112,0.0022,0.0003
2026-08-26,Madikeri,orographic,12.1,3.8,5.7,4.0,4.0,7.19,0.1588,0.0041,0.0006
2026-08-26,Ooty,orographic,3.0,3.0,4.8,3.2,3.2,5.8,0.1338,0.003,0.0005
2026-08-26,Lonavala,orographic,11.4,8.7,11.53,10.2,10.2,11.32,0.2898,0.0137,0.0021
2026-08-26,Wayanad,orographic,4.9,1.7,3.2,1.8,1.8,3.85,0.0913,0.0015,0.0002
2026-08-26,Shimla,orographic,2.6,0.0,0.0,0.0,0.0,0.18,0.0327,0.0003,0.0
2026-08-26,Dehradun,orographic,5.2,2.7,4.4,2.9,2.9,2.4,0.1242,0.0026,0.0004
2026-08-26,Srinagar,orographic,0.0,0.0,0.0,0.0,0.0,0.28,0.0327,0.0003,0.0
2026-08-26,Gangtok,orographic,25.1,28.7,33.3,40.03,40.03,11.58,0.5819,0.0871,0.0148
2026-08-26,Guwahati,orographic,23.8,11.4,14.6,13.8,13.8,6.99,0.3482,0.0208,0.0033
2026-08-26,Cherrapunji,orographic,10.4,4.5,6.6,4.8,4.8,4.05,0.1797,0.0052,0.0008
2026-08-26,Imphal,orographic,2.1,7.5,10.1,8.4,8.4,5.85,0.261,0.0109,0.0017
2026-08-26,Agartala,orographic,8.9,7.9,10.5,9.0,9.0,4.96,0.2708,0.0118,0.0018
2026-08-26,Lucknow,normal,25.7,2.5,4.2,4.8,4.8,5.23,0.1049,0.0007,0.0001
2026-08-26,Patna,normal,8.2,3.5,5.35,6.0,6.0,4.31,0.1337,0.001,0.0001
2026-08-26,Varanasi,normal,3.7,28.4,32.9,34.31,34.31,15.41,0.5471,0.0249,0.0034
2026-08-26,Delhi,normal,13.5,0.0,0.0,0.0,0.0,0.85,0.0288,0.0001,0.0
2026-08-26,Kanpur,normal,65.2,29.2,34.0,36.15,36.15,15.01,0.5543,0.0261,0.0036
2026-08-26,Ranchi,normal,19.8,17.2,20.9,21.66,21.66,11.18,0.4165,0.0111,0.0015
2026-08-26,Jodhpur,normal,0.1,0.0,0.0,0.0,0.0,0.24,0.0288,0.0001,0.0
2026-08-26,Bikaner,normal,0.0,0.0,0.0,0.0,0.0,0.24,0.0288,0.0001,0.0
2026-08-26,Jaisalmer,normal,0.0,0.0,0.0,0.0,0.0,0.24,0.0288,0.0001,0.0
2026-08-26,Hyderabad,normal,0.7,0.2,0.8,0.8,0.8,1.55,0.035,0.0001,0.0
2026-08-26,Bengaluru,normal,1.9,0.0,0.0,0.0,0.0,1.59,0.0288,0.0001,0.0
2026-08-26,Pune,normal,0.8,0.2,0.8,0.8,0.8,1.72,0.035,0.0001,0.0
2026-08-26,Kurnool,normal,1.6,0.2,0.8,0.8,0.8,1.3,0.035,0.0001,0.0
2026-08-26,Madurai,normal,1.2,0.1,0.6,0.6,0.6,1.89,0.0319,0.0001,0.0
2026-08-27,Nagpur,normal,2.7,1.5,2.8,3.1,3.1,3.44,0.0749,0.0004,0.0
2026-08-27,Bhopal,normal,4.9,19.1,23.0,23.7,23.7,10.02,0.4432,0.0131,0.0018
2026-08-27,Raipur,normal,17.8,2.7,4.4,5.0,5.0,3.9,0.1107,0.0007,0.0001
2026-08-27,Jabalpur,normal,17.6,10.1,13.1,13.8,13.8,7.09,0.2934,0.0048,0.0006
2026-08-27,Akola,normal,0.6,1.1,2.3,2.4,2.4,3.16,0.0627,0.0003,0.0
2026-08-27,Amravati,normal,1.9,2.3,3.9,4.4,4.4,3.94,0.099,0.0006,0.0001
2026-08-27,Aurangabad,normal,1.4,0.3,1.0,1.0,1.0,1.85,0.038,0.0001,0.0
2026-08-27,Bhubaneswar,normal,21.6,15.8,19.2,20.2,20.2,7.3,0.3954,0.0097,0.0013
2026-08-27,Mumbai,coastal,7.6,2.1,3.6,5.4,5.4,5.13,0.1321,0.0007,0.0001
2026-08-27,Thiruvananthapuram,coastal,2.6,0.3,1.0,1.9,1.9,3.34,0.0554,0.0002,0.0
2026-08-27,Kochi,coastal,2.9,1.9,3.4,5.1,5.1,4.71,0.1239,0.0006,0.0
2026-08-27,Mangaluru,coastal,4.2,3.1,4.9,7.0,7.0,6.56,0.1713,0.0011,0.0001
2026-08-27,Panaji,coastal,11.9,6.9,9.4,11.4,11.4,9.52,0.2979,0.0034,0.0003
2026-08-27,Chennai,coastal,1.1,0.0,0.0,0.0,0.0,2.18,0.0422,0.0001,0.0
2026-08-27,Visakhapatnam,coastal,3.3,0.3,1.0,1.9,1.9,2.38,0.0554,0.0002,0.0
2026-08-27,Puri,coastal,19.7,0.9,2.0,3.0,3.0,4.34,0.0817,0.0003,0.0
2026-08-27,Kolkata,coastal,7.4,3.7,5.6,7.9,7.9,7.53,0.1937,0.0014,0.0001
2026-08-27,Surat,coastal,2.2,0.5,1.3,2.2,2.2,3.27,0.0643,0.0002,0.0
2026-08-27,Mahabaleshwar,orographic,19.7,5.4,7.7,5.9,5.9,8.6,0.2055,0.0067,0.001
2026-08-27,Munnar,orographic,6.2,1.0,2.1,1.1,1.1,4.01,0.0674,0.0009,0.0001
2026-08-27,Madikeri,orographic,11.3,3.5,5.35,3.6,3.6,6.02,0.1495,0.0037,0.0006
2026-08-27,Ooty,orographic,1.9,1.0,2.1,1.1,1.1,4.05,0.0674,0.0009,0.0001
2026-08-27,Lonavala,orographic,14.1,7.9,10.5,9.0,9.0,10.63,0.2708,0.0118,0.0018
2026-08-27,Wayanad,orographic,1.9,0.3,1.0,0.4,0.4,2.8,0.0431,0.0004,0.0001
2026-08-27,Shimla,orographic,2.5,0.1,0.6,0.2,0.2,0.39,0.0362,0.0003,0.0
2026-08-27,Dehradun,orographic,11.6,11.9,15.0,14.1,14.1,5.67,0.3581,0.0222,0.0035
2026-08-27,Srinagar,orographic,0.0,0.0,0.0,0.0,0.0,0.12,0.0327,0.0003,0.0
2026-08-27,Gangtok,orographic,3.9,11.4,14.6,13.8,13.8,6.79,0.3482,0.0208,0.0033
2026-08-27,Guwahati,orographic,2.7,11.1,14.2,13.3,13.3,5.99,0.3421,0.0199,0.0031
2026-08-27,Cherrapunji,orographic,9.0,6.0,8.3,6.7,6.7,4.54,0.222,0.0079,0.0012
2026-08-27,Imphal,orographic,1.9,10.9,14.0,13.0,13.0,6.07,0.338,0.0194,0.003
2026-08-27,Agartala,orographic,3.4,0.0,0.0,0.0,0.0,1.69,0.0327,0.0003,0.0
2026-08-27,Lucknow,normal,21.8,54.8,63.5,77.9,77.9,19.94,0.7091,0.0715,0.0105
2026-08-27,Patna,normal,12.8,2.4,4.1,4.6,4.6,4.61,0.1019,0.0006,0.0001
2026-08-27,Varanasi,normal,8.9,21.5,25.3,25.7,25.7,13.0,0.4739,0.0159,0.0022
2026-08-27,Delhi,normal,0.0,0.0,0.0,0.0,0.0,0.73,0.0288,0.0001,0.0
2026-08-27,Kanpur,normal,42.3,27.0,31.5,32.3,32.3,14.07,0.5338,0.023,0.0032
2026-08-27,Ranchi,normal,16.2,25.2,29.3,29.95,29.95,12.41,0.5156,0.0205,0.0028
2026-08-27,Jodhpur,normal,0.0,0.0,0.0,0.0,0.0,0.18,0.0288,0.0001,0.0
2026-08-27,Bikaner,normal,0.0,0.0,0.0,0.0,0.0,0.18,0.0288,0.0001,0.0
2026-08-27,Jaisalmer,normal,0.0,0.0,0.0,0.0,0.0,0.18,0.0288,0.0001,0.0
2026-08-27,Hyderabad,normal,0.0,0.8,1.8,1.9,1.9,2.22,0.0535,0.0002,0.0
2026-08-27,Bengaluru,normal,2.0,0.0,0.0,0.0,0.0,0.73,0.0288,0.0001,0.0
2026-08-27,Pune,normal,2.3,0.0,0.0,0.0,0.0,0.92,0.0288,0.0001,0.0
2026-08-27,Kurnool,normal,0.2,0.0,0.0,0.0,0.0,0.92,0.0288,0.0001,0.0
2026-08-27,Madurai,normal,1.2,0.2,0.8,0.8,0.8,1.45,0.035,0.0001,0.0
2026-08-28,Nagpur,normal,1.1,10.7,13.8,14.5,14.5,6.2,0.3055,0.0052,0.0007
2026-08-28,Bhopal,normal,6.9,6.6,9.0,9.48,9.48,6.97,0.2151,0.0025,0.0003
2026-08-28,Raipur,normal,4.4,2.7,4.4,5.0,5.0,3.83,0.1107,0.0007,0.0001
2026-08-28,Jabalpur,normal,18.2,4.7,6.9,7.4,7.4,5.58,0.1666,0.0015,0.0002
2026-08-28,Akola,normal,1.2,0.6,1.4,1.5,1.5,2.58,0.0473,0.0002,0.0
2026-08-28,Amravati,normal,1.0,1.0,2.1,2.3,2.3,2.87,0.0596,0.0002,0.0
2026-08-28,Aurangabad,normal,3.3,0.0,0.0,0.0,0.0,1.07,0.0288,0.0001,0.0
2026-08-28,Bhubaneswar,normal,13.3,4.6,6.8,7.3,7.3,5.57,0.1639,0.0015,0.0002
2026-08-28,Mumbai,coastal,5.4,3.2,5.0,7.2,7.2,6.03,0.1751,0.0011,0.0001
2026-08-28,Thiruvananthapuram,coastal,0.6,0.0,0.0,0.0,0.0,1.96,0.0422,0.0001,0.0
2026-08-28,Kochi,coastal,1.7,0.7,1.62,2.7,2.7,4.1,0.073,0.0002,0.0
2026-08-28,Mangaluru,coastal,7.4,0.4,1.2,2.1,2.1,3.89,0.0599,0.0002,0.0
2026-08-28,Panaji,coastal,12.3,4.7,6.9,9.24,9.24,8.63,0.2288,0.0019,0.0001
2026-08-28,Chennai,coastal,0.3,0.0,0.0,0.0,0.0,1.5,0.0422,0.0001,0.0
2026-08-28,Visakhapatnam,coastal,6.5,0.0,0.0,0.0,0.0,1.96,0.0422,0.0001,0.0
2026-08-28,Puri,coastal,29.8,10.7,13.8,15.9,1.5,10.36,0.395,0.0066,0.0005
2026-08-28,Kolkata,coastal,11.0,9.0,12.0,14.1,14.1,10.35,0.3546,0.0051,0.0004
2026-08-28,Surat,coastal,1.8,1.2,2.4,3.7,3.7,4.08,0.0946,0.0004,0.0
2026-08-28,Mahabaleshwar,orographic,25.0,4.9,7.1,5.3,5.3,8.94,0.1913,0.0059,0.0009
2026-08-28,Munnar,orographic,4.3,1.8,3.2,1.9,1.9,4.23,0.0946,0.0016,0.0002
2026-08-28,Madikeri,orographic,12.5,3.1,4.9,3.3,3.3,6.27,0.137,0.0031,0.0005
2026-08-28,Ooty,orographic,1.3,1.2,2.4,1.3,1.3,3.91,0.0743,0.0011,0.0002
2026-08-28,Lonavala,orographic,21.8,9.2,12.2,10.6,10.6,11.35,0.3013,0.0149,0.0023
2026-08-28,Wayanad,orographic,3.8,0.3,1.0,0.4,0.4,2.51,0.0431,0.0004,0.0001
2026-08-28,Shimla,orographic,0.7,0.0,0.0,0.0,0.0,0.24,0.0327,0.0003,0.0
2026-08-28,Dehradun,orographic,9.3,0.0,0.0,0.0,0.0,1.06,0.0327,0.0003,0.0
2026-08-28,Srinagar,orographic,0.0,0.0,0.0,0.0,0.0,0.14,0.0327,0.0003,0.0
2026-08-28,Gangtok,orographic,1.6,14.9,18.2,18.4,18.4,7.35,0.4123,0.0315,0.005
2026-08-28,Guwahati,orographic,14.3,3.8,5.7,4.0,4.0,4.07,0.1588,0.0041,0.0006
2026-08-28,Cherrapunji,orographic,5.4,5.8,8.1,6.4,6.4,5.13,0.2166,0.0075,0.0011
2026-08-28,Imphal,orographic,4.1,4.7,6.9,5.1,5.1,4.41,0.1856,0.0055,0.0008
2026-08-28,Agartala,orographic,10.9,1.6,3.0,1.6,1.6,1.66,0.0879,0.0014,0.0002
2026-08-28,Lucknow,normal,27.9,10.8,13.9,14.6,14.6,10.92,0.3075,0.0053,0.0007
2026-08-28,Patna,normal,6.8,0.8,1.8,1.9,1.9,3.89,0.0535,0.0002,0.0
2026-08-28,Varanasi,normal,4.0,4.3,6.3,6.9,6.9,6.64,0.1558,0.0013,0.0002
2026-08-28,Delhi,normal,0.5,0.0,0.0,0.0,0.0,0.84,0.0288,0.0001,0.0
2026-08-28,Kanpur,normal,35.5,1.0,2.1,2.3,2.3,4.42,0.0596,0.0002,0.0
2026-08-28,Ranchi,normal,15.0,26.7,31.11,31.7,31.7,14.72,0.5308,0.0225,0.0031
2026-08-28,Jodhpur,normal,0.0,0.0,0.0,0.0,0.0,0.2,0.0288,0.0001,0.0
2026-08-28,Bikaner,normal,0.0,0.0,0.0,0.0,0.0,0.2,0.0288,0.0001,0.0
2026-08-28,Jaisalmer,normal,0.0,0.0,0.0,0.0,0.0,0.2,0.0288,0.0001,0.0
2026-08-28,Hyderabad,normal,0.5,0.0,0.0,0.0,0.0,1.53,0.0288,0.0001,0.0
2026-08-28,Bengaluru,normal,1.3,0.0,0.0,0.0,0.0,0.79,0.0288,0.0001,0.0
2026-08-28,Pune,normal,2.3,0.0,0.0,0.0,0.0,0.79,0.0288,0.0001,0.0
2026-08-28,Kurnool,normal,1.6,0.0,0.0,0.0,0.0,0.79,0.0288,0.0001,0.0
2026-08-28,Madurai,normal,0.4,0.2,0.8,0.8,0.8,1.5,0.035,0.0001,0.0
2026-08-29,Nagpur,normal,16.8,4.2,6.2,6.9,6.9,5.6,0.1531,0.0013,0.0002
2026-08-29,Bhopal,normal,0.6,0.1,0.6,0.6,0.6,2.25,0.0319,0.0001,0.0
2026-08-29,Raipur,normal,8.9,14.8,18.1,19.3,19.3,8.14,0.3794,0.0087,0.0012
2026-08-29,Jabalpur,normal,7.8,15.1,18.4,19.5,19.5,8.22,0.3843,0.009,0.0012
2026-08-29,Akola,normal,0.2,0.8,1.8,1.9,1.9,2.63,0.0535,0.0002,0.0
2026-08-29,Amravati,normal,4.9,2.1,3.6,4.0,4.0,3.24,0.093,0.0005,0.0001
2026-08-29,Aurangabad,normal,1.3,0.3,1.0,1.0,1.0,1.55,0.038,0.0001,0.0
2026-08-29,Bhubaneswar,normal,13.3,19.6,23.3,24.4,6.25,10.55,0.4499,0.0137,0.0018
2026-08-29,Mumbai,coastal,4.6,4.2,6.2,8.54,8.54,7.63,0.2116,0.0017,0.0001
2026-08-29,Thiruvananthapuram,coastal,0.6,0.0,0.0,0.0,0.0,1.38,0.0422,0.0001,0.0
2026-08-29,Kochi,coastal,1.5,0.3,1.0,1.9,1.9,3.02,0.0554,0.0002,0.0
2026-08-29,Mangaluru,coastal,3.9,0.9,2.0,3.0,3.0,3.66,0.0817,0.0003,0.0
2026-08-29,Panaji,coastal,20.8,5.4,7.7,10.0,10.0,8.45,0.252,0.0024,0.0002
2026-08-29,Chennai,coastal,1.0,0.0,0.0,0.0,0.0,1.38,0.0422,0.0001,0.0
2026-08-29,Visakhapatnam,coastal,2.4,0.6,1.4,2.4,2.4,3.32,0.0686,0.0002,0.0
2026-08-29,Puri,coastal,20.5,6.0,8.3,10.5,1.5,9.66,0.271,0.0028,0.0002
2026-08-29,Kolkata,coastal,5.0,4.4,6.5,8.89,8.89,8.24,0.2185,0.0018,0.0001
2026-08-29,Surat,coastal,1.7,0.8,1.8,2.82,2.82,3.99,0.0774,0.0003,0.0
2026-08-29,Mahabaleshwar,orographic,33.7,5.5,7.8,6.0,6.0,8.66,0.2083,0.0069,0.0011
2026-08-29,Munnar,orographic,6.6,0.3,1.0,0.4,0.4,2.88,0.0431,0.0004,0.0001
2026-08-29,Madikeri,orographic,11.4,3.7,5.6,3.9,3.9,7.03,0.1557,0.004,0.0006
2026-08-29,Ooty,orographic,0.0,0.4,1.2,0.5,0.5,3.06,0.0466,0.0005,0.0001
2026-08-29,Lonavala,orographic,26.3,10.8,13.9,12.9,12.9,12.22,0.336,0.0191,0.003
2026-08-29,Wayanad,orographic,3.0,0.1,0.6,0.2,0.2,1.91,0.0362,0.0003,0.0
2026-08-29,Shimla,orographic,2.0,0.0,0.0,0.0,0.0,0.13,0.0327,0.0003,0.0
2026-08-29,Dehradun,orographic,16.0,0.0,0.0,0.0,0.0,0.13,0.0327,0.0003,0.0
2026-08-29,Srinagar,orographic,0.0,0.2,0.8,0.3,0.3,0.56,0.0396,0.0004,0.0001
2026-08-29,Gangtok,orographic,9.2,22.6,26.41,30.2,30.2,10.51,0.5196,0.0603,0.01
2026-08-29,Guwahati,orographic,15.6,22.8,26.7,30.5,30.5,9.79,0.5219,0.0612,0.0101
2026-08-29,Cherrapunji,orographic,3.4,18.0,21.7,23.3,23.3,8.78,0.4603,0.0423,0.0068
2026-08-29,Imphal,orographic,1.9,7.0,9.5,7.9,7.9,5.45,0.2483,0.0099,0.0015
2026-08-29,Agartala,orographic,14.7,5.4,7.7,5.9,5.9,3.79,0.2055,0.0067,0.001
2026-08-29,Lucknow,normal,9.4,0.0,0.0,0.0,0.0,1.85,0.0288,0.0001,0.0
2026-08-29,Patna,normal,17.9,4.1,6.2,6.8,6.8,5.32,0.1504,0.0013,0.0002
2026-08-29,Varanasi,normal,6.2,15.7,19.1,20.06,20.06,9.38,0.3938,0.0096,0.0013
2026-08-29,Delhi,normal,0.0,0.0,0.0,0.0,0.0,0.75,0.0288,0.0001,0.0
2026-08-29,Kanpur,normal,14.1,0.1,0.6,0.6,0.6,2.02,0.0319,0.0001,0.0
2026-08-29,Ranchi,normal,24.8,24.2,28.3,28.8,28.8,13.67,0.5049,0.0192,0.0026
2026-08-29,Jodhpur,normal,0.0,0.0,0.0,0.0,0.0,0.19,0.0288,0.0001,0.0
2026-08-29,Bikaner,normal,0.0,0.0,0.0,0.0,0.0,0.19,0.0288,0.0001,0.0
2026-08-29,Jaisalmer,normal,0.0,0.0,0.0,0.0,0.0,0.19,0.0288,0.0001,0.0
2026-08-29,Hyderabad,normal,0.6,0.0,0.0,0.0,0.0,0.77,0.0288,0.0001,0.0
2026-08-29,Bengaluru,normal,2.8,0.0,0.0,0.0,0.0,0.77,0.0288,0.0001,0.0
2026-08-29,Pune,normal,5.0,0.0,0.0,0.0,0.0,0.77,0.0288,0.0001,0.0
2026-08-29,Kurnool,normal,1.0,0.0,0.0,0.0,0.0,0.77,0.0288,0.0001,0.0
2026-08-29,Madurai,normal,0.3,0.0,0.0,0.0,0.0,0.97,0.0288,0.0001,0.0
2026-08-30,Nagpur,normal,0.1,5.7,8.0,8.5,8.5,7.22,0.1927,0.002,0.0003
2026-08-30,Bhopal,normal,0.0,0.5,1.3,1.4,1.4,2.7,0.0442,0.0002,0.0
2026-08-30,Raipur,depression,29.8,57.6,65.4,54.27,77.9,21.67,0.8381,0.1602,0.0138
2026-08-30,Jabalpur,normal,3.0,9.5,12.4,13.1,13.1,8.42,0.2809,0.0043,0.0006
2026-08-30,Akola,normal,0.3,0.2,0.8,0.8,0.8,2.49,0.035,0.0001,0.0
2026-08-30,Amravati,normal,0.6,0.0,0.0,0.0,0.0,1.66,0.0288,0.0001,0.0
2026-08-30,Aurangabad,normal,0.4,0.0,0.0,0.0,0.0,1.42,0.0288,0.0001,0.0
2026-08-30,Bhubaneswar,normal,45.9,2.1,3.6,4.0,1.5,4.53,0.093,0.0005,0.0001
2026-08-30,Mumbai,coastal,2.9,3.7,5.6,7.9,7.9,7.8,0.1937,0.0014,0.0001
2026-08-30,Thiruvananthapuram,coastal,0.6,0.0,0.0,0.0,0.0,1.51,0.0422,0.0001,0.0
2026-08-30,Kochi,coastal,1.3,0.0,0.0,0.0,0.0,1.95,0.0422,0.0001,0.0
2026-08-30,Mangaluru,coastal,2.6,0.3,1.0,1.9,1.9,3.28,0.0554,0.0002,0.0
2026-08-30,Panaji,coastal,7.2,7.8,10.4,12.5,12.5,10.72,0.3233,0.0041,0.0003
2026-08-30,Chennai,coastal,1.2,0.0,0.0,0.0,0.0,1.51,0.0422,0.0001,0.0
2026-08-30,Visakhapatnam,coastal,0.1,1.7,3.1,4.7,4.7,4.46,0.1157,0.0005,0.0
2026-08-30,Puri,coastal,42.1,10.0,12.9,15.02,1.5,11.47,0.3789,0.006,0.0005
2026-08-30,Kolkata,coastal,19.7,7.4,10.0,12.0,12.0,10.47,0.3122,0.0038,0.0003
2026-08-30,Surat,coastal,2.3,0.6,1.5,2.5,2.5,4.23,0.0686,0.0002,0.0
2026-08-30,Mahabaleshwar,orographic,12.2,5.3,7.6,5.8,5.8,9.73,0.2027,0.0066,0.001
2026-08-30,Munnar,orographic,2.4,0.0,0.0,0.0,0.0,1.87,0.0327,0.0003,0.0
2026-08-30,Madikeri,orographic,8.4,2.1,3.6,2.3,2.3,5.62,0.1046,0.0019,0.0003
2026-08-30,Ooty,orographic,0.0,0.0,0.0,0.0,0.0,1.87,0.0327,0.0003,0.0
2026-08-30,Lonavala,orographic,14.4,11.3,14.5,13.7,13.7,13.25,0.3462,0.0205,0.0032
2026-08-30,Wayanad,orographic,0.6,0.0,0.0,0.0,0.0,1.48,0.0327,0.0003,0.0
2026-08-30,Shimla,orographic,12.8,0.3,1.0,0.4,0.4,0.85,0.0431,0.0004,0.0001
2026-08-30,Dehradun,orographic,46.1,0.9,2.0,1.03,1.03,1.17,0.064,0.0008,0.0001
2026-08-30,Srinagar,orographic,0.4,1.1,2.3,1.2,1.2,1.58,0.0708,0.001,0.0001
2026-08-30,Gangtok,orographic,4.4,31.0,35.41,43.61,43.61,13.7,0.6016,0.0978,0.0169
2026-08-30,Guwahati,orographic,2.4,32.3,36.7,45.46,45.46,14.9,0.6121,0.1041,0.0181
2026-08-30,Cherrapunji,orographic,8.4,16.9,20.5,21.9,21.9,9.93,0.4441,0.0384,0.0062
2026-08-30,Imphal,orographic,7.7,9.9,12.8,11.5,11.5,6.85,0.3168,0.0167,0.0026
2026-08-30,Agartala,orographic,1.9,0.8,1.8,0.9,0.9,3.54,0.0605,0.0008,0.0001
2026-08-30,Lucknow,normal,4.3,0.4,1.2,1.2,1.2,2.55,0.0411,0.0001,0.0
2026-08-30,Patna,normal,8.2,5.8,8.2,8.7,8.7,7.38,0.1952,0.002,0.0003
2026-08-30,Varanasi,normal,7.1,15.4,18.77,19.7,19.7,11.15,0.3891,0.0093,0.0012
2026-08-30,Delhi,normal,0.2,0.0,0.0,0.0,0.0,0.95,0.0288,0.0001,0.0
2026-08-30,Kanpur,normal,6.6,0.0,0.0,0.0,0.0,1.15,0.0288,0.0001,0.0
2026-08-30,Ranchi,normal,9.9,16.9,20.5,21.3,21.3,12.39,0.4121,0.0108,0.0014
2026-08-30,Jodhpur,normal,0.0,0.0,0.0,0.0,0.0,0.25,0.0288,0.0001,0.0
2026-08-30,Bikaner,normal,0.0,0.0,0.0,0.0,0.0,0.25,0.0288,0.0001,0.0
2026-08-30,Jaisalmer,normal,0.0,0.0,0.0,0.0,0.0,0.25,0.0288,0.0001,0.0
2026-08-30,Hyderabad,normal,2.5,0.0,0.0,0.0,0.0,1.0,0.0288,0.0001,0.0
2026-08-30,Bengaluru,normal,3.2,0.0,0.0,0.0,0.0,1.0,0.0288,0.0001,0.0
2026-08-30,Pune,normal,0.1,0.0,0.0,0.0,0.0,1.0,0.0288,0.0001,0.0
2026-08-30,Kurnool,normal,0.5,0.1,0.6,0.6,0.6,1.42,0.0319,0.0001,0.0
2026-08-30,Madurai,normal,0.5,0.0,0.0,0.0,0.0,1.0,0.0288,0.0001,0.0
2026-08-31,Nagpur,normal,0.7,0.0,0.0,0.0,0.0,1.63,0.0288,0.0001,0.0
2026-08-31,Bhopal,normal,0.0,0.0,0.0,0.0,0.0,1.07,0.0288,0.0001,0.0
2026-08-31,Raipur,depression,11.1,47.5,56.95,44.16,57.91,28.4,0.8079,0.1211,0.01
2026-08-31,Jabalpur,normal,5.6,3.0,4.8,5.4,5.4,4.19,0.1194,0.0008,0.0001
2026-08-31,Akola,normal,0.0,0.0,0.0,0.0,0.0,0.79,0.0288,0.0001,0.0
2026-08-31,Amravati,normal,0.0,0.0,0.0,0.0,0.0,0.62,0.0288,0.0001,0.0
2026-08-31,Aurangabad,normal,0.9,0.0,0.0,0.0,0.0,0.62,0.0288,0.0001,0.0
2026-08-31,Bhubaneswar,normal,42.1,1.0,2.1,2.3,1.5,2.67,0.0596,0.0002,0.0
2026-08-31,Mumbai,coastal,4.6,3.6,5.5,7.64,7.64,7.2,0.19,0.0013,0.0001
2026-08-31,Thiruvananthapuram,coastal,1.2,0.0,0.0,0.0,0.0,1.37,0.0422,0.0001,0.0
2026-08-31,Kochi,coastal,1.1,0.0,0.0,0.0,0.0,1.37,0.0422,0.0001,0.0
2026-08-31,Mangaluru,coastal,3.8,1.3,2.5,3.91,3.91,3.9,0.0989,0.0004,0.0
2026-08-31,Panaji,coastal,12.4,5.1,7.4,9.7,9.7,8.7,0.2422,0.0022,0.0002
2026-08-31,Chennai,coastal,0.0,0.0,0.0,0.0,0.0,1.37,0.0422,0.0001,0.0
2026-08-31,Visakhapatnam,coastal,2.0,0.0,0.0,0.0,0.0,2.03,0.0422,0.0001,0.0
2026-08-31,Puri,coastal,32.9,1.4,2.7,4.1,1.5,4.67,0.1031,0.0004,0.0
2026-08-31,Kolkata,coastal,17.7,16.7,20.2,22.36,22.36,13.84,0.5068,0.0135,0.0011
2026-08-31,Surat,coastal,1.8,0.7,1.62,2.7,2.7,3.8,0.073,0.0002,0.0
2026-08-31,Mahabaleshwar,orographic,16.6,4.0,6.0,4.2,4.2,7.7,0.1648,0.0044,0.0007
2026-08-31,Munnar,orographic,0.4,0.2,0.8,0.3,0.3,1.85,0.0396,0.0004,0.0001
2026-08-31,Madikeri,orographic,9.1,2.8,4.6,3.1,3.1,5.06,0.1275,0.0028,0.0004
2026-08-31,Ooty,orographic,0.0,0.5,1.3,0.6,0.6,2.61,0.0501,0.0006,0.0001
2026-08-31,Lonavala,orographic,15.6,10.8,13.9,12.9,12.9,11.53,0.336,0.0191,0.003
2026-08-31,Wayanad,orographic,0.2,0.0,0.0,0.0,0.0,1.18,0.0327,0.0003,0.0
2026-08-31,Shimla,orographic,10.2,0.2,0.8,0.3,0.3,0.79,0.0396,0.0004,0.0001
2026-08-31,Dehradun,orographic,20.7,0.5,1.3,0.6,0.6,1.42,0.0501,0.0006,0.0001
2026-08-31,Srinagar,orographic,0.1,1.8,3.3,1.9,1.9,1.87,0.0946,0.0016,0.0002
2026-08-31,Gangtok,orographic,12.0,10.4,13.5,12.33,12.33,6.8,0.3276,0.018,0.0028
2026-08-31,Guwahati,orographic,21.3,74.0,79.9,88.81,88.81,24.63,0.7935,0.3197,0.0709
2026-08-31,Cherrapunji,orographic,4.8,11.4,14.6,13.8,13.8,6.73,0.3482,0.0208,0.0033
2026-08-31,Imphal,orographic,59.0,17.9,21.5,23.3,23.3,8.04,0.4589,0.042,0.0068
2026-08-31,Agartala,orographic,16.2,7.3,9.8,8.2,8.2,4.68,0.256,0.0105,0.0016
2026-08-31,Lucknow,normal,14.7,0.3,1.0,1.0,1.0,2.15,0.038,0.0001,0.0
2026-08-31,Patna,normal,25.6,11.3,14.5,15.1,15.1,7.9,0.3172,0.0057,0.0008
2026-08-31,Varanasi,normal,17.5,9.4,12.3,12.9,12.9,7.96,0.2788,0.0043,0.0006
2026-08-31,Delhi,normal,0.7,0.0,0.0,0.0,0.0,0.73,0.0288,0.0001,0.0
2026-08-31,Kanpur,normal,17.0,0.0,0.0,0.0,0.0,0.73,0.0288,0.0001,0.0
2026-08-31,Ranchi,normal,26.3,21.0,24.7,25.46,25.46,12.33,0.4678,0.0153,0.0021
2026-08-31,Jodhpur,normal,0.2,0.0,0.0,0.0,0.0,0.18,0.0288,0.0001,0.0
2026-08-31,Bikaner,normal,0.0,0.0,0.0,0.0,0.0,0.18,0.0288,0.0001,0.0
2026-08-31,Jaisalmer,normal,0.0,0.0,0.0,0.0,0.0,0.18,0.0288,0.0001,0.0
2026-08-31,Hyderabad,normal,0.1,0.0,0.0,0.0,0.0,0.73,0.0288,0.0001,0.0
2026-08-31,Bengaluru,normal,1.0,0.0,0.0,0.0,0.0,0.73,0.0288,0.0001,0.0
2026-08-31,Pune,normal,0.5,0.0,0.0,0.0,0.0,0.73,0.0288,0.0001,0.0
2026-08-31,Kurnool,normal,1.3,0.1,0.6,0.6,0.6,1.29,0.0319,0.0001,0.0
2026-08-31,Madurai,normal,0.0,0.0,0.0,0.0,0.0,0.73,0.0288,0.0001,0.0
2026-09-01,Nagpur,normal,1.4,1.9,3.4,3.7,3.7,2.35,0.087,0.0005,0.0001
2026-09-01,Bhopal,normal,0.7,0.0,0.0,0.0,0.0,0.44,0.0288,0.0001,0.0
2026-09-01,Raipur,normal,0.6,5.4,7.7,8.2,8.2,5.35,0.185,0.0018,0.0002
2026-09-01,Jabalpur,normal,10.7,35.6,41.3,44.0,44.0,10.83,0.6056,0.0359,0.005
2026-09-01,Akola,normal,0.5,0.0,0.0,0.0,0.0,0.44,0.0288,0.0001,0.0
2026-09-01,Amravati,normal,1.0,0.0,0.0,0.0,0.0,0.44,0.0288,0.0001,0.0
2026-09-01,Aurangabad,normal,2.0,0.0,0.0,0.0,0.0,0.44,0.0288,0.0001,0.0
2026-09-01,Bhubaneswar,normal,4.3,5.3,7.6,8.2,8.2,4.38,0.1824,0.0018,0.0002
2026-09-01,Mumbai,coastal,6.1,3.0,4.8,6.9,6.9,4.84,0.1675,0.0011,0.0001
2026-09-01,Thiruvananthapuram,coastal,0.6,0.0,0.0,0.0,0.0,1.08,0.0422,0.0001,0.0
2026-09-01,Kochi,coastal,0.5,0.2,0.8,1.6,1.6,1.75,0.051,0.0001,0.0
2026-09-01,Mangaluru,coastal,5.8,0.0,0.0,0.0,0.0,1.5,0.0422,0.0001,0.0
2026-09-01,Panaji,coastal,4.2,7.5,10.1,12.2,12.2,8.53,0.315,0.0038,0.0003
2026-09-01,Chennai,coastal,0.4,0.0,0.0,0.0,0.0,1.08,0.0422,0.0001,0.0
2026-09-01,Visakhapatnam,coastal,0.3,0.0,0.0,0.0,0.0,1.08,0.0422,0.0001,0.0
2026-09-01,Puri,coastal,2.6,4.8,7.0,9.4,9.4,6.24,0.2322,0.002,0.0002
2026-09-01,Kolkata,coastal,28.2,5.8,8.1,10.4,10.4,7.92,0.2647,0.0026,0.0002
2026-09-01,Surat,coastal,2.5,0.5,1.3,2.2,2.2,2.75,0.0643,0.0002,0.0
2026-09-01,Mahabaleshwar,orographic,12.4,3.4,5.2,3.57,3.57,4.86,0.1464,0.0035,0.0005
2026-09-01,Munnar,orographic,1.2,0.7,1.6,0.8,0.8,2.46,0.057,0.0007,0.0001
2026-09-01,Madikeri,orographic,7.8,1.1,2.3,1.2,1.2,3.31,0.0708,0.001,0.0001
2026-09-01,Ooty,orographic,7.0,0.6,1.5,0.7,0.7,2.63,0.0536,0.0006,0.0001
2026-09-01,Lonavala,orographic,13.1,6.2,8.5,6.9,6.9,7.58,0.2274,0.0082,0.0013
2026-09-01,Wayanad,orographic,1.6,0.0,0.0,0.0,0.0,0.85,0.0327,0.0003,0.0
2026-09-01,Shimla,orographic,7.0,6.1,8.4,6.8,6.8,3.51,0.2247,0.0081,0.0012
2026-09-01,Dehradun,orographic,19.5,16.2,19.5,20.5,20.5,6.19,0.4333,0.0359,0.0058
2026-09-01,Srinagar,orographic,8.4,6.8,9.3,7.6,7.6,4.3,0.2432,0.0095,0.0014
2026-09-01,Gangtok,orographic,36.4,30.2,35.0,43.01,43.01,10.84,0.595,0.0941,0.0162
2026-09-01,Guwahati,orographic,8.0,5.7,8.0,6.3,6.3,5.04,0.2138,0.0073,0.0011
2026-09-01,Cherrapunji,orographic,23.9,33.7,38.8,47.01,47.01,9.73,0.6227,0.1109,0.0194
2026-09-01,Imphal,orographic,28.6,44.0,52.3,63.1,63.1,14.12,0.687,0.1632,0.0303
2026-09-01,Agartala,orographic,18.4,1.3,2.5,1.4,1.4,2.12,0.0777,0.0012,0.0002
2026-09-01,Lucknow,normal,16.8,5.2,7.5,8.0,8.0,5.03,0.1798,0.0017,0.0002
2026-09-01,Patna,normal,26.4,2.5,4.2,4.8,4.8,4.25,0.1049,0.0007,0.0001
2026-09-01,Varanasi,normal,28.1,49.5,58.6,62.7,62.7,20.09,0.6861,0.0609,0.0088
2026-09-01,Delhi,normal,3.9,2.6,4.3,4.9,4.9,3.5,0.1078,0.0007,0.0001
2026-09-01,Kanpur,normal,25.6,5.8,8.1,8.6,8.6,5.41,0.1952,0.002,0.0003
2026-09-01,Ranchi,normal,33.6,21.8,25.6,26.15,26.15,11.66,0.4775,0.0162,0.0022
2026-09-01,Jodhpur,normal,0.2,0.0,0.0,0.0,0.0,0.11,0.0288,0.0001,0.0
2026-09-01,Bikaner,normal,0.0,0.0,0.0,0.0,0.0,0.11,0.0288,0.0001,0.0
2026-09-01,Jaisalmer,normal,0.0,0.0,0.0,0.0,0.0,0.11,0.0288,0.0001,0.0
2026-09-01,Hyderabad,normal,0.3,0.0,0.0,0.0,0.0,0.52,0.0288,0.0001,0.0
2026-09-01,Bengaluru,normal,2.2,0.0,0.0,0.0,0.0,0.52,0.0288,0.0001,0.0
2026-09-01,Pune,normal,1.6,0.1,0.6,0.6,0.6,0.83,0.0319,0.0001,0.0
2026-09-01,Kurnool,normal,0.9,0.0,0.0,0.0,0.0,0.63,0.0288,0.0001,0.0
2026-09-01,Madurai,normal,0.6,0.2,0.8,0.8,0.8,0.94,0.035,0.0001,0.0
2026-09-02,Nagpur,normal,3.5,14.2,17.5,18.7,18.7,9.32,0.3695,0.0081,0.0011
2026-09-02,Bhopal,normal,2.7,21.2,24.9,25.5,25.5,12.26,0.4702,0.0155,0.0021
2026-09-02,Raipur,normal,5.8,12.9,16.0,17.1,17.1,9.58,0.3469,0.007,0.0009
2026-09-02,Jabalpur,depression,35.7,52.7,61.5,51.66,74.51,33.29,0.8246,0.141,0.0119
2026-09-02,Akola,normal,0.1,3.6,5.5,6.2,6.2,5.05,0.1365,0.001,0.0001
2026-09-02,Amravati,normal,2.3,2.9,4.6,5.3,5.3,4.31,0.1165,0.0008,0.0001
2026-09-02,Aurangabad,normal,2.1,0.2,0.8,0.8,0.8,1.73,0.035,0.0001,0.0
2026-09-02,Bhubaneswar,normal,1.3,6.8,9.3,9.8,9.8,8.24,0.22,0.0026,0.0003
2026-09-02,Mumbai,coastal,13.8,12.5,15.62,17.3,17.3,12.13,0.433,0.0085,0.0007
2026-09-02,Thiruvananthapuram,coastal,1.1,0.0,0.0,0.0,0.0,1.31,0.0422,0.0001,0.0
2026-09-02,Kochi,coastal,0.5,0.7,1.6,2.6,2.6,3.35,0.073,0.0002,0.0
2026-09-02,Mangaluru,coastal,1.1,2.7,4.4,6.3,6.3,4.9,0.156,0.0009,0.0001
2026-09-02,Panaji,coastal,10.3,1.7,3.1,4.7,4.7,4.43,0.1157,0.0005,0.0
2026-09-02,Chennai,coastal,1.3,0.0,0.0,0.0,0.0,1.31,0.0422,0.0001,0.0
2026-09-02,Visakhapatnam,coastal,8.3,0.1,0.6,1.2,1.2,1.83,0.0466,0.0001,0.0
2026-09-02,Puri,coastal,0.6,3.3,5.1,7.3,7.3,6.14,0.1789,0.0012,0.0001
2026-09-02,Kolkata,coastal,36.3,26.5,30.8,37.21,37.21,16.54,0.6249,0.0283,0.0023
2026-09-02,Surat,coastal,2.9,0.0,0.0,0.0,0.0,1.6,0.0422,0.0001,0.0
2026-09-02,Mahabaleshwar,orographic,23.9,4.4,6.5,4.7,4.7,8.12,0.1768,0.005,0.0008
2026-09-02,Munnar,orographic,0.8,1.7,3.1,1.7,1.7,4.1,0.0913,0.0015,0.0002
2026-09-02,Madikeri,orographic,5.5,1.9,3.4,2.0,2.0,4.47,0.098,0.0017,0.0003
2026-09-02,Ooty,orographic,2.4,1.5,2.8,1.6,1.6,4.11,0.0845,0.0013,0.0002
2026-09-02,Lonavala,orographic,20.4,7.0,9.5,7.9,7.9,11.9,0.2483,0.0099,0.0015
2026-09-02,Wayanad,orographic,2.7,1.4,2.7,1.5,1.5,3.65,0.0811,0.0013,0.0002
2026-09-02,Shimla,orographic,8.4,4.2,6.2,4.5,4.5,4.63,0.1708,0.0047,0.0007
2026-09-02,Dehradun,orographic,2.0,30.5,35.26,43.31,43.31,14.13,0.5975,0.0955,0.0164
2026-09-02,Srinagar,orographic,4.5,6.2,8.5,6.9,6.9,5.65,0.2274,0.0082,0.0013
2026-09-02,Gangtok,orographic,21.6,13.6,16.8,16.33,16.33,9.63,0.3898,0.0273,0.0043
2026-09-02,Guwahati,orographic,10.4,6.2,8.5,6.9,6.9,4.96,0.2274,0.0082,0.0013
2026-09-02,Cherrapunji,orographic,1.1,11.2,14.4,13.5,13.5,6.57,0.3442,0.0202,0.0032
2026-09-02,Imphal,orographic,13.1,6.5,8.9,7.3,7.3,6.53,0.2354,0.0088,0.0014
2026-09-02,Agartala,orographic,17.7,13.1,16.1,15.5,15.5,6.79,0.3808,0.0258,0.0041
2026-09-02,Lucknow,normal,32.0,28.5,33.1,34.75,34.75,15.23,0.548,0.0251,0.0035
2026-09-02,Patna,normal,17.8,16.5,19.9,20.81,20.81,11.44,0.4061,0.0103,0.0014
2026-09-02,Varanasi,normal,15.5,26.2,30.3,31.0,31.0,20.91,0.5259,0.0219,0.003
2026-09-02,Delhi,normal,13.6,1.1,2.3,2.4,2.4,4.14,0.0627,0.0003,0.0
2026-09-02,Kanpur,normal,18.7,43.3,51.7,49.42,49.42,19.08,0.6544,0.0492,0.007
2026-09-02,Ranchi,normal,10.3,0.9,2.0,2.2,2.2,4.43,0.0566,0.0002,0.0
2026-09-02,Jodhpur,normal,0.0,0.0,0.0,0.0,0.0,0.22,0.0288,0.0001,0.0
2026-09-02,Bikaner,normal,0.0,0.0,0.0,0.0,0.0,0.22,0.0288,0.0001,0.0
2026-09-02,Jaisalmer,normal,0.0,0.0,0.0,0.0,0.0,0.22,0.0288,0.0001,0.0
2026-09-02,Hyderabad,normal,0.5,1.7,3.2,3.5,3.5,3.09,0.081,0.0004,0.0001
2026-09-02,Bengaluru,normal,1.8,1.0,2.1,2.3,2.3,2.41,0.0596,0.0002,0.0
2026-09-02,Pune,normal,2.8,0.0,0.0,0.0,0.0,1.06,0.0288,0.0001,0.0
2026-09-02,Kurnool,normal,5.9,0.5,1.3,1.4,1.4,2.05,0.0442,0.0002,0.0
2026-09-02,Madurai,normal,1.4,1.0,2.1,2.3,2.3,2.72,0.0596,0.0002,0.0
2026-09-03,Nagpur,normal,16.3,14.8,18.1,19.3,19.3,9.68,0.3794,0.0087,0.0012
2026-09-03,Bhopal,normal,8.3,4.5,6.6,7.2,7.2,6.07,0.1613,0.0014,0.0002
2026-09-03,Raipur,depression,9.6,61.5,68.95,57.52,78.1,19.53,0.8474,0.1757,0.0154
2026-09-03,Jabalpur,normal,37.0,6.7,9.1,9.6,9.6,9.09,0.2175,0.0025,0.0003
2026-09-03,Akola,normal,0.4,1.1,2.3,2.4,2.4,3.72,0.0627,0.0003,0.0
2026-09-03,Amravati,normal,6.2,5.8,8.1,8.6,8.6,6.79,0.1952,0.002,0.0003
2026-09-03,Aurangabad,normal,1.2,0.0,0.0,0.0,0.0,0.96,0.0288,0.0001,0.0
2026-09-03,Bhubaneswar,normal,1.6,7.6,10.2,10.9,10.9,7.79,0.2389,0.0031,0.0004
2026-09-03,Mumbai,coastal,5.6,9.0,12.0,14.1,14.1,10.07,0.3546,0.0051,0.0004
2026-09-03,Thiruvananthapuram,coastal,1.4,0.0,0.0,0.0,0.0,1.26,0.0422,0.0001,0.0
2026-09-03,Kochi,coastal,0.8,0.5,1.3,2.2,2.2,3.16,0.0643,0.0002,0.0
2026-09-03,Mangaluru,coastal,2.7,0.0,0.0,0.0,0.0,1.75,0.0422,0.0001,0.0
2026-09-03,Panaji,coastal,9.0,11.0,14.1,16.12,16.12,10.56,0.4016,0.0069,0.0005
2026-09-03,Chennai,coastal,3.4,0.6,1.5,2.5,2.5,3.32,0.0686,0.0002,0.0
2026-09-03,Visakhapatnam,coastal,4.8,0.1,0.6,1.2,1.2,1.73,0.0466,0.0001,0.0
2026-09-03,Puri,coastal,1.2,0.9,2.0,3.0,3.0,3.89,0.0817,0.0003,0.0
2026-09-03,Kolkata,coastal,14.2,4.2,6.2,8.54,8.54,7.07,0.2116,0.0017,0.0001
2026-09-03,Surat,coastal,2.0,0.0,0.0,0.0,0.0,1.26,0.0422,0.0001,0.0
2026-09-03,Mahabaleshwar,orographic,16.1,5.0,7.2,5.5,5.5,8.45,0.1942,0.006,0.0009
2026-09-03,Munnar,orographic,3.3,4.2,6.2,4.5,4.5,6.73,0.1708,0.0047,0.0007
2026-09-03,Madikeri,orographic,7.3,1.1,2.3,1.2,1.2,4.27,0.0708,0.001,0.0001
2026-09-03,Ooty,orographic,2.4,1.8,3.3,1.9,1.9,4.3,0.0946,0.0016,0.0002
2026-09-03,Lonavala,orographic,12.1,10.5,13.6,12.5,12.5,12.36,0.3297,0.0183,0.0029
2026-09-03,Wayanad,orographic,4.6,0.0,0.0,0.0,0.0,1.67,0.0327,0.0003,0.0
2026-09-03,Shimla,orographic,6.5,2.5,4.2,2.8,2.8,2.93,0.1178,0.0024,0.0004
2026-09-03,Dehradun,orographic,5.5,10.7,13.8,12.8,12.8,7.31,0.3339,0.0188,0.0029
2026-09-03,Srinagar,orographic,0.0,3.9,5.9,4.1,4.1,4.21,0.1618,0.0043,0.0006
2026-09-03,Gangtok,orographic,6.1,10.9,14.0,13.0,13.0,6.9,0.338,0.0194,0.003
2026-09-03,Guwahati,orographic,6.8,18.8,22.6,24.4,24.4,9.28,0.4715,0.0453,0.0074
2026-09-03,Cherrapunji,orographic,33.3,19.7,23.36,25.7,25.7,9.1,0.4837,0.0487,0.0079
2026-09-03,Imphal,orographic,2.9,6.0,8.3,6.7,6.7,4.64,0.222,0.0079,0.0012
2026-09-03,Agartala,orographic,11.6,7.0,9.5,7.9,7.9,5.18,0.2483,0.0099,0.0015
2026-09-03,Lucknow,normal,11.1,9.3,12.2,12.8,12.8,8.71,0.2767,0.0042,0.0006
2026-09-03,Patna,normal,10.2,4.0,6.0,6.6,6.6,6.39,0.1476,0.0012,0.0002
2026-09-03,Varanasi,normal,8.9,9.9,12.8,13.4,13.4,8.83,0.2893,0.0046,0.0006
2026-09-03,Delhi,normal,3.5,0.0,0.0,0.0,0.0,1.51,0.0288,0.0001,0.0
2026-09-03,Kanpur,normal,21.6,12.8,15.9,16.96,16.96,12.22,0.3452,0.0069,0.0009
2026-09-03,Ranchi,normal,1.8,0.4,1.2,1.2,1.2,3.01,0.0411,0.0001,0.0
2026-09-03,Jodhpur,normal,0.0,0.2,0.8,0.8,0.8,0.7,0.035,0.0001,0.0
2026-09-03,Bikaner,normal,0.0,2.0,3.5,3.85,3.85,2.01,0.09,0.0005,0.0001
2026-09-03,Jaisalmer,normal,0.0,0.0,0.0,0.0,0.0,0.19,0.0288,0.0001,0.0
2026-09-03,Hyderabad,normal,0.4,1.3,2.5,2.8,2.8,3.17,0.0688,0.0003,0.0
2026-09-03,Bengaluru,normal,3.6,0.0,0.0,0.0,0.0,1.43,0.0288,0.0001,0.0
2026-09-03,Pune,normal,1.2,0.6,1.4,1.5,1.5,2.3,0.0473,0.0002,0.0
2026-09-03,Kurnool,normal,1.2,0.0,0.0,0.0,0.0,1.26,0.0288,0.0001,0.0
2026-09-03,Madurai,normal,1.4,3.5,5.35,6.0,6.0,3.84,0.1337,0.001,0.0001
2026-09-04,Nagpur,normal,4.4,7.1,9.6,10.2,10.2,6.89,0.2271,0.0028,0.0004
2026-09-04,Bhopal,normal,24.6,48.1,57.3,60.96,60.96,16.57,0.6794,0.0582,0.0084
2026-09-04,Raipur,normal,2.0,0.7,1.62,1.8,1.8,3.16,0.0504,0.0002,0.0
2026-09-04,Jabalpur,normal,4.2,6.1,8.4,8.9,8.9,5.8,0.2028,0.0022,0.0003
2026-09-04,Akola,normal,2.5,0.1,0.6,0.6,0.6,1.41,0.0319,0.0001,0.0
2026-09-04,Amravati,normal,9.4,0.9,1.9,2.0,2.0,2.88,0.0566,0.0002,0.0
2026-09-04,Aurangabad,normal,1.2,0.0,0.0,0.0,0.0,0.52,0.0288,0.0001,0.0
2026-09-04,Bhubaneswar,normal,4.4,0.2,0.8,0.8,0.8,1.94,0.035,0.0001,0.0
2026-09-04,Mumbai,coastal,9.1,6.4,8.8,10.9,10.9,8.39,0.2832,0.003,0.0002
2026-09-04,Thiruvananthapuram,coastal,1.1,0.0,0.0,0.0,0.0,1.09,0.0422,0.0001,0.0
2026-09-04,Kochi,coastal,0.3,0.3,1.0,1.9,1.9,2.22,0.0554,0.0002,0.0
2026-09-04,Mangaluru,coastal,4.2,0.0,0.0,0.0,0.0,1.09,0.0422,0.0001,0.0
2026-09-04,Panaji,coastal,7.1,9.5,12.4,14.6,14.6,9.56,0.367,0.0055,0.0004
2026-09-04,Chennai,coastal,2.4,0.2,0.8,1.6,1.6,2.12,0.051,0.0001,0.0
2026-09-04,Visakhapatnam,coastal,3.1,0.1,0.6,1.2,1.2,1.5,0.0466,0.0001,0.0
2026-09-04,Puri,coastal,2.3,0.0,0.0,0.0,0.0,1.52,0.0422,0.0001,0.0
2026-09-04,Kolkata,coastal,12.1,11.5,14.7,16.4,16.4,10.27,0.4124,0.0074,0.0006
2026-09-04,Surat,coastal,3.0,1.2,2.4,3.7,3.7,3.14,0.0946,0.0004,0.0
2026-09-04,Mahabaleshwar,orographic,15.8,3.0,4.8,3.2,3.2,4.65,0.1338,0.003,0.0005
2026-09-04,Munnar,orographic,2.7,5.3,7.6,5.8,5.8,6.66,0.2027,0.0066,0.001
2026-09-04,Madikeri,orographic,3.8,1.0,2.1,1.1,1.1,2.85,0.0674,0.0009,0.0001
2026-09-04,Ooty,orographic,6.4,1.8,3.2,1.9,1.9,3.59,0.0946,0.0016,0.0002
2026-09-04,Lonavala,orographic,13.3,7.1,9.6,8.0,8.0,9.09,0.2509,0.0101,0.0015
2026-09-04,Wayanad,orographic,2.0,0.2,0.8,0.3,0.3,1.51,0.0396,0.0004,0.0001
2026-09-04,Shimla,orographic,12.7,5.9,8.2,6.5,6.5,4.09,0.2193,0.0077,0.0012
2026-09-04,Dehradun,orographic,7.6,10.5,13.6,12.5,12.5,5.94,0.3297,0.0183,0.0029
2026-09-04,Srinagar,orographic,2.4,4.5,6.6,4.8,4.8,3.45,0.1797,0.0052,0.0008
2026-09-04,Gangtok,orographic,4.1,10.5,13.6,12.5,12.5,5.94,0.3297,0.0183,0.0029
2026-09-04,Guwahati,orographic,12.2,17.7,21.4,23.1,23.1,7.22,0.456,0.0412,0.0067
2026-09-04,Cherrapunji,orographic,14.6,11.9,15.0,14.1,14.1,5.86,0.3581,0.0222,0.0035
2026-09-04,Imphal,orographic,5.9,12.3,15.4,14.5,14.5,5.53,0.3658,0.0234,0.0037
2026-09-04,Agartala,orographic,6.9,6.6,9.0,7.4,7.4,4.43,0.238,0.009,0.0014
2026-09-04,Lucknow,normal,7.6,3.0,4.9,5.4,5.4,4.8,0.1194,0.0008,0.0001
2026-09-04,Patna,normal,6.6,15.0,18.3,19.4,19.4,8.88,0.3827,0.0089,0.0012
2026-09-04,Varanasi,normal,2.3,6.3,8.7,9.1,9.1,6.33,0.2078,0.0023,0.0003
2026-09-04,Delhi,normal,13.3,7.0,9.5,10.0,10.0,6.42,0.2248,0.0027,0.0004
2026-09-04,Kanpur,normal,9.1,5.2,7.5,8.0,8.0,5.76,0.1798,0.0017,0.0002
2026-09-04,Ranchi,normal,4.3,0.8,1.8,1.9,1.9,2.79,0.0535,0.0002,0.0
2026-09-04,Jodhpur,normal,0.0,0.0,0.0,0.0,0.0,0.19,0.0288,0.0001,0.0
2026-09-04,Bikaner,normal,0.0,0.0,0.0,0.0,0.0,0.57,0.0288,0.0001,0.0
2026-09-04,Jaisalmer,normal,0.0,0.0,0.0,0.0,0.0,0.12,0.0288,0.0001,0.0
2026-09-04,Hyderabad,normal,0.0,1.1,2.3,2.4,2.4,2.51,0.0627,0.0003,0.0
2026-09-04,Bengaluru,normal,3.5,0.0,0.0,0.0,0.0,0.58,0.0288,0.0001,0.0
2026-09-04,Pune,normal,3.7,0.2,0.8,0.8,0.8,1.41,0.035,0.0001,0.0
2026-09-04,Kurnool,normal,0.8,0.0,0.0,0.0,0.0,0.58,0.0288,0.0001,0.0
2026-09-04,Madurai,normal,1.4,1.6,3.0,3.3,3.3,2.77,0.078,0.0004,0.0
2026-09-05,Nagpur,break,3.4,11.2,14.4,16.43,15.0,6.13,0.3067,0.0089,0.0003
2026-09-05,Bhopal,break,3.6,4.7,6.9,7.4,7.4,4.75,0.1611,0.0024,0.0001
2026-09-05,Raipur,break,2.4,0.8,1.7,1.1,1.8,1.92,0.0515,0.0003,0.0
2026-09-05,Jabalpur,break,4.9,0.0,0.0,0.0,0.0,1.15,0.0277,0.0001,0.0
2026-09-05,Akola,break,0.8,0.0,0.0,0.0,0.0,0.44,0.0277,0.0001,0.0
2026-09-05,Amravati,break,3.9,2.2,3.8,3.98,4.3,2.24,0.0925,0.0009,0.0
2026-09-05,Aurangabad,break,2.4,0.0,0.0,0.0,0.0,0.34,0.0277,0.0001,0.0
2026-09-05,Bhubaneswar,break,2.6,0.0,0.0,0.0,0.0,0.44,0.0277,0.0001,0.0
2026-09-05,Mumbai,coastal,16.1,6.9,9.4,11.4,11.4,9.25,0.2979,0.0034,0.0003
2026-09-05,Thiruvananthapuram,coastal,1.7,0.3,1.0,1.9,1.9,2.05,0.0554,0.0002,0.0
2026-09-05,Kochi,coastal,0.8,1.0,2.1,3.16,3.16,3.17,0.086,0.0003,0.0
2026-09-05,Mangaluru,coastal,0.3,0.0,0.0,0.0,0.0,1.16,0.0422,0.0001,0.0
2026-09-05,Panaji,coastal,1.5,0.1,0.6,1.2,1.2,2.35,0.0466,0.0001,0.0
2026-09-05,Chennai,coastal,3.6,0.0,0.0,0.0,0.0,1.14,0.0422,0.0001,0.0
2026-09-05,Visakhapatnam,coastal,1.9,0.1,0.6,1.2,1.2,1.58,0.0466,0.0001,0.0
2026-09-05,Puri,coastal,1.7,0.1,0.6,1.2,1.2,1.61,0.0466,0.0001,0.0
2026-09-05,Kolkata,coastal,10.9,8.7,11.7,13.7,13.7,9.61,0.347,0.0048,0.0004
2026-09-05,Surat,coastal,2.5,1.3,2.5,3.91,3.91,3.59,0.0989,0.0004,0.0
2026-09-05,Mahabaleshwar,orographic,13.4,1.7,3.1,1.7,1.7,3.72,0.0913,0.0015,0.0002
2026-09-05,Munnar,orographic,3.8,11.5,14.7,13.8,13.8,10.31,0.3502,0.021,0.0033
2026-09-05,Madikeri,orographic,1.3,0.4,1.2,0.5,0.5,2.33,0.0466,0.0005,0.0001
2026-09-05,Ooty,orographic,7.7,4.3,6.3,4.6,4.6,5.87,0.1738,0.0049,0.0007
2026-09-05,Lonavala,orographic,14.1,2.8,4.6,3.1,3.1,4.8,0.1275,0.0028,0.0004
2026-09-05,Wayanad,orographic,2.2,1.6,3.0,1.6,1.6,2.74,0.0879,0.0014,0.0002
2026-09-05,Shimla,orographic,3.8,9.2,12.2,10.6,10.6,5.28,0.3013,0.0149,0.0023
2026-09-05,Dehradun,orographic,3.4,12.9,16.0,15.2,15.2,6.27,0.3771,0.0252,0.004
2026-09-05,Srinagar,orographic,3.3,11.8,15.0,14.1,14.1,5.53,0.3561,0.0219,0.0034
2026-09-05,Gangtok,orographic,15.3,1.1,2.3,1.2,1.2,1.98,0.0708,0.001,0.0001
2026-09-05,Guwahati,orographic,4.5,11.9,15.0,14.1,14.1,5.57,0.3581,0.0222,0.0035
2026-09-05,Cherrapunji,orographic,4.6,4.4,6.5,4.7,4.7,3.22,0.1768,0.005,0.0008
2026-09-05,Imphal,orographic,12.5,1.3,2.5,1.4,1.4,2.13,0.0777,0.0012,0.0002
2026-09-05,Agartala,orographic,6.7,9.6,12.6,11.3,11.3,4.59,0.3102,0.0159,0.0025
2026-09-05,Lucknow,break,2.9,0.3,1.0,0.8,1.0,2.68,0.0366,0.0002,0.0
2026-09-05,Patna,break,2.3,13.7,17.0,17.98,18.26,10.13,0.3517,0.0122,0.0004
2026-09-05,Varanasi,break,2.9,1.5,2.8,2.6,3.1,3.98,0.0722,0.0006,0.0
2026-09-05,Delhi,break,23.5,5.4,7.7,8.0,8.2,6.13,0.179,0.003,0.0001
2026-09-05,Kanpur,break,1.0,1.0,2.1,1.5,2.3,3.69,0.0574,0.0004,0.0
2026-09-05,Ranchi,break,1.1,0.6,1.5,1.0,1.6,3.02,0.0455,0.0003,0.0
2026-09-05,Jodhpur,break,0.0,0.4,1.2,0.9,1.2,0.74,0.0396,0.0002,0.0
2026-09-05,Bikaner,break,14.6,1.3,2.5,2.3,2.8,1.04,0.0663,0.0005,0.0
2026-09-05,Jaisalmer,break,0.0,0.0,0.0,0.0,0.0,0.0,0.0277,0.0001,0.0
2026-09-05,Hyderabad,break,2.2,0.1,0.6,0.5,0.6,1.16,0.0307,0.0001,0.0
2026-09-05,Bengaluru,break,0.0,0.2,0.8,0.62,0.8,0.81,0.0336,0.0002,0.0
2026-09-05,Pune,break,1.4,0.2,0.8,0.62,0.8,0.95,0.0336,0.0002,0.0
2026-09-05,Kurnool,break,0.7,0.0,0.0,0.0,0.0,0.43,0.0277,0.0001,0.0
2026-09-05,Madurai,break,3.3,67.7,75.8,66.3,80.7,14.93,0.7463,0.1499,0.0066
2026-09-06,Nagpur,normal,0.8,9.4,12.3,12.9,14.33,5.66,0.2788,0.0043,0.0006
2026-09-06,Bhopal,normal,2.3,6.7,9.2,9.6,9.3,5.25,0.2175,0.0025,0.0003
2026-09-06,Raipur,normal,1.0,11.5,14.7,15.4,16.51,5.31,0.3211,0.0058,0.0008
2026-09-06,Jabalpur,normal,1.8,2.6,4.3,4.9,4.3,2.62,0.1078,0.0007,0.0001
2026-09-06,Akola,normal,0.9,0.0,0.0,0.0,0.0,0.35,0.0288,0.0001,0.0
2026-09-06,Amravati,normal,0.7,0.0,0.0,0.0,0.0,0.84,0.0288,0.0001,0.0
2026-09-06,Aurangabad,normal,0.4,0.0,0.0,0.0,0.0,0.35,0.0288,0.0001,0.0
2026-09-06,Bhubaneswar,normal,9.3,0.1,0.6,0.6,0.5,0.76,0.0319,0.0001,0.0
2026-09-06,Mumbai,coastal,5.7,7.3,9.8,11.7,11.7,8.45,0.3094,0.0037,0.0003
2026-09-06,Thiruvananthapuram,coastal,0.6,0.0,0.0,0.0,0.0,1.3,0.0422,0.0001,0.0
2026-09-06,Kochi,coastal,2.0,1.3,2.5,3.91,3.91,3.25,0.0989,0.0004,0.0
2026-09-06,Mangaluru,coastal,0.1,0.0,0.0,0.0,0.0,1.0,0.0422,0.0001,0.0
2026-09-06,Panaji,coastal,2.0,0.4,1.2,2.1,2.1,2.23,0.0599,0.0002,0.0
2026-09-06,Chennai,coastal,2.0,0.0,0.0,0.0,0.0,1.0,0.0422,0.0001,0.0
2026-09-06,Visakhapatnam,coastal,2.4,0.0,0.0,0.0,0.0,0.96,0.0422,0.0001,0.0
2026-09-06,Puri,coastal,7.1,0.2,0.8,1.6,1.6,1.6,0.051,0.0001,0.0
2026-09-06,Kolkata,coastal,5.3,1.6,3.0,4.6,4.6,3.79,0.1115,0.0005,0.0
2026-09-06,Surat,coastal,0.3,0.2,0.8,1.6,1.6,1.97,0.051,0.0001,0.0
2026-09-06,Mahabaleshwar,orographic,9.3,7.4,9.9,8.2,8.2,7.67,0.2585,0.0107,0.0016
2026-09-06,Munnar,orographic,2.2,18.6,22.4,24.0,24.0,12.95,0.4688,0.0445,0.0072
2026-09-06,Madikeri,orographic,1.0,0.3,1.0,0.4,0.4,1.7,0.0431,0.0004,0.0001
2026-09-06,Ooty,orographic,4.9,9.3,12.2,10.8,10.8,8.67,0.3036,0.0152,0.0024
2026-09-06,Lonavala,orographic,8.1,4.3,6.3,4.6,4.6,5.72,0.1738,0.0049,0.0007
2026-09-06,Wayanad,orographic,2.0,1.0,2.1,1.1,1.1,2.67,0.0674,0.0009,0.0001
2026-09-06,Shimla,orographic,3.0,2.0,3.5,2.1,2.1,2.29,0.1013,0.0018,0.0003
2026-09-06,Dehradun,orographic,4.3,0.4,1.2,0.5,0.5,1.48,0.0466,0.0005,0.0001
2026-09-06,Srinagar,orographic,0.0,0.0,0.0,0.0,0.0,0.66,0.0327,0.0003,0.0
2026-09-06,Gangtok,orographic,16.0,13.2,16.3,15.7,15.7,5.68,0.3826,0.0261,0.0041
2026-09-06,Guwahati,orographic,14.4,15.9,19.3,19.8,19.8,5.53,0.4286,0.0349,0.0056
2026-09-06,Cherrapunji,orographic,3.6,17.7,21.4,23.1,23.1,6.26,0.456,0.0412,0.0067
2026-09-06,Imphal,orographic,2.6,1.0,2.1,1.1,1.1,1.65,0.0674,0.0009,0.0001
2026-09-06,Agartala,orographic,13.8,34.1,39.1,47.12,47.12,9.45,0.6257,0.1128,0.0198
2026-09-06,Lucknow,normal,10.5,9.4,12.3,12.9,14.33,6.02,0.2788,0.0043,0.0006
2026-09-06,Patna,normal,13.8,9.8,12.7,13.3,14.96,7.32,0.2872,0.0045,0.0006
2026-09-06,Varanasi,normal,1.8,0.7,1.6,1.7,1.1,2.86,0.0504,0.0002,0.0
2026-09-06,Delhi,normal,18.1,0.5,1.3,1.4,1.0,2.91,0.0442,0.0002,0.0
2026-09-06,Kanpur,normal,22.5,1.1,2.3,2.4,1.7,2.99,0.0627,0.0003,0.0
2026-09-06,Ranchi,normal,1.6,11.2,14.4,15.0,16.43,6.57,0.3153,0.0056,0.0007
2026-09-06,Jodhpur,normal,0.0,3.3,5.1,5.8,5.8,2.22,0.128,0.0009,0.0001
2026-09-06,Bikaner,normal,0.0,1.2,2.4,2.7,2.0,1.57,0.0658,0.0003,0.0
2026-09-06,Jaisalmer,normal,0.0,0.0,0.0,0.0,0.0,0.0,0.0288,0.0001,0.0
2026-09-06,Hyderabad,normal,5.3,1.0,2.1,2.3,1.5,1.72,0.0596,0.0002,0.0
2026-09-06,Bengaluru,normal,1.1,0.0,0.0,0.0,0.0,0.54,0.0288,0.0001,0.0
2026-09-06,Pune,normal,5.4,0.7,1.62,1.8,1.1,1.72,0.0504,0.0002,0.0
2026-09-06,Kurnool,normal,0.5,1.4,2.7,3.0,2.5,1.64,0.0719,0.0003,0.0
2026-09-06,Madurai,normal,19.5,1.2,2.4,2.7,2.0,2.9,0.0658,0.0003,0.0
2026-09-07,Nagpur,normal,0.7,3.4,5.2,5.9,5.8,3.58,0.1308,0.001,0.0001
2026-09-07,Bhopal,normal,1.3,3.8,5.7,6.4,6.38,3.99,0.1421,0.0011,0.0001
2026-09-07,Raipur,normal,0.4,1.5,2.8,3.1,2.6,2.6,0.0749,0.0004,0.0
2026-09-07,Jabalpur,normal,6.2,8.7,11.53,12.3,13.66,5.41,0.2637,0.0038,0.0005
2026-09-07,Akola,normal,0.2,0.0,0.0,0.0,0.0,0.35,0.0288,0.0001,0.0
2026-09-07,Amravati,normal,0.4,1.6,3.0,3.3,2.7,1.69,0.078,0.0004,0.0
2026-09-07,Aurangabad,normal,1.0,0.0,0.0,0.0,0.0,0.35,0.0288,0.0001,0.0
2026-09-07,Bhubaneswar,normal,1.8,0.0,0.0,0.0,0.0,0.45,0.0288,0.0001,0.0
2026-09-07,Mumbai,coastal,7.3,3.9,5.9,8.1,8.1,6.68,0.2009,0.0015,0.0001
2026-09-07,Thiruvananthapuram,coastal,1.4,0.1,0.6,1.2,1.2,1.61,0.0466,0.0001,0.0
2026-09-07,Kochi,coastal,0.7,0.0,0.0,0.0,0.0,1.69,0.0422,0.0001,0.0
2026-09-07,Mangaluru,coastal,0.4,0.0,0.0,0.0,0.0,1.16,0.0422,0.0001,0.0
2026-09-07,Panaji,coastal,3.0,0.3,1.0,1.9,1.9,2.34,0.0554,0.0002,0.0
2026-09-07,Chennai,coastal,0.6,0.0,0.0,0.0,0.0,1.16,0.0422,0.0001,0.0
2026-09-07,Visakhapatnam,coastal,0.5,0.0,0.0,0.0,0.0,1.16,0.0422,0.0001,0.0
2026-09-07,Puri,coastal,3.9,0.0,0.0,0.0,0.0,1.14,0.0422,0.0001,0.0
2026-09-07,Kolkata,coastal,6.3,1.9,3.4,5.1,5.1,4.06,0.1239,0.0006,0.0
2026-09-07,Surat,coastal,0.5,0.4,1.2,2.1,2.1,2.47,0.0599,0.0002,0.0
2026-09-07,Mahabaleshwar,orographic,11.0,1.6,3.0,1.6,1.6,3.76,0.0879,0.0014,0.0002
2026-09-07,Munnar,orographic,0.1,1.9,3.4,2.0,2.0,4.06,0.098,0.0017,0.0003
2026-09-07,Madikeri,orographic,1.9,0.2,0.8,0.3,0.3,1.72,0.0396,0.0004,0.0001
2026-09-07,Ooty,orographic,0.0,2.3,3.9,2.4,2.4,4.73,0.1112,0.0022,0.0003
2026-09-07,Lonavala,orographic,9.4,2.3,3.9,2.4,2.4,4.76,0.1112,0.0022,0.0003
2026-09-07,Wayanad,orographic,0.6,0.1,0.6,0.2,0.2,1.62,0.0362,0.0003,0.0
2026-09-07,Shimla,orographic,4.2,0.1,0.6,0.2,0.2,0.77,0.0362,0.0003,0.0
2026-09-07,Dehradun,orographic,44.3,0.6,1.4,0.7,0.7,1.1,0.0536,0.0006,0.0001
2026-09-07,Srinagar,orographic,0.0,0.9,2.0,1.03,1.03,0.8,0.064,0.0008,0.0001
2026-09-07,Gangtok,orographic,8.5,8.6,11.5,10.1,10.1,5.21,0.2875,0.0135,0.0021
2026-09-07,Guwahati,orographic,1.5,10.1,13.1,12.0,12.0,5.12,0.3212,0.0172,0.0027
2026-09-07,Cherrapunji,orographic,3.2,13.6,16.8,16.33,16.33,6.27,0.3898,0.0273,0.0043
2026-09-07,Imphal,orographic,0.7,2.7,4.4,2.9,2.9,2.07,0.1242,0.0026,0.0004
2026-09-07,Agartala,orographic,6.5,22.9,26.8,30.86,30.86,8.75,0.5231,0.0616,0.0102
2026-09-07,Lucknow,normal,10.6,3.8,5.7,6.4,6.38,5.45,0.1421,0.0011,0.0001
2026-09-07,Patna,normal,5.3,5.0,7.2,7.8,7.57,6.13,0.1746,0.0017,0.0002
2026-09-07,Varanasi,normal,4.3,9.3,12.2,12.8,14.33,6.63,0.2767,0.0042,0.0006
2026-09-07,Delhi,normal,0.9,0.0,0.0,0.0,0.0,1.18,0.0288,0.0001,0.0
2026-09-07,Kanpur,normal,3.5,18.3,22.1,23.01,21.71,11.03,0.4323,0.0122,0.0017
2026-09-07,Ranchi,normal,14.2,16.4,19.7,20.8,20.33,9.62,0.4046,0.0102,0.0014
2026-09-07,Jodhpur,normal,0.0,0.3,1.0,1.0,0.8,1.41,0.038,0.0001,0.0
2026-09-07,Bikaner,normal,0.0,0.0,0.0,0.0,0.0,0.52,0.0288,0.0001,0.0
2026-09-07,Jaisalmer,normal,0.0,0.0,0.0,0.0,0.0,0.0,0.0288,0.0001,0.0
2026-09-07,Hyderabad,normal,11.7,1.9,3.4,3.7,3.1,2.28,0.087,0.0005,0.0001
2026-09-07,Bengaluru,normal,0.0,0.0,0.0,0.0,0.0,0.44,0.0288,0.0001,0.0
2026-09-07,Pune,normal,2.0,0.3,1.0,1.0,0.8,1.5,0.038,0.0001,0.0
2026-09-07,Kurnool,normal,2.8,0.7,1.6,1.7,1.1,1.99,0.0504,0.0002,0.0
2026-09-07,Madurai,normal,0.5,0.0,0.0,0.0,0.0,0.99,0.0288,0.0001,0.0
2026-09-08,Nagpur,normal,1.3,2.0,3.5,3.85,3.44,2.65,0.09,0.0005,0.0001
2026-09-08,Bhopal,normal,2.5,3.5,5.35,6.0,5.8,3.36,0.1337,0.001,0.0001
2026-09-08,Raipur,normal,3.1,4.3,6.3,6.9,6.93,3.6,0.1558,0.0013,0.0002
2026-09-08,Jabalpur,normal,4.6,3.5,5.35,6.0,5.8,3.62,0.1337,0.001,0.0001
2026-09-08,Akola,normal,1.3,6.1,8.5,8.9,8.27,4.39,0.2028,0.0022,0.0003
2026-09-08,Amravati,normal,0.9,8.3,11.1,11.9,12.02,5.05,0.2548,0.0035,0.0005
2026-09-08,Aurangabad,normal,1.8,0.1,0.6,0.6,0.5,0.76,0.0319,0.0001,0.0
2026-09-08,Bhubaneswar,normal,2.1,1.2,2.4,2.6,1.9,1.69,0.0658,0.0003,0.0
2026-09-08,Mumbai,coastal,6.9,2.6,4.3,6.2,6.2,4.79,0.152,0.0009,0.0001
2026-09-08,Thiruvananthapuram,coastal,0.6,0.2,0.8,1.6,1.6,1.6,0.051,0.0001,0.0
2026-09-08,Kochi,coastal,1.2,2.4,4.1,5.9,5.9,4.06,0.1441,0.0008,0.0001
2026-09-08,Mangaluru,coastal,2.4,0.1,0.6,1.2,1.2,1.43,0.0466,0.0001,0.0
2026-09-08,Panaji,coastal,6.8,0.0,0.0,0.0,0.0,1.3,0.0422,0.0001,0.0
2026-09-08,Chennai,coastal,4.6,0.0,0.0,0.0,0.0,1.0,0.0422,0.0001,0.0
2026-09-08,Visakhapatnam,coastal,3.2,0.0,0.0,0.0,0.0,1.0,0.0422,0.0001,0.0
2026-09-08,Puri,coastal,2.8,0.0,0.0,0.0,0.0,1.0,0.0422,0.0001,0.0
2026-09-08,Kolkata,coastal,2.5,7.0,9.5,11.5,11.5,8.18,0.3008,0.0035,0.0003
2026-09-08,Surat,coastal,0.2,0.0,0.0,0.0,0.0,1.3,0.0422,0.0001,0.0
2026-09-08,Mahabaleshwar,orographic,9.5,3.3,5.1,3.5,3.5,4.22,0.1433,0.0034,0.0005
2026-09-08,Munnar,orographic,0.1,0.5,1.3,0.6,0.6,2.45,0.0501,0.0006,0.0001
2026-09-08,Madikeri,orographic,4.6,0.8,1.8,0.9,0.9,2.36,0.0605,0.0008,0.0001
2026-09-08,Ooty,orographic,0.0,0.4,1.2,0.5,0.5,2.44,0.0466,0.0005,0.0001
2026-09-08,Lonavala,orographic,10.5,2.4,4.1,2.7,2.7,4.36,0.1145,0.0023,0.0003
2026-09-08,Wayanad,orographic,1.0,0.0,0.0,0.0,0.0,0.77,0.0327,0.0003,0.0
2026-09-08,Shimla,orographic,1.5,0.0,0.0,0.0,0.0,0.0,0.0327,0.0003,0.0
2026-09-08,Dehradun,orographic,1.3,0.0,0.0,0.0,0.0,0.23,0.0327,0.0003,0.0
2026-09-08,Srinagar,orographic,0.0,0.0,0.0,0.0,0.0,0.34,0.0327,0.0003,0.0
2026-09-08,Gangtok,orographic,5.3,23.9,27.9,32.71,32.71,8.66,0.5343,0.0658,0.0109
2026-09-08,Guwahati,orographic,4.8,3.7,5.6,3.9,3.9,2.84,0.1557,0.004,0.0006
2026-09-08,Cherrapunji,orographic,4.7,11.4,14.6,13.8,13.8,4.66,0.3482,0.0208,0.0033
2026-09-08,Imphal,orographic,9.7,4.9,7.1,5.3,5.3,3.09,0.1913,0.0059,0.0009
2026-09-08,Agartala,orographic,9.6,0.0,0.0,0.0,0.0,1.06,0.0327,0.0003,0.0
2026-09-08,Lucknow,normal,2.9,3.9,5.9,6.5,6.53,4.8,0.1449,0.0012,0.0001
2026-09-08,Patna,normal,15.4,13.5,16.67,17.8,17.19,8.64,0.3575,0.0075,0.001
2026-09-08,Varanasi,normal,7.1,5.9,8.2,8.7,8.2,6.05,0.1978,0.0021,0.0003
2026-09-08,Delhi,normal,1.3,0.0,0.0,0.0,0.0,0.55,0.0288,0.0001,0.0
2026-09-08,Kanpur,normal,2.0,0.0,0.0,0.0,0.0,1.43,0.0288,0.0001,0.0
2026-09-08,Ranchi,normal,4.3,16.8,20.4,21.1,20.63,9.94,0.4106,0.0107,0.0014
2026-09-08,Jodhpur,normal,0.0,0.0,0.0,0.0,0.0,0.28,0.0288,0.0001,0.0
2026-09-08,Bikaner,normal,0.0,0.0,0.0,0.0,0.0,0.0,0.0288,0.0001,0.0
2026-09-08,Jaisalmer,normal,0.0,0.0,0.0,0.0,0.0,0.0,0.0288,0.0001,0.0
2026-09-08,Hyderabad,normal,0.3,0.3,1.0,1.0,0.8,1.54,0.038,0.0001,0.0
2026-09-08,Bengaluru,normal,1.6,0.0,0.0,0.0,0.0,0.43,0.0288,0.0001,0.0
2026-09-08,Pune,normal,1.9,0.6,1.5,1.6,1.0,1.82,0.0473,0.0002,0.0
2026-09-08,Kurnool,normal,7.4,0.0,0.0,0.0,0.0,0.91,0.0288,0.0001,0.0
2026-09-08,Madurai,normal,0.0,0.0,0.0,0.0,0.0,0.43,0.0288,0.0001,0.0
2026-09-09,Nagpur,break,0.6,0.2,0.8,0.62,0.8,0.65,0.0336,0.0002,0.0
2026-09-09,Bhopal,break,0.9,1.9,3.4,3.1,3.7,1.15,0.0839,0.0008,0.0
2026-09-09,Raipur,break,0.6,0.3,1.0,0.8,1.0,0.73,0.0366,0.0002,0.0
2026-09-09,Jabalpur,break,2.5,2.1,3.6,3.7,4.0,1.15,0.0897,0.0008,0.0
2026-09-09,Akola,break,0.5,2.5,4.2,4.3,4.8,1.55,0.1011,0.001,0.0
2026-09-09,Amravati,break,0.1,2.1,3.6,3.7,4.0,1.24,0.0897,0.0008,0.0
2026-09-09,Aurangabad,break,1.3,0.7,1.6,1.1,1.7,1.02,0.0485,0.0003,0.0
2026-09-09,Bhubaneswar,break,15.7,0.2,0.8,0.62,0.8,0.68,0.0336,0.0002,0.0
2026-09-09,Mumbai,coastal,4.0,2.4,4.1,5.9,5.9,2.42,0.1441,0.0008,0.0001
2026-09-09,Thiruvananthapuram,coastal,0.8,0.0,0.0,0.0,0.0,0.64,0.0422,0.0001,0.0
2026-09-09,Kochi,coastal,1.3,0.2,0.8,1.6,1.6,1.03,0.051,0.0001,0.0
2026-09-09,Mangaluru,coastal,2.2,1.0,2.1,3.16,3.16,1.75,0.086,0.0003,0.0
2026-09-09,Panaji,coastal,1.2,0.0,0.0,0.0,0.0,0.7,0.0422,0.0001,0.0
2026-09-09,Chennai,coastal,0.6,0.0,0.0,0.0,0.0,0.7,0.0422,0.0001,0.0
2026-09-09,Visakhapatnam,coastal,2.9,0.0,0.0,0.0,0.0,0.7,0.0422,0.0001,0.0
2026-09-09,Puri,coastal,9.8,1.7,3.1,4.7,4.7,2.03,0.1157,0.0005,0.0
2026-09-09,Kolkata,coastal,29.8,7.2,9.6,11.6,11.6,4.51,0.3066,0.0036,0.0003
2026-09-09,Surat,coastal,2.3,0.1,0.6,1.2,1.2,0.98,0.0466,0.0001,0.0
2026-09-09,Mahabaleshwar,orographic,3.3,0.6,1.5,0.7,0.7,1.6,0.0536,0.0006,0.0001
2026-09-09,Munnar,orographic,1.4,1.6,3.0,1.6,1.6,1.58,0.0879,0.0014,0.0002
2026-09-09,Madikeri,orographic,3.3,1.2,2.4,1.3,1.3,1.53,0.0743,0.0011,0.0002
2026-09-09,Ooty,orographic,3.3,0.5,1.3,0.6,0.6,1.27,0.0501,0.0006,0.0001
2026-09-09,Lonavala,orographic,6.3,0.7,1.62,0.9,0.9,1.62,0.057,0.0007,0.0001
2026-09-09,Wayanad,orographic,2.2,0.0,0.0,0.0,0.0,0.46,0.0327,0.0003,0.0
2026-09-09,Shimla,orographic,2.2,0.0,0.0,0.0,0.0,0.0,0.0327,0.0003,0.0
2026-09-09,Dehradun,orographic,1.0,0.0,0.0,0.0,0.0,0.0,0.0327,0.0003,0.0
2026-09-09,Srinagar,orographic,0.0,0.0,0.0,0.0,0.0,0.0,0.0327,0.0003,0.0
2026-09-09,Gangtok,orographic,5.1,20.2,23.91,26.4,26.4,6.78,0.4902,0.0507,0.0083
2026-09-09,Guwahati,orographic,2.3,10.4,13.5,12.33,12.33,2.7,0.3276,0.018,0.0028
2026-09-09,Cherrapunji,orographic,3.5,14.0,17.3,17.17,17.17,3.59,0.3969,0.0286,0.0045
2026-09-09,Imphal,orographic,2.1,5.8,8.1,6.4,6.4,2.26,0.2166,0.0075,0.0011
2026-09-09,Agartala,orographic,8.1,0.1,0.6,0.2,0.2,0.31,0.0362,0.0003,0.0
2026-09-09,Lucknow,break,3.6,0.0,0.0,0.0,0.0,0.66,0.0277,0.0001,0.0
2026-09-09,Patna,break,3.4,0.6,1.5,1.0,1.6,2.07,0.0455,0.0003,0.0
2026-09-09,Varanasi,break,2.8,0.0,0.0,0.0,0.0,0.75,0.0277,0.0001,0.0
2026-09-09,Delhi,break,0.0,0.0,0.0,0.0,0.0,0.3,0.0277,0.0001,0.0
2026-09-09,Kanpur,break,3.6,0.0,0.0,0.0,0.0,0.3,0.0277,0.0001,0.0
2026-09-09,Ranchi,break,6.3,12.7,15.8,17.01,16.8,5.59,0.3343,0.0109,0.0004
2026-09-09,Jodhpur,break,0.0,0.0,0.0,0.0,0.0,0.0,0.0277,0.0001,0.0
2026-09-09,Bikaner,break,0.0,0.0,0.0,0.0,0.0,0.0,0.0277,0.0001,0.0
2026-09-09,Jaisalmer,break,0.0,0.0,0.0,0.0,0.0,0.0,0.0277,0.0001,0.0
2026-09-09,Hyderabad,break,2.6,0.4,1.2,0.9,1.2,0.78,0.0396,0.0002,0.0
2026-09-09,Bengaluru,break,5.1,0.0,0.0,0.0,0.0,0.2,0.0277,0.0001,0.0
2026-09-09,Pune,break,1.9,0.1,0.6,0.5,0.6,0.55,0.0307,0.0001,0.0
2026-09-09,Kurnool,break,0.7,0.4,1.2,0.9,1.2,0.74,0.0396,0.0002,0.0
2026-09-09,Madurai,break,0.0,0.0,0.0,0.0,0.0,0.2,0.0277,0.0001,0.0
2026-09-10,Nagpur,normal,0.4,0.3,1.0,1.0,1.0,1.31,0.038,0.0001,0.0
2026-09-10,Bhopal,normal,2.1,0.8,1.8,1.9,1.9,2.24,0.0535,0.0002,0.0
2026-09-10,Raipur,normal,11.2,26.2,30.3,31.0,31.0,9.02,0.5259,0.0219,0.003
2026-09-10,Jabalpur,normal,0.3,1.6,3.0,3.3,3.3,2.45,0.078,0.0004,0.0
2026-09-10,Akola,normal,0.1,0.0,0.0,0.0,0.0,0.97,0.0288,0.0001,0.0
2026-09-10,Amravati,normal,0.5,0.0,0.0,0.0,0.0,0.93,0.0288,0.0001,0.0
2026-09-10,Aurangabad,normal,0.6,0.2,0.8,0.8,0.8,1.43,0.035,0.0001,0.0
2026-09-10,Bhubaneswar,normal,33.5,14.0,17.3,18.5,3.09,6.35,0.3661,0.008,0.0011
2026-09-10,Mumbai,coastal,2.8,2.4,4.1,5.9,5.9,4.83,0.1441,0.0008,0.0001
2026-09-10,Thiruvananthapuram,coastal,0.9,0.0,0.0,0.0,0.0,1.08,0.0422,0.0001,0.0
2026-09-10,Kochi,coastal,1.5,1.4,2.7,4.1,4.1,3.07,0.1031,0.0004,0.0
2026-09-10,Mangaluru,coastal,0.4,0.2,0.8,1.6,1.6,2.05,0.051,0.0001,0.0
2026-09-10,Panaji,coastal,0.7,0.2,0.8,1.6,1.6,1.75,0.051,0.0001,0.0
2026-09-10,Chennai,coastal,2.4,0.1,0.6,1.2,1.2,1.52,0.0466,0.0001,0.0
2026-09-10,Visakhapatnam,coastal,25.6,0.1,0.6,1.2,1.2,1.52,0.0466,0.0001,0.0
2026-09-10,Puri,coastal,15.6,12.6,15.7,17.3,17.3,10.15,0.435,0.0086,0.0007
2026-09-10,Kolkata,coastal,14.7,5.9,8.2,10.5,10.5,7.98,0.2679,0.0027,0.0002
2026-09-10,Surat,coastal,0.6,0.2,0.8,1.6,1.6,1.7,0.051,0.0001,0.0
2026-09-10,Mahabaleshwar,orographic,2.7,0.1,0.6,0.2,0.2,1.5,0.0362,0.0003,0.0
2026-09-10,Munnar,orographic,2.2,9.5,12.4,11.1,11.1,8.03,0.308,0.0157,0.0024
2026-09-10,Madikeri,orographic,1.1,3.1,4.9,3.3,3.3,4.38,0.137,0.0031,0.0005
2026-09-10,Ooty,orographic,8.4,1.7,3.2,1.8,1.8,3.21,0.0913,0.0015,0.0002
2026-09-10,Lonavala,orographic,2.8,1.5,2.8,1.6,1.6,3.05,0.0845,0.0013,0.0002
2026-09-10,Wayanad,orographic,1.8,3.8,5.7,4.0,4.0,4.68,0.1588,0.0041,0.0006
2026-09-10,Shimla,orographic,4.4,0.0,0.0,0.0,0.0,0.0,0.0327,0.0003,0.0
2026-09-10,Dehradun,orographic,1.5,0.1,0.6,0.2,0.2,0.31,0.0362,0.0003,0.0
2026-09-10,Srinagar,orographic,0.0,0.7,1.62,0.9,0.9,0.94,0.057,0.0007,0.0001
2026-09-10,Gangtok,orographic,15.9,5.7,8.0,6.3,6.3,5.01,0.2138,0.0073,0.0011
2026-09-10,Guwahati,orographic,1.8,22.5,26.3,29.9,29.9,7.51,0.5185,0.0599,0.0099
2026-09-10,Cherrapunji,orographic,5.8,29.1,33.8,40.88,40.88,9.08,0.5855,0.0889,0.0152
2026-09-10,Imphal,orographic,0.3,4.8,7.0,5.2,5.2,3.28,0.1885,0.0057,0.0009
2026-09-10,Agartala,orographic,7.3,7.8,10.4,8.84,8.84,3.77,0.2684,0.0116,0.0018
2026-09-10,Lucknow,normal,15.4,0.1,0.6,0.6,0.6,1.12,0.0319,0.0001,0.0
2026-09-10,Patna,normal,7.5,9.0,12.0,12.62,12.62,6.26,0.2702,0.004,0.0005
2026-09-10,Varanasi,normal,2.6,9.4,12.3,12.9,12.9,6.15,0.2788,0.0043,0.0006
2026-09-10,Delhi,normal,0.0,0.0,0.0,0.0,0.0,0.61,0.0288,0.0001,0.0
2026-09-10,Kanpur,normal,7.7,0.0,0.0,0.0,0.0,0.61,0.0288,0.0001,0.0
2026-09-10,Ranchi,normal,10.1,28.0,32.4,34.0,34.0,12.44,0.5433,0.0243,0.0034
2026-09-10,Jodhpur,normal,0.0,0.0,0.0,0.0,0.0,0.11,0.0288,0.0001,0.0
2026-09-10,Bikaner,normal,0.0,0.0,0.0,0.0,0.0,0.11,0.0288,0.0001,0.0
2026-09-10,Jaisalmer,normal,0.0,0.0,0.0,0.0,0.0,0.11,0.0288,0.0001,0.0
2026-09-10,Hyderabad,normal,3.2,1.2,2.4,2.6,2.6,2.1,0.0658,0.0003,0.0
2026-09-10,Bengaluru,normal,1.0,0.0,0.0,0.0,0.0,0.52,0.0288,0.0001,0.0
2026-09-10,Pune,normal,1.3,0.0,0.0,0.0,0.0,0.63,0.0288,0.0001,0.0
2026-09-10,Kurnool,normal,0.7,0.3,1.0,1.0,1.0,1.41,0.038,0.0001,0.0
2026-09-10,Madurai,normal,0.0,0.0,0.0,0.0,0.0,0.52,0.0288,0.0001,0.0
2026-09-11,Nagpur,normal,8.4,6.5,8.9,9.3,9.3,6.98,0.2127,0.0024,0.0003
2026-09-11,Bhopal,normal,7.1,2.1,3.6,4.0,4.0,3.7,0.093,0.0005,0.0001
2026-09-11,Raipur,depression,38.4,57.4,65.3,54.22,77.9,22.5,0.8375,0.1594,0.0137
2026-09-11,Jabalpur,normal,25.1,15.7,19.1,20.06,20.06,9.14,0.3938,0.0096,0.0013
2026-09-11,Akola,normal,2.5,3.1,4.9,5.5,5.5,4.44,0.1223,0.0009,0.0001
2026-09-11,Amravati,normal,2.0,4.1,6.2,6.8,6.8,5.29,0.1504,0.0013,0.0002
2026-09-11,Aurangabad,normal,2.3,0.3,1.0,1.0,1.0,2.05,0.038,0.0001,0.0
2026-09-11,Bhubaneswar,normal,20.1,13.7,17.0,18.26,18.26,9.68,0.361,0.0077,0.001
2026-09-11,Mumbai,coastal,1.5,0.0,0.0,0.0,0.0,1.75,0.0422,0.0001,0.0
2026-09-11,Thiruvananthapuram,coastal,2.1,0.0,0.0,0.0,0.0,1.26,0.0422,0.0001,0.0
2026-09-11,Kochi,coastal,1.2,2.9,4.6,6.7,6.7,5.17,0.1637,0.001,0.0001
2026-09-11,Mangaluru,coastal,0.9,1.7,3.2,4.8,4.8,4.01,0.1157,0.0005,0.0
2026-09-11,Panaji,coastal,0.7,0.2,0.8,1.6,1.6,2.03,0.051,0.0001,0.0
2026-09-11,Chennai,coastal,11.4,4.4,6.5,8.89,8.89,6.68,0.2185,0.0018,0.0001
2026-09-11,Visakhapatnam,coastal,33.4,1.6,3.0,4.6,4.6,3.71,0.1115,0.0005,0.0
2026-09-11,Puri,coastal,29.0,10.6,13.7,15.8,15.8,10.82,0.3927,0.0066,0.0005
2026-09-11,Kolkata,coastal,9.6,5.3,7.6,9.9,9.9,7.86,0.2488,0.0023,0.0002
2026-09-11,Surat,coastal,0.3,0.0,0.0,0.0,0.0,1.22,0.0422,0.0001,0.0
2026-09-11,Mahabaleshwar,orographic,2.7,0.0,0.0,0.0,0.0,1.21,0.0327,0.0003,0.0
2026-09-11,Munnar,orographic,7.2,26.0,30.1,35.41,35.41,17.6,0.5563,0.0749,0.0126
2026-09-11,Madikeri,orographic,0.0,1.1,2.3,1.2,1.2,4.51,0.0708,0.001,0.0001
2026-09-11,Ooty,orographic,7.9,38.9,45.5,56.12,56.12,21.49,0.658,0.1369,0.0246
2026-09-11,Lonavala,orographic,4.8,0.7,1.62,0.9,0.9,3.66,0.057,0.0007,0.0001
2026-09-11,Wayanad,orographic,1.2,26.0,30.1,35.41,35.41,18.43,0.5563,0.0749,0.0126
2026-09-11,Shimla,orographic,2.4,2.7,4.4,2.9,2.9,2.13,0.1242,0.0026,0.0004
2026-09-11,Dehradun,orographic,10.8,17.9,21.5,23.3,23.3,8.05,0.4589,0.042,0.0068
2026-09-11,Srinagar,orographic,0.0,2.5,4.2,2.8,2.8,2.43,0.1178,0.0024,0.0004
2026-09-11,Gangtok,orographic,3.2,7.2,9.7,8.1,8.1,6.01,0.2534,0.0103,0.0016
2026-09-11,Guwahati,orographic,1.4,12.8,15.9,15.1,15.1,6.8,0.3753,0.0249,0.0039
2026-09-11,Cherrapunji,orographic,2.7,22.1,25.8,29.39,29.39,9.97,0.5138,0.0583,0.0096
2026-09-11,Imphal,orographic,2.0,3.4,5.2,3.57,3.57,3.39,0.1464,0.0035,0.0005
2026-09-11,Agartala,orographic,15.9,3.1,4.9,3.3,3.3,3.34,0.137,0.0031,0.0005
2026-09-11,Lucknow,normal,8.1,16.2,19.5,20.5,20.5,9.76,0.4016,0.01,0.0013
2026-09-11,Patna,normal,1.5,4.4,6.5,7.0,7.0,6.21,0.1586,0.0014,0.0002
2026-09-11,Varanasi,normal,3.4,13.7,17.0,18.26,18.26,10.13,0.361,0.0077,0.001
2026-09-11,Delhi,normal,8.7,0.0,0.0,0.0,0.0,0.87,0.0288,0.0001,0.0
2026-09-11,Kanpur,normal,10.3,7.7,10.3,11.0,11.0,7.27,0.2412,0.0031,0.0004
2026-09-11,Ranchi,normal,15.1,18.5,22.26,23.2,23.2,14.16,0.435,0.0124,0.0017
2026-09-11,Jodhpur,normal,0.4,0.0,0.0,0.0,0.0,0.19,0.0288,0.0001,0.0
2026-09-11,Bikaner,normal,0.0,0.0,0.0,0.0,0.0,0.19,0.0288,0.0001,0.0
2026-09-11,Jaisalmer,normal,0.0,0.0,0.0,0.0,0.0,0.19,0.0288,0.0001,0.0
2026-09-11,Hyderabad,normal,1.5,0.6,1.4,1.5,1.5,2.9,0.0473,0.0002,0.0
2026-09-11,Bengaluru,normal,0.7,0.0,0.0,0.0,0.0,0.84,0.0288,0.0001,0.0
2026-09-11,Pune,normal,1.5,0.0,0.0,0.0,0.0,0.84,0.0288,0.0001,0.0
2026-09-11,Kurnool,normal,0.7,0.0,0.0,0.0,0.0,1.26,0.0288,0.0001,0.0
2026-09-11,Madurai,normal,0.1,3.0,4.8,5.4,5.4,3.42,0.1194,0.0008,0.0001
2026-09-12,Nagpur,normal,37.2,20.4,24.2,25.0,29.72,13.58,0.4602,0.0146,0.002
2026-09-12,Bhopal,normal,7.0,15.5,18.9,19.7,19.05,10.07,0.3907,0.0094,0.0013
2026-09-12,Raipur,normal,12.5,18.6,22.4,23.21,22.91,17.77,0.4364,0.0126,0.0017
2026-09-12,Jabalpur,normal,6.4,6.7,9.2,9.6,10.74,9.28,0.2175,0.0025,0.0003
2026-09-12,Akola,normal,17.3,32.3,36.7,38.85,17.6,15.67,0.5806,0.0307,0.0043
2026-09-12,Amravati,normal,34.1,29.4,34.11,36.45,36.71,14.83,0.5561,0.0264,0.0036
2026-09-12,Aurangabad,normal,12.2,1.6,3.0,3.3,4.2,3.7,0.078,0.0004,0.0
2026-09-12,Bhubaneswar,normal,8.6,9.7,12.7,13.3,14.67,9.73,0.2851,0.0045,0.0006
2026-09-12,Mumbai,coastal,4.9,7.8,10.5,12.6,12.6,9.38,0.3233,0.0041,0.0003
2026-09-12,Thiruvananthapuram,coastal,2.7,0.5,1.3,2.2,2.2,2.96,0.0643,0.0002,0.0
2026-09-12,Kochi,coastal,0.8,0.0,0.0,0.0,0.0,1.79,0.0422,0.0001,0.0
2026-09-12,Mangaluru,coastal,0.5,1.3,2.5,3.91,3.91,3.98,0.0989,0.0004,0.0
2026-09-12,Panaji,coastal,0.6,0.5,1.3,2.2,2.2,2.95,0.0643,0.0002,0.0
2026-09-12,Chennai,coastal,1.7,3.2,5.0,7.2,7.2,5.96,0.1751,0.0011,0.0001
2026-09-12,Visakhapatnam,coastal,14.1,0.9,2.0,3.0,3.0,3.69,0.0817,0.0003,0.0
2026-09-12,Puri,coastal,8.8,5.2,7.5,9.84,9.84,8.13,0.2455,0.0022,0.0002
2026-09-12,Kolkata,coastal,15.6,3.1,4.9,7.0,7.0,6.18,0.1713,0.0011,0.0001
2026-09-12,Surat,coastal,12.5,4.6,6.7,9.2,9.2,6.81,0.2254,0.0019,0.0001
2026-09-12,Mahabaleshwar,orographic,5.9,0.9,2.0,1.03,1.03,3.56,0.064,0.0008,0.0001
2026-09-12,Munnar,orographic,4.9,8.4,11.2,9.79,9.79,14.25,0.2828,0.013,0.002
2026-09-12,Madikeri,orographic,0.1,1.3,2.5,1.4,1.4,4.12,0.0777,0.0012,0.0002
2026-09-12,Ooty,orographic,15.8,16.2,19.5,20.5,20.5,22.13,0.4333,0.0359,0.0058
2026-09-12,Lonavala,orographic,6.4,6.3,8.6,7.0,7.0,9.52,0.2301,0.0084,0.0013
2026-09-12,Wayanad,orographic,0.1,0.2,0.8,0.3,0.3,3.52,0.0396,0.0004,0.0001
2026-09-12,Shimla,orographic,8.6,1.0,2.1,1.1,1.1,2.12,0.0674,0.0009,0.0001
2026-09-12,Dehradun,orographic,3.9,6.1,8.4,6.8,6.8,6.54,0.2247,0.0081,0.0012
2026-09-12,Srinagar,orographic,0.1,2.7,4.4,2.9,2.9,3.01,0.1242,0.0026,0.0004
2026-09-12,Gangtok,orographic,6.3,7.9,10.5,9.0,9.0,6.48,0.2708,0.0118,0.0018
2026-09-12,Guwahati,orographic,10.8,28.2,32.8,39.1,39.1,11.33,0.5774,0.0848,0.0144
2026-09-12,Cherrapunji,orographic,4.1,26.5,30.8,36.38,36.38,12.13,0.5612,0.0771,0.013
2026-09-12,Imphal,orographic,9.3,9.4,12.3,10.9,10.9,5.66,0.3058,0.0154,0.0024
2026-09-12,Agartala,orographic,1.5,10.8,13.9,12.9,12.9,6.06,0.336,0.0191,0.003
2026-09-12,Lucknow,normal,0.5,1.2,2.4,2.6,3.5,4.7,0.0658,0.0003,0.0
2026-09-12,Patna,normal,1.7,0.0,0.0,0.0,0.0,1.75,0.0288,0.0001,0.0
2026-09-12,Varanasi,normal,0.9,0.1,0.6,0.6,0.8,2.76,0.0319,0.0001,0.0
2026-09-12,Delhi,normal,7.6,0.3,1.0,1.0,1.32,2.03,0.038,0.0001,0.0
2026-09-12,Kanpur,normal,0.9,0.1,0.6,0.6,0.8,2.48,0.0319,0.0001,0.0
2026-09-12,Ranchi,normal,6.4,2.0,3.5,3.85,4.7,5.24,0.09,0.0005,0.0001
2026-09-12,Jodhpur,normal,2.2,0.1,0.6,0.6,0.8,0.56,0.0319,0.0001,0.0
2026-09-12,Bikaner,normal,1.0,0.2,0.8,0.8,1.1,0.73,0.035,0.0001,0.0
2026-09-12,Jaisalmer,normal,0.0,0.0,0.0,0.0,0.0,0.22,0.0288,0.0001,0.0
2026-09-12,Hyderabad,normal,2.4,4.0,6.0,6.6,7.59,4.46,0.1476,0.0012,0.0002
2026-09-12,Bengaluru,normal,0.1,0.0,0.0,0.0,0.0,0.94,0.0288,0.0001,0.0
2026-09-12,Pune,normal,0.5,8.6,11.5,12.2,12.48,6.1,0.2615,0.0037,0.0005
2026-09-12,Kurnool,normal,0.6,0.0,0.0,0.0,0.0,0.94,0.0288,0.0001,0.0
2026-09-12,Madurai,normal,2.5,1.4,2.7,3.0,4.05,3.5,0.0719,0.0003,0.0
2026-09-13,Nagpur,normal,14.0,23.1,27.0,27.4,32.41,15.26,0.4927,0.0178,0.0024
2026-09-13,Bhopal,normal,6.8,13.4,16.5,17.6,17.34,11.92,0.3558,0.0074,0.001
2026-09-13,Raipur,normal,2.7,6.5,8.9,9.3,10.5,9.17,0.2127,0.0024,0.0003
2026-09-13,Jabalpur,normal,18.0,1.5,2.8,3.1,4.1,4.44,0.0749,0.0004,0.0
2026-09-13,Akola,depression,63.9,74.7,79.95,70.63,70.63,30.12,0.8726,0.2287,0.0215
2026-09-13,Amravati,normal,14.8,9.0,12.0,12.62,12.6,10.2,0.2702,0.004,0.0005
2026-09-13,Aurangabad,normal,21.3,15.2,18.6,19.6,18.67,9.99,0.3859,0.0091,0.0012
2026-09-13,Bhubaneswar,normal,8.4,1.6,3.0,3.3,4.2,4.37,0.078,0.0004,0.0
2026-09-13,Mumbai,coastal,25.5,8.8,11.7,13.8,13.8,10.58,0.3496,0.0049,0.0004
2026-09-13,Thiruvananthapuram,coastal,0.5,0.5,1.3,2.2,2.2,3.03,0.0643,0.0002,0.0
2026-09-13,Kochi,coastal,0.2,0.8,1.8,2.82,2.82,3.22,0.0774,0.0003,0.0
2026-09-13,Mangaluru,coastal,1.1,0.6,1.5,2.5,2.5,3.65,0.0686,0.0002,0.0
2026-09-13,Panaji,coastal,1.0,3.9,5.9,8.1,8.1,6.3,0.2009,0.0015,0.0001
2026-09-13,Chennai,coastal,2.0,6.5,8.9,11.0,11.0,8.99,0.2862,0.0031,0.0002
2026-09-13,Visakhapatnam,coastal,4.6,1.5,2.8,4.3,4.3,3.98,0.1073,0.0005,0.0
2026-09-13,Puri,coastal,3.8,0.0,0.0,0.0,0.0,1.98,0.0422,0.0001,0.0
2026-09-13,Kolkata,coastal,10.8,1.1,2.3,3.4,3.4,4.18,0.0903,0.0003,0.0
2026-09-13,Surat,depression,36.2,51.9,61.0,51.1,111.36,28.48,0.8222,0.1379,0.0116
2026-09-13,Mahabaleshwar,orographic,12.2,0.7,1.62,0.9,0.9,3.81,0.057,0.0007,0.0001
2026-09-13,Munnar,orographic,23.7,5.0,7.2,5.5,5.5,9.63,0.1942,0.006,0.0009
2026-09-13,Madikeri,orographic,0.3,0.4,1.2,0.5,0.5,3.14,0.0466,0.0005,0.0001
2026-09-13,Ooty,orographic,12.8,14.6,17.9,18.1,18.1,17.8,0.4073,0.0305,0.0049
2026-09-13,Lonavala,orographic,19.3,2.3,3.9,2.4,2.4,6.68,0.1112,0.0022,0.0003
2026-09-13,Wayanad,orographic,0.0,8.3,11.1,9.7,9.7,10.35,0.2804,0.0128,0.002
2026-09-13,Shimla,orographic,3.7,9.5,12.4,11.1,11.1,5.41,0.308,0.0157,0.0024
2026-09-13,Dehradun,orographic,6.4,22.4,26.1,29.8,29.8,12.08,0.5173,0.0595,0.0098
2026-09-13,Srinagar,orographic,0.0,2.4,4.1,2.62,2.62,3.01,0.1145,0.0023,0.0003
2026-09-13,Gangtok,orographic,12.1,10.3,13.3,12.3,12.3,7.34,0.3254,0.0177,0.0028
2026-09-13,Guwahati,orographic,19.2,5.5,7.8,6.0,6.0,5.14,0.2083,0.0069,0.0011
2026-09-13,Cherrapunji,orographic,15.3,33.5,38.7,46.81,46.81,15.73,0.6212,0.1099,0.0192
2026-09-13,Imphal,orographic,0.6,7.4,10.0,8.3,8.3,5.74,0.2585,0.0107,0.0016
2026-09-13,Agartala,orographic,0.5,3.5,5.35,3.6,3.6,3.63,0.1495,0.0037,0.0006
2026-09-13,Lucknow,normal,0.5,0.0,0.0,0.0,0.0,1.53,0.0288,0.0001,0.0
2026-09-13,Patna,normal,0.4,0.1,0.6,0.6,0.8,1.46,0.0319,0.0001,0.0
2026-09-13,Varanasi,normal,1.7,5.2,7.5,8.0,9.23,5.76,0.1798,0.0017,0.0002
2026-09-13,Delhi,normal,0.6,0.0,0.0,0.0,0.0,1.33,0.0288,0.0001,0.0
2026-09-13,Kanpur,normal,0.9,2.6,4.3,4.9,5.54,4.23,0.1078,0.0007,0.0001
2026-09-13,Ranchi,normal,1.3,0.6,1.5,1.6,2.2,3.76,0.0473,0.0002,0.0
2026-09-13,Jodhpur,normal,0.6,0.0,0.0,0.0,0.0,0.24,0.0288,0.0001,0.0
2026-09-13,Bikaner,normal,0.9,0.2,0.8,0.8,1.1,0.75,0.035,0.0001,0.0
2026-09-13,Jaisalmer,normal,0.3,0.0,0.0,0.0,0.0,0.18,0.0288,0.0001,0.0
2026-09-13,Hyderabad,normal,4.6,1.9,3.4,3.7,4.5,3.8,0.087,0.0005,0.0001
2026-09-13,Bengaluru,normal,0.0,1.5,2.8,3.1,4.1,2.67,0.0749,0.0004,0.0
2026-09-13,Pune,normal,8.7,0.1,0.6,0.6,0.8,2.34,0.0319,0.0001,0.0
2026-09-13,Kurnool,normal,0.0,0.1,0.6,0.6,0.8,1.26,0.0319,0.0001,0.0
2026-09-13,Madurai,normal,2.7,6.8,9.3,9.9,11.16,6.08,0.22,0.0026,0.0003
2026-09-14,Nagpur,normal,9.8,5.1,7.3,7.9,7.9,4.77,0.1772,0.0017,0.0002
2026-09-14,Bhopal,normal,6.5,10.7,13.8,14.5,14.5,6.3,0.3055,0.0052,0.0007
2026-09-14,Raipur,normal,2.3,4.0,6.0,6.6,6.6,4.28,0.1476,0.0012,0.0002
2026-09-14,Jabalpur,normal,0.4,5.4,7.7,8.2,8.2,4.22,0.185,0.0018,0.0002
2026-09-14,Akola,normal,1.5,3.6,5.5,6.2,6.2,4.55,0.1365,0.001,0.0001
2026-09-14,Amravati,normal,12.5,2.5,4.2,4.8,4.8,3.35,0.1049,0.0007,0.0001
2026-09-14,Aurangabad,normal,0.8,4.2,6.2,6.9,6.9,4.37,0.1531,0.0013,0.0002
2026-09-14,Bhubaneswar,normal,2.6,1.3,2.5,2.8,2.8,2.27,0.0688,0.0003,0.0
2026-09-14,Mumbai,coastal,10.3,18.7,22.5,24.56,24.56,13.5,0.5361,0.0161,0.0013
2026-09-14,Thiruvananthapuram,coastal,4.4,2.0,3.5,5.2,5.2,3.78,0.128,0.0006,0.0
2026-09-14,Kochi,coastal,0.6,4.2,6.2,8.54,8.54,5.88,0.2116,0.0017,0.0001
2026-09-14,Mangaluru,coastal,0.1,0.6,1.5,2.5,2.5,3.14,0.0686,0.0002,0.0
2026-09-14,Panaji,coastal,0.7,1.7,3.1,4.7,4.7,3.77,0.1157,0.0005,0.0
2026-09-14,Chennai,coastal,22.7,0.1,0.6,1.2,1.2,2.03,0.0466,0.0001,0.0
2026-09-14,Visakhapatnam,coastal,5.8,0.0,0.0,0.0,0.0,1.49,0.0422,0.0001,0.0
2026-09-14,Puri,coastal,10.7,2.8,4.5,6.45,6.45,4.19,0.1598,0.001,0.0001
2026-09-14,Kolkata,coastal,0.3,0.1,0.6,1.2,1.2,1.79,0.0466,0.0001,0.0
2026-09-14,Surat,depression,22.4,33.9,39.0,19.8,52.31,24.0,0.7457,0.0725,0.0056
2026-09-14,Mahabaleshwar,orographic,12.9,0.2,0.8,0.3,0.3,1.71,0.0396,0.0004,0.0001
2026-09-14,Munnar,orographic,27.6,21.7,25.46,28.6,28.6,13.19,0.509,0.0566,0.0093
2026-09-14,Madikeri,orographic,0.1,1.2,2.4,1.3,1.3,2.82,0.0743,0.0011,0.0002
2026-09-14,Ooty,orographic,15.9,17.3,21.0,22.5,22.5,12.22,0.4501,0.0398,0.0064
2026-09-14,Lonavala,orographic,10.3,6.6,9.0,7.4,7.4,8.13,0.238,0.009,0.0014
2026-09-14,Wayanad,orographic,0.8,18.6,22.4,24.0,24.0,13.18,0.4688,0.0445,0.0072
2026-09-14,Shimla,orographic,3.1,2.5,4.2,2.8,2.8,2.61,0.1178,0.0024,0.0004
2026-09-14,Dehradun,orographic,1.6,2.4,4.1,2.7,2.7,2.88,0.1145,0.0023,0.0003
2026-09-14,Srinagar,orographic,0.0,0.3,1.0,0.4,0.4,1.15,0.0431,0.0004,0.0001
2026-09-14,Gangtok,orographic,14.5,10.3,13.3,12.3,12.3,5.32,0.3254,0.0177,0.0028
2026-09-14,Guwahati,orographic,2.0,2.3,3.9,2.4,2.4,2.43,0.1112,0.0022,0.0003
2026-09-14,Cherrapunji,orographic,2.3,11.3,14.5,13.7,13.7,4.99,0.3462,0.0205,0.0032
2026-09-14,Imphal,orographic,0.2,4.3,6.3,4.6,4.6,2.97,0.1738,0.0049,0.0007
2026-09-14,Agartala,orographic,0.1,0.7,1.6,0.8,0.8,1.99,0.057,0.0007,0.0001
2026-09-14,Lucknow,normal,1.7,0.9,1.9,2.0,2.0,2.23,0.0566,0.0002,0.0
2026-09-14,Patna,normal,6.5,0.8,1.8,1.9,1.9,2.49,0.0535,0.0002,0.0
2026-09-14,Varanasi,normal,0.3,0.0,0.0,0.0,0.0,1.37,0.0288,0.0001,0.0
2026-09-14,Delhi,normal,3.7,0.3,1.0,1.0,1.0,1.49,0.038,0.0001,0.0
2026-09-14,Kanpur,normal,1.2,0.4,1.2,1.2,1.2,2.59,0.0411,0.0001,0.0
2026-09-14,Ranchi,normal,2.3,8.3,11.1,11.9,11.9,6.11,0.2548,0.0035,0.0005
2026-09-14,Jodhpur,normal,1.3,1.4,2.7,3.0,3.0,1.16,0.0719,0.0003,0.0
2026-09-14,Bikaner,normal,0.1,0.1,0.6,0.6,0.6,0.43,0.0319,0.0001,0.0
2026-09-14,Jaisalmer,normal,0.4,0.0,0.0,0.0,0.0,0.0,0.0288,0.0001,0.0
2026-09-14,Hyderabad,normal,5.5,4.0,6.0,6.6,6.6,3.24,0.1476,0.0012,0.0002
2026-09-14,Bengaluru,normal,9.1,3.8,5.7,6.4,6.4,3.11,0.1421,0.0011,0.0001
2026-09-14,Pune,normal,1.2,0.0,0.0,0.0,0.0,0.6,0.0288,0.0001,0.0
2026-09-14,Kurnool,normal,0.0,1.6,3.0,3.3,3.3,2.04,0.078,0.0004,0.0
2026-09-14,Madurai,normal,7.6,8.5,11.4,12.1,12.1,4.96,0.2593,0.0036,0.0005
2026-09-15,Nagpur,normal,13.6,0.4,1.2,1.2,1.2,2.05,0.0411,0.0001,0.0
2026-09-15,Bhopal,normal,6.6,2.2,3.8,4.3,4.3,2.76,0.096,0.0006,0.0001
2026-09-15,Raipur,normal,0.5,0.0,0.0,0.0,0.0,1.03,0.0288,0.0001,0.0
2026-09-15,Jabalpur,normal,1.5,5.4,7.7,8.2,8.2,4.68,0.185,0.0018,0.0002
2026-09-15,Akola,normal,1.8,0.1,0.6,0.6,0.6,1.41,0.0319,0.0001,0.0
2026-09-15,Amravati,normal,1.1,5.1,7.3,7.9,7.9,4.33,0.1772,0.0017,0.0002
2026-09-15,Aurangabad,normal,0.3,0.0,0.0,0.0,0.0,1.03,0.0288,0.0001,0.0
2026-09-15,Bhubaneswar,normal,2.5,5.9,8.2,8.7,8.7,4.47,0.1978,0.0021,0.0003
2026-09-15,Mumbai,coastal,8.2,2.9,4.7,6.7,6.7,5.28,0.1637,0.001,0.0001
2026-09-15,Thiruvananthapuram,coastal,1.1,0.0,0.0,0.0,0.0,1.82,0.0422,0.0001,0.0
2026-09-15,Kochi,coastal,0.0,8.0,10.6,12.78,12.78,9.18,0.3287,0.0042,0.0003
2026-09-15,Mangaluru,coastal,0.0,0.1,0.6,1.2,1.2,1.99,0.0466,0.0001,0.0
2026-09-15,Panaji,coastal,0.2,0.4,1.2,2.1,2.1,2.85,0.0599,0.0002,0.0
2026-09-15,Chennai,coastal,0.4,0.2,0.8,1.6,1.6,1.81,0.051,0.0001,0.0
2026-09-15,Visakhapatnam,coastal,3.5,1.4,2.7,4.1,4.1,3.06,0.1031,0.0004,0.0
2026-09-15,Puri,coastal,3.2,3.4,5.3,7.5,7.5,5.69,0.1826,0.0012,0.0001
2026-09-15,Kolkata,coastal,0.0,0.2,0.8,1.6,1.6,1.81,0.051,0.0001,0.0
2026-09-15,Surat,coastal,5.5,20.4,24.2,27.21,27.21,15.42,0.5586,0.0186,0.0015
2026-09-15,Mahabaleshwar,orographic,3.6,1.0,2.1,1.1,1.1,2.43,0.0674,0.0009,0.0001
2026-09-15,Munnar,orographic,18.6,25.8,30.0,35.36,35.36,14.58,0.5543,0.074,0.0124
2026-09-15,Madikeri,orographic,1.3,1.3,2.5,1.4,1.4,3.0,0.0777,0.0012,0.0002
2026-09-15,Ooty,orographic,14.0,34.5,39.7,48.11,48.11,16.58,0.6286,0.1148,0.0202
2026-09-15,Lonavala,orographic,2.1,2.6,4.3,2.8,2.8,4.8,0.121,0.0025,0.0004
2026-09-15,Wayanad,orographic,2.4,17.5,21.2,22.8,22.8,13.08,0.453,0.0405,0.0065
2026-09-15,Shimla,orographic,9.2,1.6,3.0,1.6,1.6,1.84,0.0879,0.0014,0.0002
2026-09-15,Dehradun,orographic,2.0,2.3,3.9,2.4,2.4,2.37,0.1112,0.0022,0.0003
2026-09-15,Srinagar,orographic,0.0,4.7,6.9,5.1,5.1,2.61,0.1856,0.0055,0.0008
2026-09-15,Gangtok,orographic,36.6,11.0,14.1,13.1,13.1,5.6,0.3401,0.0196,0.0031
2026-09-15,Guwahati,orographic,5.0,2.7,4.4,2.9,2.9,2.55,0.1242,0.0026,0.0004
2026-09-15,Cherrapunji,orographic,3.0,3.1,4.9,3.3,3.3,2.73,0.137,0.0031,0.0005
2026-09-15,Imphal,orographic,1.6,5.8,8.1,6.4,6.4,3.82,0.2166,0.0075,0.0011
2026-09-15,Agartala,orographic,0.3,2.4,4.1,2.62,2.62,2.05,0.1145,0.0023,0.0003
2026-09-15,Lucknow,normal,2.8,1.2,2.4,2.6,2.6,3.27,0.0658,0.0003,0.0
2026-09-15,Patna,normal,4.2,0.6,1.5,1.6,1.6,3.08,0.0473,0.0002,0.0
2026-09-15,Varanasi,normal,1.6,4.5,6.6,7.2,7.2,4.55,0.1613,0.0014,0.0002
2026-09-15,Delhi,normal,1.6,0.2,0.8,0.8,0.8,1.85,0.035,0.0001,0.0
2026-09-15,Kanpur,normal,5.1,4.6,6.7,7.2,7.2,4.9,0.1639,0.0015,0.0002
2026-09-15,Ranchi,normal,0.9,11.0,14.1,14.82,14.82,8.16,0.3114,0.0054,0.0007
2026-09-15,Jodhpur,normal,2.6,6.9,9.4,9.93,9.93,4.69,0.2224,0.0027,0.0003
2026-09-15,Bikaner,normal,0.0,0.0,0.0,0.0,0.0,0.13,0.0288,0.0001,0.0
2026-09-15,Jaisalmer,normal,0.0,0.0,0.0,0.0,0.0,0.0,0.0288,0.0001,0.0
2026-09-15,Hyderabad,normal,3.1,2.0,3.5,3.85,3.85,2.65,0.09,0.0005,0.0001
2026-09-15,Bengaluru,normal,9.0,6.2,8.5,9.0,9.0,4.13,0.2053,0.0023,0.0003
2026-09-15,Pune,normal,1.1,0.0,0.0,0.0,0.0,0.44,0.0288,0.0001,0.0
2026-09-15,Kurnool,normal,0.0,0.0,0.0,0.0,0.0,0.99,0.0288,0.0001,0.0
2026-09-15,Madurai,normal,0.2,10.7,13.8,14.5,14.5,5.23,0.3055,0.0052,0.0007
2026-09-16,Nagpur,normal,0.5,1.1,2.3,2.4,2.4,2.12,0.0627,0.0003,0.0
2026-09-16,Bhopal,normal,4.6,4.0,6.0,6.6,6.6,3.9,0.1476,0.0012,0.0002
2026-09-16,Raipur,normal,0.8,0.9,1.9,2.0,2.0,1.64,0.0566,0.0002,0.0
2026-09-16,Jabalpur,normal,6.8,7.4,9.9,10.5,10.5,5.85,0.2342,0.0029,0.0004
2026-09-16,Akola,normal,0.4,0.5,1.3,1.4,1.4,1.55,0.0442,0.0002,0.0
2026-09-16,Amravati,normal,0.5,1.0,2.1,2.3,2.3,2.56,0.0596,0.0002,0.0
2026-09-16,Aurangabad,normal,1.6,0.6,1.4,1.5,1.5,1.64,0.0473,0.0002,0.0
2026-09-16,Bhubaneswar,normal,8.0,5.7,8.0,8.5,8.5,5.33,0.1927,0.002,0.0003
2026-09-16,Mumbai,coastal,2.9,4.6,6.8,9.2,9.2,6.6,0.2254,0.0019,0.0001
2026-09-16,Thiruvananthapuram,coastal,1.3,0.4,1.2,2.1,2.1,2.38,0.0599,0.0002,0.0
2026-09-16,Kochi,coastal,1.9,0.4,1.2,2.1,2.1,2.99,0.0599,0.0002,0.0
2026-09-16,Mangaluru,coastal,0.7,0.0,0.0,0.0,0.0,1.03,0.0422,0.0001,0.0
2026-09-16,Panaji,coastal,1.4,3.7,5.6,7.9,7.9,5.58,0.1937,0.0014,0.0001
2026-09-16,Chennai,coastal,0.5,0.1,0.6,1.2,1.2,1.47,0.0466,0.0001,0.0
2026-09-16,Visakhapatnam,coastal,1.5,1.9,3.4,5.1,5.1,3.88,0.1239,0.0006,0.0
2026-09-16,Puri,coastal,2.5,0.5,1.3,2.2,2.2,3.03,0.0643,0.0002,0.0
2026-09-16,Kolkata,coastal,1.1,0.0,0.0,0.0,0.0,1.03,0.0422,0.0001,0.0
2026-09-16,Surat,coastal,2.7,4.1,6.1,8.4,8.4,6.51,0.208,0.0016,0.0001
2026-09-16,Mahabaleshwar,orographic,6.9,6.0,8.3,6.7,6.7,6.89,0.222,0.0079,0.0012
2026-09-16,Munnar,orographic,14.1,4.2,6.2,4.5,4.5,5.92,0.1708,0.0047,0.0007
2026-09-16,Madikeri,orographic,0.6,2.5,4.2,2.8,2.8,3.88,0.1178,0.0024,0.0004
2026-09-16,Ooty,orographic,6.2,3.4,5.2,3.57,3.57,4.94,0.1464,0.0035,0.0005
2026-09-16,Lonavala,orographic,5.7,12.4,15.5,14.7,14.7,10.22,0.3677,0.0237,0.0037
2026-09-16,Wayanad,orographic,0.0,2.5,4.2,2.8,2.8,4.43,0.1178,0.0024,0.0004
2026-09-16,Shimla,orographic,1.8,0.0,0.0,0.0,0.0,0.38,0.0327,0.0003,0.0
2026-09-16,Dehradun,orographic,0.8,4.1,6.1,4.3,4.3,3.07,0.1678,0.0046,0.0007
2026-09-16,Srinagar,orographic,0.3,5.1,7.3,5.6,5.6,3.36,0.1971,0.0062,0.0009
2026-09-16,Gangtok,orographic,51.7,14.9,18.2,18.4,18.4,6.75,0.4123,0.0315,0.005
2026-09-16,Guwahati,orographic,5.7,7.3,9.8,8.2,8.2,4.16,0.256,0.0105,0.0016
2026-09-16,Cherrapunji,orographic,1.7,8.5,11.4,9.9,9.9,4.28,0.2851,0.0132,0.002
2026-09-16,Imphal,orographic,2.8,4.6,6.7,4.9,4.9,3.23,0.1826,0.0054,0.0008
2026-09-16,Agartala,orographic,4.9,3.9,5.9,4.1,4.1,2.91,0.1618,0.0043,0.0006
2026-09-16,Lucknow,normal,0.9,3.7,5.6,6.3,6.3,4.28,0.1393,0.0011,0.0001
2026-09-16,Patna,normal,5.0,0.0,0.0,0.0,0.0,1.1,0.0288,0.0001,0.0
2026-09-16,Varanasi,normal,10.4,5.1,7.3,7.9,7.9,5.28,0.1772,0.0017,0.0002
2026-09-16,Delhi,normal,0.3,0.0,0.0,0.0,0.0,0.67,0.0288,0.0001,0.0
2026-09-16,Kanpur,normal,3.3,15.4,18.77,19.7,19.7,8.43,0.3891,0.0093,0.0012
2026-09-16,Ranchi,normal,5.9,2.9,4.6,5.3,5.3,4.24,0.1165,0.0008,0.0001
2026-09-16,Jodhpur,normal,2.6,0.8,1.8,1.9,1.9,2.11,0.0535,0.0002,0.0
2026-09-16,Bikaner,normal,0.0,0.0,0.0,0.0,0.0,0.0,0.0288,0.0001,0.0
2026-09-16,Jaisalmer,normal,0.2,0.0,0.0,0.0,0.0,0.0,0.0288,0.0001,0.0
2026-09-16,Hyderabad,normal,2.0,0.3,1.0,1.0,1.0,1.56,0.038,0.0001,0.0
2026-09-16,Bengaluru,normal,5.4,3.6,5.5,6.2,6.2,3.61,0.1365,0.001,0.0001
2026-09-16,Pune,normal,5.5,2.3,3.9,4.4,4.4,2.35,0.099,0.0006,0.0001
2026-09-16,Kurnool,normal,0.4,0.0,0.0,0.0,0.0,0.45,0.0288,0.0001,0.0
2026-09-16,Madurai,normal,10.9,2.7,4.4,5.0,5.0,3.0,0.1107,0.0007,0.0001
2026-09-17,Nagpur,normal,0.7,0.5,1.3,1.4,1.4,1.68,0.0442,0.0002,0.0
2026-09-17,Bhopal,normal,9.5,8.9,11.8,12.5,12.5,5.4,0.2681,0.0039,0.0005
2026-09-17,Raipur,normal,2.0,2.6,4.3,4.9,4.9,2.8,0.1078,0.0007,0.0001
2026-09-17,Jabalpur,normal,2.8,8.2,11.0,11.8,11.8,5.66,0.2526,0.0034,0.0005
2026-09-17,Akola,normal,1.1,4.8,7.0,7.5,7.5,3.82,0.1693,0.0016,0.0002
2026-09-17,Amravati,normal,0.7,4.9,7.1,7.6,7.6,4.09,0.1719,0.0016,0.0002
2026-09-17,Aurangabad,normal,0.8,2.9,4.7,5.3,5.3,2.77,0.1165,0.0008,0.0001
2026-09-17,Bhubaneswar,normal,3.8,1.7,3.1,3.4,3.4,2.65,0.081,0.0004,0.0001
2026-09-17,Mumbai,coastal,1.6,2.0,3.5,5.2,5.2,4.1,0.128,0.0006,0.0
2026-09-17,Thiruvananthapuram,coastal,3.1,0.0,0.0,0.0,0.0,1.3,0.0422,0.0001,0.0
2026-09-17,Kochi,coastal,3.0,2.9,4.6,6.7,6.7,4.29,0.1637,0.001,0.0001
2026-09-17,Mangaluru,coastal,0.2,0.2,0.8,1.6,1.6,1.64,0.051,0.0001,0.0
2026-09-17,Panaji,coastal,5.6,3.0,4.8,6.9,6.9,4.79,0.1675,0.0011,0.0001
2026-09-17,Chennai,coastal,7.4,2.4,4.1,5.9,5.9,4.05,0.1441,0.0008,0.0001
2026-09-17,Visakhapatnam,coastal,1.6,1.4,2.7,4.1,4.1,3.42,0.1031,0.0004,0.0
2026-09-17,Puri,coastal,5.2,0.0,0.0,0.0,0.0,1.3,0.0422,0.0001,0.0
2026-09-17,Kolkata,coastal,11.8,0.1,0.6,1.2,1.2,1.43,0.0466,0.0001,0.0
2026-09-17,Surat,coastal,2.1,1.1,2.3,3.4,3.4,3.63,0.0903,0.0003,0.0
2026-09-17,Mahabaleshwar,orographic,11.9,1.7,3.1,1.7,1.7,3.47,0.0913,0.0015,0.0002
2026-09-17,Munnar,orographic,10.6,13.2,16.3,15.7,15.7,10.9,0.3826,0.0261,0.0041
2026-09-17,Madikeri,orographic,6.3,1.8,3.3,1.9,1.9,3.6,0.0946,0.0016,0.0002
2026-09-17,Ooty,orographic,34.9,11.3,14.5,13.7,13.7,9.32,0.3462,0.0205,0.0032
2026-09-17,Lonavala,orographic,9.9,10.5,13.6,12.5,12.5,9.28,0.3297,0.0183,0.0029
2026-09-17,Wayanad,orographic,0.7,1.3,2.5,1.4,1.4,3.27,0.0777,0.0012,0.0002
2026-09-17,Shimla,orographic,7.1,2.2,3.8,2.3,2.3,1.35,0.1079,0.0021,0.0003
2026-09-17,Dehradun,orographic,5.8,1.8,3.3,1.9,1.9,1.93,0.0946,0.0016,0.0002
2026-09-17,Srinagar,orographic,8.1,3.4,5.2,3.57,3.57,2.8,0.1464,0.0035,0.0005
2026-09-17,Gangtok,orographic,15.0,10.6,13.7,12.7,12.7,5.87,0.3318,0.0185,0.0029
2026-09-17,Guwahati,orographic,8.3,17.3,21.0,22.5,22.5,6.15,0.4501,0.0398,0.0064
2026-09-17,Cherrapunji,orographic,5.0,15.6,19.0,19.22,19.22,5.64,0.4238,0.0338,0.0054
2026-09-17,Imphal,orographic,1.4,1.7,3.1,1.7,1.7,2.09,0.0913,0.0015,0.0002
2026-09-17,Agartala,orographic,8.2,17.1,20.8,22.2,22.2,6.25,0.4471,0.0391,0.0063
2026-09-17,Lucknow,normal,6.7,3.2,5.0,5.7,5.7,4.31,0.1251,0.0009,0.0001
2026-09-17,Patna,normal,1.8,4.4,6.5,7.0,7.0,4.35,0.1586,0.0014,0.0002
2026-09-17,Varanasi,normal,1.2,6.5,8.9,9.3,9.3,6.16,0.2127,0.0024,0.0003
2026-09-17,Delhi,normal,2.0,3.9,5.9,6.5,6.5,4.07,0.1449,0.0012,0.0001
2026-09-17,Kanpur,normal,1.4,0.7,1.6,1.7,1.7,3.5,0.0504,0.0002,0.0
2026-09-17,Ranchi,normal,6.2,10.7,13.8,14.5,14.5,6.83,0.3055,0.0052,0.0007
2026-09-17,Jodhpur,normal,9.8,0.8,1.7,1.8,1.8,1.42,0.0535,0.0002,0.0
2026-09-17,Bikaner,normal,2.2,34.3,39.3,41.91,41.91,11.45,0.5961,0.0338,0.0047
2026-09-17,Jaisalmer,normal,0.1,0.0,0.0,0.0,0.0,0.0,0.0288,0.0001,0.0
2026-09-17,Hyderabad,normal,2.1,0.1,0.6,0.6,0.6,0.98,0.0319,0.0001,0.0
2026-09-17,Bengaluru,normal,5.8,2.1,3.6,4.0,4.0,2.62,0.093,0.0005,0.0001
2026-09-17,Pune,normal,9.3,0.4,1.1,1.1,1.1,1.7,0.0411,0.0001,0.0
2026-09-17,Kurnool,normal,1.9,0.3,1.0,1.0,1.0,0.98,0.038,0.0001,0.0
2026-09-17,Madurai,normal,9.5,0.9,2.0,2.2,2.2,2.23,0.0566,0.0002,0.0
2026-09-18,Nagpur,normal,4.3,16.6,20.1,20.91,20.91,7.31,0.4076,0.0105,0.0014
2026-09-18,Bhopal,normal,9.6,4.8,7.0,7.5,7.5,4.77,0.1693,0.0016,0.0002
2026-09-18,Raipur,normal,4.6,2.1,3.6,4.0,4.0,2.75,0.093,0.0005,0.0001
2026-09-18,Jabalpur,normal,4.4,12.7,15.8,16.8,16.8,6.73,0.3434,0.0068,0.0009
2026-09-18,Akola,normal,7.5,0.0,0.0,0.0,0.0,1.1,0.0288,0.0001,0.0
2026-09-18,Amravati,normal,7.3,8.4,11.2,12.0,12.0,6.0,0.2571,0.0036,0.0005
2026-09-18,Aurangabad,normal,0.8,0.0,0.0,0.0,0.0,0.97,0.0288,0.0001,0.0
2026-09-18,Bhubaneswar,normal,22.4,1.5,2.8,3.1,3.1,2.43,0.0749,0.0004,0.0
2026-09-18,Mumbai,coastal,6.7,5.7,8.0,10.4,10.4,7.73,0.2616,0.0026,0.0002
2026-09-18,Thiruvananthapuram,coastal,2.6,0.0,0.0,0.0,0.0,1.08,0.0422,0.0001,0.0
2026-09-18,Kochi,coastal,1.6,0.6,1.5,2.5,2.5,3.42,0.0686,0.0002,0.0
2026-09-18,Mangaluru,coastal,0.8,0.9,2.0,3.0,3.0,2.85,0.0817,0.0003,0.0
2026-09-18,Panaji,coastal,0.5,1.2,2.4,3.56,3.56,3.66,0.0946,0.0004,0.0
2026-09-18,Chennai,coastal,0.5,24.1,28.1,33.6,33.6,13.63,0.6011,0.0243,0.002
2026-09-18,Visakhapatnam,coastal,1.1,2.0,3.5,5.2,5.2,3.89,0.128,0.0006,0.0
2026-09-18,Puri,coastal,7.9,0.2,0.8,1.6,1.6,1.75,0.051,0.0001,0.0
2026-09-18,Kolkata,coastal,8.9,6.3,8.6,10.8,10.8,7.39,0.2802,0.003,0.0002
2026-09-18,Surat,coastal,21.9,7.6,10.2,12.3,12.3,8.21,0.3178,0.0039,0.0003
2026-09-18,Mahabaleshwar,orographic,6.2,0.8,1.8,0.9,0.9,2.79,0.0605,0.0008,0.0001
2026-09-18,Munnar,orographic,4.9,11.2,14.4,13.5,13.5,9.54,0.3442,0.0202,0.0032
2026-09-18,Madikeri,orographic,3.7,1.8,3.3,1.9,1.9,3.45,0.0946,0.0016,0.0002
2026-09-18,Ooty,orographic,2.5,3.6,5.5,3.8,3.8,5.64,0.1526,0.0038,0.0006
2026-09-18,Lonavala,orographic,7.0,3.9,5.9,4.1,4.1,5.64,0.1618,0.0043,0.0006
2026-09-18,Wayanad,orographic,1.3,10.4,13.5,12.33,12.33,8.5,0.3276,0.018,0.0028
2026-09-18,Shimla,orographic,0.4,0.1,0.6,0.2,0.2,0.73,0.0362,0.0003,0.0
2026-09-18,Dehradun,orographic,0.0,0.0,0.0,0.0,0.0,0.47,0.0327,0.0003,0.0
2026-09-18,Srinagar,orographic,0.0,0.6,1.5,0.7,0.7,1.68,0.0536,0.0006,0.0001
2026-09-18,Gangtok,orographic,19.8,9.2,12.2,10.6,10.6,5.19,0.3013,0.0149,0.0023
2026-09-18,Guwahati,orographic,13.6,3.0,4.8,3.2,3.2,2.75,0.1338,0.003,0.0005
2026-09-18,Cherrapunji,orographic,2.6,16.4,19.7,20.9,20.9,6.11,0.4364,0.0366,0.0059
2026-09-18,Imphal,orographic,0.3,0.8,1.8,0.9,0.9,1.79,0.0605,0.0008,0.0001
2026-09-18,Agartala,orographic,1.5,7.4,10.0,8.3,8.3,4.74,0.2585,0.0107,0.0016
2026-09-18,Lucknow,normal,5.6,2.5,4.2,4.8,4.8,4.11,0.1049,0.0007,0.0001
2026-09-18,Patna,normal,1.7,0.6,1.4,1.5,1.5,3.2,0.0473,0.0002,0.0
2026-09-18,Varanasi,normal,0.4,4.2,6.2,6.9,6.9,5.3,0.1531,0.0013,0.0002
2026-09-18,Delhi,normal,2.2,1.1,2.3,2.4,2.4,3.37,0.0627,0.0003,0.0
2026-09-18,Kanpur,normal,1.7,1.3,2.5,2.8,2.8,3.11,0.0688,0.0003,0.0
2026-09-18,Ranchi,normal,0.3,3.9,5.9,6.5,6.5,5.12,0.1449,0.0012,0.0001
2026-09-18,Jodhpur,normal,3.0,5.3,7.6,8.2,8.2,3.68,0.1824,0.0018,0.0002
2026-09-18,Bikaner,normal,3.0,5.2,7.5,8.0,8.0,4.94,0.1798,0.0017,0.0002
2026-09-18,Jaisalmer,normal,2.2,3.5,5.35,6.0,6.0,2.22,0.1337,0.001,0.0001
2026-09-18,Hyderabad,normal,8.6,4.0,6.0,6.6,6.6,3.15,0.1476,0.0012,0.0002
2026-09-18,Bengaluru,normal,2.3,2.0,3.5,3.85,3.85,2.54,0.09,0.0005,0.0001
2026-09-18,Pune,normal,2.2,0.2,0.8,0.8,0.8,1.23,0.035,0.0001,0.0
2026-09-18,Kurnool,normal,1.5,6.7,9.2,9.6,9.6,4.46,0.2175,0.0025,0.0003
2026-09-18,Madurai,normal,0.5,1.8,3.3,3.6,3.6,2.43,0.084,0.0004,0.0001
2026-09-19,Nagpur,normal,1.0,0.1,0.6,0.6,0.6,1.67,0.0319,0.0001,0.0
2026-09-19,Bhopal,normal,11.6,5.7,8.0,8.5,8.5,5.5,0.1927,0.002,0.0003
2026-09-19,Raipur,normal,1.6,8.8,11.7,12.4,12.4,5.63,0.2659,0.0038,0.0005
2026-09-19,Jabalpur,normal,1.1,5.4,7.7,8.2,8.2,4.93,0.185,0.0018,0.0002
2026-09-19,Akola,normal,2.0,0.0,0.0,0.0,0.0,0.48,0.0288,0.0001,0.0
2026-09-19,Amravati,normal,4.1,0.1,0.6,0.6,0.6,1.64,0.0319,0.0001,0.0
2026-09-19,Aurangabad,normal,0.1,2.3,3.9,4.4,4.4,2.94,0.099,0.0006,0.0001
2026-09-19,Bhubaneswar,normal,10.1,34.2,39.1,41.7,41.7,10.78,0.5954,0.0337,0.0047
2026-09-19,Mumbai,coastal,11.2,5.4,7.7,10.0,10.0,7.27,0.252,0.0024,0.0002
2026-09-19,Thiruvananthapuram,coastal,19.7,0.0,0.0,0.0,0.0,1.11,0.0422,0.0001,0.0
2026-09-19,Kochi,coastal,5.4,5.8,8.1,10.4,10.4,7.84,0.2647,0.0026,0.0002
2026-09-19,Mangaluru,coastal,0.4,0.4,1.2,2.1,2.1,2.65,0.0599,0.0002,0.0
2026-09-19,Panaji,coastal,0.7,1.9,3.4,5.1,5.1,3.91,0.1239,0.0006,0.0
2026-09-19,Chennai,coastal,9.5,10.9,14.0,16.1,16.1,10.33,0.3994,0.0068,0.0005
2026-09-19,Visakhapatnam,coastal,6.7,0.8,1.8,2.82,2.82,3.31,0.0774,0.0003,0.0
2026-09-19,Puri,coastal,13.4,1.4,2.7,4.1,4.1,3.14,0.1031,0.0004,0.0
2026-09-19,Kolkata,coastal,7.8,1.8,3.3,4.9,4.9,4.14,0.1198,0.0006,0.0
2026-09-19,Surat,coastal,2.6,13.6,16.8,18.07,18.07,11.79,0.4542,0.0097,0.0008
2026-09-19,Mahabaleshwar,orographic,8.1,2.2,3.8,2.3,2.3,3.41,0.1079,0.0021,0.0003
2026-09-19,Munnar,orographic,15.7,14.3,17.6,17.5,17.5,11.35,0.4021,0.0295,0.0047
2026-09-19,Madikeri,orographic,2.8,0.5,1.3,0.6,0.6,2.57,0.0501,0.0006,0.0001
2026-09-19,Ooty,orographic,5.2,6.9,9.4,7.8,7.8,8.52,0.2458,0.0097,0.0015
2026-09-19,Lonavala,orographic,5.4,10.3,13.3,12.3,12.3,9.42,0.3254,0.0177,0.0028
2026-09-19,Wayanad,orographic,2.1,4.2,6.2,4.5,4.5,6.03,0.1708,0.0047,0.0007
2026-09-19,Shimla,orographic,0.9,0.6,1.5,0.7,0.7,1.12,0.0536,0.0006,0.0001
2026-09-19,Dehradun,orographic,0.0,0.0,0.0,0.0,0.0,0.0,0.0327,0.0003,0.0
2026-09-19,Srinagar,orographic,0.0,0.0,0.0,0.0,0.0,0.43,0.0327,0.0003,0.0
2026-09-19,Gangtok,orographic,2.3,4.6,6.7,4.9,4.9,3.86,0.1826,0.0054,0.0008
2026-09-19,Guwahati,orographic,0.2,0.0,0.0,0.0,0.0,1.03,0.0327,0.0003,0.0
2026-09-19,Cherrapunji,orographic,0.5,6.3,8.6,7.0,7.0,4.22,0.2301,0.0084,0.0013
2026-09-19,Imphal,orographic,0.5,10.3,13.3,12.3,12.3,4.16,0.3254,0.0177,0.0028
2026-09-19,Agartala,orographic,0.9,0.2,0.8,0.3,0.3,1.5,0.0396,0.0004,0.0001
2026-09-19,Lucknow,normal,5.9,0.5,1.3,1.4,1.4,2.85,0.0442,0.0002,0.0
2026-09-19,Patna,normal,0.6,0.3,1.0,1.0,1.0,2.0,0.038,0.0001,0.0
2026-09-19,Varanasi,normal,2.3,6.2,8.5,9.0,9.0,5.93,0.2053,0.0023,0.0003
2026-09-19,Delhi,normal,0.0,0.0,0.0,0.0,0.0,1.23,0.0288,0.0001,0.0
2026-09-19,Kanpur,normal,0.0,1.3,2.5,2.8,2.8,3.25,0.0688,0.0003,0.0
2026-09-19,Ranchi,normal,1.8,2.4,4.1,4.6,4.6,4.21,0.1019,0.0006,0.0001
2026-09-19,Jodhpur,normal,0.0,0.0,0.0,0.0,0.0,0.81,0.0288,0.0001,0.0
2026-09-19,Bikaner,normal,0.1,0.0,0.0,0.0,0.0,0.81,0.0288,0.0001,0.0
2026-09-19,Jaisalmer,normal,0.0,0.0,0.0,0.0,0.0,0.67,0.0288,0.0001,0.0
2026-09-19,Hyderabad,normal,1.1,14.2,17.5,18.7,18.7,6.25,0.3695,0.0081,0.0011
2026-09-19,Bengaluru,normal,1.4,3.5,5.35,6.0,6.0,3.03,0.1337,0.001,0.0001
2026-09-19,Pune,normal,4.7,3.2,5.0,5.7,5.7,2.8,0.1251,0.0009,0.0001
2026-09-19,Kurnool,normal,1.0,10.2,13.2,13.8,13.8,5.49,0.2954,0.0048,0.0006
2026-09-19,Madurai,normal,3.7,12.1,15.2,16.1,16.1,5.43,0.3324,0.0063,0.0008
2026-09-20,Nagpur,normal,1.9,17.8,21.4,22.4,22.4,7.2,0.4252,0.0117,0.0016
2026-09-20,Bhopal,normal,4.7,3.8,5.7,6.4,6.4,4.15,0.1421,0.0011,0.0001
2026-09-20,Raipur,normal,5.5,3.7,5.6,6.3,6.3,4.15,0.1393,0.0011,0.0001
2026-09-20,Jabalpur,normal,13.1,11.3,14.5,15.1,15.1,6.31,0.3172,0.0057,0.0008
2026-09-20,Akola,normal,0.3,0.0,0.0,0.0,0.0,0.44,0.0288,0.0001,0.0
2026-09-20,Amravati,normal,1.1,1.9,3.4,3.7,3.7,2.36,0.087,0.0005,0.0001
2026-09-20,Aurangabad,normal,1.6,0.3,1.0,1.0,1.0,1.8,0.038,0.0001,0.0
2026-09-20,Bhubaneswar,normal,9.3,6.7,9.2,9.6,9.6,6.27,0.2175,0.0025,0.0003
2026-09-20,Mumbai,coastal,1.1,0.0,0.0,0.0,0.0,1.66,0.0422,0.0001,0.0
2026-09-20,Thiruvananthapuram,coastal,12.2,15.2,18.6,20.16,20.16,10.9,0.4826,0.0116,0.0009
2026-09-20,Kochi,coastal,12.8,13.7,17.0,18.3,18.3,11.57,0.456,0.0098,0.0008
2026-09-20,Mangaluru,coastal,2.8,0.3,1.0,1.9,1.9,2.15,0.0554,0.0002,0.0
2026-09-20,Panaji,coastal,5.4,0.2,0.8,1.6,1.6,2.11,0.051,0.0001,0.0
2026-09-20,Chennai,depression,2.4,44.0,52.3,38.78,83.42,23.12,0.7948,0.108,0.0088
2026-09-20,Visakhapatnam,coastal,1.7,4.0,6.0,8.2,8.2,5.91,0.2045,0.0015,0.0001
2026-09-20,Puri,coastal,13.4,1.9,3.4,5.1,5.1,3.89,0.1239,0.0006,0.0
2026-09-20,Kolkata,coastal,17.2,9.5,12.4,14.6,14.6,8.52,0.367,0.0055,0.0004
2026-09-20,Surat,coastal,4.8,3.4,5.2,7.5,7.5,5.34,0.1826,0.0012,0.0001
2026-09-20,Mahabaleshwar,orographic,4.6,9.6,12.6,11.3,11.3,8.53,0.3102,0.0159,0.0025
2026-09-20,Munnar,orographic,9.2,11.8,15.0,14.1,14.1,10.43,0.3561,0.0219,0.0034
2026-09-20,Madikeri,orographic,4.4,3.1,4.9,3.3,3.3,4.35,0.137,0.0031,0.0005
2026-09-20,Ooty,orographic,4.3,20.0,23.7,25.91,25.91,13.24,0.4876,0.0499,0.0081
2026-09-20,Lonavala,orographic,6.2,1.4,2.7,1.5,1.5,3.28,0.0811,0.0013,0.0002
2026-09-20,Wayanad,orographic,1.5,8.1,10.8,9.4,9.4,8.45,0.2756,0.0123,0.0019
2026-09-20,Shimla,orographic,2.1,0.0,0.0,0.0,0.0,0.4,0.0327,0.0003,0.0
2026-09-20,Dehradun,orographic,0.0,0.0,0.0,0.0,0.0,0.0,0.0327,0.0003,0.0
2026-09-20,Srinagar,orographic,0.0,0.5,1.3,0.6,0.6,0.76,0.0501,0.0006,0.0001
2026-09-20,Gangtok,orographic,0.2,1.1,2.3,1.2,1.2,1.78,0.0708,0.001,0.0001
2026-09-20,Guwahati,orographic,5.6,0.4,1.2,0.5,0.5,1.03,0.0466,0.0005,0.0001
2026-09-20,Cherrapunji,orographic,8.4,17.9,21.5,23.3,23.3,6.37,0.4589,0.042,0.0068
2026-09-20,Imphal,orographic,6.3,10.4,13.5,12.33,12.33,4.5,0.3276,0.018,0.0028
2026-09-20,Agartala,orographic,24.9,11.4,14.6,13.8,13.8,4.14,0.3482,0.0208,0.0033
2026-09-20,Lucknow,normal,0.1,0.0,0.0,0.0,0.0,1.01,0.0288,0.0001,0.0
2026-09-20,Patna,normal,0.2,0.0,0.0,0.0,0.0,1.01,0.0288,0.0001,0.0
2026-09-20,Varanasi,normal,0.1,0.0,0.0,0.0,0.0,1.42,0.0288,0.0001,0.0
2026-09-20,Delhi,normal,1.5,0.0,0.0,0.0,0.0,0.61,0.0288,0.0001,0.0
2026-09-20,Kanpur,normal,3.4,0.1,0.6,0.6,0.6,1.69,0.0319,0.0001,0.0
2026-09-20,Ranchi,normal,4.1,7.9,10.5,11.4,11.4,6.19,0.2458,0.0033,0.0004
2026-09-20,Jodhpur,normal,0.8,0.0,0.0,0.0,0.0,0.11,0.0288,0.0001,0.0
2026-09-20,Bikaner,normal,0.0,0.0,0.0,0.0,0.0,0.11,0.0288,0.0001,0.0
2026-09-20,Jaisalmer,normal,0.0,0.0,0.0,0.0,0.0,0.11,0.0288,0.0001,0.0
2026-09-20,Hyderabad,normal,3.1,19.0,22.9,23.6,23.6,8.69,0.4419,0.013,0.0018
2026-09-20,Bengaluru,normal,13.9,14.9,18.2,19.4,19.4,6.04,0.381,0.0088,0.0012
2026-09-20,Pune,normal,3.5,4.4,6.5,7.0,7.0,3.68,0.1586,0.0014,0.0002
2026-09-20,Kurnool,normal,19.0,8.7,11.53,12.3,12.3,5.02,0.2637,0.0038,0.0005
2026-09-20,Madurai,normal,34.9,3.9,5.9,6.5,6.5,3.63,0.1449,0.0012,0.0001
2026-09-21,Nagpur,normal,2.4,5.3,7.6,8.2,8.2,5.15,0.1824,0.0018,0.0002
2026-09-21,Bhopal,normal,3.6,7.9,10.5,11.4,11.4,5.68,0.2458,0.0033,0.0004
2026-09-21,Raipur,normal,0.9,7.9,10.5,11.4,11.4,5.68,0.2458,0.0033,0.0004
2026-09-21,Jabalpur,normal,7.9,4.4,6.5,7.0,7.0,4.69,0.1586,0.0014,0.0002
2026-09-21,Akola,normal,0.9,7.6,10.2,10.9,10.9,5.43,0.2389,0.0031,0.0004
2026-09-21,Amravati,normal,3.5,9.3,12.2,12.8,12.8,5.66,0.2767,0.0042,0.0006
2026-09-21,Aurangabad,normal,1.7,6.3,8.7,9.1,9.1,5.02,0.2078,0.0023,0.0003
2026-09-21,Bhubaneswar,normal,24.3,8.8,11.7,12.4,12.4,6.25,0.2659,0.0038,0.0005
2026-09-21,Mumbai,coastal,1.3,0.0,0.0,0.0,0.0,1.12,0.0422,0.0001,0.0
2026-09-21,Thiruvananthapuram,coastal,8.8,8.4,11.2,13.2,13.2,9.09,0.3393,0.0046,0.0004
2026-09-21,Kochi,coastal,23.1,9.7,12.7,14.8,14.8,9.47,0.3718,0.0057,0.0004
2026-09-21,Mangaluru,coastal,11.7,3.8,5.7,8.09,8.09,5.75,0.1973,0.0014,0.0001
2026-09-21,Panaji,coastal,0.6,1.6,3.0,4.6,4.6,3.3,0.1115,0.0005,0.0
2026-09-21,Chennai,depression,12.4,44.7,53.3,40.07,83.42,34.08,0.7976,0.1106,0.009
2026-09-21,Visakhapatnam,coastal,10.0,6.7,9.2,11.2,1.5,8.54,0.2921,0.0032,0.0002
2026-09-21,Puri,coastal,33.3,19.3,23.1,25.66,6.09,13.48,0.5443,0.017,0.0013
2026-09-21,Kolkata,coastal,5.5,9.5,12.4,14.6,14.6,9.24,0.367,0.0055,0.0004
2026-09-21,Surat,coastal,1.0,0.5,1.3,2.2,2.2,3.08,0.0643,0.0002,0.0
2026-09-21,Mahabaleshwar,orographic,4.6,8.9,11.8,10.3,10.3,9.05,0.2945,0.0142,0.0022
2026-09-21,Munnar,orographic,7.3,6.5,8.9,7.3,7.3,8.24,0.2354,0.0088,0.0014
2026-09-21,Madikeri,orographic,8.3,6.0,8.3,6.7,6.7,7.66,0.222,0.0079,0.0012
2026-09-21,Ooty,orographic,3.3,7.3,9.8,8.2,8.2,8.77,0.256,0.0105,0.0016
2026-09-21,Lonavala,orographic,21.3,3.1,4.9,3.3,3.3,4.51,0.137,0.0031,0.0005
2026-09-21,Wayanad,orographic,4.2,6.7,9.2,7.5,7.5,8.81,0.2406,0.0092,0.0014
2026-09-21,Shimla,orographic,0.8,0.0,0.0,0.0,0.0,0.0,0.0327,0.0003,0.0
2026-09-21,Dehradun,orographic,1.5,0.0,0.0,0.0,0.0,0.0,0.0327,0.0003,0.0
2026-09-21,Srinagar,orographic,0.0,0.0,0.0,0.0,0.0,0.32,0.0327,0.0003,0.0
2026-09-21,Gangtok,orographic,6.4,1.3,2.5,1.4,1.4,1.54,0.0777,0.0012,0.0002
2026-09-21,Guwahati,orographic,2.7,0.0,0.0,0.0,0.0,0.7,0.0327,0.0003,0.0
2026-09-21,Cherrapunji,orographic,0.6,11.0,14.1,13.1,13.1,5.09,0.3401,0.0196,0.0031
2026-09-21,Imphal,orographic,0.2,5.3,7.6,5.8,5.8,3.34,0.2027,0.0066,0.001
2026-09-21,Agartala,orographic,2.2,8.6,11.5,10.1,10.1,4.34,0.2875,0.0135,0.0021
2026-09-21,Lucknow,normal,0.7,0.0,0.0,0.0,0.0,0.64,0.0288,0.0001,0.0
2026-09-21,Patna,normal,1.6,0.2,0.8,0.8,0.8,1.36,0.035,0.0001,0.0
2026-09-21,Varanasi,normal,0.6,0.5,1.3,1.4,1.4,1.99,0.0442,0.0002,0.0
2026-09-21,Delhi,normal,0.1,0.0,0.0,0.0,0.0,0.64,0.0288,0.0001,0.0
2026-09-21,Kanpur,normal,2.6,0.0,0.0,0.0,0.0,0.75,0.0288,0.0001,0.0
2026-09-21,Ranchi,normal,4.6,15.0,18.3,19.4,19.4,8.94,0.3827,0.0089,0.0012
2026-09-21,Jodhpur,normal,0.0,0.0,0.0,0.0,0.0,0.13,0.0288,0.0001,0.0
2026-09-21,Bikaner,normal,0.0,0.0,0.0,0.0,0.0,0.13,0.0288,0.0001,0.0
2026-09-21,Jaisalmer,normal,0.0,0.0,0.0,0.0,0.0,0.13,0.0288,0.0001,0.0
2026-09-21,Hyderabad,normal,2.3,6.3,8.7,9.1,9.1,4.94,0.2078,0.0023,0.0003
2026-09-21,Bengaluru,normal,7.7,27.4,31.7,32.7,32.7,10.3,0.5376,0.0235,0.0032
2026-09-21,Pune,normal,7.4,16.6,20.1,20.91,20.91,6.98,0.4076,0.0105,0.0014
2026-09-21,Kurnool,normal,5.5,4.0,6.0,6.6,6.6,3.97,0.1476,0.0012,0.0002
2026-09-21,Madurai,normal,0.4,0.0,0.0,0.0,0.0,1.15,0.0288,0.0001,0.0
2026-09-22,Nagpur,normal,5.0,1.2,2.4,2.7,2.7,2.89,0.0658,0.0003,0.0
2026-09-22,Bhopal,normal,2.5,0.4,1.2,1.2,1.2,2.31,0.0411,0.0001,0.0
2026-09-22,Raipur,normal,3.9,14.9,18.2,19.4,19.4,7.93,0.381,0.0088,0.0012
2026-09-22,Jabalpur,normal,3.4,3.7,5.6,6.3,6.3,4.17,0.1393,0.0011,0.0001
2026-09-22,Akola,normal,1.6,0.1,0.6,0.6,0.6,1.68,0.0319,0.0001,0.0
2026-09-22,Amravati,normal,0.4,3.9,5.9,6.5,6.5,4.39,0.1449,0.0012,0.0001
2026-09-22,Aurangabad,normal,1.6,25.5,29.6,30.1,30.1,10.07,0.5187,0.0209,0.0029
2026-09-22,Bhubaneswar,normal,28.2,14.9,18.2,19.4,3.4,7.93,0.381,0.0088,0.0012
2026-09-22,Mumbai,coastal,16.9,2.1,3.6,5.4,5.4,3.66,0.1321,0.0007,0.0001
2026-09-22,Thiruvananthapuram,coastal,6.2,0.2,0.8,1.6,1.6,2.35,0.051,0.0001,0.0
2026-09-22,Kochi,coastal,7.4,0.8,1.8,2.82,2.82,3.59,0.0774,0.0003,0.0
2026-09-22,Mangaluru,coastal,0.9,2.4,4.1,5.9,5.9,4.9,0.1441,0.0008,0.0001
2026-09-22,Panaji,coastal,2.0,2.2,3.8,5.6,5.6,3.94,0.1361,0.0007,0.0001
2026-09-22,Chennai,coastal,0.2,0.6,1.4,2.4,2.4,3.6,0.0686,0.0002,0.0
2026-09-22,Visakhapatnam,coastal,123.2,25.5,29.6,35.7,9.29,14.29,0.6153,0.0266,0.0021
2026-09-22,Puri,depression,21.4,46.0,55.1,41.23,41.23,25.6,0.8025,0.1154,0.0094
2026-09-22,Kolkata,coastal,10.3,4.9,7.1,9.54,9.54,7.15,0.2356,0.0021,0.0002
2026-09-22,Surat,coastal,4.0,0.2,0.8,1.6,1.6,1.94,0.051,0.0001,0.0
2026-09-22,Mahabaleshwar,orographic,11.4,10.7,13.8,12.8,12.8,10.14,0.3339,0.0188,0.0029
2026-09-22,Munnar,orographic,8.9,0.7,1.62,0.9,0.9,3.38,0.057,0.0007,0.0001
2026-09-22,Madikeri,orographic,0.8,0.4,1.2,0.5,0.5,2.75,0.0466,0.0005,0.0001
2026-09-22,Ooty,orographic,0.7,1.2,2.4,1.3,1.3,3.45,0.0743,0.0011,0.0002
2026-09-22,Lonavala,orographic,10.3,2.9,4.7,3.1,3.1,4.59,0.1307,0.0029,0.0004
2026-09-22,Wayanad,orographic,0.3,0.0,0.0,0.0,0.0,1.5,0.0327,0.0003,0.0
2026-09-22,Shimla,orographic,0.0,0.0,0.0,0.0,0.0,0.0,0.0327,0.0003,0.0
2026-09-22,Dehradun,orographic,0.4,0.0,0.0,0.0,0.0,0.0,0.0327,0.0003,0.0
2026-09-22,Srinagar,orographic,0.0,1.3,2.5,1.4,1.4,1.1,0.0777,0.0012,0.0002
2026-09-22,Gangtok,orographic,13.1,5.2,7.5,5.6,5.6,3.2,0.1999,0.0064,0.001
2026-09-22,Guwahati,orographic,11.8,0.1,0.6,0.2,0.2,0.63,0.0362,0.0003,0.0
2026-09-22,Cherrapunji,orographic,3.2,8.3,11.1,9.7,9.7,4.58,0.2804,0.0128,0.002
2026-09-22,Imphal,orographic,1.8,0.8,1.8,0.9,0.9,2.16,0.0605,0.0008,0.0001
2026-09-22,Agartala,orographic,7.0,7.1,9.6,8.0,8.0,4.59,0.2509,0.0101,0.0015
2026-09-22,Lucknow,normal,1.2,0.0,0.0,0.0,0.0,0.61,0.0288,0.0001,0.0
2026-09-22,Patna,normal,1.3,0.0,0.0,0.0,0.0,0.72,0.0288,0.0001,0.0
2026-09-22,Varanasi,normal,0.9,4.9,7.1,7.6,7.6,5.08,0.1719,0.0016,0.0002
2026-09-22,Delhi,normal,0.0,0.0,0.0,0.0,0.0,0.61,0.0288,0.0001,0.0
2026-09-22,Kanpur,normal,1.1,0.1,0.6,0.6,0.6,1.12,0.0319,0.0001,0.0
2026-09-22,Ranchi,normal,4.6,2.1,3.6,4.0,4.0,4.01,0.093,0.0005,0.0001
2026-09-22,Jodhpur,normal,0.0,0.0,0.0,0.0,0.0,0.1,0.0288,0.0001,0.0
2026-09-22,Bikaner,normal,0.0,0.0,0.0,0.0,0.0,0.1,0.0288,0.0001,0.0
2026-09-22,Jaisalmer,normal,0.0,0.0,0.0,0.0,0.0,0.1,0.0288,0.0001,0.0
2026-09-22,Hyderabad,normal,0.5,15.6,19.0,19.9,19.9,7.13,0.3922,0.0095,0.0013
2026-09-22,Bengaluru,normal,5.1,0.1,0.6,0.6,0.6,1.64,0.0319,0.0001,0.0
2026-09-22,Pune,normal,7.1,20.2,23.91,24.9,24.9,9.5,0.4577,0.0143,0.0019
2026-09-22,Kurnool,normal,2.1,6.9,9.4,9.93,9.93,5.06,0.2224,0.0027,0.0003
2026-09-22,Madurai,normal,0.8,0.0,0.0,0.0,0.0,0.56,0.0288,0.0001,0.0
2026-09-23,Nagpur,normal,5.1,19.1,23.0,23.7,23.7,11.33,0.4432,0.0131,0.0018
2026-09-23,Bhopal,normal,1.9,4.0,6.0,6.6,6.6,5.09,0.1476,0.0012,0.0002
2026-09-23,Raipur,normal,23.0,11.7,14.9,15.6,15.6,8.44,0.3249,0.006,0.0008
2026-09-23,Jabalpur,normal,2.8,10.7,13.8,14.5,14.5,7.72,0.3055,0.0052,0.0007
2026-09-23,Akola,normal,1.2,2.8,4.5,5.2,5.2,3.92,0.1136,0.0008,0.0001
2026-09-23,Amravati,normal,3.0,10.4,13.5,14.0,14.0,7.72,0.2995,0.005,0.0007
2026-09-23,Aurangabad,normal,0.7,7.7,10.3,11.0,11.0,7.7,0.2412,0.0031,0.0004
2026-09-23,Bhubaneswar,normal,33.5,22.0,25.76,26.4,7.19,11.67,0.4799,0.0165,0.0022
2026-09-23,Mumbai,coastal,1.8,0.4,1.2,2.1,2.1,2.99,0.0599,0.0002,0.0
2026-09-23,Thiruvananthapuram,coastal,4.9,2.0,3.5,5.2,5.2,4.08,0.128,0.0006,0.0
2026-09-23,Kochi,coastal,1.8,0.4,1.2,2.1,2.1,2.91,0.0599,0.0002,0.0
2026-09-23,Mangaluru,coastal,2.2,3.0,4.8,6.9,6.9,5.38,0.1675,0.0011,0.0001
2026-09-23,Panaji,coastal,20.3,13.1,16.1,17.5,17.5,12.04,0.4447,0.0091,0.0007
2026-09-23,Chennai,coastal,3.7,0.0,0.0,0.0,0.0,1.55,0.0422,0.0001,0.0
2026-09-23,Visakhapatnam,coastal,54.6,28.3,32.8,41.8,12.7,16.69,0.641,0.0315,0.0026
2026-09-23,Puri,depression,34.9,30.1,34.8,14.9,14.9,23.33,0.721,0.0602,0.0046
2026-09-23,Kolkata,coastal,28.0,19.9,23.6,26.4,26.4,15.39,0.5522,0.0178,0.0014
2026-09-23,Surat,coastal,2.9,0.1,0.6,1.2,1.2,1.68,0.0466,0.0001,0.0
2026-09-23,Mahabaleshwar,orographic,2.9,6.7,9.2,7.5,7.5,10.55,0.2406,0.0092,0.0014
2026-09-23,Munnar,orographic,11.0,0.5,1.3,0.6,0.6,2.87,0.0501,0.0006,0.0001
2026-09-23,Madikeri,orographic,2.0,0.4,1.2,0.5,0.5,2.6,0.0466,0.0005,0.0001
2026-09-23,Ooty,orographic,0.0,0.0,0.0,0.0,0.0,1.54,0.0327,0.0003,0.0
2026-09-23,Lonavala,orographic,10.0,10.8,13.9,12.9,12.9,11.74,0.336,0.0191,0.003
2026-09-23,Wayanad,orographic,0.0,0.0,0.0,0.0,0.0,1.11,0.0327,0.0003,0.0
2026-09-23,Shimla,orographic,0.7,0.0,0.0,0.0,0.0,0.13,0.0327,0.0003,0.0
2026-09-23,Dehradun,orographic,0.1,0.0,0.0,0.0,0.0,0.13,0.0327,0.0003,0.0
2026-09-23,Srinagar,orographic,0.2,5.9,8.2,6.5,6.5,4.3,0.2193,0.0077,0.0012
2026-09-23,Gangtok,orographic,26.0,9.1,12.1,10.5,10.5,6.08,0.299,0.0147,0.0023
2026-09-23,Guwahati,orographic,8.8,6.1,8.5,6.85,6.85,4.11,0.2247,0.0081,0.0012
2026-09-23,Cherrapunji,orographic,14.2,28.5,33.1,39.5,39.5,10.42,0.5801,0.0861,0.0147
2026-09-23,Imphal,orographic,18.4,8.6,11.5,10.1,10.1,4.93,0.2875,0.0135,0.0021
2026-09-23,Agartala,orographic,8.7,19.7,23.36,25.7,25.7,9.13,0.4837,0.0487,0.0079
2026-09-23,Lucknow,normal,15.5,0.7,1.62,1.8,1.8,2.81,0.0504,0.0002,0.0
2026-09-23,Patna,normal,9.2,1.1,2.3,2.4,2.4,3.11,0.0627,0.0003,0.0
2026-09-23,Varanasi,normal,6.3,3.3,5.2,5.9,5.9,5.34,0.128,0.0009,0.0001
2026-09-23,Delhi,normal,0.0,0.0,0.0,0.0,0.0,0.84,0.0288,0.0001,0.0
2026-09-23,Kanpur,normal,17.3,0.3,1.0,1.0,1.0,2.13,0.038,0.0001,0.0
2026-09-23,Ranchi,normal,22.1,6.8,9.3,9.8,9.8,7.42,0.22,0.0026,0.0003
2026-09-23,Jodhpur,normal,0.0,0.0,0.0,0.0,0.0,0.18,0.0288,0.0001,0.0
2026-09-23,Bikaner,normal,0.0,0.0,0.0,0.0,0.0,0.18,0.0288,0.0001,0.0
2026-09-23,Jaisalmer,normal,0.0,0.0,0.0,0.0,0.0,0.18,0.0288,0.0001,0.0
2026-09-23,Hyderabad,normal,5.0,44.7,53.3,55.9,55.9,17.49,0.662,0.0518,0.0074
2026-09-23,Bengaluru,normal,1.3,0.0,0.0,0.0,0.0,0.93,0.0288,0.0001,0.0
2026-09-23,Pune,normal,2.8,6.5,8.9,9.3,9.3,5.99,0.2127,0.0024,0.0003
2026-09-23,Kurnool,normal,12.5,65.6,73.71,78.1,78.1,18.0,0.7475,0.0946,0.0143
2026-09-23,Madurai,normal,0.0,0.0,0.0,0.0,0.0,0.79,0.0288,0.0001,0.0
2026-09-24,Nagpur,normal,0.6,8.9,11.8,12.5,12.5,7.72,0.2681,0.0039,0.0005
2026-09-24,Bhopal,normal,2.2,4.8,7.0,7.5,7.5,5.86,0.1693,0.0016,0.0002
2026-09-24,Raipur,normal,41.1,5.2,7.5,8.0,1.5,5.99,0.1798,0.0017,0.0002
2026-09-24,Jabalpur,normal,9.1,6.8,9.3,9.8,9.8,7.24,0.22,0.0026,0.0003
2026-09-24,Akola,normal,1.5,1.6,3.0,3.3,3.3,3.54,0.078,0.0004,0.0
2026-09-24,Amravati,normal,3.3,10.2,13.2,13.8,13.8,7.77,0.2954,0.0048,0.0006
2026-09-24,Aurangabad,normal,0.0,0.0,0.0,0.0,0.0,1.51,0.0288,0.0001,0.0
2026-09-24,Bhubaneswar,depression,51.8,50.1,59.4,49.23,49.23,20.9,0.8166,0.131,0.0109
2026-09-24,Mumbai,coastal,3.3,5.2,7.5,9.84,9.84,7.45,0.2455,0.0022,0.0002
2026-09-24,Thiruvananthapuram,coastal,10.1,0.8,1.8,2.82,2.82,3.59,0.0774,0.0003,0.0
2026-09-24,Kochi,coastal,1.3,0.6,1.4,2.4,2.4,3.38,0.0686,0.0002,0.0
2026-09-24,Mangaluru,coastal,17.3,26.2,30.3,36.57,36.57,16.3,0.6221,0.0278,0.0022
2026-09-24,Panaji,coastal,22.4,4.9,7.1,9.54,9.54,7.68,0.2356,0.0021,0.0002
2026-09-24,Chennai,coastal,0.0,8.3,11.1,13.0,13.0,9.19,0.3367,0.0045,0.0003
2026-09-24,Visakhapatnam,coastal,78.8,10.9,14.0,16.1,1.5,11.1,0.3994,0.0068,0.0005
2026-09-24,Puri,depression,61.2,53.4,61.7,52.22,52.22,31.27,0.8267,0.1437,0.0122
2026-09-24,Kolkata,depression,37.3,55.2,63.8,52.44,52.44,29.53,0.8317,0.1508,0.0129
2026-09-24,Surat,coastal,0.0,0.1,0.6,1.2,1.2,1.67,0.0466,0.0001,0.0
2026-09-24,Mahabaleshwar,orographic,5.4,3.5,5.35,3.6,3.6,6.16,0.1495,0.0037,0.0006
2026-09-24,Munnar,orographic,4.7,0.0,0.0,0.0,0.0,1.41,0.0327,0.0003,0.0
2026-09-24,Madikeri,orographic,11.4,3.1,4.9,3.3,3.3,5.29,0.137,0.0031,0.0005
2026-09-24,Ooty,orographic,0.0,0.0,0.0,0.0,0.0,1.1,0.0327,0.0003,0.0
2026-09-24,Lonavala,orographic,5.0,8.6,11.5,10.1,10.1,10.92,0.2875,0.0135,0.0021
2026-09-24,Wayanad,orographic,0.3,0.3,1.0,0.4,0.4,2.06,0.0431,0.0004,0.0001
2026-09-24,Shimla,orographic,0.3,0.0,0.0,0.0,0.0,0.13,0.0327,0.0003,0.0
2026-09-24,Dehradun,orographic,1.7,1.8,3.3,1.9,1.9,1.72,0.0946,0.0016,0.0002
2026-09-24,Srinagar,orographic,0.0,0.4,1.2,0.5,0.5,1.97,0.0466,0.0005,0.0001
2026-09-24,Gangtok,orographic,40.3,33.3,38.5,46.32,46.32,12.72,0.6197,0.1089,0.019
2026-09-24,Guwahati,orographic,4.1,15.7,19.1,19.4,19.4,7.06,0.4254,0.0342,0.0055
2026-09-24,Cherrapunji,orographic,1.0,24.2,28.3,33.2,33.2,9.82,0.5375,0.0671,0.0112
2026-09-24,Imphal,orographic,0.3,0.2,0.8,0.3,0.3,1.87,0.0396,0.0004,0.0001
2026-09-24,Agartala,orographic,3.2,4.6,6.7,4.9,4.9,4.03,0.1826,0.0054,0.0008
2026-09-24,Lucknow,normal,2.1,6.2,8.5,9.0,9.0,6.76,0.2053,0.0023,0.0003
2026-09-24,Patna,normal,34.2,42.5,51.0,49.42,49.42,18.8,0.6498,0.0478,0.0068
2026-09-24,Varanasi,normal,23.3,5.2,7.5,8.0,8.0,6.26,0.1798,0.0017,0.0002
2026-09-24,Delhi,normal,0.0,0.0,0.0,0.0,0.0,0.83,0.0288,0.0001,0.0
2026-09-24,Kanpur,normal,1.0,7.5,10.1,10.7,10.7,7.27,0.2366,0.003,0.0004
2026-09-24,Ranchi,normal,32.7,9.5,12.4,13.1,13.1,7.88,0.2809,0.0043,0.0006
2026-09-24,Jodhpur,normal,0.0,0.0,0.0,0.0,0.0,0.18,0.0288,0.0001,0.0
2026-09-24,Bikaner,normal,0.0,0.0,0.0,0.0,0.0,0.18,0.0288,0.0001,0.0
2026-09-24,Jaisalmer,normal,0.0,0.0,0.0,0.0,0.0,0.18,0.0288,0.0001,0.0
2026-09-24,Hyderabad,normal,7.3,42.1,50.8,48.71,48.71,21.7,0.6475,0.047,0.0067
2026-09-24,Bengaluru,normal,1.6,1.2,2.4,2.6,2.6,2.43,0.0658,0.0003,0.0
2026-09-24,Pune,normal,2.2,1.2,2.4,2.6,2.6,3.33,0.0658,0.0003,0.0
2026-09-24,Kurnool,normal,2.6,7.2,9.7,10.3,10.3,7.49,0.2295,0.0028,0.0004
2026-09-24,Madurai,normal,0.0,0.0,0.0,0.0,0.0,0.79,0.0288,0.0001,0.0
2026-09-25,Nagpur,active,11.7,5.8,8.1,9.87,9.87,8.69,0.2739,0.0026,0.0006
2026-09-25,Bhopal,active,3.2,4.3,6.3,8.44,8.44,7.16,0.223,0.0017,0.0004
2026-09-25,Raipur,depression,121.1,131.4,117.61,97.33,97.33,26.1,0.9267,0.437,0.0552
2026-09-25,Jabalpur,depression,41.4,58.7,66.1,54.84,43.83,22.69,0.8408,0.1646,0.0143
2026-09-25,Akola,active,0.1,0.1,0.6,0.8,0.8,2.3,0.0487,0.0001,0.0
2026-09-25,Amravati,active,0.1,2.1,3.6,5.0,5.0,4.96,0.1375,0.0007,0.0001
2026-09-25,Aurangabad,active,0.2,0.0,0.0,0.0,0.0,1.03,0.0441,0.0001,0.0
2026-09-25,Bhubaneswar,active,34.2,13.8,17.1,17.97,3.09,14.26,0.4694,0.0099,0.0023
2026-09-25,Mumbai,coastal,5.0,3.1,4.9,7.0,7.0,6.23,0.1713,0.0011,0.0001
2026-09-25,Thiruvananthapuram,coastal,4.2,1.8,3.3,4.9,4.9,4.25,0.1198,0.0006,0.0
2026-09-25,Kochi,coastal,0.2,1.5,2.8,4.3,4.3,3.93,0.1073,0.0005,0.0
2026-09-25,Mangaluru,coastal,19.4,9.1,12.1,14.1,14.1,11.44,0.3572,0.0052,0.0004
2026-09-25,Panaji,coastal,8.1,7.6,10.2,12.3,12.3,9.73,0.3178,0.0039,0.0003
2026-09-25,Chennai,coastal,1.5,2.0,3.5,5.2,5.2,4.94,0.128,0.0006,0.0
2026-09-25,Visakhapatnam,coastal,18.1,3.2,5.0,7.2,7.2,6.32,0.1751,0.0011,0.0001
2026-09-25,Puri,depression,48.6,16.9,20.5,4.6,4.6,19.41,0.5851,0.0242,0.0018
2026-09-25,Kolkata,depression,22.1,20.6,24.3,6.98,27.26,20.76,0.6341,0.0331,0.0024
2026-09-25,Surat,coastal,0.0,0.9,2.0,3.0,3.0,3.28,0.0817,0.0003,0.0
2026-09-25,Mahabaleshwar,orographic,2.0,0.5,1.3,0.6,0.6,3.98,0.0501,0.0006,0.0001
2026-09-25,Munnar,orographic,2.8,0.2,0.8,0.3,0.3,2.19,0.0396,0.0004,0.0001
2026-09-25,Madikeri,orographic,22.0,3.9,5.9,4.1,4.1,7.94,0.1618,0.0043,0.0006
2026-09-25,Ooty,orographic,2.5,0.6,1.5,0.7,0.7,3.55,0.0536,0.0006,0.0001
2026-09-25,Lonavala,orographic,2.8,5.5,7.8,6.0,6.0,9.83,0.2083,0.0069,0.0011
2026-09-25,Wayanad,orographic,7.1,1.6,3.0,1.6,1.6,4.26,0.0879,0.0014,0.0002
2026-09-25,Shimla,orographic,2.1,0.0,0.0,0.0,0.0,0.2,0.0327,0.0003,0.0
2026-09-25,Dehradun,orographic,3.6,3.2,5.0,3.4,3.4,2.96,0.1402,0.0033,0.0005
2026-09-25,Srinagar,orographic,0.0,2.0,3.5,2.1,2.1,2.16,0.1013,0.0018,0.0003
2026-09-25,Gangtok,orographic,21.3,56.5,64.7,73.3,73.3,23.8,0.7417,0.2293,0.0457
2026-09-25,Guwahati,orographic,1.7,3.6,5.5,3.8,3.8,4.64,0.1526,0.0038,0.0006
2026-09-25,Cherrapunji,orographic,2.3,20.3,24.0,26.6,26.6,12.06,0.4915,0.0511,0.0084
2026-09-25,Imphal,orographic,0.4,3.4,5.2,3.57,3.57,2.71,0.1464,0.0035,0.0005
2026-09-25,Agartala,orographic,0.9,0.0,0.0,0.0,0.0,1.58,0.0327,0.0003,0.0
2026-09-25,Lucknow,active,93.8,92.5,93.5,66.87,66.87,27.07,0.8697,0.1922,0.0551
2026-09-25,Patna,active,12.8,9.2,12.2,13.47,13.47,11.77,0.3704,0.0052,0.0012
2026-09-25,Varanasi,active,15.7,31.3,35.7,36.71,36.71,16.54,0.6755,0.0368,0.009
2026-09-25,Delhi,active,0.0,0.0,0.0,0.0,0.0,0.87,0.0441,0.0001,0.0
2026-09-25,Kanpur,active,86.6,68.8,77.05,43.83,43.83,27.07,0.8289,0.1257,0.0338
2026-09-25,Ranchi,active,34.4,16.8,20.4,19.96,19.96,12.05,0.52,0.0135,0.0032
2026-09-25,Jodhpur,active,0.0,0.0,0.0,0.0,0.0,0.21,0.0441,0.0001,0.0
2026-09-25,Bikaner,active,0.0,0.0,0.0,0.0,0.0,0.21,0.0441,0.0001,0.0
2026-09-25,Jaisalmer,active,0.0,0.0,0.0,0.0,0.0,0.21,0.0441,0.0001,0.0
2026-09-25,Hyderabad,active,0.0,0.0,0.0,0.0,0.0,2.32,0.0441,0.0001,0.0
2026-09-25,Bengaluru,active,6.7,1.4,2.7,4.05,4.05,3.28,0.1075,0.0004,0.0001
2026-09-25,Pune,active,2.0,1.5,2.8,4.1,4.1,3.36,0.1119,0.0005,0.0001
2026-09-25,Kurnool,active,0.2,0.5,1.3,1.86,1.86,3.46,0.0671,0.0002,0.0
2026-09-25,Madurai,active,0.0,0.0,0.0,0.0,0.0,0.92,0.0441,0.0001,0.0
