date,district,regime,obs,raw,global_qm,regime_qm,regime_qm_oracle,regime_gbm,p_ge_15.6,p_ge_64.5,p_ge_115.6
2025-06-01,Nagpur,normal,0.0,0.0,0.0,0.0,0.0,1.78,0.0336,0.0001,0.0
2025-06-01,Bhopal,normal,0.0,0.0,0.0,0.0,0.0,0.55,0.0336,0.0001,0.0
2025-06-01,Raipur,normal,0.0,0.0,0.0,0.0,0.0,1.78,0.0336,0.0001,0.0
2025-06-01,Jabalpur,normal,0.3,0.0,0.0,0.0,0.0,0.55,0.0336,0.0001,0.0
2025-06-01,Akola,normal,0.0,0.0,0.0,0.0,0.0,0.55,0.0336,0.0001,0.0
2025-06-01,Amravati,normal,0.0,0.0,0.0,0.0,0.0,0.55,0.0336,0.0001,0.0
2025-06-01,Aurangabad,normal,0.1,0.0,0.0,0.0,0.0,0.55,0.0336,0.0001,0.0
2025-06-01,Bhubaneswar,normal,0.0,0.4,1.1,1.1,1.1,3.79,0.0483,0.0002,0.0
2025-06-01,Mumbai,coastal,11.1,3.4,5.6,7.3,7.3,5.4,0.1798,0.0018,0.0002
2025-06-01,Thiruvananthapuram,coastal,2.4,0.2,0.7,1.4,1.4,2.19,0.0483,0.0002,0.0
2025-06-01,Kochi,coastal,3.7,14.9,19.4,21.7,21.7,15.7,0.4824,0.015,0.0013
2025-06-01,Mangaluru,coastal,8.8,26.2,32.3,43.61,43.61,17.22,0.6305,0.0359,0.0026
2025-06-01,Panaji,coastal,17.1,28.9,35.4,52.07,52.07,18.91,0.6549,0.0418,0.0029
2025-06-01,Chennai,coastal,0.0,0.0,0.0,0.0,0.0,0.82,0.0397,0.0002,0.0
2025-06-01,Visakhapatnam,coastal,0.0,0.0,0.0,0.0,0.0,1.99,0.0397,0.0002,0.0
2025-06-01,Puri,coastal,0.0,0.0,0.0,0.0,0.0,1.98,0.0397,0.0002,0.0
2025-06-01,Kolkata,coastal,15.9,1.9,3.4,4.8,4.8,5.94,0.1205,0.0009,0.0001
2025-06-01,Surat,coastal,0.2,0.0,0.0,0.0,0.0,1.47,0.0397,0.0002,0.0
2025-06-01,Mahabaleshwar,orographic,9.9,2.2,3.9,2.4,2.4,4.14,0.1097,0.0029,0.0012
2025-06-01,Munnar,orographic,1.4,0.0,0.0,0.0,0.0,1.35,0.0322,0.0004,0.0002
2025-06-01,Madikeri,orographic,5.7,2.8,4.8,3.1,3.1,5.28,0.1301,0.0039,0.0015
2025-06-01,Ooty,orographic,1.3,0.0,0.0,0.0,0.0,2.08,0.0322,0.0004,0.0002
2025-06-01,Lonavala,orographic,5.6,2.9,5.0,3.3,3.3,5.01,0.1335,0.004,0.0015
2025-06-01,Wayanad,orographic,1.6,0.0,0.0,0.0,0.0,0.71,0.0322,0.0004,0.0002
2025-06-01,Shimla,orographic,0.3,1.3,2.6,1.6,1.6,1.58,0.0783,0.0017,0.0007
2025-06-01,Dehradun,orographic,0.0,0.0,0.0,0.0,0.0,0.65,0.0322,0.0004,0.0002
2025-06-01,Srinagar,orographic,5.6,7.9,11.1,9.1,9.1,7.42,0.2806,0.0158,0.0045
2025-06-01,Gangtok,orographic,11.4,14.6,19.2,18.62,18.62,11.02,0.4233,0.0392,0.0094
2025-06-01,Guwahati,orographic,3.7,23.5,28.91,34.4,34.4,12.21,0.5497,0.0796,0.0169
2025-06-01,Cherrapunji,orographic,31.0,55.1,66.5,78.31,78.31,28.88,0.7563,0.256,0.0491
2025-06-01,Imphal,orographic,14.0,23.9,29.2,34.4,34.4,12.47,0.5542,0.0816,0.0173
2025-06-01,Agartala,orographic,9.9,2.0,3.6,2.3,2.3,4.03,0.1028,0.0026,0.0011
2025-06-01,Lucknow,normal,0.0,0.1,0.5,0.5,0.5,1.11,0.0373,0.0001,0.0
2025-06-01,Patna,normal,0.0,0.0,0.0,0.0,0.0,1.23,0.0336,0.0001,0.0
2025-06-01,Varanasi,normal,0.7,0.0,0.0,0.0,0.0,0.22,0.0336,0.0001,0.0
2025-06-01,Delhi,normal,4.2,0.0,0.0,0.0,0.0,0.22,0.0336,0.0001,0.0
2025-06-01,Kanpur,normal,0.0,0.0,0.0,0.0,0.0,0.22,0.0336,0.0001,0.0
2025-06-01,Ranchi,normal,0.1,0.0,0.0,0.0,0.0,1.23,0.0336,0.0001,0.0
2025-06-01,Jodhpur,normal,0.0,0.0,0.0,0.0,0.0,0.0,0.0336,0.0001,0.0
2025-06-01,Bikaner,normal,0.0,0.0,0.0,0.0,0.0,0.0,0.0336,0.0001,0.0
2025-06-01,Jaisalmer,normal,0.0,0.0,0.0,0.0,0.0,0.0,0.0336,0.0001,0.0
2025-06-01,Hyderabad,normal,0.2,0.0,0.0,0.0,0.0,0.66,0.0336,0.0001,0.0
2025-06-01,Bengaluru,normal,0.0,0.0,0.0,0.0,0.0,0.66,0.0336,0.0001,0.0
2025-06-01,Pune,normal,2.0,0.0,0.0,0.0,0.0,0.66,0.0336,0.0001,0.0
2025-06-01,Kurnool,normal,0.0,0.0,0.0,0.0,0.0,0.66,0.0336,0.0001,0.0
2025-06-01,Madurai,normal,0.4,0.0,0.0,0.0,0.0,0.66,0.0336,0.0001,0.0
2025-06-02,Nagpur,normal,1.0,0.0,0.0,0.0,0.0,0.55,0.0336,0.0001,0.0
2025-06-02,Bhopal,normal,0.0,0.0,0.0,0.0,0.0,0.55,0.0336,0.0001,0.0
2025-06-02,Raipur,normal,0.2,0.2,0.7,0.7,0.7,1.13,0.0409,0.0001,0.0
2025-06-02,Jabalpur,normal,2.5,0.0,0.0,0.0,0.0,0.55,0.0336,0.0001,0.0
2025-06-02,Akola,normal,0.0,0.0,0.0,0.0,0.0,0.55,0.0336,0.0001,0.0
2025-06-02,Amravati,normal,0.1,0.0,0.0,0.0,0.0,0.55,0.0336,0.0001,0.0
2025-06-02,Aurangabad,normal,0.3,0.0,0.0,0.0,0.0,0.55,0.0336,0.0001,0.0
2025-06-02,Bhubaneswar,normal,0.0,0.0,0.0,0.0,0.0,1.28,0.0336,0.0001,0.0
2025-06-02,Mumbai,coastal,8.8,2.3,4.2,5.6,5.6,6.19,0.1368,0.0011,0.0002
2025-06-02,Thiruvananthapuram,coastal,1.7,0.8,1.8,2.5,2.5,2.91,0.0742,0.0004,0.0001
2025-06-02,Kochi,coastal,4.6,7.6,10.6,12.9,12.9,12.26,0.318,0.0054,0.0006
2025-06-02,Mangaluru,depression,12.6,32.0,38.91,15.65,80.21,20.48,0.7177,0.0785,0.0048
2025-06-02,Panaji,coastal,19.0,27.4,33.76,48.3,48.3,20.44,0.6417,0.0385,0.0027
2025-06-02,Chennai,coastal,0.3,0.0,0.0,0.0,0.0,0.82,0.0397,0.0002,0.0
2025-06-02,Visakhapatnam,coastal,0.0,0.0,0.0,0.0,0.0,0.82,0.0397,0.0002,0.0
2025-06-02,Puri,coastal,0.0,0.0,0.0,0.0,0.0,0.82,0.0397,0.0002,0.0
2025-06-02,Kolkata,coastal,0.6,0.0,0.0,0.0,0.0,1.98,0.0397,0.0002,0.0
2025-06-02,Surat,coastal,8.1,1.5,2.9,4.1,4.1,3.04,0.1039,0.0007,0.0001
2025-06-02,Mahabaleshwar,orographic,5.2,2.4,4.3,2.8,2.8,4.95,0.1166,0.0032,0.0013
2025-06-02,Munnar,orographic,3.8,0.0,0.0,0.0,0.0,0.71,0.0322,0.0004,0.0002
2025-06-02,Madikeri,orographic,6.5,2.4,4.2,2.8,2.8,5.82,0.1166,0.0032,0.0013
2025-06-02,Ooty,orographic,0.9,0.0,0.0,0.0,0.0,0.71,0.0322,0.0004,0.0002
2025-06-02,Lonavala,orographic,3.5,2.9,5.0,3.3,3.3,6.65,0.1335,0.004,0.0015
2025-06-02,Wayanad,orographic,7.0,0.0,0.0,0.0,0.0,0.71,0.0322,0.0004,0.0002
2025-06-02,Shimla,orographic,6.6,1.6,3.0,1.8,1.8,1.67,0.0889,0.0021,0.0009
2025-06-02,Dehradun,orographic,0.0,2.7,4.7,3.1,3.1,1.98,0.1268,0.0037,0.0014
2025-06-02,Srinagar,orographic,1.7,1.8,3.26,2.0,2.0,2.97,0.0959,0.0023,0.001
2025-06-02,Gangtok,orographic,14.0,8.6,12.1,10.1,10.1,7.68,0.2982,0.0178,0.005
2025-06-02,Guwahati,orographic,0.4,14.5,19.1,18.4,18.4,11.68,0.4216,0.0388,0.0093
2025-06-02,Cherrapunji,orographic,9.9,21.3,26.81,28.8,28.8,20.52,0.5233,0.0689,0.015
2025-06-02,Imphal,orographic,9.7,16.1,20.8,21.12,21.12,11.68,0.4488,0.0454,0.0106
2025-06-02,Agartala,orographic,3.6,4.1,6.3,4.5,4.5,3.46,0.1724,0.0063,0.0021
2025-06-02,Lucknow,normal,0.1,0.1,0.5,0.5,0.5,0.57,0.0373,0.0001,0.0
2025-06-02,Patna,normal,0.0,0.3,0.9,1.0,1.0,1.12,0.0446,0.0001,0.0
2025-06-02,Varanasi,normal,0.0,0.1,0.5,0.5,0.5,0.57,0.0373,0.0001,0.0
2025-06-02,Delhi,normal,0.3,1.5,2.9,3.2,3.2,2.17,0.0889,0.0004,0.0001
2025-06-02,Kanpur,normal,0.0,0.0,0.0,0.0,0.0,0.22,0.0336,0.0001,0.0
2025-06-02,Ranchi,normal,0.1,0.0,0.0,0.0,0.0,0.22,0.0336,0.0001,0.0
2025-06-02,Jodhpur,normal,0.0,0.3,0.9,1.0,1.0,0.49,0.0446,0.0001,0.0
2025-06-02,Bikaner,normal,0.0,0.8,1.8,2.0,2.0,0.88,0.0631,0.0002,0.0001
2025-06-02,Jaisalmer,normal,0.0,0.0,0.0,0.0,0.0,0.0,0.0336,0.0001,0.0
2025-06-02,Hyderabad,normal,1.1,0.0,0.0,0.0,0.0,0.66,0.0336,0.0001,0.0
2025-06-02,Bengaluru,normal,1.5,0.0,0.0,0.0,0.0,0.66,0.0336,0.0001,0.0
2025-06-02,Pune,normal,0.0,0.0,0.0,0.0,0.0,0.66,0.0336,0.0001,0.0
2025-06-02,Kurnool,normal,0.7,0.0,0.0,0.0,0.0,0.66,0.0336,0.0001,0.0
2025-06-02,Madurai,normal,0.0,0.0,0.0,0.0,0.0,0.66,0.0336,0.0001,0.0
2025-06-03,Nagpur,normal,0.0,0.0,0.0,0.0,0.0,0.55,0.0336,0.0001,0.0
2025-06-03,Bhopal,normal,8.6,0.7,1.6,1.7,1.7,1.63,0.0594,0.0002,0.0001
2025-06-03,Raipur,normal,0.0,0.0,0.0,0.0,0.0,0.81,0.0336,0.0001,0.0
2025-06-03,Jabalpur,normal,1.7,0.3,0.9,1.0,1.0,1.4,0.0446,0.0001,0.0
2025-06-03,Akola,normal,0.0,0.0,0.0,0.0,0.0,0.55,0.0336,0.0001,0.0
2025-06-03,Amravati,normal,0.0,0.0,0.0,0.0,0.0,0.55,0.0336,0.0001,0.0
2025-06-03,Aurangabad,normal,0.0,0.0,0.0,0.0,0.0,0.55,0.0336,0.0001,0.0
2025-06-03,Bhubaneswar,normal,2.8,0.0,0.0,0.0,0.0,0.55,0.0336,0.0001,0.0
2025-06-03,Mumbai,coastal,12.8,0.9,2.0,2.7,2.7,4.24,0.0785,0.0004,0.0001
2025-06-03,Thiruvananthapuram,coastal,6.8,4.5,6.9,8.94,8.94,7.39,0.2199,0.0026,0.0003
2025-06-03,Kochi,coastal,9.6,14.0,18.6,20.6,20.6,15.67,0.466,0.0136,0.0012
2025-06-03,Mangaluru,depression,25.1,33.1,40.82,17.37,100.11,21.7,0.7251,0.0825,0.005
2025-06-03,Panaji,depression,11.7,42.2,53.46,38.66,100.11,26.82,0.7749,0.1177,0.0069
2025-06-03,Chennai,coastal,1.4,0.0,0.0,0.0,0.0,0.82,0.0397,0.0002,0.0
2025-06-03,Visakhapatnam,coastal,0.1,0.0,0.0,0.0,0.0,0.82,0.0397,0.0002,0.0
2025-06-03,Puri,coastal,0.3,0.0,0.0,0.0,0.0,0.82,0.0397,0.0002,0.0
2025-06-03,Kolkata,coastal,0.2,0.5,1.2,1.92,1.92,2.32,0.0612,0.0003,0.0001
2025-06-03,Surat,coastal,3.0,0.4,1.1,1.7,1.7,3.39,0.0569,0.0003,0.0001
2025-06-03,Mahabaleshwar,orographic,6.5,1.5,2.9,1.7,1.7,5.19,0.0854,0.0019,0.0008
2025-06-03,Munnar,orographic,9.0,0.1,0.5,0.1,0.1,1.19,0.0357,0.0005,0.0003
2025-06-03,Madikeri,orographic,11.5,2.0,3.6,2.3,2.3,5.27,0.1028,0.0026,0.0011
2025-06-03,Ooty,orographic,1.1,0.4,1.1,0.4,0.4,2.16,0.0463,0.0007,0.0004
2025-06-03,Lonavala,orographic,3.1,0.2,0.7,0.2,0.2,3.42,0.0392,0.0006,0.0003
2025-06-03,Wayanad,orographic,7.9,0.0,0.0,0.0,0.0,0.71,0.0322,0.0004,0.0002
2025-06-03,Shimla,orographic,19.1,0.9,2.0,1.1,1.1,1.45,0.0641,0.0012,0.0006
2025-06-03,Dehradun,orographic,0.0,5.4,8.2,6.2,6.2,4.47,0.212,0.0092,0.0029
2025-06-03,Srinagar,orographic,14.4,2.2,3.9,2.4,2.4,1.76,0.1097,0.0029,0.0012
2025-06-03,Gangtok,orographic,44.4,7.8,10.9,8.9,8.9,7.07,0.2781,0.0155,0.0044
2025-06-03,Guwahati,orographic,0.6,2.4,4.2,2.8,2.8,4.26,0.1166,0.0032,0.0013
2025-06-03,Cherrapunji,orographic,5.7,23.5,28.91,34.4,34.4,12.32,0.5497,0.0796,0.0169
2025-06-03,Imphal,orographic,0.6,7.8,11.0,9.0,9.0,7.61,0.2781,0.0155,0.0044
2025-06-03,Agartala,orographic,7.0,0.5,1.2,0.6,0.6,2.9,0.0499,0.0008,0.0004
2025-06-03,Lucknow,normal,0.4,0.0,0.0,0.0,0.0,0.22,0.0336,0.0001,0.0
2025-06-03,Patna,normal,0.0,0.0,0.0,0.0,0.0,0.79,0.0336,0.0001,0.0
2025-06-03,Varanasi,normal,7.0,1.3,2.6,2.9,2.9,1.85,0.0816,0.0004,0.0001
2025-06-03,Delhi,normal,0.0,0.7,1.6,1.7,1.7,3.07,0.0594,0.0002,0.0001
2025-06-03,Kanpur,normal,1.4,0.0,0.0,0.0,0.0,0.22,0.0336,0.0001,0.0
2025-06-03,Ranchi,normal,13.1,0.1,0.5,0.5,0.5,0.57,0.0373,0.0001,0.0
2025-06-03,Jodhpur,normal,0.0,1.0,2.1,2.4,2.4,1.27,0.0705,0.0003,0.0001
2025-06-03,Bikaner,normal,2.8,0.0,0.0,0.0,0.0,0.61,0.0336,0.0001,0.0
2025-06-03,Jaisalmer,normal,0.0,0.0,0.0,0.0,0.0,0.0,0.0336,0.0001,0.0
2025-06-03,Hyderabad,normal,0.2,0.2,0.7,0.7,0.7,1.28,0.0409,0.0001,0.0
2025-06-03,Bengaluru,normal,1.8,0.0,0.0,0.0,0.0,0.66,0.0336,0.0001,0.0
2025-06-03,Pune,normal,0.7,0.0,0.0,0.0,0.0,0.66,0.0336,0.0001,0.0
2025-06-03,Kurnool,normal,0.3,0.1,0.5,0.5,0.5,1.05,0.0373,0.0001,0.0
2025-06-03,Madurai,normal,0.2,0.0,0.0,0.0,0.0,0.66,0.0336,0.0001,0.0
2025-06-04,Nagpur,normal,0.1,0.5,1.2,1.3,1.3,1.56,0.052,0.0002,0.0
2025-06-04,Bhopal,normal,0.1,0.2,0.7,0.7,0.7,2.33,0.0409,0.0001,0.0
2025-06-04,Raipur,normal,0.0,0.7,1.62,1.8,1.8,1.63,0.0594,0.0002,0.0001
2025-06-04,Jabalpur,normal,2.8,0.5,1.2,1.3,1.3,2.48,0.052,0.0002,0.0
2025-06-04,Akola,normal,0.0,0.0,0.0,0.0,0.0,0.55,0.0336,0.0001,0.0
2025-06-04,Amravati,normal,0.1,0.0,0.0,0.0,0.0,0.55,0.0336,0.0001,0.0
2025-06-04,Aurangabad,normal,0.2,0.2,0.7,0.7,0.7,1.13,0.0409,0.0001,0.0
2025-06-04,Bhubaneswar,normal,0.2,1.8,3.3,3.7,3.7,2.19,0.0998,0.0005,0.0001
2025-06-04,Mumbai,coastal,4.5,0.0,0.0,0.0,0.0,1.99,0.0397,0.0002,0.0
2025-06-04,Thiruvananthapuram,coastal,8.8,1.8,3.3,4.7,4.7,5.6,0.1164,0.0008,0.0001
2025-06-04,Kochi,coastal,17.1,3.7,5.9,8.0,8.0,8.94,0.191,0.002,0.0003
2025-06-04,Mangaluru,coastal,3.1,11.7,15.5,17.4,17.4,13.92,0.4198,0.0104,0.0009
2025-06-04,Panaji,coastal,10.7,3.0,5.1,6.6,6.6,8.05,0.1645,0.0015,0.0002
2025-06-04,Chennai,coastal,2.3,0.0,0.0,0.0,0.0,0.82,0.0397,0.0002,0.0
2025-06-04,Visakhapatnam,coastal,0.2,0.8,1.7,2.4,2.4,2.57,0.0742,0.0004,0.0001
2025-06-04,Puri,coastal,0.0,1.4,2.8,3.9,3.9,2.66,0.0997,0.0007,0.0001
2025-06-04,Kolkata,coastal,3.9,7.3,10.3,12.4,12.4,9.09,0.3094,0.0051,0.0005
2025-06-04,Surat,coastal,0.3,0.1,0.5,1.1,1.1,1.88,0.044,0.0002,0.0
2025-06-04,Mahabaleshwar,orographic,10.5,3.9,6.0,4.2,4.2,5.97,0.1661,0.0059,0.002
2025-06-04,Munnar,orographic,10.9,0.8,1.7,0.9,0.9,2.4,0.0606,0.0011,0.0005
2025-06-04,Madikeri,orographic,2.1,2.0,3.6,2.3,2.3,4.35,0.1028,0.0026,0.0011
2025-06-04,Ooty,orographic,1.8,5.1,7.9,5.8,5.8,6.43,0.2031,0.0085,0.0027
2025-06-04,Lonavala,orographic,6.8,1.6,3.0,1.8,1.8,3.22,0.0889,0.0021,0.0009
2025-06-04,Wayanad,orographic,1.2,1.8,3.3,2.0,2.0,3.15,0.0959,0.0023,0.001
2025-06-04,Shimla,orographic,9.5,6.8,9.9,7.9,7.9,4.91,0.2516,0.0127,0.0038
2025-06-04,Dehradun,orographic,1.2,1.3,2.6,1.6,1.6,2.55,0.0783,0.0017,0.0007
2025-06-04,Srinagar,orographic,4.5,0.0,0.0,0.0,0.0,0.65,0.0322,0.0004,0.0002
2025-06-04,Gangtok,orographic,28.8,5.9,8.7,6.7,6.7,6.54,0.2265,0.0104,0.0032
2025-06-04,Guwahati,orographic,13.8,3.0,5.1,3.4,3.4,3.44,0.1368,0.0042,0.0016
2025-06-04,Cherrapunji,orographic,9.7,41.3,51.8,63.42,63.42,20.38,0.6931,0.1769,0.0343
2025-06-04,Imphal,orographic,10.4,0.7,1.6,0.8,0.8,3.61,0.057,0.001,0.0005
2025-06-04,Agartala,orographic,5.6,8.9,12.5,10.3,10.3,5.21,0.3055,0.0188,0.0052
2025-06-04,Lucknow,normal,0.0,0.3,0.9,1.0,1.0,1.12,0.0446,0.0001,0.0
2025-06-04,Patna,normal,1.2,0.4,1.1,1.1,1.1,1.45,0.0483,0.0002,0.0
2025-06-04,Varanasi,normal,4.3,0.8,1.8,2.0,2.0,3.12,0.0631,0.0002,0.0001
2025-06-04,Delhi,normal,0.3,3.1,5.2,5.9,5.9,4.76,0.1455,0.001,0.0002
2025-06-04,Kanpur,normal,0.0,3.6,5.8,6.5,6.5,3.74,0.1624,0.0012,0.0002
2025-06-04,Ranchi,normal,1.4,1.1,2.3,2.5,2.5,1.85,0.0742,0.0003,0.0001
2025-06-04,Jodhpur,normal,0.0,5.3,8.0,8.9,8.9,4.07,0.2165,0.002,0.0003
2025-06-04,Bikaner,normal,0.0,0.2,0.7,0.7,0.7,0.4,0.0409,0.0001,0.0
2025-06-04,Jaisalmer,normal,0.0,0.0,0.0,0.0,0.0,0.0,0.0336,0.0001,0.0
2025-06-04,Hyderabad,normal,0.1,0.0,0.0,0.0,0.0,0.85,0.0336,0.0001,0.0
2025-06-04,Bengaluru,normal,0.5,0.0,0.0,0.0,0.0,0.66,0.0336,0.0001,0.0
2025-06-04,Pune,normal,2.1,0.0,0.0,0.0,0.0,0.66,0.0336,0.0001,0.0
2025-06-04,Kurnool,normal,0.0,0.3,0.9,1.0,1.0,1.57,0.0446,0.0001,0.0
2025-06-04,Madurai,normal,0.8,0.0,0.0,0.0,0.0,0.66,0.0336,0.0001,0.0
2025-06-05,Nagpur,normal,0.1,2.4,4.2,4.9,4.9,3.73,0.1212,0.0007,0.0001
2025-06-05,Bhopal,normal,0.0,0.0,0.0,0.0,0.0,0.83,0.0336,0.0001,0.0
2025-06-05,Raipur,normal,0.6,0.0,0.0,0.0,0.0,1.83,0.0336,0.0001,0.0
2025-06-05,Jabalpur,normal,0.0,0.0,0.0,0.0,0.0,1.3,0.0336,0.0001,0.0
2025-06-05,Akola,normal,0.0,2.4,4.2,4.9,4.9,2.68,0.1212,0.0007,0.0001
2025-06-05,Amravati,normal,0.0,2.2,3.9,4.5,4.5,2.23,0.1141,0.0006,0.0001
2025-06-05,Aurangabad,normal,1.0,1.4,2.8,3.1,3.1,2.22,0.0852,0.0004,0.0001
2025-06-05,Bhubaneswar,normal,4.3,2.2,3.9,4.5,4.5,3.25,0.1141,0.0006,0.0001
2025-06-05,Mumbai,coastal,1.6,0.2,0.7,1.4,1.4,1.63,0.0483,0.0002,0.0
2025-06-05,Thiruvananthapuram,coastal,0.3,0.0,0.0,0.0,0.0,2.06,0.0397,0.0002,0.0
2025-06-05,Kochi,coastal,1.1,0.0,0.0,0.0,0.0,2.51,0.0397,0.0002,0.0
2025-06-05,Mangaluru,coastal,0.4,0.0,0.0,0.0,0.0,2.79,0.0397,0.0002,0.0
2025-06-05,Panaji,coastal,3.0,0.1,0.5,1.1,1.1,2.79,0.044,0.0002,0.0
2025-06-05,Chennai,coastal,0.3,1.0,2.1,2.86,2.86,2.67,0.0827,0.0005,0.0001
2025-06-05,Visakhapatnam,coastal,1.2,0.1,0.5,1.1,1.1,2.47,0.044,0.0002,0.0
2025-06-05,Puri,coastal,6.2,0.6,1.4,2.1,2.1,3.78,0.0655,0.0003,0.0001
2025-06-05,Kolkata,coastal,5.3,5.0,7.64,9.74,9.74,10.17,0.2372,0.003,0.0003
2025-06-05,Surat,coastal,0.0,0.2,0.7,1.4,1.4,1.63,0.0483,0.0002,0.0
2025-06-05,Mahabaleshwar,orographic,1.4,0.1,0.5,0.1,0.1,3.17,0.0357,0.0005,0.0003
2025-06-05,Munnar,orographic,0.0,0.6,1.5,0.7,0.7,3.84,0.0534,0.0009,0.0005
2025-06-05,Madikeri,orographic,0.3,0.0,0.0,0.0,0.0,2.16,0.0322,0.0004,0.0002
2025-06-05,Ooty,orographic,2.6,0.0,0.0,0.0,0.0,2.99,0.0322,0.0004,0.0002
2025-06-05,Lonavala,orographic,6.2,5.8,8.6,6.6,6.6,8.87,0.2237,0.0101,0.0031
2025-06-05,Wayanad,orographic,0.6,0.0,0.0,0.0,0.0,2.16,0.0322,0.0004,0.0002
2025-06-05,Shimla,orographic,1.7,0.4,1.1,0.4,0.4,2.33,0.0463,0.0007,0.0004
2025-06-05,Dehradun,orographic,0.0,0.1,0.5,0.1,0.1,0.89,0.0357,0.0005,0.0003
2025-06-05,Srinagar,orographic,0.0,1.7,3.2,1.9,1.9,1.24,0.0924,0.0022,0.0009
2025-06-05,Gangtok,orographic,6.6,3.8,5.95,4.11,4.11,5.49,0.1629,0.0057,0.002
2025-06-05,Guwahati,orographic,32.7,2.9,4.9,3.2,3.2,4.01,0.1335,0.004,0.0015
2025-06-05,Cherrapunji,orographic,5.0,21.8,27.2,29.8,29.8,18.84,0.5296,0.0713,0.0154
2025-06-05,Imphal,orographic,4.9,8.0,11.3,9.2,9.2,5.42,0.2832,0.016,0.0045
2025-06-05,Agartala,orographic,36.6,11.6,15.4,13.58,13.58,8.88,0.3659,0.0278,0.0071
2025-06-05,Lucknow,normal,0.0,0.2,0.7,0.7,0.7,1.68,0.0409,0.0001,0.0
2025-06-05,Patna,normal,0.0,1.5,2.9,3.2,3.2,3.41,0.0889,0.0004,0.0001
2025-06-05,Varanasi,normal,0.9,0.0,0.0,0.0,0.0,1.35,0.0336,0.0001,0.0
2025-06-05,Delhi,normal,0.0,0.9,1.9,2.1,2.1,4.26,0.0668,0.0003,0.0001
2025-06-05,Kanpur,normal,0.9,0.4,1.1,1.1,1.1,3.59,0.0483,0.0002,0.0
2025-06-05,Ranchi,normal,0.0,0.1,0.5,0.5,0.5,1.69,0.0373,0.0001,0.0
2025-06-05,Jodhpur,normal,0.0,0.0,0.0,0.0,0.0,1.18,0.0336,0.0001,0.0
2025-06-05,Bikaner,normal,0.0,0.0,0.0,0.0,0.0,0.2,0.0336,0.0001,0.0
2025-06-05,Jaisalmer,normal,0.0,0.0,0.0,0.0,0.0,0.0,0.0336,0.0001,0.0
2025-06-05,Hyderabad,normal,0.7,1.2,2.4,2.7,2.7,2.2,0.0779,0.0003,0.0001
2025-06-05,Bengaluru,normal,0.0,0.0,0.0,0.0,0.0,0.71,0.0336,0.0001,0.0
2025-06-05,Pune,normal,1.1,2.1,3.7,4.3,4.3,2.76,0.1106,0.0006,0.0001
2025-06-05,Kurnool,normal,0.0,0.0,0.0,0.0,0.0,1.4,0.0336,0.0001,0.0
2025-06-05,Madurai,normal,0.1,0.0,0.0,0.0,0.0,0.71,0.0336,0.0001,0.0
2025-06-06,Nagpur,normal,0.0,0.0,0.0,0.0,0.0,1.86,0.0336,0.0001,0.0
2025-06-06,Bhopal,normal,0.0,0.0,0.0,0.0,0.0,0.55,0.0336,0.0001,0.0
2025-06-06,Raipur,normal,0.0,0.0,0.0,0.0,0.0,0.55,0.0336,0.0001,0.0
2025-06-06,Jabalpur,normal,0.0,0.0,0.0,0.0,0.0,0.55,0.0336,0.0001,0.0
2025-06-06,Akola,normal,0.0,0.0,0.0,0.0,0.0,1.86,0.0336,0.0001,0.0
2025-06-06,Amravati,normal,0.0,0.0,0.0,0.0,0.0,1.78,0.0336,0.0001,0.0
2025-06-06,Aurangabad,normal,0.3,0.2,0.7,0.7,0.7,2.31,0.0409,0.0001,0.0
2025-06-06,Bhubaneswar,normal,3.5,0.1,0.5,0.5,0.5,2.08,0.0373,0.0001,0.0
2025-06-06,Mumbai,coastal,4.7,0.1,0.5,1.1,1.1,1.51,0.044,0.0002,0.0
2025-06-06,Thiruvananthapuram,coastal,0.6,0.3,0.9,1.6,1.6,1.89,0.0526,0.0002,0.0
2025-06-06,Kochi,coastal,0.9,1.6,3.0,4.46,4.46,3.04,0.1081,0.0007,0.0001
2025-06-06,Mangaluru,coastal,0.8,0.0,0.0,0.0,0.0,0.82,0.0397,0.0002,0.0
2025-06-06,Panaji,coastal,0.0,0.0,0.0,0.0,0.0,0.82,0.0397,0.0002,0.0
2025-06-06,Chennai,coastal,1.6,0.0,0.0,0.0,0.0,1.99,0.0397,0.0002,0.0
2025-06-06,Visakhapatnam,coastal,0.1,2.1,3.7,5.2,5.2,3.27,0.1287,0.001,0.0001
2025-06-06,Puri,coastal,5.0,0.0,0.0,0.0,0.0,1.47,0.0397,0.0002,0.0
2025-06-06,Kolkata,coastal,9.7,0.2,0.7,1.4,1.4,3.32,0.0483,0.0002,0.0
2025-06-06,Surat,coastal,0.0,0.0,0.0,0.0,0.0,0.98,0.0397,0.0002,0.0
2025-06-06,Mahabaleshwar,orographic,4.0,24.1,29.5,35.01,35.01,13.08,0.5564,0.0826,0.0175
2025-06-06,Munnar,orographic,1.6,4.6,7.0,5.1,5.1,6.68,0.188,0.0073,0.0024
2025-06-06,Madikeri,orographic,0.1,0.0,0.0,0.0,0.0,0.71,0.0322,0.0004,0.0002
2025-06-06,Ooty,orographic,5.5,2.8,4.8,3.1,3.1,3.99,0.1301,0.0039,0.0015
2025-06-06,Lonavala,orographic,12.9,4.5,6.9,4.96,4.96,10.01,0.1849,0.0071,0.0024
2025-06-06,Wayanad,orographic,0.2,0.2,0.7,0.2,0.2,1.43,0.0392,0.0006,0.0003
2025-06-06,Shimla,orographic,0.0,0.0,0.0,0.0,0.0,0.28,0.0322,0.0004,0.0002
2025-06-06,Dehradun,orographic,0.0,0.0,0.0,0.0,0.0,0.0,0.0322,0.0004,0.0002
2025-06-06,Srinagar,orographic,0.0,0.0,0.0,0.0,0.0,0.65,0.0322,0.0004,0.0002
2025-06-06,Gangtok,orographic,6.2,8.4,11.9,9.8,9.8,6.16,0.2932,0.0172,0.0048
2025-06-06,Guwahati,orographic,4.8,1.5,2.9,1.7,1.7,2.8,0.0854,0.0019,0.0008
2025-06-06,Cherrapunji,orographic,3.4,8.6,12.1,10.1,10.1,7.79,0.2982,0.0178,0.005
2025-06-06,Imphal,orographic,5.9,0.9,1.9,1.1,1.1,3.63,0.0641,0.0012,0.0006
2025-06-06,Agartala,orographic,7.0,8.3,11.8,9.6,9.6,7.72,0.2908,0.0169,0.0047
2025-06-06,Lucknow,normal,0.0,0.0,0.0,0.0,0.0,0.41,0.0336,0.0001,0.0
2025-06-06,Patna,normal,1.1,0.0,0.0,0.0,0.0,1.22,0.0336,0.0001,0.0
2025-06-06,Varanasi,normal,0.0,0.0,0.0,0.0,0.0,0.22,0.0336,0.0001,0.0
2025-06-06,Delhi,normal,0.0,0.0,0.0,0.0,0.0,1.23,0.0336,0.0001,0.0
2025-06-06,Kanpur,normal,0.0,0.0,0.0,0.0,0.0,0.79,0.0336,0.0001,0.0
2025-06-06,Ranchi,normal,0.3,0.0,0.0,0.0,0.0,0.22,0.0336,0.0001,0.0
2025-06-06,Jodhpur,normal,0.0,0.0,0.0,0.0,0.0,0.0,0.0336,0.0001,0.0
2025-06-06,Bikaner,normal,0.0,0.0,0.0,0.0,0.0,0.0,0.0336,0.0001,0.0
2025-06-06,Jaisalmer,normal,0.0,0.0,0.0,0.0,0.0,0.0,0.0336,0.0001,0.0
2025-06-06,Hyderabad,normal,0.2,1.0,2.1,2.4,2.4,3.23,0.0705,0.0003,0.0001
2025-06-06,Bengaluru,normal,0.2,0.0,0.0,0.0,0.0,0.66,0.0336,0.0001,0.0
2025-06-06,Pune,normal,1.9,6.8,9.8,10.78,10.78,6.34,0.2601,0.0028,0.0004
2025-06-06,Kurnool,normal,0.3,0.0,0.0,0.0,0.0,0.66,0.0336,0.0001,0.0
2025-06-06,Madurai,normal,0.5,0.2,0.7,0.7,0.7,1.28,0.0409,0.0001,0.0
2025-06-07,Nagpur,normal,0.0,0.2,0.7,0.7,0.7,1.13,0.0409,0.0001,0.0
2025-06-07,Bhopal,normal,0.0,0.0,0.0,0.0,0.0,0.55,0.0336,0.0001,0.0
2025-06-07,Raipur,normal,0.0,0.0,0.0,0.0,0.0,0.55,0.0336,0.0001,0.0
2025-06-07,Jabalpur,normal,0.0,0.0,0.0,0.0,0.0,0.55,0.0336,0.0001,0.0
2025-06-07,Akola,normal,0.4,0.0,0.0,0.0,0.0,0.55,0.0336,0.0001,0.0
2025-06-07,Amravati,normal,0.0,1.0,2.1,2.4,2.1,1.66,0.0705,0.0003,0.0001
2025-06-07,Aurangabad,normal,0.2,1.6,3.0,3.4,3.0,2.42,0.0925,0.0005,0.0001
2025-06-07,Bhubaneswar,normal,0.0,0.0,0.0,0.0,0.0,0.55,0.0336,0.0001,0.0
2025-06-07,Mumbai,coastal,8.1,0.6,1.4,2.1,2.1,2.53,0.0655,0.0003,0.0001
2025-06-07,Thiruvananthapuram,coastal,0.5,0.0,0.0,0.0,0.0,1.47,0.0397,0.0002,0.0
2025-06-07,Kochi,coastal,2.8,3.5,5.6,7.4,7.4,6.09,0.1836,0.0019,0.0002
2025-06-07,Mangaluru,coastal,1.2,1.8,3.3,4.7,4.7,3.27,0.1164,0.0008,0.0001
2025-06-07,Panaji,coastal,1.2,3.7,5.9,8.0,8.0,5.08,0.191,0.002,0.0003
2025-06-07,Chennai,coastal,1.0,0.0,0.0,0.0,0.0,0.82,0.0397,0.0002,0.0
2025-06-07,Visakhapatnam,coastal,0.3,1.5,2.9,4.1,4.1,4.26,0.1039,0.0007,0.0001
2025-06-07,Puri,coastal,0.0,0.0,0.0,0.0,0.0,0.82,0.0397,0.0002,0.0
2025-06-07,Kolkata,coastal,0.0,0.4,1.1,1.7,1.7,2.64,0.0569,0.0003,0.0001
2025-06-07,Surat,coastal,0.0,0.2,0.7,1.4,1.4,1.56,0.0483,0.0002,0.0
2025-06-07,Mahabaleshwar,orographic,22.0,6.6,9.6,7.5,7.5,13.62,0.2462,0.0122,0.0036
2025-06-07,Munnar,orographic,0.6,1.1,2.3,1.4,1.4,5.16,0.0712,0.0014,0.0007
2025-06-07,Madikeri,orographic,2.9,1.0,2.1,1.23,1.23,2.4,0.0677,0.0013,0.0006
2025-06-07,Ooty,orographic,2.1,3.5,5.6,3.8,3.8,6.51,0.1532,0.0051,0.0018
2025-06-07,Lonavala,orographic,21.9,9.6,13.3,11.2,11.2,10.42,0.322,0.021,0.0056
2025-06-07,Wayanad,orographic,0.2,0.2,0.7,0.2,0.2,1.67,0.0392,0.0006,0.0003
2025-06-07,Shimla,orographic,0.3,0.0,0.0,0.0,0.0,0.0,0.0322,0.0004,0.0002
2025-06-07,Dehradun,orographic,0.0,0.0,0.0,0.0,0.0,0.0,0.0322,0.0004,0.0002
2025-06-07,Srinagar,orographic,0.0,1.9,3.4,2.1,2.1,1.34,0.0994,0.0025,0.001
2025-06-07,Gangtok,orographic,1.4,3.1,5.2,3.4,3.4,4.56,0.1401,0.0044,0.0016
2025-06-07,Guwahati,orographic,0.8,0.0,0.0,0.0,0.0,1.33,0.0322,0.0004,0.0002
2025-06-07,Cherrapunji,orographic,3.0,10.9,14.7,12.7,12.7,7.83,0.3511,0.0253,0.0066
2025-06-07,Imphal,orographic,0.6,0.5,1.2,0.6,0.6,2.05,0.0499,0.0008,0.0004
2025-06-07,Agartala,orographic,0.2,9.6,13.3,11.2,11.2,7.83,0.322,0.021,0.0056
2025-06-07,Lucknow,normal,0.0,0.0,0.0,0.0,0.0,0.22,0.0336,0.0001,0.0
2025-06-07,Patna,normal,0.0,0.0,0.0,0.0,0.0,0.22,0.0336,0.0001,0.0
2025-06-07,Varanasi,normal,0.0,0.0,0.0,0.0,0.0,0.22,0.0336,0.0001,0.0
2025-06-07,Delhi,normal,0.0,0.0,0.0,0.0,0.0,0.22,0.0336,0.0001,0.0
2025-06-07,Kanpur,normal,0.0,0.0,0.0,0.0,0.0,0.22,0.0336,0.0001,0.0
2025-06-07,Ranchi,normal,0.1,0.0,0.0,0.0,0.0,0.22,0.0336,0.0001,0.0
2025-06-07,Jodhpur,normal,0.0,0.0,0.0,0.0,0.0,0.0,0.0336,0.0001,0.0
2025-06-07,Bikaner,normal,0.0,0.0,0.0,0.0,0.0,0.0,0.0336,0.0001,0.0
2025-06-07,Jaisalmer,normal,0.0,0.0,0.0,0.0,0.0,0.0,0.0336,0.0001,0.0
2025-06-07,Hyderabad,normal,0.0,0.1,0.5,0.5,0.5,2.15,0.0373,0.0001,0.0
2025-06-07,Bengaluru,normal,0.3,0.0,0.0,0.0,0.0,0.66,0.0336,0.0001,0.0
2025-06-07,Pune,normal,9.3,9.1,12.8,14.12,12.8,9.54,0.3198,0.0044,0.0006
2025-06-07,Kurnool,normal,0.3,0.5,1.2,1.3,1.2,1.84,0.052,0.0002,0.0
2025-06-07,Madurai,normal,0.1,0.0,0.0,0.0,0.0,0.85,0.0336,0.0001,0.0
2025-06-08,Nagpur,normal,0.1,0.0,0.0,0.0,0.0,0.81,0.0336,0.0001,0.0
2025-06-08,Bhopal,normal,0.0,0.0,0.0,0.0,0.0,0.55,0.0336,0.0001,0.0
2025-06-08,Raipur,normal,0.0,0.0,0.0,0.0,0.0,0.55,0.0336,0.0001,0.0
2025-06-08,Jabalpur,normal,0.0,0.0,0.0,0.0,0.0,0.55,0.0336,0.0001,0.0
2025-06-08,Akola,normal,0.0,0.0,0.0,0.0,0.0,0.55,0.0336,0.0001,0.0
2025-06-08,Amravati,normal,0.0,0.0,0.0,0.0,0.0,1.8,0.0336,0.0001,0.0
2025-06-08,Aurangabad,normal,0.0,1.2,2.4,2.7,2.4,2.94,0.0779,0.0003,0.0001
2025-06-08,Bhubaneswar,normal,0.0,0.0,0.0,0.0,0.0,0.55,0.0336,0.0001,0.0
2025-06-08,Mumbai,coastal,4.4,0.0,0.0,0.0,0.0,1.47,0.0397,0.0002,0.0
2025-06-08,Thiruvananthapuram,coastal,0.7,0.0,0.0,0.0,0.0,0.82,0.0397,0.0002,0.0
2025-06-08,Kochi,coastal,5.2,4.6,7.1,9.29,9.29,8.52,0.2234,0.0027,0.0003
2025-06-08,Mangaluru,coastal,2.8,3.6,5.8,7.6,7.6,6.29,0.1873,0.0019,0.0002
2025-06-08,Panaji,coastal,4.5,1.3,2.6,3.6,3.6,4.86,0.0955,0.0006,0.0001
2025-06-08,Chennai,coastal,2.3,3.5,5.6,7.4,7.4,4.91,0.1836,0.0019,0.0002
2025-06-08,Visakhapatnam,coastal,0.2,0.0,0.0,0.0,0.0,1.98,0.0397,0.0002,0.0
2025-06-08,Puri,coastal,0.0,0.0,0.0,0.0,0.0,0.82,0.0397,0.0002,0.0
2025-06-08,Kolkata,coastal,1.6,0.0,0.0,0.0,0.0,1.47,0.0397,0.0002,0.0
2025-06-08,Surat,coastal,0.0,1.1,2.3,3.0,3.0,2.98,0.087,0.0005,0.0001
2025-06-08,Mahabaleshwar,orographic,4.6,1.7,3.2,2.0,2.0,6.12,0.0924,0.0022,0.0009
2025-06-08,Munnar,orographic,1.8,3.2,5.3,3.5,3.5,5.76,0.1434,0.0046,0.0017
2025-06-08,Madikeri,orographic,1.7,1.6,3.0,1.8,1.8,4.08,0.0889,0.0021,0.0009
2025-06-08,Ooty,orographic,3.5,5.9,8.7,6.7,6.7,9.73,0.2265,0.0104,0.0032
2025-06-08,Lonavala,orographic,7.5,3.1,5.2,3.4,3.4,8.12,0.1401,0.0044,0.0016
2025-06-08,Wayanad,orographic,1.0,0.3,0.9,0.3,0.3,2.0,0.0428,0.0006,0.0004
2025-06-08,Shimla,orographic,0.0,0.0,0.0,0.0,0.0,0.0,0.0322,0.0004,0.0002
2025-06-08,Dehradun,orographic,0.1,0.0,0.0,0.0,0.0,0.0,0.0322,0.0004,0.0002
2025-06-08,Srinagar,orographic,0.0,0.0,0.0,0.0,0.0,0.65,0.0322,0.0004,0.0002
2025-06-08,Gangtok,orographic,1.3,0.1,0.5,0.1,0.1,1.04,0.0357,0.0005,0.0003
2025-06-08,Guwahati,orographic,0.4,0.0,0.0,0.0,0.0,0.36,0.0322,0.0004,0.0002
2025-06-08,Cherrapunji,orographic,2.0,6.3,9.1,7.1,7.1,6.95,0.2379,0.0114,0.0035
2025-06-08,Imphal,orographic,0.1,0.4,1.1,0.4,0.4,1.88,0.0463,0.0007,0.0004
2025-06-08,Agartala,orographic,5.7,1.6,3.0,1.8,1.8,3.76,0.0889,0.0021,0.0009
2025-06-08,Lucknow,normal,0.0,0.0,0.0,0.0,0.0,0.22,0.0336,0.0001,0.0
2025-06-08,Patna,normal,0.0,0.0,0.0,0.0,0.0,0.22,0.0336,0.0001,0.0
2025-06-08,Varanasi,normal,0.0,0.0,0.0,0.0,0.0,0.22,0.0336,0.0001,0.0
2025-06-08,Delhi,normal,0.0,0.0,0.0,0.0,0.0,0.22,0.0336,0.0001,0.0
2025-06-08,Kanpur,normal,0.0,0.0,0.0,0.0,0.0,0.22,0.0336,0.0001,0.0
2025-06-08,Ranchi,normal,0.2,0.0,0.0,0.0,0.0,0.22,0.0336,0.0001,0.0
2025-06-08,Jodhpur,normal,0.0,0.0,0.0,0.0,0.0,0.0,0.0336,0.0001,0.0
2025-06-08,Bikaner,normal,0.0,0.0,0.0,0.0,0.0,0.0,0.0336,0.0001,0.0
2025-06-08,Jaisalmer,normal,0.0,0.0,0.0,0.0,0.0,0.0,0.0336,0.0001,0.0
2025-06-08,Hyderabad,normal,0.6,0.0,0.0,0.0,0.0,0.66,0.0336,0.0001,0.0
2025-06-08,Bengaluru,normal,2.9,0.5,1.2,1.3,1.2,1.84,0.052,0.0002,0.0
2025-06-08,Pune,normal,0.4,3.4,5.6,6.2,5.6,7.44,0.1557,0.0011,0.0002
2025-06-08,Kurnool,normal,9.0,3.1,5.2,5.9,5.2,4.83,0.1455,0.001,0.0002
2025-06-08,Madurai,normal,1.6,0.0,0.0,0.0,0.0,0.66,0.0336,0.0001,0.0
2025-06-09,Nagpur,normal,0.0,0.0,0.0,0.0,0.0,0.55,0.0336,0.0001,0.0
2025-06-09,Bhopal,normal,0.0,0.0,0.0,0.0,0.0,0.55,0.0336,0.0001,0.0
2025-06-09,Raipur,normal,0.0,0.0,0.0,0.0,0.0,0.55,0.0336,0.0001,0.0
2025-06-09,Jabalpur,normal,0.0,0.0,0.0,0.0,0.0,0.55,0.0336,0.0001,0.0
2025-06-09,Akola,normal,0.0,0.0,0.0,0.0,0.0,0.55,0.0336,0.0001,0.0
2025-06-09,Amravati,normal,0.0,0.0,0.0,0.0,0.0,0.55,0.0336,0.0001,0.0
2025-06-09,Aurangabad,normal,1.0,0.8,1.8,2.0,2.0,2.88,0.0631,0.0002,0.0001
2025-06-09,Bhubaneswar,normal,10.1,0.0,0.0,0.0,0.0,0.55,0.0336,0.0001,0.0
2025-06-09,Mumbai,coastal,2.0,0.1,0.5,1.1,1.1,1.31,0.044,0.0002,0.0
2025-06-09,Thiruvananthapuram,coastal,0.0,0.0,0.0,0.0,0.0,0.82,0.0397,0.0002,0.0
2025-06-09,Kochi,coastal,2.9,9.5,13.1,15.07,15.07,10.68,0.3687,0.0076,0.0007
2025-06-09,Mangaluru,coastal,14.1,7.5,10.5,12.6,12.6,10.46,0.3152,0.0053,0.0006
2025-06-09,Panaji,coastal,0.6,4.0,6.2,8.3,8.3,6.29,0.202,0.0022,0.0003
2025-06-09,Chennai,coastal,6.2,22.5,27.8,33.3,33.3,16.48,0.5913,0.0284,0.0021
2025-06-09,Visakhapatnam,coastal,0.0,0.1,0.5,1.1,1.1,1.31,0.044,0.0002,0.0
2025-06-09,Puri,coastal,1.1,0.0,0.0,0.0,0.0,0.82,0.0397,0.0002,0.0
2025-06-09,Kolkata,coastal,0.8,0.0,0.0,0.0,0.0,0.82,0.0397,0.0002,0.0
2025-06-09,Surat,coastal,0.0,0.2,0.7,1.4,1.4,2.64,0.0483,0.0002,0.0
2025-06-09,Mahabaleshwar,orographic,5.2,2.0,3.6,2.3,2.3,4.35,0.1028,0.0026,0.0011
2025-06-09,Munnar,orographic,3.2,4.2,6.5,4.7,4.7,7.61,0.1756,0.0065,0.0022
2025-06-09,Madikeri,orographic,5.0,3.2,5.3,3.5,3.5,5.78,0.1434,0.0046,0.0017
2025-06-09,Ooty,orographic,18.2,2.7,4.7,3.1,3.1,7.51,0.1268,0.0037,0.0014
2025-06-09,Lonavala,orographic,6.4,2.3,4.2,2.7,2.7,6.61,0.1132,0.0031,0.0012
2025-06-09,Wayanad,orographic,0.5,0.2,0.7,0.2,0.2,2.08,0.0392,0.0006,0.0003
2025-06-09,Shimla,orographic,0.0,0.0,0.0,0.0,0.0,0.0,0.0322,0.0004,0.0002
2025-06-09,Dehradun,orographic,0.0,0.0,0.0,0.0,0.0,0.0,0.0322,0.0004,0.0002
2025-06-09,Srinagar,orographic,0.0,0.0,0.0,0.0,0.0,0.0,0.0322,0.0004,0.0002
2025-06-09,Gangtok,orographic,0.0,0.3,0.9,0.3,0.3,0.48,0.0428,0.0006,0.0004
2025-06-09,Guwahati,orographic,0.0,0.0,0.0,0.0,0.0,0.36,0.0322,0.0004,0.0002
2025-06-09,Cherrapunji,orographic,6.9,7.2,10.3,8.2,8.2,7.2,0.2624,0.0138,0.004
2025-06-09,Imphal,orographic,2.7,1.9,3.4,2.1,2.1,2.38,0.0994,0.0025,0.001
2025-06-09,Agartala,orographic,0.9,3.2,5.3,3.5,3.5,3.24,0.1434,0.0046,0.0017
2025-06-09,Lucknow,normal,0.1,0.0,0.0,0.0,0.0,0.22,0.0336,0.0001,0.0
2025-06-09,Patna,normal,0.0,0.0,0.0,0.0,0.0,0.22,0.0336,0.0001,0.0
2025-06-09,Varanasi,normal,0.0,0.0,0.0,0.0,0.0,0.22,0.0336,0.0001,0.0
2025-06-09,Delhi,normal,0.0,0.0,0.0,0.0,0.0,0.22,0.0336,0.0001,0.0
2025-06-09,Kanpur,normal,0.0,0.0,0.0,0.0,0.0,0.22,0.0336,0.0001,0.0
2025-06-09,Ranchi,normal,0.3,0.0,0.0,0.0,0.0,0.22,0.0336,0.0001,0.0
2025-06-09,Jodhpur,normal,0.0,0.0,0.0,0.0,0.0,0.0,0.0336,0.0001,0.0
2025-06-09,Bikaner,normal,0.0,0.0,0.0,0.0,0.0,0.0,0.0336,0.0001,0.0
2025-06-09,Jaisalmer,normal,0.0,0.0,0.0,0.0,0.0,0.0,0.0336,0.0001,0.0
2025-06-09,Hyderabad,normal,6.2,0.6,1.5,1.6,1.6,2.0,0.0557,0.0002,0.0001
2025-06-09,Bengaluru,normal,11.9,8.5,12.0,13.4,13.4,6.38,0.305,0.0039,0.0006
2025-06-09,Pune,normal,2.5,0.0,0.0,0.0,0.0,2.38,0.0336,0.0001,0.0
2025-06-09,Kurnool,normal,0.0,11.8,15.7,17.5,17.5,8.33,0.3804,0.0064,0.0008
2025-06-09,Madurai,normal,2.3,0.0,0.0,0.0,0.0,0.66,0.0336,0.0001,0.0
2025-06-10,Nagpur,normal,0.1,0.0,0.0,0.0,0.0,0.55,0.0336,0.0001,0.0
2025-06-10,Bhopal,normal,0.0,0.0,0.0,0.0,0.0,0.55,0.0336,0.0001,0.0
2025-06-10,Raipur,normal,0.0,0.0,0.0,0.0,0.0,0.55,0.0336,0.0001,0.0
2025-06-10,Jabalpur,normal,0.0,0.0,0.0,0.0,0.0,0.55,0.0336,0.0001,0.0
2025-06-10,Akola,normal,0.0,0.0,0.0,0.0,0.0,0.55,0.0336,0.0001,0.0
2025-06-10,Amravati,normal,0.0,0.0,0.0,0.0,0.0,0.55,0.0336,0.0001,0.0
2025-06-10,Aurangabad,normal,2.8,0.0,0.0,0.0,0.0,1.8,0.0336,0.0001,0.0
2025-06-10,Bhubaneswar,normal,7.4,0.0,0.0,0.0,0.0,0.55,0.0336,0.0001,0.0
2025-06-10,Mumbai,coastal,0.8,0.1,0.5,1.1,1.1,1.31,0.044,0.0002,0.0
2025-06-10,Thiruvananthapuram,coastal,11.4,1.1,2.3,3.0,3.0,2.64,0.087,0.0005,0.0001
2025-06-10,Kochi,coastal,17.2,30.2,36.6,65.83,65.83,19.96,0.6657,0.0447,0.0031
2025-06-10,Mangaluru,coastal,16.0,6.2,9.0,10.9,10.9,11.31,0.2763,0.004,0.0004
2025-06-10,Panaji,coastal,1.6,0.2,0.7,1.4,1.4,3.18,0.0483,0.0002,0.0
2025-06-10,Chennai,coastal,0.3,0.1,0.5,1.1,1.1,2.92,0.044,0.0002,0.0
2025-06-10,Visakhapatnam,coastal,13.5,0.2,0.7,1.4,1.4,1.56,0.0483,0.0002,0.0
2025-06-10,Puri,coastal,1.5,0.0,0.0,0.0,0.0,0.82,0.0397,0.0002,0.0
2025-06-10,Kolkata,coastal,1.4,0.0,0.0,0.0,0.0,0.82,0.0397,0.0002,0.0
2025-06-10,Surat,coastal,0.0,0.0,0.0,0.0,0.0,0.98,0.0397,0.0002,0.0
2025-06-10,Mahabaleshwar,orographic,1.6,0.4,1.1,0.4,0.4,3.42,0.0463,0.0007,0.0004
2025-06-10,Munnar,orographic,8.3,3.6,5.8,3.9,3.9,7.61,0.1565,0.0053,0.0019
2025-06-10,Madikeri,orographic,4.3,1.8,3.3,2.0,2.0,5.99,0.0959,0.0023,0.001
2025-06-10,Ooty,orographic,3.9,5.9,8.7,6.7,6.7,8.62,0.2265,0.0104,0.0032
2025-06-10,Lonavala,orographic,3.3,1.1,2.3,1.4,1.4,4.38,0.0712,0.0014,0.0007
2025-06-10,Wayanad,orographic,12.3,10.4,14.2,12.2,12.2,7.87,0.3402,0.0236,0.0062
2025-06-10,Shimla,orographic,0.0,0.0,0.0,0.0,0.0,0.0,0.0322,0.0004,0.0002
2025-06-10,Dehradun,orographic,0.2,0.0,0.0,0.0,0.0,0.0,0.0322,0.0004,0.0002
2025-06-10,Srinagar,orographic,0.0,0.0,0.0,0.0,0.0,0.0,0.0322,0.0004,0.0002
2025-06-10,Gangtok,orographic,1.4,1.7,3.2,1.9,1.9,1.45,0.0924,0.0022,0.0009
2025-06-10,Guwahati,orographic,0.4,0.0,0.0,0.0,0.0,0.36,0.0322,0.0004,0.0002
2025-06-10,Cherrapunji,orographic,5.8,8.2,11.5,9.5,9.5,7.61,0.2882,0.0166,0.0047
2025-06-10,Imphal,orographic,0.7,12.7,16.7,14.86,14.86,6.91,0.3881,0.0318,0.0079
2025-06-10,Agartala,orographic,13.4,4.7,7.2,5.2,5.2,4.79,0.1911,0.0076,0.0025
2025-06-10,Lucknow,normal,0.0,0.0,0.0,0.0,0.0,0.22,0.0336,0.0001,0.0
2025-06-10,Patna,normal,0.0,0.0,0.0,0.0,0.0,0.22,0.0336,0.0001,0.0
2025-06-10,Varanasi,normal,0.0,0.0,0.0,0.0,0.0,0.22,0.0336,0.0001,0.0
2025-06-10,Delhi,normal,0.0,0.0,0.0,0.0,0.0,0.22,0.0336,0.0001,0.0
2025-06-10,Kanpur,normal,0.0,0.0,0.0,0.0,0.0,0.22,0.0336,0.0001,0.0
2025-06-10,Ranchi,normal,0.0,0.0,0.0,0.0,0.0,0.22,0.0336,0.0001,0.0
2025-06-10,Jodhpur,normal,0.0,0.0,0.0,0.0,0.0,0.0,0.0336,0.0001,0.0
2025-06-10,Bikaner,normal,0.0,0.0,0.0,0.0,0.0,0.0,0.0336,0.0001,0.0
2025-06-10,Jaisalmer,normal,0.0,0.0,0.0,0.0,0.0,0.0,0.0336,0.0001,0.0
2025-06-10,Hyderabad,normal,1.6,0.3,0.9,1.0,1.0,2.31,0.0446,0.0001,0.0
2025-06-10,Bengaluru,normal,5.0,12.2,16.1,18.3,18.3,10.21,0.3887,0.0068,0.0009
2025-06-10,Pune,normal,1.6,0.0,0.0,0.0,0.0,0.66,0.0336,0.0001,0.0
2025-06-10,Kurnool,normal,0.0,1.6,3.0,3.4,3.4,5.52,0.0925,0.0005,0.0001
2025-06-10,Madurai,normal,0.5,2.2,3.9,4.5,4.5,2.64,0.1141,0.0006,0.0001
2025-06-11,Nagpur,normal,0.0,0.0,0.0,0.0,0.0,0.55,0.0336,0.0001,0.0
2025-06-11,Bhopal,normal,0.2,0.0,0.0,0.0,0.0,0.55,0.0336,0.0001,0.0
2025-06-11,Raipur,normal,0.0,0.0,0.0,0.0,0.0,0.55,0.0336,0.0001,0.0
2025-06-11,Jabalpur,normal,0.0,0.0,0.0,0.0,0.0,0.55,0.0336,0.0001,0.0
2025-06-11,Akola,normal,0.4,0.2,0.7,0.7,0.7,1.13,0.0409,0.0001,0.0
2025-06-11,Amravati,normal,0.4,0.3,0.9,1.0,1.0,1.4,0.0446,0.0001,0.0
2025-06-11,Aurangabad,normal,2.4,0.0,0.0,0.0,0.0,0.55,0.0336,0.0001,0.0
2025-06-11,Bhubaneswar,normal,3.2,0.1,0.5,0.5,0.5,0.92,0.0373,0.0001,0.0
2025-06-11,Mumbai,coastal,0.8,0.0,0.0,0.0,0.0,0.82,0.0397,0.0002,0.0
2025-06-11,Thiruvananthapuram,coastal,21.4,9.9,13.6,15.3,15.3,9.28,0.3785,0.008,0.0008
2025-06-11,Kochi,depression,44.4,65.1,76.4,66.65,139.69,37.47,0.8476,0.2132,0.012
2025-06-11,Mangaluru,depression,10.7,41.3,51.8,34.85,100.11,23.95,0.7708,0.1141,0.0067
2025-06-11,Panaji,coastal,20.0,6.7,9.7,11.73,11.73,8.5,0.2917,0.0045,0.0005
2025-06-11,Chennai,coastal,7.8,10.7,14.5,16.52,16.52,8.4,0.3974,0.009,0.0008
2025-06-11,Visakhapatnam,coastal,14.1,1.2,2.4,3.3,3.3,2.98,0.0913,0.0006,0.0001
2025-06-11,Puri,coastal,1.7,0.1,0.5,1.1,1.1,1.31,0.044,0.0002,0.0
2025-06-11,Kolkata,coastal,0.7,0.1,0.5,1.1,1.1,1.31,0.044,0.0002,0.0
2025-06-11,Surat,coastal,0.0,0.0,0.0,0.0,0.0,0.82,0.0397,0.0002,0.0
2025-06-11,Mahabaleshwar,orographic,4.7,4.0,6.2,4.4,4.4,5.7,0.1693,0.0061,0.0021
2025-06-11,Munnar,orographic,26.2,12.4,16.4,14.4,14.4,12.37,0.3822,0.0307,0.0077
2025-06-11,Madikeri,orographic,7.8,31.5,37.56,46.11,46.11,15.83,0.6266,0.1217,0.0244
2025-06-11,Ooty,orographic,7.0,11.7,15.5,13.6,13.6,13.25,0.368,0.0281,0.0072
2025-06-11,Lonavala,orographic,2.7,1.0,2.1,1.23,1.23,3.75,0.0677,0.0013,0.0006
2025-06-11,Wayanad,orographic,3.3,25.4,31.21,37.36,37.36,16.9,0.5704,0.0892,0.0187
2025-06-11,Shimla,orographic,1.0,0.0,0.0,0.0,0.0,0.0,0.0322,0.0004,0.0002
2025-06-11,Dehradun,orographic,4.7,0.0,0.0,0.0,0.0,0.0,0.0322,0.0004,0.0002
2025-06-11,Srinagar,orographic,0.0,0.0,0.0,0.0,0.0,0.0,0.0322,0.0004,0.0002
2025-06-11,Gangtok,orographic,1.2,4.3,6.6,4.8,4.8,3.8,0.1787,0.0067,0.0023
2025-06-11,Guwahati,orographic,2.8,1.8,3.3,2.0,2.0,1.66,0.0959,0.0023,0.001
2025-06-11,Cherrapunji,orographic,2.5,8.0,11.3,9.2,9.2,7.61,0.2832,0.016,0.0045
2025-06-11,Imphal,orographic,0.2,10.0,13.7,11.5,11.5,8.22,0.3312,0.0223,0.0059
2025-06-11,Agartala,orographic,10.9,3.6,5.8,3.9,3.9,4.41,0.1565,0.0053,0.0019
2025-06-11,Lucknow,normal,0.1,0.0,0.0,0.0,0.0,0.22,0.0336,0.0001,0.0
2025-06-11,Patna,normal,0.0,0.0,0.0,0.0,0.0,0.22,0.0336,0.0001,0.0
2025-06-11,Varanasi,normal,0.0,0.0,0.0,0.0,0.0,0.22,0.0336,0.0001,0.0
2025-06-11,Delhi,normal,0.0,0.0,0.0,0.0,0.0,0.22,0.0336,0.0001,0.0
2025-06-11,Kanpur,normal,0.4,0.0,0.0,0.0,0.0,0.22,0.0336,0.0001,0.0
2025-06-11,Ranchi,normal,1.1,0.0,0.0,0.0,0.0,0.22,0.0336,0.0001,0.0
2025-06-11,Jodhpur,normal,0.0,0.0,0.0,0.0,0.0,0.0,0.0336,0.0001,0.0
2025-06-11,Bikaner,normal,0.0,0.0,0.0,0.0,0.0,0.0,0.0336,0.0001,0.0
2025-06-11,Jaisalmer,normal,0.0,0.0,0.0,0.0,0.0,0.0,0.0336,0.0001,0.0
2025-06-11,Hyderabad,normal,2.6,0.0,0.0,0.0,0.0,1.32,0.0336,0.0001,0.0
2025-06-11,Bengaluru,normal,7.0,21.8,27.2,29.6,29.6,14.07,0.5406,0.0167,0.0018
2025-06-11,Pune,normal,2.4,1.6,3.0,3.4,3.4,2.4,0.0925,0.0005,0.0001
2025-06-11,Kurnool,normal,15.3,5.9,8.7,9.6,9.6,6.22,0.2344,0.0023,0.0004
2025-06-11,Madurai,normal,3.3,0.2,0.7,0.7,0.7,2.42,0.0409,0.0001,0.0
2025-06-12,Nagpur,normal,0.5,0.3,0.9,1.0,1.0,1.4,0.0446,0.0001,0.0
2025-06-12,Bhopal,normal,0.0,0.0,0.0,0.0,0.0,0.55,0.0336,0.0001,0.0
2025-06-12,Raipur,normal,0.3,0.0,0.0,0.0,0.0,0.55,0.0336,0.0001,0.0
2025-06-12,Jabalpur,normal,0.0,0.3,0.9,1.0,1.0,1.4,0.0446,0.0001,0.0
2025-06-12,Akola,normal,1.2,1.5,2.9,3.2,3.2,2.42,0.0889,0.0004,0.0001
2025-06-12,Amravati,normal,6.9,0.5,1.2,1.3,1.3,2.48,0.052,0.0002,0.0
2025-06-12,Aurangabad,normal,0.0,0.1,0.5,0.5,0.5,0.92,0.0373,0.0001,0.0
2025-06-12,Bhubaneswar,normal,10.9,0.4,1.1,1.1,1.1,1.56,0.0483,0.0002,0.0
2025-06-12,Mumbai,coastal,2.8,1.0,2.1,2.86,2.86,2.57,0.0827,0.0005,0.0001
2025-06-12,Thiruvananthapuram,coastal,8.4,6.5,9.5,11.58,11.58,11.33,0.2856,0.0043,0.0005
2025-06-12,Kochi,depression,23.1,54.5,66.2,54.32,116.94,55.41,0.8203,0.1684,0.0096
2025-06-12,Mangaluru,depression,112.1,214.4,198.8,112.57,112.57,49.64,0.9546,0.6599,0.0551
2025-06-12,Panaji,depression,87.7,52.0,64.6,53.29,111.58,30.31,0.8126,0.1579,0.009
2025-06-12,Chennai,coastal,3.0,0.1,0.5,1.1,1.1,2.98,0.044,0.0002,0.0
2025-06-12,Visakhapatnam,coastal,1.2,1.5,2.9,4.1,4.1,4.26,0.1039,0.0007,0.0001
2025-06-12,Puri,coastal,5.7,0.0,0.0,0.0,0.0,0.82,0.0397,0.0002,0.0
2025-06-12,Kolkata,coastal,1.2,0.4,1.1,1.7,1.7,2.33,0.0569,0.0003,0.0001
2025-06-12,Surat,coastal,0.0,0.0,0.0,0.0,0.0,0.82,0.0397,0.0002,0.0
2025-06-12,Mahabaleshwar,orographic,25.7,168.5,157.61,163.01,163.01,28.3,0.9151,0.6846,0.1827
2025-06-12,Munnar,orographic,25.1,6.1,8.9,6.9,6.9,12.36,0.2322,0.0109,0.0033
2025-06-12,Madikeri,orographic,22.8,70.7,81.8,89.5,89.5,35.78,0.8036,0.3411,0.0667
2025-06-12,Ooty,orographic,4.3,5.2,8.0,5.8,5.8,10.03,0.2061,0.0087,0.0028
2025-06-12,Lonavala,orographic,18.3,4.9,7.5,5.5,5.5,6.43,0.1971,0.008,0.0026
2025-06-12,Wayanad,orographic,14.8,8.0,11.3,9.2,9.2,13.43,0.2832,0.016,0.0045
2025-06-12,Shimla,orographic,2.1,0.0,0.0,0.0,0.0,0.0,0.0322,0.0004,0.0002
2025-06-12,Dehradun,orographic,2.0,0.0,0.0,0.0,0.0,0.0,0.0322,0.0004,0.0002
2025-06-12,Srinagar,orographic,0.0,0.0,0.0,0.0,0.0,0.0,0.0322,0.0004,0.0002
2025-06-12,Gangtok,orographic,1.5,15.4,19.9,20.22,20.22,8.79,0.4371,0.0424,0.01
2025-06-12,Guwahati,orographic,0.1,4.2,6.5,4.7,4.7,3.46,0.1756,0.0065,0.0022
2025-06-12,Cherrapunji,orographic,1.4,9.8,13.5,11.4,11.4,7.83,0.3267,0.0216,0.0058
2025-06-12,Imphal,orographic,0.0,0.2,0.7,0.2,0.2,2.68,0.0392,0.0006,0.0003
2025-06-12,Agartala,orographic,0.6,5.8,8.6,6.6,6.6,5.36,0.2237,0.0101,0.0031
2025-06-12,Lucknow,normal,2.6,0.0,0.0,0.0,0.0,0.22,0.0336,0.0001,0.0
2025-06-12,Patna,normal,0.4,0.0,0.0,0.0,0.0,0.22,0.0336,0.0001,0.0
2025-06-12,Varanasi,normal,0.0,0.0,0.0,0.0,0.0,0.22,0.0336,0.0001,0.0
2025-06-12,Delhi,normal,0.5,0.0,0.0,0.0,0.0,0.22,0.0336,0.0001,0.0
2025-06-12,Kanpur,normal,1.8,0.0,0.0,0.0,0.0,0.22,0.0336,0.0001,0.0
2025-06-12,Ranchi,normal,0.0,0.0,0.0,0.0,0.0,0.22,0.0336,0.0001,0.0
2025-06-12,Jodhpur,normal,0.0,0.0,0.0,0.0,0.0,0.0,0.0336,0.0001,0.0
2025-06-12,Bikaner,normal,0.0,0.0,0.0,0.0,0.0,0.0,0.0336,0.0001,0.0
2025-06-12,Jaisalmer,normal,0.0,0.0,0.0,0.0,0.0,0.0,0.0336,0.0001,0.0
2025-06-12,Hyderabad,normal,10.0,2.7,4.7,5.3,5.3,3.47,0.1317,0.0008,0.0002
2025-06-12,Bengaluru,normal,2.3,9.9,13.6,15.07,15.07,9.52,0.3388,0.0049,0.0007
2025-06-12,Pune,normal,28.0,7.8,10.9,12.2,12.2,6.33,0.2871,0.0035,0.0005
2025-06-12,Kurnool,normal,1.8,9.3,12.9,14.37,14.37,9.52,0.3247,0.0045,0.0006
2025-06-12,Madurai,normal,1.4,0.0,0.0,0.0,0.0,0.85,0.0336,0.0001,0.0
2025-06-13,Nagpur,normal,0.8,0.0,0.0,0.0,0.0,1.3,0.0336,0.0001,0.0
2025-06-13,Bhopal,normal,0.0,1.3,2.6,2.9,2.9,1.74,0.0816,0.0004,0.0001
2025-06-13,Raipur,normal,0.1,2.4,4.2,4.9,4.9,2.68,0.1212,0.0007,0.0001
2025-06-13,Jabalpur,normal,0.3,0.0,0.0,0.0,0.0,1.3,0.0336,0.0001,0.0
2025-06-13,Akola,normal,4.0,4.0,6.2,7.2,7.2,4.58,0.1756,0.0014,0.0002
2025-06-13,Amravati,normal,0.5,0.4,1.1,1.1,1.1,2.52,0.0483,0.0002,0.0
2025-06-13,Aurangabad,normal,4.5,4.8,7.4,8.1,8.1,4.05,0.2011,0.0017,0.0003
2025-06-13,Bhubaneswar,normal,2.1,0.0,0.0,0.0,0.0,1.3,0.0336,0.0001,0.0
2025-06-13,Mumbai,coastal,29.6,1.1,2.3,3.0,3.0,3.95,0.087,0.0005,0.0001
2025-06-13,Thiruvananthapuram,depression,34.1,41.1,51.7,34.75,34.75,24.62,0.7698,0.1133,0.0067
2025-06-13,Kochi,depression,29.6,36.7,46.11,24.31,24.31,37.85,0.7471,0.0961,0.0058
2025-06-13,Mangaluru,depression,64.1,72.3,81.8,71.94,71.94,56.91,0.862,0.2435,0.0138
2025-06-13,Panaji,coastal,49.6,20.9,26.6,30.41,3.89,25.66,0.572,0.0253,0.0019
2025-06-13,Chennai,coastal,3.6,0.0,0.0,0.0,0.0,0.87,0.0397,0.0002,0.0
2025-06-13,Visakhapatnam,coastal,3.6,1.6,3.0,4.46,4.46,4.38,0.1081,0.0007,0.0001
2025-06-13,Puri,coastal,7.8,0.0,0.0,0.0,0.0,0.87,0.0397,0.0002,0.0
2025-06-13,Kolkata,coastal,2.1,0.5,1.2,1.92,1.92,3.27,0.0612,0.0003,0.0001
2025-06-13,Surat,coastal,3.1,0.0,0.0,0.0,0.0,0.87,0.0397,0.0002,0.0
2025-06-13,Mahabaleshwar,orographic,30.5,29.1,35.5,44.01,44.01,34.94,0.6062,0.1087,0.0221
2025-06-13,Munnar,orographic,37.1,9.4,13.0,10.7,10.7,13.08,0.3174,0.0203,0.0055
2025-06-13,Madikeri,orographic,12.3,60.0,72.0,80.63,80.63,59.17,0.7733,0.2834,0.0546
2025-06-13,Ooty,orographic,14.0,2.7,4.7,3.1,3.1,7.85,0.1268,0.0037,0.0014
2025-06-13,Lonavala,orographic,31.2,6.5,9.5,7.4,7.4,10.48,0.2434,0.0119,0.0036
2025-06-13,Wayanad,orographic,18.4,6.3,9.1,7.1,7.1,12.05,0.2379,0.0114,0.0035
2025-06-13,Shimla,orographic,4.7,0.0,0.0,0.0,0.0,0.0,0.0322,0.0004,0.0002
2025-06-13,Dehradun,orographic,2.0,0.0,0.0,0.0,0.0,0.0,0.0322,0.0004,0.0002
2025-06-13,Srinagar,orographic,0.0,0.2,0.7,0.2,0.2,0.48,0.0392,0.0006,0.0003
2025-06-13,Gangtok,orographic,2.2,5.5,8.3,6.4,6.4,6.98,0.215,0.0094,0.003
2025-06-13,Guwahati,orographic,0.5,3.0,5.1,3.4,3.4,4.2,0.1368,0.0042,0.0016
2025-06-13,Cherrapunji,orographic,3.1,15.7,20.32,20.5,20.5,10.91,0.4422,0.0437,0.0103
2025-06-13,Imphal,orographic,0.0,2.2,3.9,2.4,2.4,2.07,0.1097,0.0029,0.0012
2025-06-13,Agartala,orographic,1.9,1.8,3.3,2.0,2.0,4.08,0.0959,0.0023,0.001
2025-06-13,Lucknow,normal,0.0,0.0,0.0,0.0,0.0,0.28,0.0336,0.0001,0.0
2025-06-13,Patna,normal,0.5,0.0,0.0,0.0,0.0,0.28,0.0336,0.0001,0.0
2025-06-13,Varanasi,normal,0.3,0.0,0.0,0.0,0.0,0.28,0.0336,0.0001,0.0
2025-06-13,Delhi,normal,0.0,0.0,0.0,0.0,0.0,0.28,0.0336,0.0001,0.0
2025-06-13,Kanpur,normal,0.0,0.0,0.0,0.0,0.0,0.28,0.0336,0.0001,0.0
2025-06-13,Ranchi,normal,0.0,0.0,0.0,0.0,0.0,0.28,0.0336,0.0001,0.0
2025-06-13,Jodhpur,normal,0.0,0.0,0.0,0.0,0.0,0.0,0.0336,0.0001,0.0
2025-06-13,Bikaner,normal,0.0,0.0,0.0,0.0,0.0,0.0,0.0336,0.0001,0.0
2025-06-13,Jaisalmer,normal,0.0,0.0,0.0,0.0,0.0,0.0,0.0336,0.0001,0.0
2025-06-13,Hyderabad,normal,0.9,1.0,2.1,2.4,2.4,4.14,0.0705,0.0003,0.0001
2025-06-13,Bengaluru,normal,3.9,3.6,5.8,6.5,6.5,8.28,0.1624,0.0012,0.0002
2025-06-13,Pune,normal,6.2,14.2,18.8,20.36,20.36,12.69,0.427,0.0086,0.001
2025-06-13,Kurnool,normal,0.5,3.4,5.6,6.2,6.2,7.73,0.1557,0.0011,0.0002
2025-06-13,Madurai,normal,0.7,0.1,0.5,0.5,0.5,1.12,0.0373,0.0001,0.0
2025-06-14,Nagpur,normal,4.4,0.0,0.0,0.0,0.0,0.57,0.0336,0.0001,0.0
2025-06-14,Bhopal,normal,0.9,1.4,2.8,3.1,3.1,2.98,0.0852,0.0004,0.0001
2025-06-14,Raipur,normal,0.6,3.2,5.3,6.0,6.0,4.91,0.1489,0.001,0.0002
2025-06-14,Jabalpur,normal,1.0,0.3,0.9,1.0,1.0,1.43,0.0446,0.0001,0.0
2025-06-14,Akola,normal,15.8,3.0,5.1,5.7,5.7,5.17,0.1421,0.0009,0.0002
2025-06-14,Amravati,normal,13.2,2.8,4.8,5.4,5.4,3.99,0.1352,0.0009,0.0002
2025-06-14,Aurangabad,normal,9.2,0.9,1.9,2.1,2.1,3.9,0.0668,0.0003,0.0001
2025-06-14,Bhubaneswar,normal,0.8,0.2,0.7,0.7,0.7,1.16,0.0409,0.0001,0.0
2025-06-14,Mumbai,coastal,58.0,5.5,8.3,10.3,10.3,8.5,0.2538,0.0034,0.0004
2025-06-14,Thiruvananthapuram,depression,52.6,43.0,54.41,39.93,39.93,36.59,0.7785,0.1209,0.0071
2025-06-14,Kochi,depression,59.5,45.7,57.7,45.24,45.24,40.79,0.7899,0.1319,0.0076
2025-06-14,Mangaluru,depression,76.0,85.6,88.6,76.7,76.7,56.91,0.8829,0.2983,0.0171
2025-06-14,Panaji,depression,82.3,67.9,78.0,69.01,69.01,35.18,0.8535,0.225,0.0127
2025-06-14,Chennai,coastal,2.5,1.6,3.0,4.46,4.46,3.15,0.1081,0.0007,0.0001
2025-06-14,Visakhapatnam,coastal,8.0,0.4,1.1,1.7,1.7,3.51,0.0569,0.0003,0.0001
2025-06-14,Puri,coastal,0.2,0.0,0.0,0.0,0.0,0.87,0.0397,0.0002,0.0
2025-06-14,Kolkata,coastal,1.5,0.0,0.0,0.0,0.0,1.54,0.0397,0.0002,0.0
2025-06-14,Surat,coastal,21.5,2.8,4.8,6.1,6.1,4.57,0.1567,0.0014,0.0002
2025-06-14,Mahabaleshwar,orographic,23.1,16.8,21.7,22.52,22.52,19.06,0.46,0.0484,0.0112
2025-06-14,Munnar,orographic,64.5,28.0,34.61,42.42,42.42,20.5,0.5961,0.1028,0.0211
2025-06-14,Madikeri,orographic,39.1,91.4,94.2,105.4,105.4,59.17,0.8448,0.4413,0.091
2025-06-14,Ooty,orographic,12.5,15.0,19.5,19.1,19.1,13.15,0.4303,0.0408,0.0097
2025-06-14,Lonavala,orographic,35.4,18.2,23.4,24.8,24.8,17.29,0.4812,0.0545,0.0123
2025-06-14,Wayanad,orographic,16.1,11.6,15.4,13.58,13.58,14.23,0.3659,0.0278,0.0071
2025-06-14,Shimla,orographic,0.0,0.0,0.0,0.0,0.0,0.0,0.0322,0.0004,0.0002
2025-06-14,Dehradun,orographic,0.0,0.0,0.0,0.0,0.0,0.0,0.0322,0.0004,0.0002
2025-06-14,Srinagar,orographic,0.0,0.0,0.0,0.0,0.0,0.18,0.0322,0.0004,0.0002
2025-06-14,Gangtok,orographic,4.8,13.9,18.4,17.4,17.4,10.96,0.4108,0.0364,0.0088
2025-06-14,Guwahati,orographic,2.2,3.6,5.8,3.9,3.9,4.36,0.1565,0.0053,0.0019
2025-06-14,Cherrapunji,orographic,3.3,23.1,28.6,33.2,33.2,12.84,0.5451,0.0776,0.0166
2025-06-14,Imphal,orographic,1.9,1.7,3.2,1.9,1.9,2.4,0.0924,0.0022,0.0009
2025-06-14,Agartala,orographic,2.3,1.8,3.3,2.0,2.0,2.5,0.0959,0.0023,0.001
2025-06-14,Lucknow,normal,0.2,0.0,0.0,0.0,0.0,0.28,0.0336,0.0001,0.0
2025-06-14,Patna,normal,0.0,0.0,0.0,0.0,0.0,0.28,0.0336,0.0001,0.0
2025-06-14,Varanasi,normal,0.0,0.2,0.7,0.7,0.7,0.99,0.0409,0.0001,0.0
2025-06-14,Delhi,normal,0.3,0.0,0.0,0.0,0.0,0.28,0.0336,0.0001,0.0
2025-06-14,Kanpur,normal,0.4,0.0,0.0,0.0,0.0,0.28,0.0336,0.0001,0.0
2025-06-14,Ranchi,normal,0.2,0.0,0.0,0.0,0.0,0.28,0.0336,0.0001,0.0
2025-06-14,Jodhpur,normal,0.1,0.0,0.0,0.0,0.0,0.0,0.0336,0.0001,0.0
2025-06-14,Bikaner,normal,0.0,0.8,1.8,2.0,2.0,1.02,0.0631,0.0002,0.0001
2025-06-14,Jaisalmer,normal,0.4,0.1,0.5,0.5,0.5,0.3,0.0373,0.0001,0.0
2025-06-14,Hyderabad,normal,1.6,0.3,0.9,1.0,1.0,2.75,0.0446,0.0001,0.0
2025-06-14,Bengaluru,normal,5.7,4.0,6.2,7.2,7.2,6.71,0.1756,0.0014,0.0002
2025-06-14,Pune,normal,31.3,9.4,13.0,14.57,14.57,10.01,0.3271,0.0046,0.0006
2025-06-14,Kurnool,normal,0.4,2.1,3.7,4.3,4.3,5.25,0.1106,0.0006,0.0001
2025-06-14,Madurai,normal,2.7,0.0,0.0,0.0,0.0,0.71,0.0336,0.0001,0.0
2025-06-15,Nagpur,normal,0.9,1.2,2.4,2.7,2.7,2.34,0.0779,0.0003,0.0001
2025-06-15,Bhopal,normal,5.4,4.6,7.1,7.9,7.9,5.88,0.1948,0.0016,0.0003
2025-06-15,Raipur,normal,0.1,4.5,6.9,7.8,7.8,6.88,0.1917,0.0016,0.0003
2025-06-15,Jabalpur,normal,0.4,1.9,3.4,3.85,3.85,3.73,0.1034,0.0005,0.0001
2025-06-15,Akola,normal,12.7,2.3,4.1,4.7,4.7,5.24,0.1177,0.0007,0.0001
2025-06-15,Amravati,normal,1.1,5.0,7.64,8.5,8.5,6.02,0.2073,0.0018,0.0003
2025-06-15,Aurangabad,normal,5.0,14.2,18.8,20.36,20.36,8.06,0.427,0.0086,0.001
2025-06-15,Bhubaneswar,normal,7.1,2.5,4.4,5.0,5.0,4.16,0.1247,0.0007,0.0001
2025-06-15,Mumbai,depression,55.5,52.7,64.7,53.62,53.62,30.39,0.8148,0.1609,0.0092
2025-06-15,Thiruvananthapuram,depression,30.8,66.9,78.0,69.01,69.01,50.25,0.8514,0.2208,0.0125
2025-06-15,Kochi,depression,69.2,59.7,72.0,61.36,61.36,50.73,0.8347,0.1904,0.0108
2025-06-15,Mangaluru,depression,79.8,88.7,89.5,78.1,78.1,56.09,0.8869,0.3107,0.0179
2025-06-15,Panaji,depression,93.5,48.6,61.0,49.68,49.68,50.79,0.8009,0.1438,0.0083
2025-06-15,Chennai,coastal,0.0,0.0,0.0,0.0,0.0,2.26,0.0397,0.0002,0.0
2025-06-15,Visakhapatnam,coastal,0.2,6.6,9.6,11.68,11.68,9.22,0.2886,0.0044,0.0005
2025-06-15,Puri,coastal,22.4,2.5,4.4,5.7,5.7,5.09,0.1449,0.0012,0.0002
2025-06-15,Kolkata,coastal,16.0,0.0,0.0,0.0,0.0,1.16,0.0397,0.0002,0.0
2025-06-15,Surat,coastal,3.9,4.3,6.6,8.7,8.7,8.18,0.2128,0.0024,0.0003
2025-06-15,Mahabaleshwar,orographic,32.6,10.2,13.9,12.0,12.0,13.49,0.3357,0.0229,0.0061
2025-06-15,Munnar,orographic,122.7,26.2,32.3,38.56,38.56,20.56,0.5786,0.0934,0.0194
2025-06-15,Madikeri,orographic,41.4,46.2,58.2,72.12,72.12,52.22,0.7187,0.2051,0.0395
2025-06-15,Ooty,orographic,35.8,10.9,14.7,12.7,12.7,13.49,0.3511,0.0253,0.0066
2025-06-15,Lonavala,orographic,23.4,21.2,26.8,28.69,28.69,19.73,0.5221,0.0684,0.0149
2025-06-15,Wayanad,orographic,40.6,33.4,41.5,51.71,51.71,20.85,0.6414,0.1322,0.0263
2025-06-15,Shimla,orographic,0.2,0.0,0.0,0.0,0.0,0.11,0.0322,0.0004,0.0002
2025-06-15,Dehradun,orographic,6.7,0.2,0.7,0.2,0.2,0.54,0.0392,0.0006,0.0003
2025-06-15,Srinagar,orographic,0.2,0.0,0.0,0.0,0.0,0.11,0.0322,0.0004,0.0002
2025-06-15,Gangtok,orographic,17.1,8.7,12.2,10.2,10.2,7.58,0.3006,0.0181,0.005
2025-06-15,Guwahati,orographic,19.0,4.4,6.8,4.8,4.8,5.21,0.1818,0.0069,0.0023
2025-06-15,Cherrapunji,orographic,3.2,9.5,13.1,11.0,11.0,9.08,0.3197,0.0207,0.0056
2025-06-15,Imphal,orographic,7.3,8.3,11.8,9.6,9.6,5.74,0.2908,0.0169,0.0047
2025-06-15,Agartala,orographic,8.4,2.8,4.8,3.1,3.1,3.33,0.1301,0.0039,0.0015
2025-06-15,Lucknow,normal,0.0,2.8,4.8,5.4,5.4,3.88,0.1352,0.0009,0.0002
2025-06-15,Patna,normal,1.7,0.2,0.7,0.7,0.7,1.36,0.0409,0.0001,0.0
2025-06-15,Varanasi,normal,1.0,0.3,0.9,1.0,1.0,2.0,0.0446,0.0001,0.0
2025-06-15,Delhi,normal,1.3,0.9,2.0,2.2,2.2,2.4,0.0668,0.0003,0.0001
2025-06-15,Kanpur,normal,0.3,1.6,3.0,3.4,3.4,2.75,0.0925,0.0005,0.0001
2025-06-15,Ranchi,normal,0.1,0.8,1.8,2.0,2.0,2.4,0.0631,0.0002,0.0001
2025-06-15,Jodhpur,normal,9.0,8.5,12.0,13.4,13.4,4.97,0.305,0.0039,0.0006
2025-06-15,Bikaner,normal,7.5,1.9,3.4,3.85,3.85,1.94,0.1034,0.0005,0.0001
2025-06-15,Jaisalmer,normal,2.7,0.0,0.0,0.0,0.0,0.12,0.0336,0.0001,0.0
2025-06-15,Hyderabad,normal,5.4,3.4,5.5,6.1,6.1,5.06,0.1557,0.0011,0.0002
2025-06-15,Bengaluru,normal,4.0,2.9,4.9,5.5,5.5,6.09,0.1387,0.0009,0.0002
2025-06-15,Pune,normal,3.7,3.2,5.3,6.0,6.0,7.25,0.1489,0.001,0.0002
2025-06-15,Kurnool,normal,6.3,2.9,4.9,5.5,5.5,4.81,0.1387,0.0009,0.0002
2025-06-15,Madurai,normal,6.0,0.0,0.0,0.0,0.0,0.95,0.0336,0.0001,0.0
2025-06-16,Nagpur,normal,3.2,0.7,1.62,1.8,1.8,3.44,0.0594,0.0002,0.0001
2025-06-16,Bhopal,normal,1.0,0.5,1.2,1.3,1.3,4.35,0.052,0.0002,0.0
2025-06-16,Raipur,normal,0.2,0.6,1.4,1.5,1.5,4.39,0.0557,0.0002,0.0001
2025-06-16,Jabalpur,normal,1.1,0.4,1.1,1.1,1.1,3.41,0.0483,0.0002,0.0
2025-06-16,Akola,normal,12.7,2.2,3.9,4.5,4.5,4.2,0.1141,0.0006,0.0001
2025-06-16,Amravati,normal,6.7,1.2,2.4,2.7,2.7,4.64,0.0779,0.0003,0.0001
2025-06-16,Aurangabad,normal,9.0,5.6,8.4,9.23,9.23,8.51,0.2255,0.0021,0.0003
2025-06-16,Bhubaneswar,normal,18.9,22.3,27.5,30.5,30.5,10.16,0.5466,0.0173,0.0018
2025-06-16,Mumbai,depression,100.9,33.8,41.86,17.84,17.84,35.53,0.7297,0.0851,0.0052
2025-06-16,Thiruvananthapuram,coastal,16.6,18.9,24.2,27.92,27.92,25.87,0.5454,0.0216,0.0017
2025-06-16,Kochi,depression,33.8,31.1,37.46,13.96,13.96,30.44,0.7113,0.0752,0.0047
2025-06-16,Mangaluru,depression,50.9,94.2,98.4,80.01,202.13,56.82,0.8934,0.3323,0.0194
2025-06-16,Panaji,depression,52.3,67.5,78.0,69.01,144.84,51.39,0.8527,0.2234,0.0126
2025-06-16,Chennai,coastal,0.0,0.0,0.0,0.0,0.0,1.19,0.0397,0.0002,0.0
2025-06-16,Visakhapatnam,coastal,0.1,1.3,2.6,3.6,3.6,5.55,0.0955,0.0006,0.0001
2025-06-16,Puri,depression,17.3,39.8,50.4,31.9,100.11,20.64,0.7635,0.1082,0.0064
2025-06-16,Kolkata,coastal,26.6,4.9,7.5,9.7,9.7,6.86,0.2337,0.0029,0.0003
2025-06-16,Surat,coastal,58.5,30.8,37.4,65.83,65.83,19.31,0.6704,0.0461,0.0032
2025-06-16,Mahabaleshwar,orographic,112.3,157.2,157.61,163.01,163.01,30.07,0.9089,0.6593,0.1695
2025-06-16,Munnar,orographic,70.4,11.6,15.4,13.58,13.58,15.41,0.3659,0.0278,0.0071
2025-06-16,Madikeri,orographic,28.4,23.6,29.0,34.4,34.4,26.81,0.5508,0.0801,0.017
2025-06-16,Ooty,orographic,31.6,3.3,5.4,3.6,3.6,8.11,0.1467,0.0047,0.0017
2025-06-16,Lonavala,orographic,110.8,49.9,62.91,73.21,73.21,31.03,0.7355,0.2263,0.0434
2025-06-16,Wayanad,orographic,27.9,10.2,13.9,12.0,12.0,15.1,0.3357,0.0229,0.0061
2025-06-16,Shimla,orographic,10.4,7.5,10.5,8.5,8.5,4.93,0.2703,0.0146,0.0042
2025-06-16,Dehradun,orographic,0.8,4.7,7.2,5.2,5.2,3.78,0.1911,0.0076,0.0025
2025-06-16,Srinagar,orographic,3.5,0.0,0.0,0.0,0.0,0.11,0.0322,0.0004,0.0002
2025-06-16,Gangtok,orographic,5.9,1.2,2.5,1.5,1.5,2.56,0.0748,0.0016,0.0007
2025-06-16,Guwahati,orographic,19.0,7.2,10.3,8.2,8.2,6.31,0.2624,0.0138,0.004
2025-06-16,Cherrapunji,orographic,28.0,5.7,8.6,6.5,6.5,7.11,0.2208,0.0099,0.0031
2025-06-16,Imphal,orographic,7.1,14.4,18.9,18.12,18.12,10.92,0.4198,0.0384,0.0092
2025-06-16,Agartala,orographic,18.7,10.6,14.3,12.33,12.33,6.07,0.3446,0.0243,0.0064
2025-06-16,Lucknow,normal,10.9,0.8,1.8,2.0,2.0,4.38,0.0631,0.0002,0.0001
2025-06-16,Patna,normal,0.1,0.6,1.4,1.5,1.5,2.85,0.0557,0.0002,0.0001
2025-06-16,Varanasi,normal,9.0,0.0,0.0,0.0,0.0,1.09,0.0336,0.0001,0.0
2025-06-16,Delhi,normal,25.6,6.8,9.9,10.88,10.88,6.96,0.2601,0.0028,0.0004
2025-06-16,Kanpur,normal,12.9,3.4,5.5,6.1,6.1,5.24,0.1557,0.0011,0.0002
2025-06-16,Ranchi,normal,8.5,4.0,6.2,7.2,7.2,5.45,0.1756,0.0014,0.0002
2025-06-16,Jodhpur,normal,1.6,2.4,4.2,4.9,4.9,3.64,0.1212,0.0007,0.0001
2025-06-16,Bikaner,normal,6.1,0.8,1.8,2.0,2.0,1.64,0.0631,0.0002,0.0001
2025-06-16,Jaisalmer,normal,0.0,1.6,3.0,3.4,3.4,1.43,0.0925,0.0005,0.0001
2025-06-16,Hyderabad,normal,1.6,0.8,1.8,2.0,2.0,4.72,0.0631,0.0002,0.0001
2025-06-16,Bengaluru,normal,8.8,0.7,1.62,1.8,1.8,4.4,0.0594,0.0002,0.0001
2025-06-16,Pune,normal,25.8,10.7,14.5,15.9,15.9,7.99,0.3569,0.0056,0.0007
2025-06-16,Kurnool,normal,0.2,0.1,0.5,0.5,0.5,2.72,0.0373,0.0001,0.0
2025-06-16,Madurai,normal,0.2,0.0,0.0,0.0,0.0,0.97,0.0336,0.0001,0.0
2025-06-17,Nagpur,normal,3.3,1.8,3.3,3.7,3.7,3.73,0.0998,0.0005,0.0001
2025-06-17,Bhopal,normal,1.8,1.2,2.4,2.7,2.7,3.22,0.0779,0.0003,0.0001
2025-06-17,Raipur,normal,6.9,10.8,14.7,16.0,16.0,6.26,0.3591,0.0056,0.0007
2025-06-17,Jabalpur,normal,1.6,3.5,5.6,6.3,6.3,4.94,0.1591,0.0011,0.0002
2025-06-17,Akola,normal,0.0,0.0,0.0,0.0,0.0,2.3,0.0336,0.0001,0.0
2025-06-17,Amravati,normal,0.1,0.0,0.0,0.0,0.0,2.31,0.0336,0.0001,0.0
2025-06-17,Aurangabad,normal,1.4,0.0,0.0,0.0,0.0,2.85,0.0336,0.0001,0.0
2025-06-17,Bhubaneswar,normal,10.4,19.6,24.9,27.06,27.06,12.16,0.5121,0.0141,0.0015
2025-06-17,Mumbai,coastal,17.5,18.2,23.4,26.8,2.0,17.72,0.5354,0.0204,0.0016
2025-06-17,Thiruvananthapuram,coastal,16.1,23.1,28.6,35.21,35.21,17.44,0.5982,0.0295,0.0022
2025-06-17,Kochi,depression,23.5,30.1,36.6,11.17,65.83,20.74,0.704,0.0716,0.0045
2025-06-17,Mangaluru,depression,51.8,46.8,58.71,47.6,100.11,50.79,0.7942,0.1364,0.0079
2025-06-17,Panaji,depression,32.1,32.8,40.4,16.42,100.11,31.81,0.7231,0.0814,0.005
2025-06-17,Chennai,coastal,0.2,0.0,0.0,0.0,0.0,1.16,0.0397,0.0002,0.0
2025-06-17,Visakhapatnam,coastal,1.6,1.9,3.4,4.8,4.8,4.49,0.1205,0.0009,0.0001
2025-06-17,Puri,depression,7.4,37.9,48.0,27.58,100.11,33.38,0.7537,0.1007,0.006
2025-06-17,Kolkata,coastal,30.4,11.2,15.1,17.3,17.3,10.76,0.4088,0.0097,0.0009
2025-06-17,Surat,coastal,14.4,10.5,14.3,16.24,16.24,12.96,0.3928,0.0088,0.0008
2025-06-17,Mahabaleshwar,orographic,35.3,8.0,11.3,9.2,9.2,17.85,0.2832,0.016,0.0045
2025-06-17,Munnar,orographic,39.5,5.4,8.2,6.2,6.2,10.4,0.212,0.0092,0.0029
2025-06-17,Madikeri,orographic,19.7,11.2,15.1,13.0,13.0,14.1,0.3575,0.0264,0.0068
2025-06-17,Ooty,orographic,4.0,2.6,4.6,3.0,3.0,7.19,0.1234,0.0035,0.0014
2025-06-17,Lonavala,orographic,19.0,16.7,21.47,22.4,22.4,25.35,0.4584,0.0479,0.0111
2025-06-17,Wayanad,orographic,17.2,7.7,10.8,8.8,8.8,11.86,0.2755,0.0152,0.0043
2025-06-17,Shimla,orographic,2.8,14.3,18.82,18.1,18.1,10.04,0.418,0.038,0.0091
2025-06-17,Dehradun,orographic,0.0,6.1,8.9,6.9,6.9,5.41,0.2322,0.0109,0.0033
2025-06-17,Srinagar,orographic,0.0,0.5,1.2,0.6,0.6,0.92,0.0499,0.0008,0.0004
2025-06-17,Gangtok,orographic,3.7,3.5,5.6,3.8,3.8,2.97,0.1532,0.0051,0.0018
2025-06-17,Guwahati,orographic,12.4,15.8,20.5,20.72,20.72,10.92,0.4438,0.0441,0.0103
2025-06-17,Cherrapunji,orographic,73.3,30.7,37.31,45.71,45.71,15.12,0.62,0.1173,0.0237
2025-06-17,Imphal,orographic,35.8,22.9,28.3,32.54,32.54,13.03,0.5428,0.0767,0.0164
2025-06-17,Agartala,orographic,13.0,3.4,5.5,3.6,3.6,5.5,0.15,0.0049,0.0018
2025-06-17,Lucknow,normal,16.4,0.9,1.9,2.1,2.1,3.69,0.0668,0.0003,0.0001
2025-06-17,Patna,normal,20.3,1.3,2.6,2.9,2.9,3.37,0.0816,0.0004,0.0001
2025-06-17,Varanasi,normal,6.0,4.3,6.6,7.5,7.5,5.05,0.1853,0.0015,0.0003
2025-06-17,Delhi,normal,16.9,5.3,8.0,8.9,8.9,8.05,0.2165,0.002,0.0003
2025-06-17,Kanpur,normal,1.8,0.7,1.6,1.7,1.7,4.47,0.0594,0.0002,0.0001
2025-06-17,Ranchi,normal,21.1,13.5,17.7,19.66,19.66,9.29,0.4141,0.0079,0.001
2025-06-17,Jodhpur,normal,9.6,5.4,8.2,9.0,9.0,4.5,0.2195,0.002,0.0003
2025-06-17,Bikaner,normal,2.3,1.9,3.4,3.85,3.85,1.94,0.1034,0.0005,0.0001
2025-06-17,Jaisalmer,normal,1.5,0.0,0.0,0.0,0.0,0.74,0.0336,0.0001,0.0
2025-06-17,Hyderabad,normal,0.1,0.0,0.0,0.0,0.0,2.12,0.0336,0.0001,0.0
2025-06-17,Bengaluru,normal,6.6,0.5,1.2,1.3,1.3,3.33,0.052,0.0002,0.0
2025-06-17,Pune,normal,6.6,0.1,0.5,0.5,0.5,3.16,0.0373,0.0001,0.0
2025-06-17,Kurnool,normal,0.1,0.0,0.0,0.0,0.0,0.95,0.0336,0.0001,0.0
2025-06-17,Madurai,normal,0.0,0.0,0.0,0.0,0.0,0.95,0.0336,0.0001,0.0
2025-06-18,Nagpur,normal,1.5,0.0,0.0,0.0,0.0,1.87,0.0336,0.0001,0.0
2025-06-18,Bhopal,normal,2.0,0.0,0.0,0.0,0.0,1.88,0.0336,0.0001,0.0
2025-06-18,Raipur,normal,2.2,7.6,10.6,12.0,12.0,8.5,0.2818,0.0033,0.0005
2025-06-18,Jabalpur,normal,0.0,0.4,1.1,1.1,1.1,3.8,0.0483,0.0002,0.0
2025-06-18,Akola,normal,10.2,0.2,0.7,0.7,0.7,1.2,0.0409,0.0001,0.0
2025-06-18,Amravati,normal,18.7,0.1,0.5,0.5,0.5,0.98,0.0373,0.0001,0.0
2025-06-18,Aurangabad,normal,4.0,2.5,4.4,5.0,5.0,2.95,0.1247,0.0007,0.0001
2025-06-18,Bhubaneswar,normal,11.9,2.8,4.8,5.4,5.4,6.02,0.1352,0.0009,0.0002
2025-06-18,Mumbai,depression,86.1,42.3,53.6,38.78,38.78,26.22,0.7754,0.1181,0.0069
2025-06-18,Thiruvananthapuram,coastal,2.8,0.1,0.5,1.1,1.1,3.19,0.044,0.0002,0.0
2025-06-18,Kochi,coastal,9.4,13.4,17.6,19.52,19.52,17.4,0.4546,0.0127,0.0011
2025-06-18,Mangaluru,depression,35.6,29.7,36.2,10.3,61.51,28.69,0.7009,0.0702,0.0044
2025-06-18,Panaji,coastal,20.8,18.8,24.0,27.26,27.26,19.1,0.544,0.0215,0.0017
2025-06-18,Chennai,coastal,0.3,0.0,0.0,0.0,0.0,0.92,0.0397,0.0002,0.0
2025-06-18,Visakhapatnam,coastal,0.0,0.5,1.2,1.92,1.92,3.63,0.0612,0.0003,0.0001
2025-06-18,Puri,coastal,6.2,1.1,2.3,3.0,3.0,6.18,0.087,0.0005,0.0001
2025-06-18,Kolkata,coastal,25.3,9.6,13.3,15.17,15.17,13.27,0.3711,0.0077,0.0007
2025-06-18,Surat,depression,21.0,108.8,105.7,83.43,215.0,35.48,0.9078,0.387,0.0233
2025-06-18,Mahabaleshwar,orographic,43.4,7.9,11.1,9.1,9.1,12.87,0.2806,0.0158,0.0045
2025-06-18,Munnar,orographic,14.4,0.0,0.0,0.0,0.0,3.23,0.0322,0.0004,0.0002
2025-06-18,Madikeri,orographic,11.5,8.8,12.4,10.2,10.2,12.54,0.3031,0.0184,0.0051
2025-06-18,Ooty,orographic,1.9,0.7,1.6,0.8,0.8,5.0,0.057,0.001,0.0005
2025-06-18,Lonavala,orographic,79.9,21.8,27.2,29.8,29.8,21.1,0.5296,0.0713,0.0154
2025-06-18,Wayanad,orographic,5.6,0.0,0.0,0.0,0.0,3.17,0.0322,0.0004,0.0002
2025-06-18,Shimla,orographic,0.1,2.3,4.2,2.7,2.7,3.91,0.1132,0.0031,0.0012
2025-06-18,Dehradun,orographic,4.6,0.0,0.0,0.0,0.0,1.27,0.0322,0.0004,0.0002
2025-06-18,Srinagar,orographic,0.0,0.0,0.0,0.0,0.0,0.4,0.0322,0.0004,0.0002
2025-06-18,Gangtok,orographic,24.0,4.9,7.5,5.5,5.5,5.1,0.1971,0.008,0.0026
2025-06-18,Guwahati,orographic,8.1,25.4,31.21,37.36,37.36,13.4,0.5704,0.0892,0.0187
2025-06-18,Cherrapunji,orographic,114.0,86.0,88.7,97.51,97.51,31.11,0.8357,0.4168,0.0846
2025-06-18,Imphal,orographic,23.9,8.6,12.1,10.1,10.1,9.09,0.2982,0.0178,0.005
2025-06-18,Agartala,orographic,22.2,6.9,9.9,7.9,7.9,6.13,0.2544,0.013,0.0038
2025-06-18,Lucknow,normal,2.5,2.9,4.9,5.5,5.5,4.71,0.1387,0.0009,0.0002
2025-06-18,Patna,normal,22.6,0.0,0.0,0.0,0.0,1.38,0.0336,0.0001,0.0
2025-06-18,Varanasi,normal,7.6,6.2,9.0,9.88,9.88,7.43,0.2431,0.0025,0.0004
2025-06-18,Delhi,normal,5.3,7.3,10.3,11.6,11.6,8.85,0.2738,0.0031,0.0005
2025-06-18,Kanpur,normal,0.3,5.4,8.2,9.0,9.0,6.25,0.2195,0.002,0.0003
2025-06-18,Ranchi,normal,87.3,28.4,34.9,39.0,39.0,14.64,0.6104,0.0253,0.0025
2025-06-18,Jodhpur,normal,7.2,12.7,16.7,18.9,18.9,10.48,0.3986,0.0072,0.0009
2025-06-18,Bikaner,normal,0.0,0.9,2.0,2.2,2.2,1.79,0.0668,0.0003,0.0001
2025-06-18,Jaisalmer,normal,0.0,0.0,0.0,0.0,0.0,0.1,0.0336,0.0001,0.0
2025-06-18,Hyderabad,normal,0.2,0.0,0.0,0.0,0.0,0.76,0.0336,0.0001,0.0
2025-06-18,Bengaluru,normal,1.0,0.0,0.0,0.0,0.0,1.47,0.0336,0.0001,0.0
2025-06-18,Pune,normal,9.0,0.5,1.2,1.3,1.3,2.03,0.052,0.0002,0.0
2025-06-18,Kurnool,normal,0.1,0.0,0.0,0.0,0.0,0.76,0.0336,0.0001,0.0
2025-06-18,Madurai,normal,0.8,0.0,0.0,0.0,0.0,0.76,0.0336,0.0001,0.0
2025-06-19,Nagpur,normal,4.3,16.4,21.1,22.76,22.76,10.49,0.4646,0.0107,0.0012
2025-06-19,Bhopal,normal,5.9,10.3,14.0,15.4,15.4,7.47,0.348,0.0052,0.0007
2025-06-19,Raipur,normal,14.4,12.4,16.4,18.5,18.5,12.53,0.3927,0.007,0.0009
2025-06-19,Jabalpur,normal,10.3,14.2,18.8,20.36,20.36,10.78,0.427,0.0086,0.001
2025-06-19,Akola,normal,9.3,8.3,11.7,12.9,12.9,7.63,0.3,0.0038,0.0005
2025-06-19,Amravati,normal,16.6,13.0,17.1,19.21,19.21,8.89,0.4045,0.0075,0.0009
2025-06-19,Aurangabad,normal,10.3,9.6,13.3,14.7,14.7,8.38,0.3318,0.0047,0.0006
2025-06-19,Bhubaneswar,normal,1.3,0.0,0.0,0.0,0.0,2.81,0.0336,0.0001,0.0
2025-06-19,Mumbai,depression,65.8,49.4,61.7,51.31,100.11,50.61,0.8038,0.1471,0.0084
2025-06-19,Thiruvananthapuram,coastal,3.1,0.0,0.0,0.0,0.0,1.18,0.0397,0.0002,0.0
2025-06-19,Kochi,coastal,7.5,6.0,8.8,10.8,10.8,12.1,0.27,0.0039,0.0004
2025-06-19,Mangaluru,depression,14.9,39.9,50.4,31.9,100.11,29.27,0.764,0.1086,0.0064
2025-06-19,Panaji,coastal,16.1,24.1,29.5,36.2,36.2,20.01,0.6091,0.0315,0.0023
2025-06-19,Chennai,coastal,0.5,0.0,0.0,0.0,0.0,1.18,0.0397,0.0002,0.0
2025-06-19,Visakhapatnam,coastal,0.4,1.2,2.5,3.5,3.5,3.87,0.0913,0.0006,0.0001
2025-06-19,Puri,coastal,4.2,1.5,2.9,4.1,4.1,4.48,0.1039,0.0007,0.0001
2025-06-19,Kolkata,coastal,23.5,1.4,2.8,3.9,3.9,5.54,0.0997,0.0007,0.0001
2025-06-19,Surat,depression,15.0,30.0,36.51,11.07,64.56,34.24,0.7032,0.0713,0.0044
2025-06-19,Mahabaleshwar,orographic,94.0,29.3,35.7,44.22,44.22,22.93,0.6079,0.1097,0.0223
2025-06-19,Munnar,orographic,9.2,0.8,1.8,1.0,1.0,3.04,0.0606,0.0011,0.0005
2025-06-19,Madikeri,orographic,11.3,2.9,4.9,3.2,3.2,7.7,0.1335,0.004,0.0015
2025-06-19,Ooty,orographic,0.5,0.2,0.7,0.2,0.2,2.91,0.0392,0.0006,0.0003
2025-06-19,Lonavala,orographic,71.9,83.1,87.0,93.71,93.71,40.45,0.8304,0.4031,0.0812
2025-06-19,Wayanad,orographic,6.3,0.0,0.0,0.0,0.0,1.06,0.0322,0.0004,0.0002
2025-06-19,Shimla,orographic,7.9,0.4,1.1,0.4,0.4,1.69,0.0463,0.0007,0.0004
2025-06-19,Dehradun,orographic,5.9,1.6,3.0,1.8,1.8,1.38,0.0889,0.0021,0.0009
2025-06-19,Srinagar,orographic,0.0,0.0,0.0,0.0,0.0,0.13,0.0322,0.0004,0.0002
2025-06-19,Gangtok,orographic,51.7,29.1,35.5,44.01,44.01,13.67,0.6062,0.1087,0.0221
2025-06-19,Guwahati,orographic,18.2,17.3,22.6,23.4,23.4,14.85,0.4677,0.0505,0.0116
2025-06-19,Cherrapunji,orographic,59.7,56.3,68.7,78.65,78.65,55.44,0.7607,0.2627,0.0504
2025-06-19,Imphal,orographic,22.8,9.3,12.9,10.59,10.59,8.93,0.315,0.02,0.0054
2025-06-19,Agartala,orographic,4.2,3.7,5.9,4.1,4.1,5.87,0.1597,0.0055,0.0019
2025-06-19,Lucknow,normal,31.9,4.2,6.5,7.4,7.4,6.39,0.1821,0.0014,0.0002
2025-06-19,Patna,normal,25.8,3.5,5.6,6.3,6.3,4.8,0.1591,0.0011,0.0002
2025-06-19,Varanasi,normal,0.0,15.1,19.5,20.91,20.91,12.56,0.4429,0.0094,0.0011
2025-06-19,Delhi,normal,0.1,11.9,15.8,17.7,17.7,10.91,0.3825,0.0065,0.0008
2025-06-19,Kanpur,normal,22.8,0.3,0.9,1.0,1.0,3.5,0.0446,0.0001,0.0
2025-06-19,Ranchi,normal,227.5,44.3,56.45,56.3,56.3,26.26,0.7183,0.0506,0.0044
2025-06-19,Jodhpur,normal,0.4,0.1,0.5,0.5,0.5,1.46,0.0373,0.0001,0.0
2025-06-19,Bikaner,normal,0.0,1.1,2.3,2.5,2.5,1.79,0.0742,0.0003,0.0001
2025-06-19,Jaisalmer,normal,0.0,0.0,0.0,0.0,0.0,0.19,0.0336,0.0001,0.0
2025-06-19,Hyderabad,normal,2.3,0.0,0.0,0.0,0.0,1.07,0.0336,0.0001,0.0
2025-06-19,Bengaluru,normal,0.0,0.0,0.0,0.0,0.0,1.07,0.0336,0.0001,0.0
2025-06-19,Pune,normal,35.3,38.5,48.31,46.92,46.92,17.41,0.686,0.0407,0.0036
2025-06-19,Kurnool,normal,0.0,0.0,0.0,0.0,0.0,1.07,0.0336,0.0001,0.0
2025-06-19,Madurai,normal,1.9,0.0,0.0,0.0,0.0,1.07,0.0336,0.0001,0.0
2025-06-20,Nagpur,normal,1.8,4.0,6.2,7.2,7.2,7.47,0.1756,0.0014,0.0002
2025-06-20,Bhopal,normal,14.8,5.7,8.6,9.4,9.4,8.38,0.2285,0.0022,0.0003
2025-06-20,Raipur,normal,5.4,5.7,8.6,9.4,9.4,8.71,0.2285,0.0022,0.0003
2025-06-20,Jabalpur,normal,10.4,7.1,10.1,11.1,11.1,8.85,0.2683,0.003,0.0004
2025-06-20,Akola,normal,0.2,0.5,1.2,1.3,1.3,4.55,0.052,0.0002,0.0
2025-06-20,Amravati,normal,0.5,1.8,3.3,3.7,3.7,5.3,0.0998,0.0005,0.0001
2025-06-20,Aurangabad,normal,0.9,1.3,2.6,2.9,2.9,4.74,0.0816,0.0004,0.0001
2025-06-20,Bhubaneswar,normal,0.5,7.1,10.2,11.13,11.13,5.85,0.2683,0.003,0.0004
2025-06-20,Mumbai,coastal,11.3,23.9,29.2,35.81,35.81,25.62,0.607,0.0311,0.0023
2025-06-20,Thiruvananthapuram,coastal,4.1,0.0,0.0,0.0,0.0,1.19,0.0397,0.0002,0.0
2025-06-20,Kochi,coastal,6.2,4.3,6.6,8.7,8.7,10.03,0.2128,0.0024,0.0003
2025-06-20,Mangaluru,depression,12.8,33.1,40.82,17.37,100.11,28.83,0.7251,0.0825,0.005
2025-06-20,Panaji,coastal,32.0,27.5,34.0,48.3,48.3,20.98,0.6426,0.0387,0.0027
2025-06-20,Chennai,coastal,0.6,0.0,0.0,0.0,0.0,1.19,0.0397,0.0002,0.0
2025-06-20,Visakhapatnam,coastal,0.0,1.1,2.3,3.0,3.0,4.17,0.087,0.0005,0.0001
2025-06-20,Puri,coastal,1.3,7.2,10.3,12.4,12.4,9.46,0.3065,0.005,0.0005
2025-06-20,Kolkata,coastal,3.9,5.8,8.7,10.7,10.7,9.11,0.2636,0.0037,0.0004
2025-06-20,Surat,coastal,2.3,3.8,5.95,8.04,8.04,9.3,0.1947,0.0021,0.0003
2025-06-20,Mahabaleshwar,orographic,15.7,5.4,8.2,6.2,6.2,12.38,0.212,0.0092,0.0029
2025-06-20,Munnar,orographic,3.5,0.2,0.7,0.2,0.2,2.9,0.0392,0.0006,0.0003
2025-06-20,Madikeri,orographic,7.8,3.3,5.45,3.6,3.6,6.89,0.1467,0.0047,0.0017
2025-06-20,Ooty,orographic,0.7,2.7,4.7,3.1,3.1,4.99,0.1268,0.0037,0.0014
2025-06-20,Lonavala,orographic,10.9,6.4,9.4,7.3,7.3,16.39,0.2406,0.0116,0.0035
2025-06-20,Wayanad,orographic,2.8,0.0,0.0,0.0,0.0,1.04,0.0322,0.0004,0.0002
2025-06-20,Shimla,orographic,6.9,17.7,23.0,23.77,23.77,8.62,0.4738,0.0523,0.0119
2025-06-20,Dehradun,orographic,11.5,23.7,29.1,34.4,34.4,9.93,0.5519,0.0806,0.0171
2025-06-20,Srinagar,orographic,0.0,0.0,0.0,0.0,0.0,0.11,0.0322,0.0004,0.0002
2025-06-20,Gangtok,orographic,15.1,3.9,6.0,4.2,4.2,5.38,0.1661,0.0059,0.002
2025-06-20,Guwahati,orographic,3.5,20.9,26.6,28.3,28.3,13.03,0.5182,0.067,0.0146
2025-06-20,Cherrapunji,orographic,32.5,9.0,12.6,10.4,10.4,12.16,0.3079,0.0191,0.0052
2025-06-20,Imphal,orographic,4.4,3.4,5.5,3.6,3.6,5.43,0.15,0.0049,0.0018
2025-06-20,Agartala,orographic,5.9,5.1,7.8,5.7,5.7,5.18,0.2031,0.0085,0.0027
2025-06-20,Lucknow,normal,8.7,0.3,0.9,1.0,1.0,3.15,0.0446,0.0001,0.0
2025-06-20,Patna,normal,14.6,10.0,13.7,15.2,15.2,7.48,0.3411,0.005,0.0007
2025-06-20,Varanasi,normal,19.7,3.8,5.95,6.9,6.9,7.63,0.169,0.0013,0.0002
2025-06-20,Delhi,normal,1.2,1.8,3.26,3.65,3.65,5.42,0.0998,0.0005,0.0001
2025-06-20,Kanpur,normal,20.5,3.9,6.0,7.0,7.0,5.45,0.1723,0.0013,0.0002
2025-06-20,Ranchi,normal,39.0,20.8,26.4,28.3,28.3,16.48,0.528,0.0155,0.0017
2025-06-20,Jodhpur,normal,9.2,3.4,5.6,6.2,6.2,2.69,0.1557,0.0011,0.0002
2025-06-20,Bikaner,normal,0.0,3.1,5.2,5.9,5.9,3.01,0.1455,0.001,0.0002
2025-06-20,Jaisalmer,normal,0.4,0.0,0.0,0.0,0.0,0.13,0.0336,0.0001,0.0
2025-06-20,Hyderabad,normal,0.2,0.1,0.5,0.5,0.5,1.44,0.0373,0.0001,0.0
2025-06-20,Bengaluru,normal,0.5,0.0,0.0,0.0,0.0,0.97,0.0336,0.0001,0.0
2025-06-20,Pune,normal,2.5,0.2,0.7,0.7,0.7,4.05,0.0409,0.0001,0.0
2025-06-20,Kurnool,normal,3.3,0.4,1.1,1.1,1.1,2.39,0.0483,0.0002,0.0
2025-06-20,Madurai,normal,1.3,0.0,0.0,0.0,0.0,0.97,0.0336,0.0001,0.0
2025-06-21,Nagpur,normal,15.8,1.1,2.3,2.5,2.5,4.0,0.0742,0.0003,0.0001
2025-06-21,Bhopal,normal,16.0,6.0,8.8,9.73,9.73,8.29,0.2373,0.0024,0.0004
2025-06-21,Raipur,normal,0.0,0.1,0.5,0.5,0.5,2.8,0.0373,0.0001,0.0
2025-06-21,Jabalpur,normal,7.2,4.6,7.0,7.9,7.9,7.9,0.1948,0.0016,0.0003
2025-06-21,Akola,normal,0.7,2.0,3.6,4.1,4.1,3.29,0.107,0.0006,0.0001
2025-06-21,Amravati,normal,1.4,1.6,3.0,3.4,3.4,3.22,0.0925,0.0005,0.0001
2025-06-21,Aurangabad,normal,1.9,1.7,3.2,3.5,3.5,3.22,0.0962,0.0005,0.0001
2025-06-21,Bhubaneswar,normal,1.0,0.2,0.7,0.7,0.7,3.32,0.0409,0.0001,0.0
2025-06-21,Mumbai,coastal,10.0,6.3,9.1,11.2,11.2,12.31,0.2794,0.0041,0.0005
2025-06-21,Thiruvananthapuram,coastal,2.3,0.0,0.0,0.0,0.0,0.88,0.0397,0.0002,0.0
2025-06-21,Kochi,coastal,5.5,2.7,4.7,5.9,5.9,7.12,0.1528,0.0013,0.0002
2025-06-21,Mangaluru,coastal,20.2,18.2,23.4,26.8,26.8,17.58,0.5354,0.0204,0.0016
2025-06-21,Panaji,depression,14.8,32.4,39.3,15.88,80.21,22.74,0.7204,0.08,0.0049
2025-06-21,Chennai,coastal,0.5,0.0,0.0,0.0,0.0,0.88,0.0397,0.0002,0.0
2025-06-21,Visakhapatnam,coastal,3.1,0.4,1.1,1.7,1.7,3.56,0.0569,0.0003,0.0001
2025-06-21,Puri,coastal,2.8,0.3,0.9,1.6,1.6,3.92,0.0526,0.0002,0.0
2025-06-21,Kolkata,coastal,3.0,0.7,1.62,2.4,2.4,5.27,0.0699,0.0004,0.0001
2025-06-21,Surat,coastal,8.5,7.4,10.4,12.5,12.5,10.53,0.3123,0.0052,0.0005
2025-06-21,Mahabaleshwar,orographic,16.6,6.6,9.6,7.5,7.5,12.54,0.2462,0.0122,0.0036
2025-06-21,Munnar,orographic,2.9,0.1,0.5,0.1,0.1,1.46,0.0357,0.0005,0.0003
2025-06-21,Madikeri,orographic,10.1,4.4,6.8,4.8,4.8,8.76,0.1818,0.0069,0.0023
2025-06-21,Ooty,orographic,0.7,1.6,3.0,1.8,1.8,5.34,0.0889,0.0021,0.0009
2025-06-21,Lonavala,orographic,12.2,8.1,11.4,9.3,9.3,12.34,0.2857,0.0163,0.0046
2025-06-21,Wayanad,orographic,4.9,0.0,0.0,0.0,0.0,0.75,0.0322,0.0004,0.0002
2025-06-21,Shimla,orographic,7.2,9.9,13.6,11.4,11.4,8.05,0.329,0.0219,0.0059
2025-06-21,Dehradun,orographic,0.8,4.5,6.9,4.96,4.96,5.98,0.1849,0.0071,0.0024
2025-06-21,Srinagar,orographic,0.0,0.4,1.1,0.4,0.4,0.74,0.0463,0.0007,0.0004
2025-06-21,Gangtok,orographic,9.4,5.0,7.64,5.6,5.6,4.61,0.2001,0.0082,0.0027
2025-06-21,Guwahati,orographic,43.3,34.8,43.26,56.04,56.04,18.18,0.6517,0.14,0.0277
2025-06-21,Cherrapunji,orographic,19.0,25.0,30.71,36.61,36.61,12.75,0.5662,0.0872,0.0183
2025-06-21,Imphal,orographic,13.5,26.1,32.16,38.51,38.51,11.4,0.5776,0.0928,0.0193
2025-06-21,Agartala,orographic,19.7,1.5,2.9,1.7,1.7,3.64,0.0854,0.0019,0.0008
2025-06-21,Lucknow,normal,2.4,11.6,15.4,17.1,17.1,6.77,0.3763,0.0063,0.0008
2025-06-21,Patna,normal,8.3,11.1,15.0,16.4,16.4,8.57,0.3656,0.0059,0.0008
2025-06-21,Varanasi,normal,7.0,35.1,43.7,44.91,44.91,14.13,0.6638,0.0352,0.0032
2025-06-21,Delhi,normal,1.6,0.3,0.9,1.0,1.0,2.2,0.0446,0.0001,0.0
2025-06-21,Kanpur,normal,0.2,12.6,16.6,18.9,18.9,8.04,0.3967,0.0071,0.0009
2025-06-21,Ranchi,normal,6.7,5.8,8.6,9.5,9.5,8.56,0.2315,0.0023,0.0004
2025-06-21,Jodhpur,normal,28.1,4.1,6.3,7.29,7.29,4.21,0.1788,0.0014,0.0002
2025-06-21,Bikaner,normal,18.7,0.3,0.9,1.0,1.0,1.5,0.0446,0.0001,0.0
2025-06-21,Jaisalmer,normal,0.3,0.0,0.0,0.0,0.0,0.0,0.0336,0.0001,0.0
2025-06-21,Hyderabad,normal,0.3,0.0,0.0,0.0,0.0,0.67,0.0336,0.0001,0.0
2025-06-21,Bengaluru,normal,0.2,0.0,0.0,0.0,0.0,0.67,0.0336,0.0001,0.0
2025-06-21,Pune,normal,3.6,0.5,1.2,1.3,1.3,2.23,0.052,0.0002,0.0
2025-06-21,Kurnool,normal,0.5,0.8,1.8,2.0,2.0,2.98,0.0631,0.0002,0.0001
2025-06-21,Madurai,normal,0.4,0.0,0.0,0.0,0.0,0.67,0.0336,0.0001,0.0
2025-06-22,Nagpur,normal,11.5,4.2,6.5,7.4,7.4,4.7,0.1821,0.0014,0.0002
2025-06-22,Bhopal,normal,26.1,0.4,1.1,1.1,1.1,4.16,0.0483,0.0002,0.0
2025-06-22,Raipur,normal,15.6,1.4,2.8,3.1,3.1,1.79,0.0852,0.0004,0.0001
2025-06-22,Jabalpur,normal,7.7,1.7,3.2,3.5,3.5,4.36,0.0962,0.0005,0.0001
2025-06-22,Akola,normal,0.7,0.2,0.7,0.7,0.7,2.41,0.0409,0.0001,0.0
2025-06-22,Amravati,normal,7.2,2.6,4.6,5.2,5.2,4.06,0.1283,0.0008,0.0002
2025-06-22,Aurangabad,normal,0.2,0.0,0.0,0.0,0.0,1.87,0.0336,0.0001,0.0
2025-06-22,Bhubaneswar,normal,3.5,2.9,4.9,5.5,5.5,3.53,0.1387,0.0009,0.0002
2025-06-22,Mumbai,coastal,15.8,9.9,13.6,15.3,15.3,13.1,0.3785,0.008,0.0008
2025-06-22,Thiruvananthapuram,coastal,7.3,0.6,1.5,2.2,2.2,2.73,0.0655,0.0003,0.0001
2025-06-22,Kochi,coastal,12.6,6.0,8.8,10.8,10.8,9.69,0.27,0.0039,0.0004
2025-06-22,Mangaluru,depression,40.2,45.3,57.6,44.56,100.11,30.03,0.7883,0.1302,0.0075
2025-06-22,Panaji,depression,14.8,35.1,43.7,19.47,100.11,26.8,0.7377,0.09,0.0054
2025-06-22,Chennai,coastal,1.6,2.2,3.9,5.4,5.4,3.51,0.1328,0.0011,0.0002
2025-06-22,Visakhapatnam,coastal,2.0,0.6,1.4,2.1,2.1,3.67,0.0655,0.0003,0.0001
2025-06-22,Puri,coastal,1.5,3.2,5.3,6.75,6.75,6.52,0.1722,0.0017,0.0002
2025-06-22,Kolkata,coastal,28.2,2.8,4.8,6.1,6.1,5.94,0.1567,0.0014,0.0002
2025-06-22,Surat,coastal,12.6,19.8,25.2,28.91,28.91,18.4,0.5577,0.0233,0.0018
2025-06-22,Mahabaleshwar,orographic,19.4,6.6,9.6,7.5,7.5,13.39,0.2462,0.0122,0.0036
2025-06-22,Munnar,orographic,11.4,0.0,0.0,0.0,0.0,0.86,0.0322,0.0004,0.0002
2025-06-22,Madikeri,orographic,14.7,10.9,14.7,12.7,12.7,11.43,0.3511,0.0253,0.0066
2025-06-22,Ooty,orographic,1.0,0.6,1.5,0.7,0.7,4.12,0.0534,0.0009,0.0005
2025-06-22,Lonavala,orographic,15.7,7.9,11.1,9.1,9.1,12.87,0.2806,0.0158,0.0045
2025-06-22,Wayanad,orographic,9.6,5.2,8.0,5.8,5.8,6.6,0.2061,0.0087,0.0028
2025-06-22,Shimla,orographic,2.9,18.4,23.6,25.03,25.03,12.91,0.4841,0.0554,0.0125
2025-06-22,Dehradun,orographic,3.1,17.5,22.8,23.6,23.6,10.54,0.4708,0.0514,0.0117
2025-06-22,Srinagar,orographic,0.5,1.5,2.9,1.7,1.7,1.68,0.0854,0.0019,0.0008
2025-06-22,Gangtok,orographic,6.5,36.7,46.11,59.33,59.33,16.18,0.6648,0.1507,0.0296
2025-06-22,Guwahati,orographic,13.8,44.8,57.01,68.7,68.7,33.46,0.7118,0.197,0.038
2025-06-22,Cherrapunji,orographic,21.9,18.7,23.81,25.57,25.57,14.29,0.4884,0.0567,0.0127
2025-06-22,Imphal,orographic,13.2,19.8,25.2,26.83,26.83,14.29,0.5037,0.0618,0.0137
2025-06-22,Agartala,orographic,0.9,9.4,13.0,10.7,10.7,5.75,0.3174,0.0203,0.0055
2025-06-22,Lucknow,normal,4.9,0.3,0.9,1.0,1.0,3.3,0.0446,0.0001,0.0
2025-06-22,Patna,normal,5.3,1.0,2.1,2.4,2.4,4.88,0.0705,0.0003,0.0001
2025-06-22,Varanasi,normal,3.1,0.4,1.1,1.1,1.1,4.44,0.0483,0.0002,0.0
2025-06-22,Delhi,normal,0.8,6.4,9.4,10.2,10.2,6.65,0.2488,0.0026,0.0004
2025-06-22,Kanpur,normal,14.6,3.4,5.5,6.1,6.1,7.56,0.1557,0.0011,0.0002
2025-06-22,Ranchi,normal,4.0,6.4,9.4,10.2,10.2,8.92,0.2488,0.0026,0.0004
2025-06-22,Jodhpur,normal,0.6,0.4,1.1,1.1,1.1,2.29,0.0483,0.0002,0.0
2025-06-22,Bikaner,normal,0.0,0.0,0.0,0.0,0.0,0.44,0.0336,0.0001,0.0
2025-06-22,Jaisalmer,normal,0.0,0.1,0.5,0.5,0.5,0.33,0.0373,0.0001,0.0
2025-06-22,Hyderabad,normal,1.0,0.0,0.0,0.0,0.0,0.76,0.0336,0.0001,0.0
2025-06-22,Bengaluru,normal,1.5,0.1,0.5,0.5,0.5,1.19,0.0373,0.0001,0.0
2025-06-22,Pune,normal,2.4,0.5,1.2,1.3,1.3,2.93,0.052,0.0002,0.0
2025-06-22,Kurnool,normal,0.1,1.3,2.6,2.9,2.9,3.58,0.0816,0.0004,0.0001
2025-06-22,Madurai,normal,0.2,0.0,0.0,0.0,0.0,0.76,0.0336,0.0001,0.0
2025-06-23,Nagpur,normal,11.5,0.5,1.2,1.3,1.2,3.7,0.052,0.0002,0.0
2025-06-23,Bhopal,normal,27.5,1.5,2.9,3.3,2.9,2.99,0.0889,0.0004,0.0001
2025-06-23,Raipur,normal,5.4,7.2,10.3,11.4,10.3,5.95,0.2711,0.0031,0.0005
2025-06-23,Jabalpur,normal,8.4,0.6,1.5,1.6,1.5,2.86,0.0557,0.0002,0.0001
2025-06-23,Akola,normal,17.0,0.0,0.0,0.0,0.0,0.83,0.0336,0.0001,0.0
2025-06-23,Amravati,normal,18.7,0.1,0.5,0.5,0.5,2.25,0.0373,0.0001,0.0
2025-06-23,Aurangabad,normal,3.4,0.0,0.0,0.0,0.0,0.57,0.0336,0.0001,0.0
2025-06-23,Bhubaneswar,normal,19.3,0.8,1.8,2.0,1.8,3.5,0.0631,0.0002,0.0001
2025-06-23,Mumbai,coastal,51.2,13.6,17.9,19.7,19.7,16.14,0.4584,0.013,0.0011
2025-06-23,Thiruvananthapuram,coastal,3.0,0.0,0.0,0.0,0.0,1.54,0.0397,0.0002,0.0
2025-06-23,Kochi,coastal,6.5,2.7,4.7,5.9,5.9,7.63,0.1528,0.0013,0.0002
2025-06-23,Mangaluru,depression,25.4,30.1,36.6,11.17,65.83,27.53,0.704,0.0716,0.0045
2025-06-23,Panaji,depression,41.8,33.9,41.9,17.94,100.11,30.41,0.7303,0.0855,0.0052
2025-06-23,Chennai,coastal,0.0,1.4,2.8,3.9,3.9,3.99,0.0997,0.0007,0.0001
2025-06-23,Visakhapatnam,coastal,22.3,2.2,3.9,5.4,5.4,4.46,0.1328,0.0011,0.0002
2025-06-23,Puri,coastal,5.9,1.3,2.6,3.6,3.6,5.02,0.0955,0.0006,0.0001
2025-06-23,Kolkata,coastal,14.2,0.6,1.4,2.1,2.1,4.59,0.0655,0.0003,0.0001
2025-06-23,Surat,coastal,53.0,13.2,17.3,19.3,19.3,16.13,0.4507,0.0125,0.0011
2025-06-23,Mahabaleshwar,orographic,36.5,6.3,9.1,7.1,7.1,12.23,0.2379,0.0114,0.0035
2025-06-23,Munnar,orographic,7.1,0.0,0.0,0.0,0.0,0.83,0.0322,0.0004,0.0002
2025-06-23,Madikeri,orographic,9.0,13.9,18.4,17.4,17.4,15.76,0.4108,0.0364,0.0088
2025-06-23,Ooty,orographic,1.1,0.0,0.0,0.0,0.0,1.51,0.0322,0.0004,0.0002
2025-06-23,Lonavala,orographic,35.3,12.1,16.0,14.1,14.1,14.02,0.3762,0.0296,0.0075
2025-06-23,Wayanad,orographic,6.2,0.0,0.0,0.0,0.0,2.99,0.0322,0.0004,0.0002
2025-06-23,Shimla,orographic,3.9,9.9,13.6,11.4,11.4,8.34,0.329,0.0219,0.0059
2025-06-23,Dehradun,orographic,6.2,25.1,30.86,36.7,36.7,12.96,0.5672,0.0877,0.0184
2025-06-23,Srinagar,orographic,0.7,0.2,0.7,0.2,0.2,1.12,0.0392,0.0006,0.0003
2025-06-23,Gangtok,orographic,20.5,23.4,28.9,34.05,34.05,17.44,0.5485,0.0791,0.0168
2025-06-23,Guwahati,orographic,31.9,57.1,68.7,78.65,78.65,44.15,0.7635,0.2672,0.0513
2025-06-23,Cherrapunji,orographic,20.1,15.1,19.5,19.4,19.4,11.13,0.432,0.0412,0.0098
2025-06-23,Imphal,orographic,16.7,27.0,33.4,40.31,40.31,15.31,0.5866,0.0975,0.0201
2025-06-23,Agartala,orographic,9.7,8.0,11.3,9.2,9.2,7.87,0.2832,0.016,0.0045
2025-06-23,Lucknow,normal,3.0,0.3,0.9,1.0,0.9,2.02,0.0446,0.0001,0.0
2025-06-23,Patna,normal,17.5,3.8,5.95,6.9,5.95,5.25,0.169,0.0013,0.0002
2025-06-23,Varanasi,normal,10.0,0.0,0.0,0.0,0.0,0.88,0.0336,0.0001,0.0
2025-06-23,Delhi,normal,0.1,0.9,1.9,2.1,1.9,4.71,0.0668,0.0003,0.0001
2025-06-23,Kanpur,normal,1.7,11.8,15.7,17.5,15.7,7.85,0.3804,0.0064,0.0008
2025-06-23,Ranchi,normal,4.8,9.1,12.8,14.12,12.8,8.9,0.3198,0.0044,0.0006
2025-06-23,Jodhpur,normal,3.4,0.2,0.7,0.7,0.7,0.79,0.0409,0.0001,0.0
2025-06-23,Bikaner,normal,0.0,0.3,0.9,1.0,0.9,0.6,0.0446,0.0001,0.0
2025-06-23,Jaisalmer,normal,0.0,0.0,0.0,0.0,0.0,0.0,0.0336,0.0001,0.0
2025-06-23,Hyderabad,normal,0.5,0.0,0.0,0.0,0.0,0.71,0.0336,0.0001,0.0
2025-06-23,Bengaluru,normal,1.1,0.0,0.0,0.0,0.0,0.71,0.0336,0.0001,0.0
2025-06-23,Pune,normal,7.8,1.5,2.9,3.2,2.9,3.44,0.0889,0.0004,0.0001
2025-06-23,Kurnool,normal,1.4,0.2,0.7,0.7,0.7,2.52,0.0409,0.0001,0.0
2025-06-23,Madurai,normal,0.0,3.5,5.6,6.3,5.6,4.04,0.1591,0.0011,0.0002
2025-06-24,Nagpur,active,17.3,12.8,16.7,16.7,16.7,10.4,0.4876,0.0121,0.0068
2025-06-24,Bhopal,depression,15.1,66.7,78.0,69.01,78.0,23.88,0.851,0.22,0.0124
2025-06-24,Raipur,active,26.6,19.1,24.5,24.5,24.5,16.37,0.5925,0.0225,0.0111
2025-06-24,Jabalpur,active,22.5,17.0,22.1,22.1,22.1,12.38,0.5621,0.0188,0.0096
2025-06-24,Akola,active,17.3,26.2,32.3,32.3,32.3,12.83,0.6715,0.0367,0.0165
2025-06-24,Amravati,active,5.0,23.7,29.1,29.1,29.1,12.83,0.6471,0.0314,0.0146
2025-06-24,Aurangabad,active,3.2,0.2,0.7,0.7,0.7,2.07,0.0573,0.0002,0.0003
2025-06-24,Bhubaneswar,active,18.0,1.0,2.1,2.1,2.1,4.05,0.0975,0.0005,0.0005
2025-06-24,Mumbai,coastal,26.7,20.2,25.7,29.71,29.71,21.44,0.563,0.024,0.0018
2025-06-24,Thiruvananthapuram,coastal,11.7,2.8,4.8,6.1,6.1,4.81,0.1567,0.0014,0.0002
2025-06-24,Kochi,coastal,7.6,15.4,19.9,22.2,22.2,15.34,0.4911,0.0158,0.0013
2025-06-24,Mangaluru,depression,23.9,24.4,29.91,5.28,37.21,22.12,0.6544,0.0522,0.0034
2025-06-24,Panaji,depression,31.3,37.6,47.6,26.91,100.11,33.34,0.7521,0.0996,0.0059
2025-06-24,Chennai,coastal,0.1,0.0,0.0,0.0,0.0,2.11,0.0397,0.0002,0.0
2025-06-24,Visakhapatnam,coastal,17.4,0.1,0.5,1.1,1.1,2.53,0.044,0.0002,0.0
2025-06-24,Puri,coastal,17.3,0.6,1.5,2.2,2.2,3.77,0.0655,0.0003,0.0001
2025-06-24,Kolkata,coastal,1.8,3.7,5.9,8.0,8.0,6.21,0.191,0.002,0.0003
2025-06-24,Surat,depression,33.1,28.6,35.1,10.16,50.21,24.34,0.6922,0.0663,0.0042
2025-06-24,Mahabaleshwar,orographic,52.2,13.2,17.3,15.7,15.7,19.26,0.3977,0.0337,0.0083
2025-06-24,Munnar,orographic,28.6,0.0,0.0,0.0,0.0,0.97,0.0322,0.0004,0.0002
2025-06-24,Madikeri,orographic,19.0,10.6,14.3,12.33,12.33,17.21,0.3446,0.0243,0.0064
2025-06-24,Ooty,orographic,1.9,0.0,0.0,0.0,0.0,0.97,0.0322,0.0004,0.0002
2025-06-24,Lonavala,orographic,39.7,14.3,18.82,18.1,18.1,18.72,0.418,0.038,0.0091
2025-06-24,Wayanad,orographic,11.5,0.0,0.0,0.0,0.0,0.97,0.0322,0.0004,0.0002
2025-06-24,Shimla,orographic,5.6,8.9,12.5,10.3,10.3,8.26,0.3055,0.0188,0.0052
2025-06-24,Dehradun,orographic,5.4,8.1,11.4,9.3,9.3,9.69,0.2857,0.0163,0.0046
2025-06-24,Srinagar,orographic,0.0,0.1,0.5,0.1,0.1,0.45,0.0357,0.0005,0.0003
2025-06-24,Gangtok,orographic,14.4,15.6,20.27,20.4,20.4,13.89,0.4405,0.0433,0.0102
2025-06-24,Guwahati,orographic,19.7,66.9,78.0,86.91,86.91,56.3,0.7937,0.321,0.0624
2025-06-24,Cherrapunji,orographic,11.1,16.3,21.0,21.4,21.4,14.55,0.452,0.0462,0.0107
2025-06-24,Imphal,orographic,16.4,13.4,17.6,16.1,16.1,15.04,0.4015,0.0345,0.0084
2025-06-24,Agartala,orographic,3.0,7.5,10.5,8.5,8.5,8.93,0.2703,0.0146,0.0042
2025-06-24,Lucknow,active,0.9,0.2,0.7,0.7,0.7,2.23,0.0573,0.0002,0.0003
2025-06-24,Patna,active,3.8,8.0,11.3,11.3,11.3,9.28,0.3703,0.006,0.0039
2025-06-24,Varanasi,active,4.7,1.7,3.2,3.2,3.2,3.13,0.1316,0.0008,0.0008
2025-06-24,Delhi,active,1.1,2.0,3.6,3.6,3.6,4.48,0.1457,0.001,0.0009
2025-06-24,Kanpur,active,5.3,1.4,2.8,2.8,2.8,5.45,0.1171,0.0007,0.0007
2025-06-24,Ranchi,active,15.3,20.2,25.7,25.7,25.7,15.88,0.6069,0.0245,0.0119
2025-06-24,Jodhpur,active,0.0,1.2,2.4,2.4,2.4,1.43,0.1074,0.0006,0.0006
2025-06-24,Bikaner,active,1.2,0.1,0.5,0.5,0.5,0.52,0.0522,0.0002,0.0002
2025-06-24,Jaisalmer,active,0.0,0.0,0.0,0.0,0.0,0.16,0.0472,0.0002,0.0002
2025-06-24,Hyderabad,active,12.4,0.0,0.0,0.0,0.0,1.03,0.0472,0.0002,0.0002
2025-06-24,Bengaluru,active,0.9,0.0,0.0,0.0,0.0,1.03,0.0472,0.0002,0.0002
2025-06-24,Pune,active,15.7,1.6,3.0,3.0,3.0,3.92,0.1268,0.0008,0.0007
2025-06-24,Kurnool,active,1.1,0.0,0.0,0.0,0.0,1.21,0.0472,0.0002,0.0002
2025-06-24,Madurai,active,0.1,0.0,0.0,0.0,0.0,2.62,0.0472,0.0002,0.0002
2025-06-25,Nagpur,normal,20.5,2.0,3.6,4.1,3.6,6.59,0.107,0.0006,0.0001
2025-06-25,Bhopal,normal,23.2,8.8,12.4,13.8,12.4,16.24,0.3125,0.0041,0.0006
2025-06-25,Raipur,normal,12.5,5.9,8.7,9.6,8.7,11.14,0.2344,0.0023,0.0004
2025-06-25,Jabalpur,depression,4.6,46.1,57.95,46.14,57.95,26.99,0.7915,0.1335,0.0077
2025-06-25,Akola,normal,11.1,2.8,4.8,5.4,0.2,8.09,0.1352,0.0009,0.0002
2025-06-25,Amravati,normal,12.5,0.9,2.0,2.2,2.0,6.31,0.0668,0.0003,0.0001
2025-06-25,Aurangabad,normal,13.3,0.6,1.5,1.6,1.5,3.36,0.0557,0.0002,0.0001
2025-06-25,Bhubaneswar,normal,31.3,13.7,18.1,19.9,18.1,10.78,0.4178,0.0081,0.001
2025-06-25,Mumbai,coastal,10.0,6.6,9.6,11.68,11.68,12.61,0.2886,0.0044,0.0005
2025-06-25,Thiruvananthapuram,coastal,24.0,16.8,21.7,24.4,24.4,15.61,0.5141,0.018,0.0015
2025-06-25,Kochi,depression,26.7,33.2,41.21,17.62,100.11,25.18,0.7258,0.0829,0.0051
2025-06-25,Mangaluru,depression,39.9,39.7,50.31,31.9,100.11,29.27,0.763,0.1078,0.0064
2025-06-25,Panaji,depression,9.2,42.3,53.6,38.78,100.11,39.11,0.7754,0.1181,0.0069
2025-06-25,Chennai,coastal,0.5,0.0,0.0,0.0,0.0,1.18,0.0397,0.0002,0.0
2025-06-25,Visakhapatnam,coastal,44.9,1.1,2.3,3.0,3.0,3.21,0.087,0.0005,0.0001
2025-06-25,Puri,coastal,38.9,0.7,1.62,2.4,0.2,3.77,0.0699,0.0004,0.0001
2025-06-25,Kolkata,coastal,17.0,4.4,6.8,8.8,8.8,8.59,0.2164,0.0025,0.0003
2025-06-25,Surat,coastal,25.1,17.7,23.0,25.76,25.76,19.36,0.528,0.0196,0.0016
2025-06-25,Mahabaleshwar,orographic,35.3,4.8,7.4,5.3,5.3,12.12,0.1941,0.0078,0.0025
2025-06-25,Munnar,orographic,42.7,2.3,4.2,2.7,2.7,4.48,0.1132,0.0031,0.0012
2025-06-25,Madikeri,orographic,18.5,11.6,15.4,13.58,13.58,14.8,0.3659,0.0278,0.0071
2025-06-25,Ooty,orographic,1.6,0.6,1.5,0.7,0.7,3.03,0.0534,0.0009,0.0005
2025-06-25,Lonavala,orographic,20.3,9.2,12.8,10.5,10.5,15.61,0.3127,0.0197,0.0054
2025-06-25,Wayanad,orographic,9.7,1.7,3.2,1.9,1.9,3.55,0.0924,0.0022,0.0009
2025-06-25,Shimla,orographic,16.8,13.1,17.2,15.63,15.63,11.07,0.3958,0.0333,0.0082
2025-06-25,Dehradun,orographic,13.8,3.5,5.6,3.8,3.8,4.48,0.1532,0.0051,0.0018
2025-06-25,Srinagar,orographic,2.8,11.1,15.0,12.8,12.8,5.79,0.3554,0.026,0.0067
2025-06-25,Gangtok,orographic,17.9,9.7,13.4,11.3,11.3,9.1,0.3244,0.0213,0.0057
2025-06-25,Guwahati,orographic,14.3,16.5,21.3,21.74,21.74,21.44,0.4552,0.0471,0.0109
2025-06-25,Cherrapunji,orographic,17.5,21.4,27.0,28.91,28.91,15.2,0.5246,0.0693,0.0151
2025-06-25,Imphal,orographic,13.3,28.9,35.4,43.92,43.92,18.31,0.6044,0.1076,0.0219
2025-06-25,Agartala,orographic,4.9,13.0,17.1,15.3,15.3,11.17,0.3939,0.0329,0.0081
2025-06-25,Lucknow,normal,1.4,0.1,0.5,0.5,0.5,1.37,0.0373,0.0001,0.0
2025-06-25,Patna,normal,1.4,0.2,0.7,0.7,0.7,3.24,0.0409,0.0001,0.0
2025-06-25,Varanasi,normal,10.7,9.5,13.1,14.7,13.1,8.1,0.3294,0.0046,0.0006
2025-06-25,Delhi,normal,12.9,0.1,0.5,0.5,0.5,2.15,0.0373,0.0001,0.0
2025-06-25,Kanpur,normal,2.4,0.1,0.5,0.5,0.5,2.15,0.0373,0.0001,0.0
2025-06-25,Ranchi,normal,7.0,17.4,22.6,24.5,22.6,14.63,0.4803,0.0117,0.0013
2025-06-25,Jodhpur,normal,18.0,1.1,2.3,2.5,2.3,1.89,0.0742,0.0003,0.0001
2025-06-25,Bikaner,normal,12.4,6.7,9.7,10.6,9.7,5.46,0.2573,0.0028,0.0004
2025-06-25,Jaisalmer,normal,1.1,0.6,1.5,1.6,1.5,1.21,0.0557,0.0002,0.0001
2025-06-25,Hyderabad,normal,7.2,0.7,1.62,1.8,1.62,2.76,0.0594,0.0002,0.0001
2025-06-25,Bengaluru,normal,8.6,0.0,0.0,0.0,0.0,1.07,0.0336,0.0001,0.0
2025-06-25,Pune,normal,3.4,0.8,1.8,2.0,1.8,3.86,0.0631,0.0002,0.0001
2025-06-25,Kurnool,normal,3.2,0.5,1.2,1.3,1.2,2.56,0.052,0.0002,0.0
2025-06-25,Madurai,normal,1.6,0.0,0.0,0.0,0.0,1.07,0.0336,0.0001,0.0
2025-06-26,Nagpur,active,15.8,18.6,23.7,23.7,23.7,13.14,0.5856,0.0216,0.0108
2025-06-26,Bhopal,depression,17.6,70.2,80.4,71.86,80.4,25.37,0.8581,0.2347,0.0133
2025-06-26,Raipur,active,20.1,5.6,8.5,8.5,8.5,10.09,0.2931,0.0036,0.0026
2025-06-26,Jabalpur,depression,32.2,49.6,61.75,51.71,61.75,39.86,0.8045,0.1479,0.0085
2025-06-26,Akola,active,66.7,17.9,23.1,23.1,2.0,11.43,0.5756,0.0203,0.0103
2025-06-26,Amravati,active,19.0,18.9,24.2,24.2,24.2,13.2,0.5897,0.0221,0.011
2025-06-26,Aurangabad,active,23.0,1.3,2.6,2.6,2.6,3.99,0.1123,0.0006,0.0006
2025-06-26,Bhubaneswar,active,18.4,9.1,12.8,12.8,12.8,11.06,0.4011,0.0073,0.0045
2025-06-26,Mumbai,coastal,25.0,8.1,11.4,13.5,13.5,12.65,0.332,0.006,0.0006
2025-06-26,Thiruvananthapuram,coastal,13.2,0.4,1.1,1.7,1.7,5.13,0.0569,0.0003,0.0001
2025-06-26,Kochi,coastal,41.1,14.6,19.2,21.3,21.3,18.21,0.477,0.0145,0.0012
2025-06-26,Mangaluru,depression,34.1,40.3,50.91,33.19,100.11,38.1,0.766,0.1102,0.0065
2025-06-26,Panaji,depression,7.9,23.4,28.9,4.48,35.51,25.02,0.6441,0.049,0.0032
2025-06-26,Chennai,coastal,0.5,0.0,0.0,0.0,0.0,1.15,0.0397,0.0002,0.0
2025-06-26,Visakhapatnam,coastal,22.3,0.6,1.4,2.1,2.1,3.99,0.0655,0.0003,0.0001
2025-06-26,Puri,coastal,10.2,2.3,4.1,5.6,5.6,5.07,0.1368,0.0011,0.0002
2025-06-26,Kolkata,coastal,7.7,10.3,14.0,15.84,15.84,11.21,0.3881,0.0085,0.0008
2025-06-26,Surat,coastal,33.1,10.3,14.0,15.84,15.84,13.6,0.3881,0.0085,0.0008
2025-06-26,Mahabaleshwar,orographic,33.8,4.7,7.2,5.2,5.2,8.86,0.1911,0.0076,0.0025
2025-06-26,Munnar,orographic,44.6,1.6,3.0,1.8,1.8,5.25,0.0889,0.0021,0.0009
2025-06-26,Madikeri,orographic,15.2,6.2,9.0,7.0,7.0,11.93,0.235,0.0111,0.0034
2025-06-26,Ooty,orographic,2.9,0.0,0.0,0.0,0.0,1.61,0.0322,0.0004,0.0002
2025-06-26,Lonavala,orographic,23.7,7.5,10.5,8.5,8.5,13.54,0.2703,0.0146,0.0042
2025-06-26,Wayanad,orographic,16.0,0.5,1.2,0.6,0.6,3.92,0.0499,0.0008,0.0004
2025-06-26,Shimla,orographic,3.5,22.8,28.3,32.46,32.46,14.13,0.5416,0.0762,0.0163
2025-06-26,Dehradun,orographic,0.4,3.6,5.8,3.9,3.9,4.27,0.1565,0.0053,0.0019
2025-06-26,Srinagar,orographic,3.8,10.0,13.7,11.5,11.5,7.71,0.3312,0.0223,0.0059
2025-06-26,Gangtok,orographic,14.4,12.4,16.4,14.4,14.4,9.94,0.3822,0.0307,0.0077
2025-06-26,Guwahati,orographic,3.4,22.9,28.3,32.54,32.54,14.95,0.5428,0.0767,0.0164
2025-06-26,Cherrapunji,orographic,8.0,92.5,94.25,105.4,105.4,29.44,0.8466,0.4462,0.0923
2025-06-26,Imphal,orographic,6.6,34.4,42.66,54.27,54.27,22.63,0.6488,0.1377,0.0273
2025-06-26,Agartala,orographic,15.4,1.7,3.2,1.9,1.9,4.27,0.0924,0.0022,0.0009
2025-06-26,Lucknow,active,0.5,0.2,0.7,0.7,0.7,1.71,0.0573,0.0002,0.0003
2025-06-26,Patna,active,1.6,0.0,0.0,0.0,0.0,1.0,0.0472,0.0002,0.0002
2025-06-26,Varanasi,active,4.0,4.3,6.6,6.6,6.6,8.87,0.2446,0.0025,0.0019
2025-06-26,Delhi,active,11.5,0.2,0.7,0.7,0.7,1.71,0.0573,0.0002,0.0003
2025-06-26,Kanpur,active,0.4,0.1,0.5,0.5,0.5,1.25,0.0522,0.0002,0.0002
2025-06-26,Ranchi,active,18.5,13.1,17.2,17.2,17.2,13.94,0.4937,0.0126,0.007
2025-06-26,Jodhpur,active,21.6,0.2,0.7,0.7,0.7,1.21,0.0573,0.0002,0.0003
2025-06-26,Bikaner,active,4.6,2.9,4.9,4.9,4.9,3.96,0.1865,0.0015,0.0013
2025-06-26,Jaisalmer,active,24.4,1.0,2.1,2.1,2.1,1.47,0.0975,0.0005,0.0005
2025-06-26,Hyderabad,active,9.8,1.0,2.1,2.1,2.1,3.88,0.0975,0.0005,0.0005
2025-06-26,Bengaluru,active,2.6,0.0,0.0,0.0,0.0,1.12,0.0472,0.0002,0.0002
2025-06-26,Pune,active,4.2,0.4,1.1,1.1,1.1,3.62,0.0674,0.0003,0.0003
2025-06-26,Kurnool,active,0.4,0.2,0.7,0.7,0.7,2.42,0.0573,0.0002,0.0003
2025-06-26,Madurai,active,0.0,0.0,0.0,0.0,0.0,1.12,0.0472,0.0002,0.0002
2025-06-27,Nagpur,normal,3.1,0.2,0.7,0.7,0.7,3.67,0.0409,0.0001,0.0
2025-06-27,Bhopal,normal,2.8,4.7,7.2,8.0,8.0,10.66,0.198,0.0017,0.0003
2025-06-27,Raipur,normal,3.1,3.3,5.45,6.1,6.1,6.75,0.1523,0.0011,0.0002
2025-06-27,Jabalpur,normal,13.3,11.3,15.2,16.6,16.6,12.53,0.3699,0.006,0.0008
2025-06-27,Akola,normal,9.1,4.0,6.2,7.2,7.2,7.47,0.1756,0.0014,0.0002
2025-06-27,Amravati,normal,6.1,2.6,4.6,5.2,5.2,6.19,0.1283,0.0008,0.0002
2025-06-27,Aurangabad,normal,4.0,0.1,0.5,0.5,0.5,2.64,0.0373,0.0001,0.0
2025-06-27,Bhubaneswar,normal,21.0,4.2,6.5,7.4,7.4,7.19,0.1821,0.0014,0.0002
2025-06-27,Mumbai,coastal,13.9,24.3,29.8,36.25,36.25,17.62,0.6113,0.0319,0.0023
2025-06-27,Thiruvananthapuram,coastal,2.3,0.0,0.0,0.0,0.0,1.74,0.0397,0.0002,0.0
2025-06-27,Kochi,coastal,13.8,12.2,16.1,18.0,18.0,13.98,0.4304,0.011,0.001
2025-06-27,Mangaluru,coastal,15.9,22.0,27.4,31.98,31.98,22.9,0.5855,0.0274,0.0021
2025-06-27,Panaji,coastal,11.2,19.1,24.5,28.3,28.3,18.29,0.5482,0.022,0.0017
2025-06-27,Chennai,coastal,0.3,0.0,0.0,0.0,0.0,1.19,0.0397,0.0002,0.0
2025-06-27,Visakhapatnam,coastal,1.7,0.4,1.1,1.7,1.7,3.63,0.0569,0.0003,0.0001
2025-06-27,Puri,coastal,6.8,3.6,5.8,7.6,7.6,7.1,0.1873,0.0019,0.0002
2025-06-27,Kolkata,coastal,19.4,19.7,25.0,28.8,28.8,17.65,0.5564,0.0231,0.0018
2025-06-27,Surat,coastal,13.9,24.9,30.46,37.91,37.91,17.65,0.6175,0.0332,0.0024
2025-06-27,Mahabaleshwar,orographic,32.1,7.0,10.0,8.0,8.0,10.81,0.2571,0.0132,0.0039
2025-06-27,Munnar,orographic,13.6,0.7,1.62,0.9,0.9,4.2,0.057,0.001,0.0005
2025-06-27,Madikeri,orographic,5.2,5.4,8.2,6.2,6.2,10.97,0.212,0.0092,0.0029
2025-06-27,Ooty,orographic,2.0,0.0,0.0,0.0,0.0,1.04,0.0322,0.0004,0.0002
2025-06-27,Lonavala,orographic,21.1,18.4,23.6,25.03,25.03,17.29,0.4841,0.0554,0.0125
2025-06-27,Wayanad,orographic,2.7,0.4,1.1,0.4,0.4,3.47,0.0463,0.0007,0.0004
2025-06-27,Shimla,orographic,5.3,14.7,19.3,18.7,18.7,10.98,0.4251,0.0396,0.0095
2025-06-27,Dehradun,orographic,12.7,12.8,16.7,15.1,15.1,8.0,0.39,0.0322,0.008
2025-06-27,Srinagar,orographic,24.6,12.9,17.0,15.2,15.2,9.14,0.392,0.0326,0.0081
2025-06-27,Gangtok,orographic,3.7,3.9,6.0,4.2,4.2,5.41,0.1661,0.0059,0.002
2025-06-27,Guwahati,orographic,9.0,7.3,10.3,8.3,8.3,8.36,0.2651,0.0141,0.0041
2025-06-27,Cherrapunji,orographic,10.5,12.3,16.3,14.3,14.3,14.41,0.3802,0.0303,0.0076
2025-06-27,Imphal,orographic,4.9,11.2,15.1,13.0,13.0,10.06,0.3575,0.0264,0.0068
2025-06-27,Agartala,orographic,7.2,2.5,4.4,2.9,2.9,3.34,0.12,0.0034,0.0013
2025-06-27,Lucknow,normal,2.0,0.0,0.0,0.0,0.0,0.72,0.0336,0.0001,0.0
2025-06-27,Patna,normal,6.1,0.0,0.0,0.0,0.0,0.53,0.0336,0.0001,0.0
2025-06-27,Varanasi,normal,12.1,1.9,3.4,3.85,3.85,5.04,0.1034,0.0005,0.0001
2025-06-27,Delhi,normal,0.5,0.0,0.0,0.0,0.0,0.72,0.0336,0.0001,0.0
2025-06-27,Kanpur,normal,8.2,0.4,1.1,1.1,1.1,2.07,0.0483,0.0002,0.0
2025-06-27,Ranchi,normal,8.5,15.0,19.5,20.9,20.9,10.89,0.4412,0.0093,0.0011
2025-06-27,Jodhpur,normal,11.6,11.0,14.88,16.2,16.2,5.24,0.3635,0.0058,0.0008
2025-06-27,Bikaner,normal,0.3,0.0,0.0,0.0,0.0,0.79,0.0336,0.0001,0.0
2025-06-27,Jaisalmer,normal,7.5,4.2,6.5,7.4,7.4,3.45,0.1821,0.0014,0.0002
2025-06-27,Hyderabad,normal,1.6,0.0,0.0,0.0,0.0,2.16,0.0336,0.0001,0.0
2025-06-27,Bengaluru,normal,0.6,0.0,0.0,0.0,0.0,0.97,0.0336,0.0001,0.0
2025-06-27,Pune,normal,4.3,1.2,2.5,2.8,2.8,3.37,0.0779,0.0003,0.0001
2025-06-27,Kurnool,normal,0.5,0.0,0.0,0.0,0.0,1.14,0.0336,0.0001,0.0
2025-06-27,Madurai,normal,1.9,0.0,0.0,0.0,0.0,0.97,0.0336,0.0001,0.0
2025-06-28,Nagpur,normal,8.9,0.8,1.8,2.0,2.0,2.1,0.0631,0.0002,0.0001
2025-06-28,Bhopal,normal,7.5,0.1,0.5,0.5,0.5,2.46,0.0373,0.0001,0.0
2025-06-28,Raipur,normal,1.6,2.2,3.9,4.5,4.5,4.36,0.1141,0.0006,0.0001
2025-06-28,Jabalpur,normal,8.3,0.8,1.8,2.0,2.0,4.08,0.0631,0.0002,0.0001
2025-06-28,Akola,normal,3.7,0.0,0.0,0.0,0.0,2.2,0.0336,0.0001,0.0
2025-06-28,Amravati,normal,1.6,0.0,0.0,0.0,0.0,1.83,0.0336,0.0001,0.0
2025-06-28,Aurangabad,normal,1.6,0.0,0.0,0.0,0.0,0.53,0.0336,0.0001,0.0
2025-06-28,Bhubaneswar,normal,7.5,4.0,6.2,7.2,7.2,5.65,0.1756,0.0014,0.0002
2025-06-28,Mumbai,coastal,21.5,10.5,14.3,16.24,16.24,12.65,0.3928,0.0088,0.0008
2025-06-28,Thiruvananthapuram,coastal,9.2,0.0,0.0,0.0,0.0,0.8,0.0397,0.0002,0.0
2025-06-28,Kochi,coastal,17.0,3.0,5.1,6.6,6.6,7.42,0.1645,0.0015,0.0002
2025-06-28,Mangaluru,coastal,17.2,12.3,16.3,18.22,18.22,13.62,0.4325,0.0112,0.001
2025-06-28,Panaji,coastal,18.0,11.6,15.4,17.37,17.37,13.29,0.4176,0.0102,0.0009
2025-06-28,Chennai,coastal,0.5,0.0,0.0,0.0,0.0,0.8,0.0397,0.0002,0.0
2025-06-28,Visakhapatnam,coastal,0.0,0.1,0.5,1.1,1.1,1.85,0.044,0.0002,0.0
2025-06-28,Puri,coastal,4.7,1.5,2.9,4.1,4.1,5.28,0.1039,0.0007,0.0001
2025-06-28,Kolkata,coastal,17.5,1.8,3.26,4.7,4.7,5.79,0.1164,0.0008,0.0001
2025-06-28,Surat,coastal,17.9,11.7,15.5,17.4,17.4,13.76,0.4198,0.0104,0.0009
2025-06-28,Mahabaleshwar,orographic,34.9,10.6,14.3,12.33,12.33,12.02,0.3446,0.0243,0.0064
2025-06-28,Munnar,orographic,9.8,1.2,2.5,1.5,1.5,3.61,0.0748,0.0016,0.0007
2025-06-28,Madikeri,orographic,9.5,3.5,5.6,3.8,3.8,8.25,0.1532,0.0051,0.0018
2025-06-28,Ooty,orographic,3.7,2.5,4.4,2.9,2.9,3.94,0.12,0.0034,0.0013
2025-06-28,Lonavala,orographic,22.5,17.9,23.1,24.33,24.33,16.97,0.4768,0.0532,0.0121
2025-06-28,Wayanad,orographic,11.6,0.0,0.0,0.0,0.0,1.32,0.0322,0.0004,0.0002
2025-06-28,Shimla,orographic,3.9,21.0,26.6,28.3,28.3,11.82,0.5195,0.0674,0.0147
2025-06-28,Dehradun,orographic,53.4,14.9,19.4,18.9,18.9,10.49,0.4286,0.0404,0.0096
2025-06-28,Srinagar,orographic,3.4,4.1,6.3,4.5,4.5,5.34,0.1724,0.0063,0.0021
2025-06-28,Gangtok,orographic,5.1,5.6,8.4,6.4,6.4,4.89,0.2179,0.0096,0.003
2025-06-28,Guwahati,orographic,3.4,10.5,14.3,12.3,12.3,7.74,0.3424,0.0239,0.0063
2025-06-28,Cherrapunji,orographic,15.9,8.1,11.4,9.3,9.3,7.63,0.2857,0.0163,0.0046
2025-06-28,Imphal,orographic,1.9,1.9,3.4,2.1,2.1,4.05,0.0994,0.0025,0.001
2025-06-28,Agartala,orographic,1.1,2.1,3.7,2.3,2.3,2.88,0.1063,0.0028,0.0011
2025-06-28,Lucknow,normal,3.8,0.8,1.8,2.0,2.0,1.73,0.0631,0.0002,0.0001
2025-06-28,Patna,normal,4.8,0.3,0.9,1.0,1.0,1.07,0.0446,0.0001,0.0
2025-06-28,Varanasi,normal,7.6,13.1,17.2,19.4,19.4,7.69,0.4064,0.0076,0.0009
2025-06-28,Delhi,normal,8.3,0.3,0.9,1.0,1.0,1.07,0.0446,0.0001,0.0
2025-06-28,Kanpur,normal,4.7,6.7,9.7,10.6,10.6,6.14,0.2573,0.0028,0.0004
2025-06-28,Ranchi,normal,8.4,53.2,65.31,69.11,69.11,22.62,0.7573,0.067,0.0055
2025-06-28,Jodhpur,normal,0.0,12.3,16.3,18.3,18.3,8.32,0.3907,0.0069,0.0009
2025-06-28,Bikaner,normal,0.1,0.0,0.0,0.0,0.0,0.0,0.0336,0.0001,0.0
2025-06-28,Jaisalmer,normal,0.1,0.0,0.0,0.0,0.0,0.92,0.0336,0.0001,0.0
2025-06-28,Hyderabad,normal,0.3,0.0,0.0,0.0,0.0,0.61,0.0336,0.0001,0.0
2025-06-28,Bengaluru,normal,5.0,0.0,0.0,0.0,0.0,0.61,0.0336,0.0001,0.0
2025-06-28,Pune,normal,7.3,0.6,1.5,1.6,1.6,3.08,0.0557,0.0002,0.0001
2025-06-28,Kurnool,normal,0.3,0.2,0.7,0.7,0.7,1.22,0.0409,0.0001,0.0
2025-06-28,Madurai,normal,1.1,0.8,1.8,2.0,2.0,1.96,0.0631,0.0002,0.0001
2025-06-29,Nagpur,normal,16.9,2.7,4.7,5.3,5.3,4.53,0.1317,0.0008,0.0002
2025-06-29,Bhopal,normal,35.4,7.1,10.1,11.1,11.1,5.85,0.2683,0.003,0.0004
2025-06-29,Raipur,normal,1.6,1.6,3.0,3.4,3.4,3.65,0.0925,0.0005,0.0001
2025-06-29,Jabalpur,normal,2.0,7.4,10.4,11.8,11.8,6.55,0.2765,0.0032,0.0005
2025-06-29,Akola,normal,14.5,1.5,2.9,3.2,3.2,2.58,0.0889,0.0004,0.0001
2025-06-29,Amravati,normal,27.4,2.7,4.7,5.3,5.3,3.61,0.1317,0.0008,0.0002
2025-06-29,Aurangabad,normal,3.1,0.6,1.4,1.5,1.5,2.27,0.0557,0.0002,0.0001
2025-06-29,Bhubaneswar,normal,5.7,7.8,10.9,12.2,12.2,7.1,0.2871,0.0035,0.0005
2025-06-29,Mumbai,coastal,18.1,20.3,25.86,29.86,29.86,17.68,0.5643,0.0242,0.0019
2025-06-29,Thiruvananthapuram,coastal,1.9,1.1,2.3,3.0,3.0,3.24,0.087,0.0005,0.0001
2025-06-29,Kochi,coastal,5.6,2.6,4.6,5.8,5.8,6.86,0.1488,0.0013,0.0002
2025-06-29,Mangaluru,coastal,9.2,11.5,15.4,17.3,17.3,12.7,0.4154,0.0101,0.0009
2025-06-29,Panaji,coastal,15.6,15.5,20.1,22.53,22.53,16.11,0.4928,0.0159,0.0013
2025-06-29,Chennai,coastal,0.9,0.1,0.5,1.1,1.1,1.78,0.044,0.0002,0.0
2025-06-29,Visakhapatnam,coastal,6.8,0.2,0.7,1.4,1.4,2.08,0.0483,0.0002,0.0
2025-06-29,Puri,coastal,1.9,3.0,5.1,6.6,6.6,5.87,0.1645,0.0015,0.0002
2025-06-29,Kolkata,coastal,44.8,0.9,2.0,2.7,2.7,4.08,0.0785,0.0004,0.0001
2025-06-29,Surat,coastal,15.9,13.6,17.9,19.7,19.7,16.11,0.4584,0.013,0.0011
2025-06-29,Mahabaleshwar,orographic,34.6,12.6,16.6,14.68,14.68,14.04,0.3861,0.0314,0.0078
2025-06-29,Munnar,orographic,1.6,0.5,1.2,0.6,0.6,3.92,0.0499,0.0008,0.0004
2025-06-29,Madikeri,orographic,9.2,3.9,6.0,4.2,4.2,7.87,0.1661,0.0059,0.002
2025-06-29,Ooty,orographic,0.0,0.6,1.5,0.7,0.7,5.09,0.0534,0.0009,0.0005
2025-06-29,Lonavala,orographic,23.8,27.9,34.5,42.2,42.2,21.87,0.5952,0.1023,0.021
2025-06-29,Wayanad,orographic,1.9,0.3,0.9,0.3,0.3,2.27,0.0428,0.0006,0.0004
2025-06-29,Shimla,orographic,14.5,9.9,13.6,11.4,11.4,7.77,0.329,0.0219,0.0059
2025-06-29,Dehradun,orographic,36.0,26.5,32.8,39.22,39.22,13.39,0.5816,0.0949,0.0197
2025-06-29,Srinagar,orographic,1.0,10.7,14.5,12.5,12.5,6.47,0.3468,0.0246,0.0064
2025-06-29,Gangtok,orographic,0.9,7.2,10.3,8.2,8.2,6.81,0.2624,0.0138,0.004
2025-06-29,Guwahati,orographic,5.9,8.3,11.7,9.59,9.59,7.99,0.2908,0.0169,0.0047
2025-06-29,Cherrapunji,orographic,16.6,6.4,9.4,7.3,7.3,7.09,0.2406,0.0116,0.0035
2025-06-29,Imphal,orographic,7.0,13.3,17.4,15.83,15.83,8.43,0.3996,0.0341,0.0084
2025-06-29,Agartala,orographic,2.3,2.1,3.7,2.3,2.3,2.7,0.1063,0.0028,0.0011
2025-06-29,Lucknow,normal,10.4,14.0,18.6,20.1,20.1,8.72,0.4234,0.0084,0.001
2025-06-29,Patna,normal,14.8,6.0,8.8,9.73,9.73,6.75,0.2373,0.0024,0.0004
2025-06-29,Varanasi,normal,18.2,5.7,8.6,9.4,9.4,8.76,0.2285,0.0022,0.0003
2025-06-29,Delhi,normal,16.2,4.9,7.5,8.28,8.28,5.83,0.2042,0.0018,0.0003
2025-06-29,Kanpur,normal,3.7,6.6,9.6,10.4,10.4,8.69,0.2545,0.0027,0.0004
2025-06-29,Ranchi,normal,29.9,28.0,34.61,38.6,38.6,21.82,0.6067,0.0247,0.0024
2025-06-29,Jodhpur,normal,4.4,0.5,1.2,1.3,1.3,2.37,0.052,0.0002,0.0
2025-06-29,Bikaner,normal,0.0,0.0,0.0,0.0,0.0,0.13,0.0336,0.0001,0.0
2025-06-29,Jaisalmer,normal,0.4,0.0,0.0,0.0,0.0,0.13,0.0336,0.0001,0.0
2025-06-29,Hyderabad,normal,1.5,1.6,3.0,3.4,3.4,2.88,0.0925,0.0005,0.0001
2025-06-29,Bengaluru,normal,0.2,0.0,0.0,0.0,0.0,0.97,0.0336,0.0001,0.0
2025-06-29,Pune,normal,5.9,0.9,2.0,2.2,2.2,3.29,0.0668,0.0003,0.0001
2025-06-29,Kurnool,normal,0.4,2.9,5.0,5.6,5.6,4.45,0.1387,0.0009,0.0002
2025-06-29,Madurai,normal,0.0,0.0,0.0,0.0,0.0,2.16,0.0336,0.0001,0.0
2025-06-30,Nagpur,normal,34.5,1.4,2.8,3.1,2.8,4.2,0.0852,0.0004,0.0001
2025-06-30,Bhopal,normal,13.3,6.5,9.5,10.3,9.5,8.47,0.2517,0.0027,0.0004
2025-06-30,Raipur,normal,12.5,5.4,8.2,9.0,8.2,6.16,0.2195,0.002,0.0003
2025-06-30,Jabalpur,normal,16.4,11.0,14.88,16.2,14.88,8.4,0.3635,0.0058,0.0008
2025-06-30,Akola,normal,12.9,4.4,6.8,7.6,6.8,5.88,0.1885,0.0015,0.0003
2025-06-30,Amravati,normal,6.7,1.3,2.6,2.9,2.6,4.2,0.0816,0.0004,0.0001
2025-06-30,Aurangabad,normal,8.3,0.7,1.62,1.8,1.62,3.14,0.0594,0.0002,0.0001
2025-06-30,Bhubaneswar,normal,13.2,0.5,1.2,1.3,1.2,4.55,0.052,0.0002,0.0
2025-06-30,Mumbai,coastal,22.2,21.5,27.0,31.61,31.61,17.67,0.5794,0.0264,0.002
2025-06-30,Thiruvananthapuram,coastal,0.5,0.0,0.0,0.0,0.0,2.32,0.0397,0.0002,0.0
2025-06-30,Kochi,coastal,3.8,0.8,1.8,2.5,2.5,4.94,0.0742,0.0004,0.0001
2025-06-30,Mangaluru,coastal,17.3,15.8,20.5,22.9,22.9,16.11,0.4979,0.0164,0.0014
2025-06-30,Panaji,coastal,15.8,20.9,26.6,30.41,30.41,17.89,0.572,0.0253,0.0019
2025-06-30,Chennai,coastal,0.3,0.0,0.0,0.0,0.0,1.19,0.0397,0.0002,0.0
2025-06-30,Visakhapatnam,coastal,4.6,0.1,0.5,1.1,1.1,1.94,0.044,0.0002,0.0
2025-06-30,Puri,coastal,7.2,0.2,0.7,1.4,1.4,3.56,0.0483,0.0002,0.0
2025-06-30,Kolkata,coastal,12.7,2.1,3.7,5.2,5.2,4.58,0.1287,0.001,0.0001
2025-06-30,Surat,coastal,9.2,20.7,26.4,30.26,30.26,17.89,0.5695,0.0249,0.0019
2025-06-30,Mahabaleshwar,orographic,38.6,8.6,12.1,10.1,10.1,13.43,0.2982,0.0178,0.005
2025-06-30,Munnar,orographic,5.0,0.1,0.5,0.1,0.1,2.08,0.0357,0.0005,0.0003
2025-06-30,Madikeri,orographic,6.9,4.2,6.5,4.7,4.7,7.87,0.1756,0.0065,0.0022
2025-06-30,Ooty,orographic,0.4,0.2,0.7,0.2,0.2,2.42,0.0392,0.0006,0.0003
2025-06-30,Lonavala,orographic,22.1,27.7,34.2,41.93,41.93,22.5,0.5933,0.1012,0.0208
2025-06-30,Wayanad,orographic,3.3,0.0,0.0,0.0,0.0,1.61,0.0322,0.0004,0.0002
2025-06-30,Shimla,orographic,11.7,25.7,31.7,38.31,38.31,11.54,0.5735,0.0908,0.0189
2025-06-30,Dehradun,orographic,10.8,22.4,27.6,30.35,30.35,12.52,0.5368,0.0742,0.016
2025-06-30,Srinagar,orographic,0.2,4.5,6.9,4.96,4.96,5.4,0.1849,0.0071,0.0024
2025-06-30,Gangtok,orographic,12.4,18.9,24.2,25.8,25.8,11.66,0.4913,0.0577,0.0129
2025-06-30,Guwahati,orographic,45.8,26.5,32.8,39.22,39.22,15.17,0.5816,0.0949,0.0197
2025-06-30,Cherrapunji,orographic,17.7,14.3,18.82,18.1,18.1,10.92,0.418,0.038,0.0091
2025-06-30,Imphal,orographic,6.4,12.7,16.7,14.86,14.86,10.44,0.3881,0.0318,0.0079
2025-06-30,Agartala,orographic,1.6,0.3,0.9,0.3,0.3,2.29,0.0428,0.0006,0.0004
2025-06-30,Lucknow,normal,38.7,17.4,22.6,24.5,22.6,11.26,0.4803,0.0117,0.0013
2025-06-30,Patna,normal,18.8,3.9,6.0,7.0,6.0,7.34,0.1723,0.0013,0.0002
2025-06-30,Varanasi,normal,17.5,10.0,13.7,15.2,13.7,8.62,0.3411,0.005,0.0007
2025-06-30,Delhi,normal,17.3,10.8,14.7,16.0,14.7,7.48,0.3591,0.0056,0.0007
2025-06-30,Kanpur,normal,10.7,15.6,20.27,21.52,20.27,10.48,0.4514,0.0099,0.0012
2025-06-30,Ranchi,normal,6.3,47.4,59.96,57.92,59.96,22.89,0.7331,0.0562,0.0048
2025-06-30,Jodhpur,normal,0.4,0.2,0.7,0.7,0.7,0.75,0.0409,0.0001,0.0
2025-06-30,Bikaner,normal,0.0,0.0,0.0,0.0,0.0,0.13,0.0336,0.0001,0.0
2025-06-30,Jaisalmer,normal,0.0,0.0,0.0,0.0,0.0,0.13,0.0336,0.0001,0.0
2025-06-30,Hyderabad,normal,8.7,0.2,0.7,0.7,0.7,2.77,0.0409,0.0001,0.0
2025-06-30,Bengaluru,normal,1.0,0.0,0.0,0.0,0.0,0.97,0.0336,0.0001,0.0
2025-06-30,Pune,normal,4.3,2.9,5.0,5.6,5.0,4.84,0.1387,0.0009,0.0002
2025-06-30,Kurnool,normal,0.1,0.4,1.1,1.1,1.1,4.46,0.0483,0.0002,0.0
2025-06-30,Madurai,normal,0.0,0.0,0.0,0.0,0.0,0.97,0.0336,0.0001,0.0
2025-07-01,Nagpur,normal,19.3,1.4,2.8,3.1,2.8,3.39,0.0852,0.0004,0.0001
2025-07-01,Bhopal,normal,12.3,30.8,37.4,41.7,37.4,14.62,0.6312,0.0287,0.0027
2025-07-01,Raipur,normal,43.9,15.6,20.27,21.52,20.27,11.72,0.4514,0.0099,0.0012
2025-07-01,Jabalpur,normal,17.0,11.8,15.7,17.5,15.7,9.82,0.3804,0.0064,0.0008
2025-07-01,Akola,normal,23.7,5.0,7.64,8.5,7.64,7.03,0.2073,0.0018,0.0003
2025-07-01,Amravati,normal,22.3,6.3,9.1,9.93,9.1,6.74,0.246,0.0025,0.0004
2025-07-01,Aurangabad,normal,12.2,1.2,2.4,2.7,2.4,3.4,0.0779,0.0003,0.0001
2025-07-01,Bhubaneswar,normal,29.0,13.6,17.9,19.7,17.9,8.91,0.4159,0.008,0.001
2025-07-01,Mumbai,depression,34.3,33.2,41.21,17.62,100.11,22.38,0.7258,0.0829,0.0051
2025-07-01,Thiruvananthapuram,coastal,1.7,0.0,0.0,0.0,0.0,1.66,0.0397,0.0002,0.0
2025-07-01,Kochi,coastal,6.4,0.5,1.2,1.92,1.92,4.12,0.0612,0.0003,0.0001
2025-07-01,Mangaluru,depression,10.1,32.7,40.21,16.33,91.77,20.29,0.7225,0.0811,0.005
2025-07-01,Panaji,depression,20.6,35.1,43.7,19.47,100.11,23.38,0.7377,0.09,0.0054
2025-07-01,Chennai,coastal,1.1,0.0,0.0,0.0,0.0,1.66,0.0397,0.0002,0.0
2025-07-01,Visakhapatnam,coastal,39.7,5.6,8.5,10.4,10.4,8.43,0.2571,0.0035,0.0004
2025-07-01,Puri,coastal,11.2,1.3,2.6,3.6,3.6,3.7,0.0955,0.0006,0.0001
2025-07-01,Kolkata,coastal,6.5,1.5,2.9,4.1,4.1,4.83,0.1039,0.0007,0.0001
2025-07-01,Surat,coastal,9.2,13.9,18.4,20.35,20.35,16.06,0.4641,0.0135,0.0012
2025-07-01,Mahabaleshwar,orographic,31.9,11.1,15.0,12.8,12.8,15.66,0.3554,0.026,0.0067
2025-07-01,Munnar,orographic,6.4,0.2,0.7,0.2,0.2,2.12,0.0392,0.0006,0.0003
2025-07-01,Madikeri,orographic,10.7,4.0,6.2,4.4,4.4,9.36,0.1693,0.0061,0.0021
2025-07-01,Ooty,orographic,0.3,0.0,0.0,0.0,0.0,1.53,0.0322,0.0004,0.0002
2025-07-01,Lonavala,orographic,19.3,25.9,31.81,38.41,38.41,25.97,0.5756,0.0918,0.0191
2025-07-01,Wayanad,orographic,4.9,0.0,0.0,0.0,0.0,1.37,0.0322,0.0004,0.0002
2025-07-01,Shimla,orographic,14.6,22.6,27.96,31.82,31.82,12.47,0.5392,0.0752,0.0161
2025-07-01,Dehradun,orographic,2.2,5.7,8.6,6.5,6.5,6.66,0.2208,0.0099,0.0031
2025-07-01,Srinagar,orographic,0.0,0.1,0.5,0.1,0.1,1.24,0.0357,0.0005,0.0003
2025-07-01,Gangtok,orographic,5.2,31.3,37.5,45.82,45.82,13.17,0.625,0.1206,0.0242
2025-07-01,Guwahati,orographic,17.8,35.2,43.7,57.11,57.11,19.77,0.6545,0.1422,0.0281
2025-07-01,Cherrapunji,orographic,10.2,9.8,13.5,11.4,11.4,8.17,0.3267,0.0216,0.0058
2025-07-01,Imphal,orographic,3.5,21.7,27.2,29.35,29.35,12.55,0.5283,0.0708,0.0153
2025-07-01,Agartala,orographic,3.6,1.4,2.8,1.63,1.63,2.3,0.0818,0.0018,0.0008
2025-07-01,Lucknow,normal,15.5,0.7,1.6,1.7,1.6,5.01,0.0594,0.0002,0.0001
2025-07-01,Patna,normal,3.3,4.6,7.0,7.9,7.0,7.13,0.1948,0.0016,0.0003
2025-07-01,Varanasi,normal,13.3,10.3,14.0,15.4,14.0,10.21,0.348,0.0052,0.0007
2025-07-01,Delhi,normal,9.1,30.9,37.4,41.7,37.4,15.83,0.632,0.0289,0.0027
2025-07-01,Kanpur,normal,8.6,2.7,4.7,5.3,4.7,6.89,0.1317,0.0008,0.0002
2025-07-01,Ranchi,normal,6.0,18.2,23.4,25.46,23.4,16.93,0.4923,0.0126,0.0014
2025-07-01,Jodhpur,normal,0.2,0.0,0.0,0.0,0.0,0.44,0.0336,0.0001,0.0
2025-07-01,Bikaner,normal,0.1,0.1,0.5,0.5,0.5,0.47,0.0373,0.0001,0.0
2025-07-01,Jaisalmer,normal,0.0,0.0,0.0,0.0,0.0,0.28,0.0336,0.0001,0.0
2025-07-01,Hyderabad,normal,9.6,5.7,8.6,9.4,8.6,6.5,0.2285,0.0022,0.0003
2025-07-01,Bengaluru,normal,0.1,0.0,0.0,0.0,0.0,1.11,0.0336,0.0001,0.0
2025-07-01,Pune,normal,2.1,3.2,5.3,6.0,5.3,6.4,0.1489,0.001,0.0002
2025-07-01,Kurnool,normal,8.5,0.1,0.5,0.5,0.5,2.11,0.0373,0.0001,0.0
2025-07-01,Madurai,normal,0.0,0.0,0.0,0.0,0.0,1.11,0.0336,0.0001,0.0
2025-07-02,Nagpur,break,5.7,4.3,6.6,6.6,7.5,4.35,0.2201,0.0026,0.0002
2025-07-02,Bhopal,break,14.1,17.6,22.9,22.9,24.91,10.13,0.5371,0.0207,0.0009
2025-07-02,Raipur,break,6.8,2.9,4.9,4.9,5.5,4.64,0.1665,0.0016,0.0001
2025-07-02,Jabalpur,break,3.5,1.4,2.8,2.8,3.1,3.16,0.1036,0.0007,0.0001
2025-07-02,Akola,break,20.2,12.6,16.6,16.6,18.9,7.64,0.4492,0.0124,0.0006
2025-07-02,Amravati,break,13.9,6.8,9.9,9.9,10.88,6.79,0.3036,0.0049,0.0003
2025-07-02,Aurangabad,break,11.3,1.0,2.1,2.1,2.4,2.35,0.086,0.0005,0.0
2025-07-02,Bhubaneswar,break,13.0,4.1,6.3,6.3,7.29,5.72,0.2127,0.0024,0.0002
2025-07-02,Mumbai,depression,40.8,37.8,48.0,27.23,100.11,23.12,0.7531,0.1004,0.006
2025-07-02,Thiruvananthapuram,coastal,3.1,0.0,0.0,0.0,0.0,1.44,0.0397,0.0002,0.0
2025-07-02,Kochi,coastal,15.2,0.6,1.4,2.1,2.1,3.24,0.0655,0.0003,0.0001
2025-07-02,Mangaluru,depression,41.6,48.7,61.0,50.18,100.11,30.76,0.8013,0.1442,0.0083
2025-07-02,Panaji,depression,59.0,40.6,51.15,33.99,100.11,29.86,0.7674,0.1113,0.0066
2025-07-02,Chennai,coastal,1.3,1.3,2.6,3.6,3.6,2.9,0.0955,0.0006,0.0001
2025-07-02,Visakhapatnam,coastal,17.5,0.3,0.9,1.6,1.6,3.89,0.0526,0.0002,0.0
2025-07-02,Puri,coastal,15.0,0.0,0.0,0.0,0.0,2.47,0.0397,0.0002,0.0
2025-07-02,Kolkata,coastal,34.6,2.0,3.6,5.1,5.1,3.8,0.1247,0.0009,0.0001
2025-07-02,Surat,depression,17.5,36.9,46.4,25.79,100.11,21.11,0.7482,0.0969,0.0058
2025-07-02,Mahabaleshwar,orographic,39.6,13.9,18.4,17.4,17.4,14.98,0.4108,0.0364,0.0088
2025-07-02,Munnar,orographic,14.2,2.0,3.6,2.3,2.3,3.14,0.1028,0.0026,0.0011
2025-07-02,Madikeri,orographic,30.3,10.5,14.3,12.3,12.3,10.81,0.3424,0.0239,0.0063
2025-07-02,Ooty,orographic,7.9,1.9,3.4,2.1,2.1,2.96,0.0994,0.0025,0.001
2025-07-02,Lonavala,orographic,32.4,20.6,26.3,27.99,27.99,21.21,0.5144,0.0655,0.0144
2025-07-02,Wayanad,orographic,23.3,0.5,1.2,0.6,0.6,2.31,0.0499,0.0008,0.0004
2025-07-02,Shimla,orographic,6.8,8.1,11.4,9.3,9.3,7.61,0.2857,0.0163,0.0046
2025-07-02,Dehradun,orographic,7.7,2.3,4.2,2.7,2.7,3.23,0.1132,0.0031,0.0012
2025-07-02,Srinagar,orographic,0.0,5.1,7.8,5.7,5.7,3.09,0.2031,0.0085,0.0027
2025-07-02,Gangtok,orographic,11.4,21.1,26.7,28.41,28.41,12.32,0.5208,0.0679,0.0148
2025-07-02,Guwahati,orographic,60.7,34.2,42.11,52.23,52.23,21.92,0.6474,0.1366,0.0271
2025-07-02,Cherrapunji,orographic,23.8,16.6,21.37,22.2,22.2,9.34,0.4568,0.0475,0.011
2025-07-02,Imphal,orographic,32.0,8.0,11.3,9.2,9.2,6.78,0.2832,0.016,0.0045
2025-07-02,Agartala,orographic,4.2,2.4,4.2,2.8,2.8,2.27,0.1166,0.0032,0.0013
2025-07-02,Lucknow,break,7.6,0.9,2.0,2.0,2.2,3.11,0.0816,0.0005,0.0
2025-07-02,Patna,break,1.3,0.3,0.9,0.9,1.0,3.16,0.0548,0.0003,0.0
2025-07-02,Varanasi,break,19.7,3.7,5.9,5.9,6.7,6.65,0.1977,0.0021,0.0001
2025-07-02,Delhi,break,1.1,0.8,1.8,1.8,2.0,4.27,0.0772,0.0004,0.0
2025-07-02,Kanpur,break,25.4,0.8,1.8,1.8,2.0,3.48,0.0772,0.0004,0.0
2025-07-02,Ranchi,break,4.5,30.6,36.96,36.96,41.7,14.32,0.6783,0.0486,0.0018
2025-07-02,Jodhpur,break,19.8,3.4,5.6,5.6,6.2,2.11,0.1862,0.0019,0.0001
2025-07-02,Bikaner,break,5.6,6.1,8.9,8.9,9.8,3.77,0.2817,0.0042,0.0002
2025-07-02,Jaisalmer,break,0.3,0.0,0.0,0.0,0.0,0.17,0.0413,0.0002,0.0
2025-07-02,Hyderabad,break,4.9,0.5,1.2,1.2,1.3,4.19,0.0637,0.0003,0.0
2025-07-02,Bengaluru,break,8.9,0.1,0.5,0.5,0.5,1.21,0.0458,0.0002,0.0
2025-07-02,Pune,break,21.5,2.5,4.4,4.4,5.0,4.67,0.1502,0.0013,0.0001
2025-07-02,Kurnool,break,15.6,0.2,0.7,0.7,0.7,1.45,0.0503,0.0002,0.0
2025-07-02,Madurai,break,0.7,0.0,0.0,0.0,0.0,0.94,0.0413,0.0002,0.0
2025-07-03,Nagpur,normal,7.1,15.2,19.6,21.01,19.6,9.41,0.4447,0.0095,0.0011
2025-07-03,Bhopal,normal,6.5,9.0,12.6,14.0,12.6,9.31,0.3174,0.0043,0.0006
2025-07-03,Raipur,normal,15.9,8.1,11.4,12.7,11.4,6.55,0.2949,0.0037,0.0005
2025-07-03,Jabalpur,normal,10.5,39.0,49.01,52.42,49.01,13.0,0.6891,0.0415,0.0037
2025-07-03,Akola,normal,0.8,5.7,8.6,9.4,8.6,8.92,0.2285,0.0022,0.0003
2025-07-03,Amravati,normal,4.0,7.7,10.8,12.12,10.8,9.07,0.2844,0.0034,0.0005
2025-07-03,Aurangabad,normal,1.4,0.0,0.0,0.0,0.0,2.23,0.0336,0.0001,0.0
2025-07-03,Bhubaneswar,normal,17.6,2.4,4.2,4.9,4.2,5.06,0.1212,0.0007,0.0001
2025-07-03,Mumbai,coastal,26.3,15.3,19.7,22.0,22.0,18.62,0.4893,0.0156,0.0013
2025-07-03,Thiruvananthapuram,coastal,0.8,0.0,0.0,0.0,0.0,1.5,0.0397,0.0002,0.0
2025-07-03,Kochi,coastal,4.4,1.4,2.8,3.9,3.9,3.81,0.0997,0.0007,0.0001
2025-07-03,Mangaluru,coastal,21.4,16.5,21.3,23.71,23.71,19.42,0.5093,0.0175,0.0014
2025-07-03,Panaji,coastal,39.7,27.2,33.56,48.01,48.01,25.84,0.6399,0.038,0.0027
2025-07-03,Chennai,coastal,0.0,0.1,0.5,1.1,1.1,2.8,0.044,0.0002,0.0
2025-07-03,Visakhapatnam,coastal,3.2,0.0,0.0,0.0,0.0,1.97,0.0397,0.0002,0.0
2025-07-03,Puri,coastal,7.2,1.2,2.4,3.3,3.3,3.38,0.0913,0.0006,0.0001
2025-07-03,Kolkata,coastal,10.9,0.4,1.0,1.7,1.7,3.78,0.0569,0.0003,0.0001
2025-07-03,Surat,coastal,19.1,19.7,25.0,28.8,28.8,20.85,0.5564,0.0231,0.0018
2025-07-03,Mahabaleshwar,orographic,29.8,8.8,12.4,10.2,10.2,15.86,0.3031,0.0184,0.0051
2025-07-03,Munnar,orographic,2.9,0.6,1.5,0.7,0.7,4.33,0.0534,0.0009,0.0005
2025-07-03,Madikeri,orographic,11.4,4.2,6.5,4.7,4.7,9.54,0.1756,0.0065,0.0022
2025-07-03,Ooty,orographic,1.2,0.3,0.9,0.3,0.3,3.74,0.0428,0.0006,0.0004
2025-07-03,Lonavala,orographic,21.7,17.4,22.6,23.4,23.4,20.96,0.4692,0.051,0.0117
2025-07-03,Wayanad,orographic,5.7,0.9,2.0,1.1,1.1,3.7,0.0641,0.0012,0.0006
2025-07-03,Shimla,orographic,4.2,19.9,25.3,27.0,27.0,11.04,0.5051,0.0623,0.0138
2025-07-03,Dehradun,orographic,13.8,11.0,14.88,12.8,12.8,5.05,0.3533,0.0257,0.0066
2025-07-03,Srinagar,orographic,0.6,6.9,9.9,7.9,7.9,6.1,0.2544,0.013,0.0038
2025-07-03,Gangtok,orographic,14.4,11.4,15.3,13.4,13.4,7.25,0.3618,0.0271,0.0069
2025-07-03,Guwahati,orographic,11.0,18.5,23.6,25.17,25.17,13.67,0.4856,0.0558,0.0126
2025-07-03,Cherrapunji,orographic,39.2,8.4,11.9,9.8,9.8,7.34,0.2932,0.0172,0.0048
2025-07-03,Imphal,orographic,22.7,8.2,11.5,9.5,9.5,7.08,0.2882,0.0166,0.0047
2025-07-03,Agartala,orographic,2.0,7.5,10.5,8.5,8.5,4.73,0.2703,0.0146,0.0042
2025-07-03,Lucknow,normal,9.4,0.7,1.6,1.7,1.6,3.32,0.0594,0.0002,0.0001
2025-07-03,Patna,normal,4.3,0.2,0.7,0.7,0.7,2.07,0.0409,0.0001,0.0
2025-07-03,Varanasi,normal,6.2,0.4,1.1,1.1,1.1,3.97,0.0483,0.0002,0.0
2025-07-03,Delhi,normal,0.9,2.0,3.6,4.1,3.6,3.81,0.107,0.0006,0.0001
2025-07-03,Kanpur,normal,2.0,5.9,8.7,9.6,8.7,6.78,0.2344,0.0023,0.0004
2025-07-03,Ranchi,normal,9.0,9.6,13.3,14.7,13.3,9.96,0.3318,0.0047,0.0006
2025-07-03,Jodhpur,normal,18.8,4.5,6.9,7.8,6.9,4.71,0.1917,0.0016,0.0003
2025-07-03,Bikaner,normal,2.4,0.1,0.5,0.5,0.5,1.47,0.0373,0.0001,0.0
2025-07-03,Jaisalmer,normal,1.7,0.0,0.0,0.0,0.0,0.2,0.0336,0.0001,0.0
2025-07-03,Hyderabad,normal,1.8,5.9,8.7,9.6,8.7,6.26,0.2344,0.0023,0.0004
2025-07-03,Bengaluru,normal,5.5,0.0,0.0,0.0,0.0,0.98,0.0336,0.0001,0.0
2025-07-03,Pune,normal,5.1,1.3,2.6,2.9,2.6,4.28,0.0816,0.0004,0.0001
2025-07-03,Kurnool,normal,1.0,0.2,0.7,0.7,0.7,1.88,0.0409,0.0001,0.0
2025-07-03,Madurai,normal,0.0,0.0,0.0,0.0,0.0,0.98,0.0336,0.0001,0.0
2025-07-04,Nagpur,depression,9.0,74.7,81.8,71.94,72.0,33.39,0.8663,0.2536,0.0144
2025-07-04,Bhopal,normal,15.9,9.0,12.6,14.0,14.0,12.01,0.3174,0.0043,0.0006
2025-07-04,Raipur,depression,22.1,36.2,44.7,22.9,46.4,21.89,0.7442,0.0942,0.0057
2025-07-04,Jabalpur,normal,44.6,9.2,12.8,14.3,14.3,16.81,0.3223,0.0044,0.0006
2025-07-04,Akola,normal,3.9,10.6,14.3,15.72,15.72,12.57,0.3547,0.0055,0.0007
2025-07-04,Amravati,normal,5.2,27.5,34.0,37.45,37.45,19.58,0.602,0.024,0.0024
2025-07-04,Aurangabad,normal,2.3,0.0,0.0,0.0,0.0,1.9,0.0336,0.0001,0.0
2025-07-04,Bhubaneswar,normal,17.1,1.1,2.3,2.5,2.5,5.28,0.0742,0.0003,0.0001
2025-07-04,Mumbai,coastal,20.2,12.8,16.7,18.92,18.92,16.14,0.4427,0.0119,0.001
2025-07-04,Thiruvananthapuram,coastal,1.7,0.0,0.0,0.0,0.0,1.87,0.0397,0.0002,0.0
2025-07-04,Kochi,coastal,2.9,0.7,1.62,2.4,2.4,4.18,0.0699,0.0004,0.0001
2025-07-04,Mangaluru,coastal,18.9,21.4,27.0,31.42,31.42,19.27,0.5782,0.0262,0.002
2025-07-04,Panaji,depression,33.8,30.5,36.9,12.78,65.83,22.81,0.707,0.0731,0.0045
2025-07-04,Chennai,coastal,0.1,0.0,0.0,0.0,0.0,1.81,0.0397,0.0002,0.0
2025-07-04,Visakhapatnam,coastal,1.3,0.0,0.0,0.0,0.0,1.87,0.0397,0.0002,0.0
2025-07-04,Puri,coastal,12.8,2.5,4.4,5.7,5.7,5.68,0.1449,0.0012,0.0002
2025-07-04,Kolkata,coastal,16.4,10.8,14.7,16.7,16.7,10.06,0.3997,0.0092,0.0009
2025-07-04,Surat,coastal,24.0,22.0,27.4,31.98,31.98,19.19,0.5855,0.0274,0.0021
2025-07-04,Mahabaleshwar,orographic,43.4,9.1,12.8,10.5,10.5,16.81,0.3103,0.0194,0.0053
2025-07-04,Munnar,orographic,4.5,0.5,1.2,0.6,0.6,4.16,0.0499,0.0008,0.0004
2025-07-04,Madikeri,orographic,15.7,8.1,11.4,9.3,9.3,14.64,0.2857,0.0163,0.0046
2025-07-04,Ooty,orographic,0.4,0.5,1.2,0.6,0.6,4.16,0.0499,0.0008,0.0004
2025-07-04,Lonavala,orographic,23.3,13.3,17.4,15.83,15.83,26.98,0.3996,0.0341,0.0084
2025-07-04,Wayanad,orographic,7.3,0.6,1.4,0.7,0.7,4.57,0.0534,0.0009,0.0005
2025-07-04,Shimla,orographic,1.1,4.7,7.2,5.2,5.2,5.83,0.1911,0.0076,0.0025
2025-07-04,Dehradun,orographic,7.6,2.1,3.7,2.3,2.3,2.72,0.1063,0.0028,0.0011
2025-07-04,Srinagar,orographic,0.0,0.0,0.0,0.0,0.0,1.17,0.0322,0.0004,0.0002
2025-07-04,Gangtok,orographic,14.9,10.4,14.2,12.2,12.2,7.23,0.3402,0.0236,0.0062
2025-07-04,Guwahati,orographic,43.6,16.1,20.8,21.12,21.12,12.28,0.4488,0.0454,0.0106
2025-07-04,Cherrapunji,orographic,56.3,40.0,50.4,63.1,63.1,18.85,0.6855,0.1694,0.033
2025-07-04,Imphal,orographic,15.9,7.6,10.6,8.6,8.6,7.56,0.2729,0.0149,0.0043
2025-07-04,Agartala,orographic,7.0,7.4,10.4,8.4,8.4,7.42,0.2677,0.0143,0.0042
2025-07-04,Lucknow,normal,4.2,0.0,0.0,0.0,0.0,2.58,0.0336,0.0001,0.0
2025-07-04,Patna,normal,2.3,1.9,3.4,3.85,3.85,4.46,0.1034,0.0005,0.0001
2025-07-04,Varanasi,normal,13.9,0.5,1.2,1.3,1.3,3.86,0.052,0.0002,0.0
2025-07-04,Delhi,normal,0.3,0.0,0.0,0.0,0.0,2.56,0.0336,0.0001,0.0
2025-07-04,Kanpur,normal,1.1,0.0,0.0,0.0,0.0,2.94,0.0336,0.0001,0.0
2025-07-04,Ranchi,normal,5.5,10.7,14.5,15.9,15.9,12.03,0.3569,0.0056,0.0007
2025-07-04,Jodhpur,normal,10.6,16.5,21.3,22.86,22.86,12.2,0.4662,0.0108,0.0012
2025-07-04,Bikaner,normal,0.3,8.9,12.5,13.8,13.8,6.44,0.315,0.0042,0.0006
2025-07-04,Jaisalmer,normal,5.4,2.1,3.7,4.3,4.3,1.95,0.1106,0.0006,0.0001
2025-07-04,Hyderabad,normal,11.5,0.0,0.0,0.0,0.0,3.36,0.0336,0.0001,0.0
2025-07-04,Bengaluru,normal,1.6,0.0,0.0,0.0,0.0,1.38,0.0336,0.0001,0.0
2025-07-04,Pune,normal,6.0,1.6,3.0,3.4,3.4,4.36,0.0925,0.0005,0.0001
2025-07-04,Kurnool,normal,2.2,0.0,0.0,0.0,0.0,1.6,0.0336,0.0001,0.0
2025-07-04,Madurai,normal,0.0,0.0,0.0,0.0,0.0,1.38,0.0336,0.0001,0.0
2025-07-05,Nagpur,normal,2.8,6.5,9.5,10.3,10.3,11.66,0.2517,0.0027,0.0004
2025-07-05,Bhopal,normal,9.0,22.5,27.8,30.65,30.65,12.43,0.549,0.0175,0.0018
2025-07-05,Raipur,normal,3.4,4.4,6.8,7.6,7.6,9.07,0.1885,0.0015,0.0003
2025-07-05,Jabalpur,normal,25.5,10.6,14.3,15.72,15.72,8.98,0.3547,0.0055,0.0007
2025-07-05,Akola,normal,6.2,10.2,13.9,15.4,15.4,8.73,0.3457,0.0052,0.0007
2025-07-05,Amravati,depression,7.6,30.7,37.2,13.63,41.7,14.49,0.7084,0.0738,0.0046
2025-07-05,Aurangabad,normal,7.9,3.2,5.3,6.0,6.0,3.98,0.1489,0.001,0.0002
2025-07-05,Bhubaneswar,normal,16.5,6.6,9.6,10.4,10.4,6.37,0.2545,0.0027,0.0004
2025-07-05,Mumbai,coastal,37.9,19.9,25.3,29.01,29.01,16.72,0.5591,0.0234,0.0018
2025-07-05,Thiruvananthapuram,coastal,1.2,0.0,0.0,0.0,0.0,1.47,0.0397,0.0002,0.0
2025-07-05,Kochi,coastal,1.8,0.1,0.5,1.1,1.1,2.8,0.044,0.0002,0.0
2025-07-05,Mangaluru,coastal,36.3,17.7,23.0,25.76,25.76,15.36,0.528,0.0196,0.0016
2025-07-05,Panaji,coastal,40.6,25.3,31.1,39.11,39.11,16.9,0.6216,0.034,0.0025
2025-07-05,Chennai,coastal,2.7,0.3,0.9,1.6,1.6,2.71,0.0526,0.0002,0.0
2025-07-05,Visakhapatnam,coastal,0.0,0.0,0.0,0.0,0.0,1.47,0.0397,0.0002,0.0
2025-07-05,Puri,coastal,15.1,7.4,10.4,12.5,0.2,9.01,0.3123,0.0052,0.0005
2025-07-05,Kolkata,coastal,7.6,2.4,4.3,5.7,5.7,6.68,0.1409,0.0012,0.0002
2025-07-05,Surat,depression,25.5,58.9,71.8,60.88,126.38,33.29,0.8327,0.187,0.0106
2025-07-05,Mahabaleshwar,orographic,55.9,10.1,13.8,11.79,11.79,14.39,0.3335,0.0226,0.006
2025-07-05,Munnar,orographic,10.8,1.9,3.4,2.1,2.1,4.53,0.0994,0.0025,0.001
2025-07-05,Madikeri,orographic,12.9,10.3,14.0,12.1,12.1,14.53,0.338,0.0233,0.0061
2025-07-05,Ooty,orographic,0.7,1.6,3.0,1.8,1.8,4.24,0.0889,0.0021,0.0009
2025-07-05,Lonavala,orographic,39.5,22.9,28.3,32.54,32.54,23.29,0.5428,0.0767,0.0164
2025-07-05,Wayanad,orographic,8.7,3.6,5.8,3.9,3.9,6.21,0.1565,0.0053,0.0019
2025-07-05,Shimla,orographic,1.6,3.8,5.95,4.11,4.11,3.73,0.1629,0.0057,0.002
2025-07-05,Dehradun,orographic,5.0,2.7,4.7,3.1,3.1,2.27,0.1268,0.0037,0.0014
2025-07-05,Srinagar,orographic,0.0,1.1,2.3,1.4,1.4,0.96,0.0712,0.0014,0.0007
2025-07-05,Gangtok,orographic,30.0,9.2,12.8,10.5,10.5,6.43,0.3127,0.0197,0.0054
2025-07-05,Guwahati,orographic,31.3,18.8,24.0,25.67,25.67,11.5,0.4899,0.0572,0.0128
2025-07-05,Cherrapunji,orographic,32.4,31.8,38.6,47.83,47.83,21.45,0.629,0.1233,0.0247
2025-07-05,Imphal,orographic,29.1,10.0,13.7,11.5,11.5,7.19,0.3312,0.0223,0.0059
2025-07-05,Agartala,orographic,5.5,6.5,9.5,7.4,7.4,6.1,0.2434,0.0119,0.0036
2025-07-05,Lucknow,normal,3.2,0.0,0.0,0.0,0.0,0.76,0.0336,0.0001,0.0
2025-07-05,Patna,normal,1.0,0.0,0.0,0.0,0.0,1.76,0.0336,0.0001,0.0
2025-07-05,Varanasi,normal,5.0,1.6,3.0,3.4,3.4,3.32,0.0925,0.0005,0.0001
2025-07-05,Delhi,normal,3.4,0.1,0.5,0.5,0.5,1.14,0.0373,0.0001,0.0
2025-07-05,Kanpur,normal,16.8,0.0,0.0,0.0,0.0,0.76,0.0336,0.0001,0.0
2025-07-05,Ranchi,normal,8.0,22.4,27.6,30.55,30.55,12.81,0.5478,0.0174,0.0018
2025-07-05,Jodhpur,normal,2.4,0.0,0.0,0.0,0.0,1.4,0.0336,0.0001,0.0
2025-07-05,Bikaner,normal,1.0,0.6,1.4,1.5,1.5,2.62,0.0557,0.0002,0.0001
2025-07-05,Jaisalmer,normal,0.1,0.0,0.0,0.0,0.0,0.9,0.0336,0.0001,0.0
2025-07-05,Hyderabad,normal,2.9,0.0,0.0,0.0,0.0,0.93,0.0336,0.0001,0.0
2025-07-05,Bengaluru,normal,2.8,0.0,0.0,0.0,0.0,0.93,0.0336,0.0001,0.0
2025-07-05,Pune,normal,7.5,2.9,4.9,5.5,5.5,4.42,0.1387,0.0009,0.0002
2025-07-05,Kurnool,normal,2.3,0.0,0.0,0.0,0.0,0.93,0.0336,0.0001,0.0
2025-07-05,Madurai,normal,0.3,0.0,0.0,0.0,0.0,0.93,0.0336,0.0001,0.0
2025-07-06,Nagpur,normal,18.4,17.8,23.06,25.0,2.0,11.68,0.4863,0.0122,0.0014
2025-07-06,Bhopal,normal,11.0,14.8,19.37,20.8,20.8,11.8,0.4377,0.0091,0.0011
2025-07-06,Raipur,normal,29.3,20.8,26.4,28.3,28.3,12.12,0.528,0.0155,0.0017
2025-07-06,Jabalpur,depression,56.1,51.6,64.0,52.37,69.11,19.44,0.8113,0.1563,0.0089
2025-07-06,Akola,normal,7.2,6.1,8.9,9.8,9.8,8.72,0.2402,0.0024,0.0004
2025-07-06,Amravati,normal,12.6,9.1,12.8,14.12,14.12,10.26,0.3198,0.0044,0.0006
2025-07-06,Aurangabad,normal,10.3,0.6,1.5,1.6,1.6,4.43,0.0557,0.0002,0.0001
2025-07-06,Bhubaneswar,normal,24.7,5.7,8.6,9.4,9.4,8.82,0.2285,0.0022,0.0003
2025-07-06,Mumbai,coastal,31.3,9.8,13.5,15.2,15.2,11.36,0.3761,0.0079,0.0008
2025-07-06,Thiruvananthapuram,coastal,2.7,0.0,0.0,0.0,0.0,1.75,0.0397,0.0002,0.0
2025-07-06,Kochi,coastal,8.3,2.3,4.2,5.6,5.6,5.0,0.1368,0.0011,0.0002
2025-07-06,Mangaluru,coastal,40.7,23.1,28.6,35.21,35.21,16.05,0.5982,0.0295,0.0022
2025-07-06,Panaji,coastal,12.5,24.4,29.91,37.21,37.21,16.41,0.6123,0.0322,0.0023
2025-07-06,Chennai,coastal,2.2,0.1,0.5,1.1,1.1,2.38,0.044,0.0002,0.0
2025-07-06,Visakhapatnam,coastal,0.5,0.0,0.0,0.0,0.0,1.75,0.0397,0.0002,0.0
2025-07-06,Puri,coastal,36.8,6.5,9.5,11.58,11.58,10.27,0.2856,0.0043,0.0005
2025-07-06,Kolkata,coastal,15.0,12.0,15.9,17.9,17.9,10.2,0.4262,0.0108,0.001
2025-07-06,Surat,depression,30.1,38.9,48.9,29.5,100.11,35.55,0.759,0.1046,0.0062
2025-07-06,Mahabaleshwar,orographic,55.6,9.9,13.6,11.4,11.4,14.37,0.329,0.0219,0.0059
2025-07-06,Munnar,orographic,14.1,1.2,2.5,1.5,1.5,4.79,0.0748,0.0016,0.0007
2025-07-06,Madikeri,orographic,20.6,9.6,13.3,11.2,11.2,14.37,0.322,0.021,0.0056
2025-07-06,Ooty,orographic,1.6,0.6,1.5,0.7,0.7,4.68,0.0534,0.0009,0.0005
2025-07-06,Lonavala,orographic,38.8,22.7,28.1,32.26,32.26,24.29,0.5404,0.0757,0.0162
2025-07-06,Wayanad,orographic,11.3,2.4,4.2,2.8,2.8,7.61,0.1166,0.0032,0.0013
2025-07-06,Shimla,orographic,7.8,18.2,23.4,24.8,24.8,8.55,0.4812,0.0545,0.0123
2025-07-06,Dehradun,orographic,14.1,21.0,26.6,28.3,28.3,8.95,0.5195,0.0674,0.0147
2025-07-06,Srinagar,orographic,7.1,6.8,9.8,7.8,7.8,4.4,0.2516,0.0127,0.0038
2025-07-06,Gangtok,orographic,18.1,2.1,3.7,2.3,2.3,2.6,0.1063,0.0028,0.0011
2025-07-06,Guwahati,orographic,12.1,5.9,8.7,6.7,6.7,6.52,0.2265,0.0104,0.0032
2025-07-06,Cherrapunji,orographic,12.7,39.3,49.3,61.0,61.0,19.34,0.6813,0.1654,0.0322
2025-07-06,Imphal,orographic,19.4,19.2,24.6,26.3,26.3,11.34,0.4955,0.059,0.0132
2025-07-06,Agartala,orographic,9.0,5.4,8.2,6.2,6.2,5.91,0.212,0.0092,0.0029
2025-07-06,Lucknow,normal,1.6,0.1,0.5,0.5,0.5,1.64,0.0373,0.0001,0.0
2025-07-06,Patna,normal,0.5,0.0,0.0,0.0,0.0,1.16,0.0336,0.0001,0.0
2025-07-06,Varanasi,normal,2.2,0.0,0.0,0.0,0.0,2.22,0.0336,0.0001,0.0
2025-07-06,Delhi,normal,7.4,9.6,13.3,14.7,14.7,7.93,0.3318,0.0047,0.0006
2025-07-06,Kanpur,normal,2.5,3.1,5.2,5.9,5.9,5.41,0.1455,0.001,0.0002
2025-07-06,Ranchi,normal,23.3,26.9,33.21,36.25,36.25,15.12,0.5963,0.0232,0.0023
2025-07-06,Jodhpur,normal,0.2,0.0,0.0,0.0,0.0,0.25,0.0336,0.0001,0.0
2025-07-06,Bikaner,normal,5.9,0.5,1.2,1.3,1.3,1.31,0.052,0.0002,0.0
2025-07-06,Jaisalmer,normal,0.0,0.0,0.0,0.0,0.0,0.25,0.0336,0.0001,0.0
2025-07-06,Hyderabad,normal,2.4,0.0,0.0,0.0,0.0,1.15,0.0336,0.0001,0.0
2025-07-06,Bengaluru,normal,2.0,0.0,0.0,0.0,0.0,1.15,0.0336,0.0001,0.0
2025-07-06,Pune,normal,6.3,2.4,4.3,5.0,5.0,4.93,0.1212,0.0007,0.0001
2025-07-06,Kurnool,normal,0.3,0.0,0.0,0.0,0.0,1.15,0.0336,0.0001,0.0
2025-07-06,Madurai,normal,0.5,0.0,0.0,0.0,0.0,1.15,0.0336,0.0001,0.0
2025-07-07,Nagpur,depression,79.5,178.9,163.0,112.57,112.57,21.19,0.945,0.5897,0.0439
2025-07-07,Bhopal,depression,10.7,20.7,26.4,3.39,26.4,12.42,0.6132,0.0406,0.0028
2025-07-07,Raipur,depression,51.3,19.6,24.9,2.3,24.9,12.6,0.5992,0.0374,0.0026
2025-07-07,Jabalpur,depression,37.4,27.0,33.4,8.18,33.4,19.36,0.6787,0.0608,0.0039
2025-07-07,Akola,depression,19.2,25.6,31.7,7.04,31.7,11.51,0.666,0.0561,0.0036
2025-07-07,Amravati,depression,40.7,71.4,81.8,71.94,71.94,19.54,0.8603,0.2398,0.0136
2025-07-07,Aurangabad,active,17.9,7.2,10.3,10.3,10.3,6.18,0.3462,0.0051,0.0034
2025-07-07,Bhubaneswar,active,10.3,7.3,10.3,10.3,10.3,7.71,0.3493,0.0052,0.0035
2025-07-07,Mumbai,coastal,7.6,13.4,17.6,19.52,19.52,11.23,0.4546,0.0127,0.0011
2025-07-07,Thiruvananthapuram,coastal,1.5,0.0,0.0,0.0,0.0,1.23,0.0397,0.0002,0.0
2025-07-07,Kochi,coastal,2.2,10.5,14.3,16.24,16.24,6.79,0.3928,0.0088,0.0008
2025-07-07,Mangaluru,coastal,23.1,15.5,20.1,22.53,22.53,12.01,0.4928,0.0159,0.0013
2025-07-07,Panaji,coastal,11.6,16.1,20.8,23.1,23.1,12.01,0.5028,0.0169,0.0014
2025-07-07,Chennai,coastal,0.1,0.8,1.8,2.5,2.5,2.62,0.0742,0.0004,0.0001
2025-07-07,Visakhapatnam,coastal,0.4,0.0,0.0,0.0,0.0,1.23,0.0397,0.0002,0.0
2025-07-07,Puri,coastal,4.0,4.0,6.2,8.3,8.3,5.99,0.202,0.0022,0.0003
2025-07-07,Kolkata,coastal,21.5,12.4,16.4,18.37,18.37,10.67,0.4346,0.0113,0.001
2025-07-07,Surat,depression,4.7,22.2,27.5,4.0,33.2,16.08,0.6309,0.0452,0.003
2025-07-07,Mahabaleshwar,orographic,40.3,7.0,10.0,8.0,8.0,12.91,0.2571,0.0132,0.0039
2025-07-07,Munnar,orographic,13.5,0.7,1.62,0.9,0.9,4.08,0.057,0.001,0.0005
2025-07-07,Madikeri,orographic,12.9,7.9,11.0,9.0,9.0,13.14,0.2806,0.0158,0.0045
2025-07-07,Ooty,orographic,0.7,0.0,0.0,0.0,0.0,1.75,0.0322,0.0004,0.0002
2025-07-07,Lonavala,orographic,27.1,20.9,26.6,28.3,28.3,25.7,0.5182,0.067,0.0146
2025-07-07,Wayanad,orographic,8.0,0.1,0.5,0.1,0.1,3.12,0.0357,0.0005,0.0003
2025-07-07,Shimla,orographic,1.9,52.4,64.7,74.41,74.41,14.25,0.7459,0.2406,0.0461
2025-07-07,Dehradun,orographic,9.9,39.9,50.4,63.1,63.1,11.65,0.6849,0.1689,0.0329
2025-07-07,Srinagar,orographic,4.9,10.1,13.8,11.79,11.79,5.05,0.3335,0.0226,0.006
2025-07-07,Gangtok,orographic,1.1,7.4,10.4,8.4,8.4,3.3,0.2677,0.0143,0.0042
2025-07-07,Guwahati,orographic,0.3,8.7,12.3,10.2,10.2,5.33,0.3006,0.0181,0.005
2025-07-07,Cherrapunji,orographic,10.9,16.5,21.3,21.74,21.74,11.71,0.4552,0.0471,0.0109
2025-07-07,Imphal,orographic,19.5,10.8,14.7,12.6,12.6,5.89,0.349,0.025,0.0065
2025-07-07,Agartala,orographic,13.1,61.7,74.25,81.93,81.93,17.73,0.7786,0.2928,0.0565
2025-07-07,Lucknow,active,5.3,0.6,1.5,1.5,1.5,2.69,0.0775,0.0003,0.0004
2025-07-07,Patna,active,2.7,0.0,0.0,0.0,0.0,1.05,0.0472,0.0002,0.0002
2025-07-07,Varanasi,active,0.3,0.1,0.5,0.5,0.5,1.46,0.0522,0.0002,0.0002
2025-07-07,Delhi,active,13.5,12.6,16.6,16.6,16.6,9.89,0.4835,0.0118,0.0067
2025-07-07,Kanpur,active,9.3,1.1,2.3,2.3,2.3,4.05,0.1025,0.0005,0.0006
2025-07-07,Ranchi,active,19.8,23.5,28.91,28.91,28.91,13.39,0.645,0.031,0.0144
2025-07-07,Jodhpur,active,0.0,0.0,0.0,0.0,0.0,0.0,0.0472,0.0002,0.0002
2025-07-07,Bikaner,active,0.6,0.0,0.0,0.0,0.0,0.28,0.0472,0.0002,0.0002
2025-07-07,Jaisalmer,active,0.0,0.0,0.0,0.0,0.0,0.0,0.0472,0.0002,0.0002
2025-07-07,Hyderabad,active,3.0,0.0,0.0,0.0,0.0,0.91,0.0472,0.0002,0.0002
2025-07-07,Bengaluru,active,0.8,0.0,0.0,0.0,0.0,0.91,0.0472,0.0002,0.0002
2025-07-07,Pune,active,3.1,1.4,2.8,2.8,2.8,3.48,0.1171,0.0007,0.0007
2025-07-07,Kurnool,active,0.9,0.0,0.0,0.0,0.0,0.91,0.0472,0.0002,0.0002
2025-07-07,Madurai,active,0.8,0.0,0.0,0.0,0.0,0.91,0.0472,0.0002,0.0002
2025-07-08,Nagpur,depression,50.4,173.2,157.61,112.57,112.57,32.47,0.9431,0.5766,0.0421
2025-07-08,Bhopal,active,1.3,7.0,10.0,10.0,11.0,8.6,0.3399,0.0049,0.0033
2025-07-08,Raipur,active,10.2,4.1,6.3,6.3,7.29,7.11,0.2367,0.0023,0.0018
2025-07-08,Jabalpur,depression,12.7,31.8,38.6,14.96,41.7,14.83,0.7163,0.0778,0.0048
2025-07-08,Akola,depression,10.8,27.8,34.4,8.58,37.92,14.83,0.6856,0.0636,0.004
2025-07-08,Amravati,depression,19.1,105.8,103.51,80.32,80.32,32.47,0.9052,0.3761,0.0225
2025-07-08,Aurangabad,active,13.4,4.6,7.0,7.0,7.9,7.17,0.2563,0.0027,0.0021
2025-07-08,Bhubaneswar,active,4.9,0.3,0.9,0.9,1.0,3.72,0.0624,0.0002,0.0003
2025-07-08,Mumbai,coastal,3.7,15.3,19.7,22.0,22.0,11.65,0.4893,0.0156,0.0013
2025-07-08,Thiruvananthapuram,coastal,1.6,0.0,0.0,0.0,0.0,1.23,0.0397,0.0002,0.0
2025-07-08,Kochi,coastal,5.8,5.7,8.6,10.5,10.5,7.92,0.2604,0.0036,0.0004
2025-07-08,Mangaluru,coastal,20.0,16.7,21.47,24.2,24.2,12.15,0.5125,0.0179,0.0015
2025-07-08,Panaji,depression,16.1,29.0,35.4,10.16,56.73,14.83,0.6955,0.0677,0.0043
2025-07-08,Chennai,coastal,1.3,1.3,2.6,3.6,3.6,2.94,0.0955,0.0006,0.0001
2025-07-08,Visakhapatnam,coastal,0.0,0.0,0.0,0.0,0.0,1.23,0.0397,0.0002,0.0
2025-07-08,Puri,coastal,1.7,0.3,0.9,1.6,1.6,2.89,0.0526,0.0002,0.0
2025-07-08,Kolkata,depression,27.2,44.5,56.81,43.03,100.11,20.55,0.785,0.127,0.0074
2025-07-08,Surat,coastal,6.2,11.3,15.2,17.3,17.3,9.17,0.411,0.0098,0.0009
2025-07-08,Mahabaleshwar,orographic,29.1,5.8,8.6,6.6,6.6,11.86,0.2237,0.0101,0.0031
2025-07-08,Munnar,orographic,7.1,0.3,0.9,0.3,0.3,3.16,0.0428,0.0006,0.0004
2025-07-08,Madikeri,orographic,16.4,11.0,14.88,12.8,12.8,14.05,0.3533,0.0257,0.0066
2025-07-08,Ooty,orographic,0.4,0.1,0.5,0.1,0.1,1.78,0.0357,0.0005,0.0003
2025-07-08,Lonavala,orographic,11.7,13.5,17.7,16.28,16.28,21.12,0.4034,0.0348,0.0085
2025-07-08,Wayanad,orographic,4.9,0.3,0.9,0.3,0.3,2.4,0.0428,0.0006,0.0004
2025-07-08,Shimla,orographic,6.8,19.1,24.5,26.23,26.23,12.48,0.4941,0.0586,0.0131
2025-07-08,Dehradun,orographic,4.5,15.9,20.6,20.97,20.97,10.15,0.4455,0.0445,0.0104
2025-07-08,Srinagar,orographic,9.3,3.7,5.9,4.1,4.1,3.25,0.1597,0.0055,0.0019
2025-07-08,Gangtok,orographic,21.7,30.7,37.2,45.71,45.71,9.12,0.62,0.1173,0.0237
2025-07-08,Guwahati,orographic,0.9,2.3,4.1,2.6,2.6,3.09,0.1132,0.0031,0.0012
2025-07-08,Cherrapunji,orographic,33.7,40.5,51.1,63.42,63.42,13.51,0.6885,0.1723,0.0335
2025-07-08,Imphal,orographic,8.9,14.9,19.4,18.9,18.9,7.87,0.4286,0.0404,0.0096
2025-07-08,Agartala,orographic,39.1,41.4,51.85,63.42,63.42,22.43,0.6936,0.1775,0.0344
2025-07-08,Lucknow,active,0.6,2.2,3.9,3.9,4.5,3.72,0.155,0.0011,0.001
2025-07-08,Patna,active,0.1,3.2,5.3,5.3,6.0,5.02,0.1995,0.0017,0.0014
2025-07-08,Varanasi,active,2.5,0.0,0.0,0.0,0.0,1.0,0.0472,0.0002,0.0002
2025-07-08,Delhi,active,0.0,8.6,12.1,12.1,13.5,9.03,0.3874,0.0067,0.0042
2025-07-08,Kanpur,active,20.0,1.2,2.4,2.4,2.7,3.48,0.1074,0.0006,0.0006
2025-07-08,Ranchi,active,1.7,9.5,13.1,13.1,14.7,9.67,0.4116,0.0077,0.0047
2025-07-08,Jodhpur,active,0.0,0.0,0.0,0.0,0.0,0.0,0.0472,0.0002,0.0002
2025-07-08,Bikaner,active,0.2,0.1,0.5,0.5,0.5,0.24,0.0522,0.0002,0.0002
2025-07-08,Jaisalmer,active,0.3,0.0,0.0,0.0,0.0,0.0,0.0472,0.0002,0.0002
2025-07-08,Hyderabad,active,1.7,0.4,1.0,1.0,1.02,2.09,0.0674,0.0003,0.0003
2025-07-08,Bengaluru,active,0.4,0.0,0.0,0.0,0.0,0.91,0.0472,0.0002,0.0002
2025-07-08,Pune,active,1.4,1.8,3.3,3.3,3.7,3.14,0.1363,0.0009,0.0008
2025-07-08,Kurnool,active,2.2,0.0,0.0,0.0,0.0,0.91,0.0472,0.0002,0.0002
2025-07-08,Madurai,active,0.3,0.0,0.0,0.0,0.0,0.91,0.0472,0.0002,0.0002
2025-07-09,Nagpur,depression,42.8,18.5,23.6,2.0,2.0,28.89,0.5843,0.0342,0.0024
2025-07-09,Bhopal,active,4.1,3.7,5.9,5.9,6.7,8.86,0.2205,0.002,0.0016
2025-07-09,Raipur,active,29.7,21.8,27.2,27.2,29.6,17.92,0.6262,0.0276,0.0131
2025-07-09,Jabalpur,depression,19.8,34.6,42.86,19.3,44.91,27.45,0.7347,0.0881,0.0053
2025-07-09,Akola,depression,21.5,68.6,80.0,71.62,72.0,39.49,0.8549,0.228,0.0129
2025-07-09,Amravati,depression,35.8,82.8,87.0,76.42,73.7,56.28,0.879,0.2869,0.0164
2025-07-09,Aurangabad,active,11.1,3.4,5.5,5.5,6.1,7.37,0.208,0.0018,0.0015
2025-07-09,Bhubaneswar,active,0.6,0.1,0.5,0.5,0.5,2.83,0.0522,0.0002,0.0002
2025-07-09,Mumbai,depression,15.4,25.1,30.86,6.16,38.32,20.38,0.6612,0.0545,0.0035
2025-07-09,Thiruvananthapuram,coastal,0.5,0.0,0.0,0.0,0.0,1.73,0.0397,0.0002,0.0
2025-07-09,Kochi,coastal,4.4,3.0,5.1,6.6,6.6,6.85,0.1645,0.0015,0.0002
2025-07-09,Mangaluru,depression,20.4,25.0,30.71,6.16,38.21,20.38,0.6603,0.0542,0.0035
2025-07-09,Panaji,depression,15.8,33.4,41.5,17.67,100.11,28.42,0.7271,0.0836,0.0051
2025-07-09,Chennai,coastal,2.5,0.0,0.0,0.0,0.0,2.65,0.0397,0.0002,0.0
2025-07-09,Visakhapatnam,coastal,0.0,0.0,0.0,0.0,0.0,1.73,0.0397,0.0002,0.0
2025-07-09,Puri,coastal,2.0,0.6,1.5,2.2,2.2,3.69,0.0655,0.0003,0.0001
2025-07-09,Kolkata,coastal,11.2,7.0,10.0,12.23,12.23,14.56,0.3006,0.0048,0.0005
2025-07-09,Surat,coastal,9.4,9.1,12.8,14.8,14.8,13.43,0.3585,0.0071,0.0007
2025-07-09,Mahabaleshwar,orographic,24.9,5.2,8.0,5.8,5.8,13.48,0.2061,0.0087,0.0028
2025-07-09,Munnar,orographic,4.8,0.2,0.7,0.2,0.2,2.88,0.0392,0.0006,0.0003
2025-07-09,Madikeri,orographic,10.6,8.8,12.4,10.2,10.2,17.29,0.3031,0.0184,0.0051
2025-07-09,Ooty,orographic,1.7,0.3,0.9,0.3,0.3,2.77,0.0428,0.0006,0.0004
2025-07-09,Lonavala,orographic,21.5,14.3,18.82,18.1,18.1,28.18,0.418,0.038,0.0091
2025-07-09,Wayanad,orographic,3.7,0.0,0.0,0.0,0.0,2.13,0.0322,0.0004,0.0002
2025-07-09,Shimla,orographic,14.1,41.0,51.41,63.42,63.42,18.46,0.6914,0.1752,0.034
2025-07-09,Dehradun,orographic,38.3,20.7,26.4,28.16,28.16,14.38,0.5157,0.066,0.0145
2025-07-09,Srinagar,orographic,9.5,1.1,2.3,1.4,1.4,2.22,0.0712,0.0014,0.0007
2025-07-09,Gangtok,orographic,68.8,6.4,9.4,7.3,7.3,7.61,0.2406,0.0116,0.0035
2025-07-09,Guwahati,orographic,14.8,5.9,8.7,6.7,6.7,5.27,0.2265,0.0104,0.0032
2025-07-09,Cherrapunji,orographic,92.3,74.8,81.8,89.5,89.5,50.17,0.8133,0.3622,0.0715
2025-07-09,Imphal,orographic,34.3,4.1,6.3,4.5,4.5,5.85,0.1724,0.0063,0.0021
2025-07-09,Agartala,orographic,24.2,18.8,24.0,25.67,25.67,22.63,0.4899,0.0572,0.0128
2025-07-09,Lucknow,active,8.4,17.2,22.4,22.4,24.3,15.02,0.5652,0.0191,0.0098
2025-07-09,Patna,active,0.9,0.0,0.0,0.0,0.0,2.93,0.0472,0.0002,0.0002
2025-07-09,Varanasi,active,0.7,2.0,3.6,3.6,4.1,4.58,0.1457,0.001,0.0009
2025-07-09,Delhi,active,14.9,0.5,1.2,1.2,1.3,5.42,0.0725,0.0003,0.0004
2025-07-09,Kanpur,active,0.8,7.3,10.3,10.3,11.6,10.11,0.3493,0.0052,0.0035
2025-07-09,Ranchi,active,21.4,16.3,21.0,21.0,22.6,16.89,0.5511,0.0176,0.0091
2025-07-09,Jodhpur,active,0.6,0.0,0.0,0.0,0.0,0.34,0.0472,0.0002,0.0002
2025-07-09,Bikaner,active,0.8,0.0,0.0,0.0,0.0,0.34,0.0472,0.0002,0.0002
2025-07-09,Jaisalmer,active,0.0,0.0,0.0,0.0,0.0,0.34,0.0472,0.0002,0.0002
2025-07-09,Hyderabad,active,0.6,0.0,0.0,0.0,0.0,2.01,0.0472,0.0002,0.0002
2025-07-09,Bengaluru,active,1.5,0.0,0.0,0.0,0.0,1.34,0.0472,0.0002,0.0002
2025-07-09,Pune,active,2.4,2.7,4.7,4.7,5.3,4.93,0.1777,0.0014,0.0012
2025-07-09,Kurnool,active,0.0,0.0,0.0,0.0,0.0,1.34,0.0472,0.0002,0.0002
2025-07-09,Madurai,active,0.1,0.0,0.0,0.0,0.0,1.34,0.0472,0.0002,0.0002
2025-07-10,Nagpur,normal,4.6,2.6,4.6,5.2,4.6,5.89,0.1283,0.0008,0.0002
2025-07-10,Bhopal,normal,12.6,26.5,32.8,35.56,32.8,12.62,0.5924,0.0227,0.0023
2025-07-10,Raipur,normal,7.7,14.6,19.2,20.7,19.2,11.15,0.4342,0.0089,0.0011
2025-07-10,Jabalpur,depression,25.7,29.0,35.4,10.16,35.4,16.37,0.6955,0.0677,0.0043
2025-07-10,Akola,normal,0.8,0.2,0.7,0.7,0.7,4.53,0.0409,0.0001,0.0
2025-07-10,Amravati,normal,10.3,0.9,2.0,2.2,2.0,5.79,0.0668,0.0003,0.0001
2025-07-10,Aurangabad,normal,0.9,0.0,0.0,0.0,0.0,2.57,0.0336,0.0001,0.0
2025-07-10,Bhubaneswar,normal,5.6,13.4,17.6,19.5,17.6,8.35,0.4122,0.0078,0.001
2025-07-10,Mumbai,coastal,6.5,4.0,6.2,8.3,8.3,8.66,0.202,0.0022,0.0003
2025-07-10,Thiruvananthapuram,coastal,0.8,0.0,0.0,0.0,0.0,1.5,0.0397,0.0002,0.0
2025-07-10,Kochi,coastal,5.1,4.4,6.8,8.8,8.8,7.95,0.2164,0.0025,0.0003
2025-07-10,Mangaluru,coastal,8.6,27.0,33.4,46.05,46.05,19.61,0.638,0.0376,0.0027
2025-07-10,Panaji,coastal,20.4,28.3,34.8,50.21,50.21,21.35,0.6497,0.0404,0.0028
2025-07-10,Chennai,coastal,1.2,0.0,0.0,0.0,0.0,1.5,0.0397,0.0002,0.0
2025-07-10,Visakhapatnam,coastal,1.1,0.1,0.5,1.1,1.1,2.0,0.044,0.0002,0.0
2025-07-10,Puri,coastal,2.8,3.4,5.5,7.29,7.29,6.06,0.1798,0.0018,0.0002
2025-07-10,Kolkata,coastal,20.1,8.3,11.8,13.68,13.68,11.71,0.3374,0.0062,0.0006
2025-07-10,Surat,coastal,3.3,3.7,5.9,8.0,8.0,8.46,0.191,0.002,0.0003
2025-07-10,Mahabaleshwar,orographic,10.6,4.0,6.2,4.4,4.4,9.84,0.1693,0.0061,0.0021
2025-07-10,Munnar,orographic,5.5,0.5,1.2,0.6,0.6,3.05,0.0499,0.0008,0.0004
2025-07-10,Madikeri,orographic,15.8,5.5,8.3,6.4,6.4,12.27,0.215,0.0094,0.003
2025-07-10,Ooty,orographic,4.7,2.8,4.8,3.1,3.1,5.53,0.1301,0.0039,0.0015
2025-07-10,Lonavala,orographic,5.2,7.2,10.3,8.2,8.2,15.49,0.2624,0.0138,0.004
2025-07-10,Wayanad,orographic,2.8,0.3,0.9,0.3,0.3,2.36,0.0428,0.0006,0.0004
2025-07-10,Shimla,orographic,18.3,16.3,21.0,21.4,21.4,13.56,0.452,0.0462,0.0107
2025-07-10,Dehradun,orographic,5.6,26.9,33.21,40.26,40.26,12.38,0.5856,0.097,0.0201
2025-07-10,Srinagar,orographic,2.4,4.6,7.0,5.1,5.1,3.5,0.188,0.0073,0.0024
2025-07-10,Gangtok,orographic,25.7,6.4,9.4,7.3,7.3,5.89,0.2406,0.0116,0.0035
2025-07-10,Guwahati,orographic,6.3,7.1,10.1,8.1,8.1,6.6,0.2597,0.0135,0.004
2025-07-10,Cherrapunji,orographic,24.1,7.4,10.4,8.4,8.4,9.97,0.2677,0.0143,0.0042
2025-07-10,Imphal,orographic,1.4,5.3,8.1,6.1,6.1,4.75,0.2091,0.0089,0.0028
2025-07-10,Agartala,orographic,20.2,0.5,1.2,0.6,0.6,3.41,0.0499,0.0008,0.0004
2025-07-10,Lucknow,normal,1.5,3.6,5.8,6.5,5.8,7.65,0.1624,0.0012,0.0002
2025-07-10,Patna,normal,5.5,3.3,5.4,6.1,5.4,4.69,0.1523,0.0011,0.0002
2025-07-10,Varanasi,normal,19.0,3.6,5.8,6.5,5.8,5.24,0.1624,0.0012,0.0002
2025-07-10,Delhi,normal,3.6,23.4,28.9,31.7,28.9,11.25,0.5595,0.0187,0.0019
2025-07-10,Kanpur,normal,0.7,29.6,36.16,41.7,36.16,14.88,0.6211,0.027,0.0026
2025-07-10,Ranchi,normal,13.1,42.1,53.2,54.91,53.2,18.36,0.7068,0.0468,0.0041
2025-07-10,Jodhpur,normal,0.0,0.0,0.0,0.0,0.0,0.2,0.0336,0.0001,0.0
2025-07-10,Bikaner,normal,0.1,0.0,0.0,0.0,0.0,0.2,0.0336,0.0001,0.0
2025-07-10,Jaisalmer,normal,0.0,0.0,0.0,0.0,0.0,0.2,0.0336,0.0001,0.0
2025-07-10,Hyderabad,normal,0.7,0.0,0.0,0.0,0.0,0.98,0.0336,0.0001,0.0
2025-07-10,Bengaluru,normal,5.3,0.0,0.0,0.0,0.0,0.98,0.0336,0.0001,0.0
2025-07-10,Pune,normal,0.1,0.0,0.0,0.0,0.0,2.41,0.0336,0.0001,0.0
2025-07-10,Kurnool,normal,1.4,0.0,0.0,0.0,0.0,0.98,0.0336,0.0001,0.0
2025-07-10,Madurai,normal,1.0,0.1,0.5,0.5,0.5,1.32,0.0373,0.0001,0.0
2025-07-11,Nagpur,normal,19.0,12.6,16.6,18.9,18.9,8.27,0.3967,0.0071,0.0009
2025-07-11,Bhopal,normal,1.1,6.9,9.9,10.9,10.9,10.43,0.2628,0.0029,0.0004
2025-07-11,Raipur,normal,11.4,20.4,26.1,27.81,27.81,13.87,0.5228,0.015,0.0016
2025-07-11,Jabalpur,depression,31.7,32.7,40.21,16.33,43.8,16.97,0.7225,0.0811,0.005
2025-07-11,Akola,normal,0.7,0.0,0.0,0.0,0.0,1.29,0.0336,0.0001,0.0
2025-07-11,Amravati,normal,0.1,0.0,0.0,0.0,0.0,2.44,0.0336,0.0001,0.0
2025-07-11,Aurangabad,normal,2.6,0.1,0.5,0.5,0.5,1.49,0.0373,0.0001,0.0
2025-07-11,Bhubaneswar,normal,9.0,11.4,15.3,16.7,16.7,10.15,0.3721,0.0061,0.0008
2025-07-11,Mumbai,coastal,6.1,3.0,5.1,6.6,6.6,7.08,0.1645,0.0015,0.0002
2025-07-11,Thiruvananthapuram,coastal,2.1,0.2,0.7,1.4,1.4,2.54,0.0483,0.0002,0.0
2025-07-11,Kochi,coastal,11.3,8.5,12.0,13.95,13.95,10.9,0.3428,0.0064,0.0006
2025-07-11,Mangaluru,depression,22.9,41.7,52.41,37.17,100.11,27.9,0.7727,0.1157,0.0068
2025-07-11,Panaji,coastal,15.8,27.6,34.1,48.61,48.61,21.27,0.6435,0.0389,0.0027
2025-07-11,Chennai,coastal,5.9,0.0,0.0,0.0,0.0,1.66,0.0397,0.0002,0.0
2025-07-11,Visakhapatnam,coastal,0.2,0.0,0.0,0.0,0.0,1.6,0.0397,0.0002,0.0
2025-07-11,Puri,coastal,5.6,1.6,3.0,4.46,4.46,5.89,0.1081,0.0007,0.0001
2025-07-11,Kolkata,coastal,2.7,6.4,9.4,11.4,11.4,11.59,0.2825,0.0042,0.0005
2025-07-11,Surat,coastal,13.7,3.0,5.1,6.6,6.6,7.08,0.1645,0.0015,0.0002
2025-07-11,Mahabaleshwar,orographic,10.0,3.5,5.6,3.8,3.8,9.07,0.1532,0.0051,0.0018
2025-07-11,Munnar,orographic,7.0,1.5,2.9,1.7,1.7,4.68,0.0854,0.0019,0.0008
2025-07-11,Madikeri,orographic,17.0,5.5,8.3,6.4,6.4,13.45,0.215,0.0094,0.003
2025-07-11,Ooty,orographic,1.1,3.9,6.0,4.2,4.2,8.29,0.1661,0.0059,0.002
2025-07-11,Lonavala,orographic,12.1,4.2,6.5,4.7,4.7,10.87,0.1756,0.0065,0.0022
2025-07-11,Wayanad,orographic,4.1,0.5,1.2,0.6,0.6,3.89,0.0499,0.0008,0.0004
2025-07-11,Shimla,orographic,13.1,11.6,15.4,13.58,13.58,8.77,0.3659,0.0278,0.0071
2025-07-11,Dehradun,orographic,0.2,2.5,4.4,2.9,2.9,4.0,0.12,0.0034,0.0013
2025-07-11,Srinagar,orographic,3.5,11.4,15.3,13.4,13.4,6.32,0.3618,0.0271,0.0069
2025-07-11,Gangtok,orographic,3.1,2.6,4.6,3.0,3.0,3.88,0.1234,0.0035,0.0014
2025-07-11,Guwahati,orographic,0.4,6.7,9.7,7.6,7.6,7.1,0.2489,0.0124,0.0037
2025-07-11,Cherrapunji,orographic,4.0,1.4,2.8,1.63,1.63,3.87,0.0818,0.0018,0.0008
2025-07-11,Imphal,orographic,0.1,0.0,0.0,0.0,0.0,2.44,0.0322,0.0004,0.0002
2025-07-11,Agartala,orographic,2.2,0.3,0.9,0.3,0.3,2.04,0.0428,0.0006,0.0004
2025-07-11,Lucknow,normal,11.0,4.6,7.0,7.9,7.9,7.13,0.1948,0.0016,0.0003
2025-07-11,Patna,normal,2.0,4.0,6.2,7.2,7.2,6.68,0.1756,0.0014,0.0002
2025-07-11,Varanasi,normal,30.2,34.0,41.9,44.8,44.8,16.35,0.656,0.0335,0.0031
2025-07-11,Delhi,normal,0.4,2.6,4.6,5.2,5.2,6.76,0.1283,0.0008,0.0002
2025-07-11,Kanpur,normal,9.9,3.2,5.3,6.0,6.0,7.67,0.1489,0.001,0.0002
2025-07-11,Ranchi,normal,17.0,14.3,18.82,20.5,20.5,16.66,0.4288,0.0087,0.001
2025-07-11,Jodhpur,normal,4.2,0.1,0.5,0.5,0.5,0.47,0.0373,0.0001,0.0
2025-07-11,Bikaner,normal,13.4,1.6,3.0,3.4,3.4,1.5,0.0925,0.0005,0.0001
2025-07-11,Jaisalmer,normal,10.1,0.0,0.0,0.0,0.0,0.28,0.0336,0.0001,0.0
2025-07-11,Hyderabad,normal,0.3,0.0,0.0,0.0,0.0,1.11,0.0336,0.0001,0.0
2025-07-11,Bengaluru,normal,5.0,1.2,2.4,2.7,2.7,2.61,0.0779,0.0003,0.0001
2025-07-11,Pune,normal,1.8,0.0,0.0,0.0,0.0,1.11,0.0336,0.0001,0.0
2025-07-11,Kurnool,normal,4.1,0.2,0.7,0.7,0.7,1.74,0.0409,0.0001,0.0
2025-07-11,Madurai,normal,1.8,0.3,0.9,1.0,1.0,2.09,0.0446,0.0001,0.0
2025-07-12,Nagpur,normal,2.4,11.3,15.2,16.6,16.6,9.8,0.3699,0.006,0.0008
2025-07-12,Bhopal,normal,18.6,35.7,44.1,46.0,46.0,16.62,0.6679,0.0362,0.0033
2025-07-12,Raipur,normal,4.0,1.6,3.0,3.4,3.4,5.01,0.0925,0.0005,0.0001
2025-07-12,Jabalpur,normal,47.6,18.7,23.81,25.96,25.96,14.38,0.4995,0.0131,0.0015
2025-07-12,Akola,normal,0.4,0.2,0.7,0.7,0.7,1.67,0.0409,0.0001,0.0
2025-07-12,Amravati,normal,1.1,0.7,1.6,1.7,1.7,2.18,0.0594,0.0002,0.0001
2025-07-12,Aurangabad,normal,2.0,0.0,0.0,0.0,0.0,1.05,0.0336,0.0001,0.0
2025-07-12,Bhubaneswar,normal,11.4,1.3,2.6,2.9,2.9,4.49,0.0816,0.0004,0.0001
2025-07-12,Mumbai,coastal,4.9,1.5,2.9,4.1,4.1,5.68,0.1039,0.0007,0.0001
2025-07-12,Thiruvananthapuram,coastal,2.6,2.2,3.9,5.4,5.4,4.27,0.1328,0.0011,0.0002
2025-07-12,Kochi,coastal,27.0,13.4,17.6,19.52,19.52,15.59,0.4546,0.0127,0.0011
2025-07-12,Mangaluru,depression,37.0,37.7,48.0,27.1,100.11,33.19,0.7526,0.1,0.006
2025-07-12,Panaji,depression,23.9,34.9,43.41,19.37,100.11,25.19,0.7365,0.0893,0.0054
2025-07-12,Chennai,coastal,22.1,0.0,0.0,0.0,0.0,1.58,0.0397,0.0002,0.0
2025-07-12,Visakhapatnam,coastal,4.1,0.0,0.0,0.0,0.0,1.58,0.0397,0.0002,0.0
2025-07-12,Puri,coastal,3.7,1.1,2.3,3.0,3.0,4.16,0.087,0.0005,0.0001
2025-07-12,Kolkata,coastal,9.3,0.2,0.7,1.4,1.4,4.06,0.0483,0.0002,0.0
2025-07-12,Surat,coastal,9.1,1.4,2.8,3.9,3.9,5.17,0.0997,0.0007,0.0001
2025-07-12,Mahabaleshwar,orographic,14.0,3.1,5.2,3.4,3.4,8.75,0.1401,0.0044,0.0016
2025-07-12,Munnar,orographic,7.6,2.2,3.9,2.4,2.4,5.3,0.1097,0.0029,0.0012
2025-07-12,Madikeri,orographic,6.2,5.7,8.6,6.5,6.5,13.82,0.2208,0.0099,0.0031
2025-07-12,Ooty,orographic,0.9,6.7,9.7,7.6,7.6,12.79,0.2489,0.0124,0.0037
2025-07-12,Lonavala,orographic,11.1,4.1,6.3,4.5,4.5,9.03,0.1724,0.0063,0.0021
2025-07-12,Wayanad,orographic,3.0,1.4,2.8,1.63,1.63,4.01,0.0818,0.0018,0.0008
2025-07-12,Shimla,orographic,5.3,4.6,7.0,5.1,5.1,5.24,0.188,0.0073,0.0024
2025-07-12,Dehradun,orographic,0.2,11.1,15.0,12.8,12.8,5.37,0.3554,0.026,0.0067
2025-07-12,Srinagar,orographic,4.7,2.0,3.6,2.3,2.3,2.9,0.1028,0.0026,0.0011
2025-07-12,Gangtok,orographic,4.6,5.8,8.6,6.6,6.6,4.45,0.2237,0.0101,0.0031
2025-07-12,Guwahati,orographic,0.6,9.5,13.1,11.0,11.0,7.72,0.3197,0.0207,0.0056
2025-07-12,Cherrapunji,orographic,10.3,21.4,27.0,28.91,28.91,9.62,0.5246,0.0693,0.0151
2025-07-12,Imphal,orographic,4.2,9.5,13.1,11.0,11.0,5.26,0.3197,0.0207,0.0056
2025-07-12,Agartala,orographic,11.9,11.2,15.1,13.0,13.0,5.39,0.3575,0.0264,0.0068
2025-07-12,Lucknow,normal,27.7,2.9,4.9,5.5,5.5,5.8,0.1387,0.0009,0.0002
2025-07-12,Patna,normal,0.7,0.5,1.2,1.3,1.3,4.13,0.052,0.0002,0.0
2025-07-12,Varanasi,normal,12.8,5.6,8.5,9.3,9.3,9.93,0.2255,0.0021,0.0003
2025-07-12,Delhi,normal,2.7,2.2,3.9,4.5,4.5,4.6,0.1141,0.0006,0.0001
2025-07-12,Kanpur,normal,19.7,2.8,4.8,5.4,5.4,5.8,0.1352,0.0009,0.0002
2025-07-12,Ranchi,normal,6.5,9.5,13.1,14.7,14.7,10.4,0.3294,0.0046,0.0006
2025-07-12,Jodhpur,normal,0.9,7.3,10.3,11.6,11.6,5.66,0.2738,0.0031,0.0005
2025-07-12,Bikaner,normal,0.1,6.3,9.1,9.93,9.93,5.12,0.246,0.0025,0.0004
2025-07-12,Jaisalmer,normal,0.0,0.0,0.0,0.0,0.0,0.24,0.0336,0.0001,0.0
2025-07-12,Hyderabad,normal,1.3,1.0,2.1,2.4,2.4,2.44,0.0705,0.0003,0.0001
2025-07-12,Bengaluru,normal,0.8,3.0,5.1,5.7,5.7,4.71,0.1421,0.0009,0.0002
2025-07-12,Pune,normal,0.8,0.1,0.5,0.5,0.5,1.39,0.0373,0.0001,0.0
2025-07-12,Kurnool,normal,13.8,0.9,2.0,2.2,2.2,2.84,0.0668,0.0003,0.0001
2025-07-12,Madurai,normal,0.0,1.8,3.3,3.7,3.7,4.05,0.0998,0.0005,0.0001
2025-07-13,Nagpur,break,1.9,8.8,12.4,12.4,12.4,9.17,0.3606,0.0072,0.0004
2025-07-13,Bhopal,break,14.2,14.0,18.6,18.6,18.6,15.47,0.4767,0.0146,0.0007
2025-07-13,Raipur,break,1.5,1.0,2.1,2.1,2.1,3.38,0.086,0.0005,0.0
2025-07-13,Jabalpur,break,3.1,18.0,23.2,23.2,23.2,12.64,0.5431,0.0214,0.0009
2025-07-13,Akola,break,1.9,0.0,0.0,0.0,0.0,1.54,0.0413,0.0002,0.0
2025-07-13,Amravati,break,0.4,0.4,1.1,1.1,1.1,3.52,0.0593,0.0003,0.0
2025-07-13,Aurangabad,break,0.9,0.0,0.0,0.0,0.0,1.38,0.0413,0.0002,0.0
2025-07-13,Bhubaneswar,break,21.7,2.0,3.6,3.6,3.6,3.69,0.1294,0.001,0.0001
2025-07-13,Mumbai,coastal,14.7,2.5,4.4,5.7,5.7,4.8,0.1449,0.0012,0.0002
2025-07-13,Thiruvananthapuram,coastal,1.5,0.6,1.4,2.1,2.1,3.38,0.0655,0.0003,0.0001
2025-07-13,Kochi,coastal,16.1,26.8,33.2,43.91,43.91,17.95,0.6362,0.0372,0.0026
2025-07-13,Mangaluru,depression,28.8,37.4,47.11,26.76,100.11,29.35,0.751,0.0988,0.0059
2025-07-13,Panaji,coastal,19.3,22.7,28.1,33.6,33.6,18.62,0.5936,0.0287,0.0021
2025-07-13,Chennai,coastal,0.8,0.1,0.5,1.1,1.1,1.82,0.044,0.0002,0.0
2025-07-13,Visakhapatnam,coastal,3.0,0.0,0.0,0.0,0.0,1.39,0.0397,0.0002,0.0
2025-07-13,Puri,coastal,17.2,0.9,2.0,2.7,2.7,3.44,0.0785,0.0004,0.0001
2025-07-13,Kolkata,coastal,11.2,23.2,28.8,35.3,35.3,13.34,0.5993,0.0297,0.0022
2025-07-13,Surat,coastal,23.8,1.1,2.3,3.0,3.0,3.49,0.087,0.0005,0.0001
2025-07-13,Mahabaleshwar,orographic,16.9,4.4,6.8,4.8,4.8,11.13,0.1818,0.0069,0.0023
2025-07-13,Munnar,orographic,5.9,3.2,5.3,3.5,3.5,7.76,0.1434,0.0046,0.0017
2025-07-13,Madikeri,orographic,13.9,7.7,10.8,8.8,8.8,16.74,0.2755,0.0152,0.0043
2025-07-13,Ooty,orographic,2.3,3.9,6.0,4.2,4.2,11.55,0.1661,0.0059,0.002
2025-07-13,Lonavala,orographic,14.5,6.3,9.1,7.1,7.1,13.09,0.2379,0.0114,0.0035
2025-07-13,Wayanad,orographic,9.5,4.5,6.9,4.96,4.96,9.28,0.1849,0.0071,0.0024
2025-07-13,Shimla,orographic,4.6,8.6,12.2,10.14,10.14,5.81,0.2982,0.0178,0.005
2025-07-13,Dehradun,orographic,1.2,0.1,0.5,0.1,0.1,1.28,0.0357,0.0005,0.0003
2025-07-13,Srinagar,orographic,0.0,4.7,7.2,5.2,5.2,3.59,0.1911,0.0076,0.0025
2025-07-13,Gangtok,orographic,6.0,14.3,18.82,18.1,18.1,9.76,0.418,0.038,0.0091
2025-07-13,Guwahati,orographic,1.9,1.5,2.9,1.7,1.7,4.6,0.0854,0.0019,0.0008
2025-07-13,Cherrapunji,orographic,3.1,16.2,20.9,21.2,21.2,13.06,0.4504,0.0458,0.0107
2025-07-13,Imphal,orographic,1.1,1.2,2.4,1.4,1.4,4.55,0.0748,0.0016,0.0007
2025-07-13,Agartala,orographic,22.6,4.7,7.2,5.2,5.2,7.2,0.1911,0.0076,0.0025
2025-07-13,Lucknow,break,7.4,7.3,10.4,10.4,10.4,8.01,0.3186,0.0055,0.0003
2025-07-13,Patna,break,0.3,0.0,0.0,0.0,0.0,1.83,0.0413,0.0002,0.0
2025-07-13,Varanasi,break,7.0,0.0,0.0,0.0,0.0,2.98,0.0413,0.0002,0.0
2025-07-13,Delhi,break,18.6,0.4,1.1,1.1,1.1,3.75,0.0593,0.0003,0.0
2025-07-13,Kanpur,break,4.0,10.8,14.7,14.7,14.7,8.23,0.4101,0.0098,0.0005
2025-07-13,Ranchi,break,9.3,13.4,17.6,17.6,17.6,13.06,0.4652,0.0136,0.0006
2025-07-13,Jodhpur,break,3.1,28.7,35.3,35.3,35.3,15.04,0.6628,0.0441,0.0016
2025-07-13,Bikaner,break,0.1,8.5,12.0,12.0,12.0,7.53,0.3525,0.0069,0.0004
2025-07-13,Jaisalmer,break,0.0,0.0,0.0,0.0,0.0,0.26,0.0413,0.0002,0.0
2025-07-13,Hyderabad,break,0.0,0.0,0.0,0.0,0.0,2.36,0.0413,0.0002,0.0
2025-07-13,Bengaluru,break,7.6,0.5,1.2,1.2,1.2,4.01,0.0637,0.0003,0.0
2025-07-13,Pune,break,1.7,0.2,0.7,0.7,0.7,1.57,0.0503,0.0002,0.0
2025-07-13,Kurnool,break,0.5,0.6,1.4,1.4,1.4,3.16,0.0682,0.0004,0.0
2025-07-13,Madurai,break,0.5,3.6,5.8,5.8,5.8,4.64,0.1939,0.0021,0.0001
2025-07-14,Nagpur,break,10.5,4.5,6.9,6.9,7.8,7.6,0.2273,0.0028,0.0002
2025-07-14,Bhopal,break,25.7,4.9,7.5,7.5,8.28,7.81,0.2415,0.0031,0.0002
2025-07-14,Raipur,break,3.7,11.9,15.8,15.8,17.7,6.91,0.4345,0.0114,0.0005
2025-07-14,Jabalpur,break,9.9,7.8,10.9,10.9,12.2,8.91,0.3331,0.006,0.0003
2025-07-14,Akola,break,4.1,0.0,0.0,0.0,0.0,1.09,0.0413,0.0002,0.0
2025-07-14,Amravati,break,6.5,0.0,0.0,0.0,0.0,1.72,0.0413,0.0002,0.0
2025-07-14,Aurangabad,break,11.6,0.0,0.0,0.0,0.0,1.09,0.0413,0.0002,0.0
2025-07-14,Bhubaneswar,break,21.3,27.6,34.1,34.1,37.52,10.81,0.6533,0.0415,0.0015
2025-07-14,Mumbai,coastal,51.0,3.2,5.3,6.75,6.75,6.88,0.1722,0.0017,0.0002
2025-07-14,Thiruvananthapuram,coastal,11.3,0.7,1.6,2.3,2.3,3.73,0.0699,0.0004,0.0001
2025-07-14,Kochi,coastal,18.0,23.9,29.2,35.81,35.81,18.78,0.607,0.0311,0.0023
2025-07-14,Mangaluru,depression,40.0,42.1,53.2,38.07,100.11,36.53,0.7745,0.1173,0.0069
2025-07-14,Panaji,coastal,45.8,25.0,30.71,38.21,38.21,18.78,0.6185,0.0334,0.0024
2025-07-14,Chennai,coastal,5.2,0.1,0.5,1.1,1.1,2.2,0.044,0.0002,0.0
2025-07-14,Visakhapatnam,coastal,4.5,0.0,0.0,0.0,0.0,1.73,0.0397,0.0002,0.0
2025-07-14,Puri,coastal,24.1,4.6,7.1,9.29,9.29,7.6,0.2234,0.0027,0.0003
2025-07-14,Kolkata,coastal,35.7,19.0,24.4,28.1,28.1,18.78,0.5468,0.0218,0.0017
2025-07-14,Surat,coastal,16.4,21.7,27.2,31.73,31.73,15.3,0.5819,0.0268,0.002
2025-07-14,Mahabaleshwar,orographic,46.9,8.9,12.5,10.3,10.3,12.35,0.3055,0.0188,0.0052
2025-07-14,Munnar,orographic,10.5,1.9,3.4,2.1,2.1,6.47,0.0994,0.0025,0.001
2025-07-14,Madikeri,orographic,12.0,9.3,12.9,10.59,10.59,14.85,0.315,0.02,0.0054
2025-07-14,Ooty,orographic,0.5,0.8,1.8,1.0,1.0,5.47,0.0606,0.0011,0.0005
2025-07-14,Lonavala,orographic,30.3,10.5,14.3,12.3,12.3,15.07,0.3424,0.0239,0.0063
2025-07-14,Wayanad,orographic,4.3,3.5,5.6,3.8,3.8,8.1,0.1532,0.0051,0.0018
2025-07-14,Shimla,orographic,14.1,36.1,44.7,57.72,57.72,16.58,0.6608,0.1473,0.029
2025-07-14,Dehradun,orographic,1.0,15.6,20.27,20.4,20.4,8.11,0.4405,0.0433,0.0102
2025-07-14,Srinagar,orographic,10.0,10.7,14.5,12.5,12.5,6.7,0.3468,0.0246,0.0064
2025-07-14,Gangtok,orographic,17.4,19.3,24.66,26.37,26.37,13.44,0.4969,0.0595,0.0132
2025-07-14,Guwahati,orographic,10.6,3.6,5.8,3.9,3.9,3.19,0.1565,0.0053,0.0019
2025-07-14,Cherrapunji,orographic,9.4,12.0,15.9,14.0,14.0,9.03,0.3741,0.0292,0.0074
2025-07-14,Imphal,orographic,7.0,15.8,20.5,20.72,20.72,7.57,0.4438,0.0441,0.0103
2025-07-14,Agartala,orographic,10.7,5.2,8.0,5.8,5.8,4.88,0.2061,0.0087,0.0028
2025-07-14,Lucknow,break,4.7,2.9,5.0,5.0,5.6,7.04,0.1665,0.0016,0.0001
2025-07-14,Patna,break,3.9,1.8,3.3,3.3,3.7,3.72,0.1209,0.0009,0.0001
2025-07-14,Varanasi,break,44.1,5.2,8.0,8.0,8.73,6.88,0.2519,0.0034,0.0002
2025-07-14,Delhi,break,17.6,1.5,2.9,2.9,3.2,3.81,0.108,0.0007,0.0001
2025-07-14,Kanpur,break,3.5,4.8,7.4,7.4,8.1,9.06,0.238,0.003,0.0002
2025-07-14,Ranchi,break,11.7,49.6,61.75,61.75,62.7,26.42,0.7818,0.1007,0.0033
2025-07-14,Jodhpur,break,42.7,21.4,27.0,27.0,28.9,15.27,0.5886,0.028,0.0011
2025-07-14,Bikaner,break,8.6,8.0,11.3,11.3,12.6,8.14,0.3388,0.0063,0.0003
2025-07-14,Jaisalmer,break,0.0,4.7,7.2,7.2,8.0,3.43,0.2345,0.0029,0.0002
2025-07-14,Hyderabad,break,1.2,0.0,0.0,0.0,0.0,1.17,0.0413,0.0002,0.0
2025-07-14,Bengaluru,break,8.8,0.0,0.0,0.0,0.0,1.91,0.0413,0.0002,0.0
2025-07-14,Pune,break,7.8,1.1,2.3,2.3,2.5,2.78,0.0905,0.0006,0.0
2025-07-14,Kurnool,break,1.0,0.0,0.0,0.0,0.0,1.91,0.0413,0.0002,0.0
2025-07-14,Madurai,break,0.5,3.3,5.45,5.45,6.1,5.9,0.1823,0.0018,0.0001
2025-07-15,Nagpur,break,4.3,2.8,4.8,4.8,4.8,5.54,0.1625,0.0015,0.0001
2025-07-15,Bhopal,break,28.5,5.2,8.0,8.0,8.0,7.35,0.2519,0.0034,0.0002
2025-07-15,Raipur,break,3.8,17.8,23.06,23.06,23.06,11.56,0.5401,0.0211,0.0009
2025-07-15,Jabalpur,break,3.5,14.5,19.1,19.1,19.1,11.71,0.4859,0.0154,0.0007
2025-07-15,Akola,break,4.5,0.4,1.1,1.1,1.1,2.53,0.0593,0.0003,0.0
2025-07-15,Amravati,break,1.5,0.0,0.0,0.0,0.0,1.38,0.0413,0.0002,0.0
2025-07-15,Aurangabad,break,5.5,0.9,2.0,2.0,2.0,2.47,0.0816,0.0005,0.0
2025-07-15,Bhubaneswar,break,9.5,5.7,8.6,8.6,8.6,10.29,0.2687,0.0038,0.0002
2025-07-15,Mumbai,coastal,15.8,7.1,10.1,12.3,12.3,8.69,0.3036,0.0049,0.0005
2025-07-15,Thiruvananthapuram,coastal,3.5,0.0,0.0,0.0,0.0,2.44,0.0397,0.0002,0.0
2025-07-15,Kochi,coastal,16.5,23.4,28.9,35.51,35.51,15.98,0.6015,0.0301,0.0022
2025-07-15,Mangaluru,depression,58.7,34.9,43.41,19.37,19.37,29.56,0.7365,0.0893,0.0054
2025-07-15,Panaji,coastal,43.1,23.3,28.8,35.4,35.4,15.98,0.6004,0.0299,0.0022
2025-07-15,Chennai,coastal,1.8,0.4,1.1,1.7,1.7,2.72,0.0569,0.0003,0.0001
2025-07-15,Visakhapatnam,coastal,4.1,0.0,0.0,0.0,0.0,1.39,0.0397,0.0002,0.0
2025-07-15,Puri,coastal,5.5,0.4,1.1,1.7,1.7,4.17,0.0569,0.0003,0.0001
2025-07-15,Kolkata,coastal,26.1,4.3,6.6,8.7,8.7,8.67,0.2128,0.0024,0.0003
2025-07-15,Surat,coastal,2.0,4.6,7.1,9.29,9.29,8.67,0.2234,0.0027,0.0003
2025-07-15,Mahabaleshwar,orographic,65.1,6.7,9.7,7.6,7.6,15.88,0.2489,0.0124,0.0037
2025-07-15,Munnar,orographic,12.2,3.0,5.1,3.4,3.4,7.05,0.1368,0.0042,0.0016
2025-07-15,Madikeri,orographic,36.0,8.2,11.5,9.5,9.5,16.34,0.2882,0.0166,0.0047
2025-07-15,Ooty,orographic,1.8,3.2,5.3,3.5,3.5,7.04,0.1434,0.0046,0.0017
2025-07-15,Lonavala,orographic,35.0,13.2,17.3,15.7,15.7,20.41,0.3977,0.0337,0.0083
2025-07-15,Wayanad,orographic,8.2,4.7,7.2,5.2,5.2,11.13,0.1911,0.0076,0.0025
2025-07-15,Shimla,orographic,9.0,20.1,25.6,27.11,27.11,16.07,0.5078,0.0632,0.0139
2025-07-15,Dehradun,orographic,4.2,16.6,21.37,22.2,22.2,10.8,0.4568,0.0475,0.011
2025-07-15,Srinagar,orographic,3.6,0.0,0.0,0.0,0.0,1.28,0.0322,0.0004,0.0002
2025-07-15,Gangtok,orographic,29.9,5.5,8.3,6.4,6.4,6.19,0.215,0.0094,0.003
2025-07-15,Guwahati,orographic,23.8,12.6,16.6,14.68,14.68,9.24,0.3861,0.0314,0.0078
2025-07-15,Cherrapunji,orographic,13.8,21.0,26.6,28.3,28.3,14.35,0.5195,0.0674,0.0147
2025-07-15,Imphal,orographic,1.3,9.0,12.6,10.4,10.4,9.54,0.3079,0.0191,0.0052
2025-07-15,Agartala,orographic,6.2,3.2,5.3,3.5,3.5,5.66,0.1434,0.0046,0.0017
2025-07-15,Lucknow,break,0.2,6.2,9.0,9.0,9.0,8.12,0.2849,0.0043,0.0002
2025-07-15,Patna,break,21.7,0.0,0.0,0.0,0.0,2.48,0.0413,0.0002,0.0
2025-07-15,Varanasi,break,25.6,10.4,14.2,14.2,14.2,10.4,0.4007,0.0093,0.0005
2025-07-15,Delhi,break,7.3,1.5,2.9,2.9,2.9,4.41,0.108,0.0007,0.0001
2025-07-15,Kanpur,break,8.0,2.5,4.4,4.4,4.4,6.34,0.1502,0.0013,0.0001
2025-07-15,Ranchi,break,13.1,16.5,21.3,21.3,21.3,19.56,0.52,0.0187,0.0008
2025-07-15,Jodhpur,break,4.0,57.2,68.7,68.7,68.7,28.1,0.8075,0.1239,0.0039
2025-07-15,Bikaner,break,31.4,32.5,39.3,39.3,39.3,15.04,0.6925,0.0533,0.0019
2025-07-15,Jaisalmer,break,0.0,2.9,4.9,4.9,4.9,3.16,0.1665,0.0016,0.0001
2025-07-15,Hyderabad,break,2.7,0.0,0.0,0.0,0.0,1.04,0.0413,0.0002,0.0
2025-07-15,Bengaluru,break,2.8,0.1,0.5,0.5,0.5,1.32,0.0458,0.0002,0.0
2025-07-15,Pune,break,33.9,1.1,2.3,2.3,2.3,3.29,0.0905,0.0006,0.0
2025-07-15,Kurnool,break,6.9,0.1,0.5,0.5,0.5,1.32,0.0458,0.0002,0.0
2025-07-15,Madurai,break,0.2,1.1,2.3,2.3,2.3,4.14,0.0905,0.0006,0.0
2025-07-16,Nagpur,normal,1.1,5.0,7.64,8.5,8.5,5.96,0.2073,0.0018,0.0003
2025-07-16,Bhopal,normal,6.2,14.5,19.1,20.61,20.61,11.05,0.4324,0.0088,0.0011
2025-07-16,Raipur,normal,14.8,10.6,14.3,15.72,15.72,9.8,0.3547,0.0055,0.0007
2025-07-16,Jabalpur,normal,27.4,6.6,9.6,10.4,10.4,9.43,0.2545,0.0027,0.0004
2025-07-16,Akola,normal,0.0,12.0,15.9,17.9,17.9,7.41,0.3846,0.0066,0.0008
2025-07-16,Amravati,normal,5.3,9.5,13.1,14.7,14.7,6.76,0.3294,0.0046,0.0006
2025-07-16,Aurangabad,normal,0.9,1.7,3.2,3.5,3.5,3.51,0.0962,0.0005,0.0001
2025-07-16,Bhubaneswar,normal,16.4,3.1,5.2,5.9,5.9,6.91,0.1455,0.001,0.0002
2025-07-16,Mumbai,coastal,7.9,1.7,3.2,4.6,4.6,5.98,0.1123,0.0008,0.0001
2025-07-16,Thiruvananthapuram,coastal,15.7,6.5,9.5,11.58,11.58,9.11,0.2856,0.0043,0.0005
2025-07-16,Kochi,coastal,59.1,16.8,21.7,24.4,24.4,16.88,0.5141,0.018,0.0015
2025-07-16,Mangaluru,depression,97.3,43.7,55.06,41.92,41.92,39.17,0.7816,0.1238,0.0072
2025-07-16,Panaji,coastal,14.5,13.2,17.3,19.3,19.3,16.34,0.4507,0.0125,0.0011
2025-07-16,Chennai,coastal,16.2,0.0,0.0,0.0,0.0,2.06,0.0397,0.0002,0.0
2025-07-16,Visakhapatnam,coastal,3.9,0.4,1.0,1.7,1.7,3.31,0.0569,0.0003,0.0001
2025-07-16,Puri,coastal,3.4,0.2,0.7,1.4,1.4,2.74,0.0483,0.0002,0.0
2025-07-16,Kolkata,coastal,2.3,4.5,6.9,8.94,8.94,8.49,0.2199,0.0026,0.0003
2025-07-16,Surat,coastal,1.6,0.5,1.2,1.92,1.92,4.83,0.0612,0.0003,0.0001
2025-07-16,Mahabaleshwar,orographic,15.0,3.7,5.9,4.1,4.1,10.5,0.1597,0.0055,0.0019
2025-07-16,Munnar,orographic,55.1,18.0,23.2,24.7,24.7,18.76,0.4783,0.0536,0.0122
2025-07-16,Madikeri,orographic,45.4,14.8,19.37,18.8,18.8,19.47,0.4268,0.04,0.0095
2025-07-16,Ooty,orographic,45.2,9.2,12.8,10.5,10.5,13.3,0.3127,0.0197,0.0054
2025-07-16,Lonavala,orographic,8.6,3.7,5.9,4.1,4.1,11.42,0.1597,0.0055,0.0019
2025-07-16,Wayanad,orographic,85.1,7.0,10.0,8.0,8.0,12.79,0.2571,0.0132,0.0039
2025-07-16,Shimla,orographic,1.2,16.0,20.7,21.0,21.0,10.98,0.4471,0.0449,0.0105
2025-07-16,Dehradun,orographic,4.6,27.6,34.1,41.73,41.73,14.01,0.5923,0.1007,0.0207
2025-07-16,Srinagar,orographic,9.2,1.0,2.1,1.23,1.23,1.08,0.0677,0.0013,0.0006
2025-07-16,Gangtok,orographic,17.5,0.6,1.5,0.7,0.7,2.58,0.0534,0.0009,0.0005
2025-07-16,Guwahati,orographic,0.9,4.9,7.5,5.5,5.5,6.59,0.1971,0.008,0.0026
2025-07-16,Cherrapunji,orographic,3.5,5.8,8.6,6.6,6.6,7.25,0.2237,0.0101,0.0031
2025-07-16,Imphal,orographic,0.7,4.5,6.9,4.96,4.96,6.29,0.1849,0.0071,0.0024
2025-07-16,Agartala,orographic,5.1,0.1,0.5,0.1,0.1,2.36,0.0357,0.0005,0.0003
2025-07-16,Lucknow,normal,7.1,11.2,15.1,16.5,16.5,10.12,0.3678,0.006,0.0008
2025-07-16,Patna,normal,28.4,19.0,24.4,26.3,26.3,12.37,0.5038,0.0135,0.0015
2025-07-16,Varanasi,normal,48.0,6.7,9.7,10.6,10.6,9.72,0.2573,0.0028,0.0004
2025-07-16,Delhi,normal,8.2,2.2,3.9,4.5,4.5,4.01,0.1141,0.0006,0.0001
2025-07-16,Kanpur,normal,6.8,17.4,22.6,24.5,24.5,10.54,0.4803,0.0117,0.0013
2025-07-16,Ranchi,normal,4.6,15.6,20.27,21.52,21.52,12.71,0.4514,0.0099,0.0012
2025-07-16,Jodhpur,normal,1.1,2.3,4.1,4.7,4.7,5.57,0.1177,0.0007,0.0001
2025-07-16,Bikaner,normal,0.0,29.2,35.5,41.35,41.35,18.72,0.6176,0.0264,0.0026
2025-07-16,Jaisalmer,normal,0.0,0.4,1.1,1.1,1.1,2.08,0.0483,0.0002,0.0
2025-07-16,Hyderabad,normal,4.3,0.5,1.2,1.3,1.3,2.39,0.052,0.0002,0.0
2025-07-16,Bengaluru,normal,13.8,3.8,5.95,6.9,6.9,4.42,0.169,0.0013,0.0002
2025-07-16,Pune,normal,1.5,0.2,0.7,0.7,0.7,2.9,0.0409,0.0001,0.0
2025-07-16,Kurnool,normal,10.2,0.8,1.8,2.0,2.0,2.47,0.0631,0.0002,0.0001
2025-07-16,Madurai,normal,0.9,2.1,3.7,4.3,4.3,4.1,0.1106,0.0006,0.0001
2025-07-17,Nagpur,normal,5.9,2.2,3.9,4.5,3.9,5.49,0.1141,0.0006,0.0001
2025-07-17,Bhopal,normal,6.9,21.5,27.0,29.2,27.0,14.57,0.5369,0.0163,0.0017
2025-07-17,Raipur,normal,7.3,12.0,15.9,17.9,15.9,10.51,0.3846,0.0066,0.0008
2025-07-17,Jabalpur,normal,19.7,13.8,18.3,20.0,18.3,12.57,0.4197,0.0082,0.001
2025-07-17,Akola,normal,3.6,6.3,9.1,9.93,9.1,9.42,0.246,0.0025,0.0004
2025-07-17,Amravati,normal,0.3,5.9,8.7,9.6,8.7,9.68,0.2344,0.0023,0.0004
2025-07-17,Aurangabad,normal,0.1,0.3,0.9,1.0,0.9,3.32,0.0446,0.0001,0.0
2025-07-17,Bhubaneswar,normal,5.8,0.0,0.0,0.0,0.0,2.98,0.0336,0.0001,0.0
2025-07-17,Mumbai,coastal,4.1,0.5,1.2,1.92,1.92,4.31,0.0612,0.0003,0.0001
2025-07-17,Thiruvananthapuram,coastal,6.0,3.2,5.3,6.75,6.75,8.89,0.1722,0.0017,0.0002
2025-07-17,Kochi,coastal,21.0,23.7,29.1,35.75,4.68,19.05,0.6048,0.0307,0.0023
2025-07-17,Mangaluru,coastal,31.3,24.7,30.01,37.21,37.21,24.59,0.6154,0.0328,0.0024
2025-07-17,Panaji,coastal,12.2,4.3,6.6,8.7,8.7,10.93,0.2128,0.0024,0.0003
2025-07-17,Chennai,coastal,4.4,11.6,15.4,17.37,17.37,12.33,0.4176,0.0102,0.0009
2025-07-17,Visakhapatnam,coastal,9.1,0.6,1.5,2.2,2.2,4.16,0.0655,0.0003,0.0001
2025-07-17,Puri,coastal,6.9,0.0,0.0,0.0,0.0,1.79,0.0397,0.0002,0.0
2025-07-17,Kolkata,coastal,1.0,0.6,1.4,2.1,2.1,5.42,0.0655,0.0003,0.0001
2025-07-17,Surat,coastal,0.9,0.0,0.0,0.0,0.0,2.31,0.0397,0.0002,0.0
2025-07-17,Mahabaleshwar,orographic,7.9,1.7,3.2,1.9,1.9,7.44,0.0924,0.0022,0.0009
2025-07-17,Munnar,orographic,15.5,3.1,5.2,3.4,3.4,11.63,0.1401,0.0044,0.0016
2025-07-17,Madikeri,orographic,78.1,11.8,15.7,13.7,13.7,19.95,0.3701,0.0285,0.0072
2025-07-17,Ooty,orographic,19.8,107.7,105.7,115.99,115.99,40.35,0.8673,0.5087,0.1104
2025-07-17,Lonavala,orographic,3.7,1.7,3.2,2.0,2.0,7.44,0.0924,0.0022,0.0009
2025-07-17,Wayanad,orographic,27.5,22.3,27.5,30.3,30.3,24.83,0.5356,0.0737,0.0159
2025-07-17,Shimla,orographic,2.6,1.2,2.4,1.4,1.4,3.27,0.0748,0.0016,0.0007
2025-07-17,Dehradun,orographic,1.2,8.2,11.5,9.5,9.5,9.01,0.2882,0.0166,0.0047
2025-07-17,Srinagar,orographic,1.5,0.6,1.4,0.7,0.7,1.84,0.0534,0.0009,0.0005
2025-07-17,Gangtok,orographic,0.0,0.9,2.0,1.1,1.1,1.58,0.0641,0.0012,0.0006
2025-07-17,Guwahati,orographic,3.0,12.0,15.9,14.0,14.0,7.91,0.3741,0.0292,0.0074
2025-07-17,Cherrapunji,orographic,15.1,8.6,12.1,10.1,10.1,8.53,0.2982,0.0178,0.005
2025-07-17,Imphal,orographic,3.3,2.0,3.6,2.3,2.3,4.2,0.1028,0.0026,0.0011
2025-07-17,Agartala,orographic,18.1,22.0,27.4,30.3,30.3,10.78,0.532,0.0722,0.0156
2025-07-17,Lucknow,normal,7.8,7.5,10.5,11.9,10.5,10.89,0.2791,0.0033,0.0005
2025-07-17,Patna,normal,18.5,5.0,7.64,8.5,7.64,9.32,0.2073,0.0018,0.0003
2025-07-17,Varanasi,normal,84.5,50.8,63.5,69.11,63.5,25.66,0.7478,0.0625,0.0052
2025-07-17,Delhi,normal,1.4,9.5,13.1,14.7,13.1,8.29,0.3294,0.0046,0.0006
2025-07-17,Kanpur,normal,26.5,4.9,7.5,8.28,7.5,9.44,0.2042,0.0018,0.0003
2025-07-17,Ranchi,normal,1.1,9.9,13.6,15.07,13.6,11.44,0.3388,0.0049,0.0007
2025-07-17,Jodhpur,normal,1.6,0.0,0.0,0.0,0.0,1.2,0.0336,0.0001,0.0
2025-07-17,Bikaner,normal,0.4,2.5,4.4,5.0,4.4,5.22,0.1247,0.0007,0.0001
2025-07-17,Jaisalmer,normal,0.1,0.0,0.0,0.0,0.0,0.73,0.0336,0.0001,0.0
2025-07-17,Hyderabad,normal,7.0,4.8,7.4,8.1,7.4,6.35,0.2011,0.0017,0.0003
2025-07-17,Bengaluru,normal,13.9,3.4,5.6,6.2,5.6,7.05,0.1557,0.0011,0.0002
2025-07-17,Pune,normal,1.1,0.4,1.1,1.1,1.1,3.08,0.0483,0.0002,0.0
2025-07-17,Kurnool,normal,7.1,3.5,5.6,6.3,5.6,5.61,0.1591,0.0011,0.0002
2025-07-17,Madurai,normal,0.0,1.4,2.8,3.1,2.8,4.19,0.0852,0.0004,0.0001
2025-07-18,Nagpur,break,1.1,1.0,2.1,2.1,2.1,3.23,0.086,0.0005,0.0
2025-07-18,Bhopal,depression,9.3,34.7,43.2,19.32,43.2,18.21,0.7353,0.0885,0.0054
2025-07-18,Raipur,break,0.3,1.9,3.4,3.4,3.4,4.96,0.1252,0.001,0.0001
2025-07-18,Jabalpur,break,4.2,4.1,6.4,6.4,6.4,7.89,0.2127,0.0024,0.0002
2025-07-18,Akola,break,0.5,0.1,0.5,0.5,0.5,3.37,0.0458,0.0002,0.0
2025-07-18,Amravati,break,0.2,0.2,0.7,0.7,0.7,3.95,0.0503,0.0002,0.0
2025-07-18,Aurangabad,break,0.0,0.2,0.7,0.7,0.7,2.59,0.0503,0.0002,0.0
2025-07-18,Bhubaneswar,break,3.1,0.0,0.0,0.0,0.0,1.38,0.0413,0.0002,0.0
2025-07-18,Mumbai,coastal,2.7,1.3,2.6,3.6,3.6,3.32,0.0955,0.0006,0.0001
2025-07-18,Thiruvananthapuram,coastal,9.9,0.1,0.5,1.1,1.1,2.84,0.044,0.0002,0.0
2025-07-18,Kochi,coastal,29.0,12.6,16.6,18.8,0.2,13.41,0.4387,0.0116,0.001
2025-07-18,Mangaluru,coastal,23.2,28.4,34.9,50.21,50.21,18.35,0.6506,0.0407,0.0028
2025-07-18,Panaji,coastal,26.4,6.7,9.7,11.73,11.73,8.55,0.2917,0.0045,0.0005
2025-07-18,Chennai,coastal,9.2,24.8,30.2,37.31,37.31,15.05,0.6165,0.033,0.0024
2025-07-18,Visakhapatnam,coastal,2.7,1.5,2.9,4.1,4.1,3.74,0.1039,0.0007,0.0001
2025-07-18,Puri,coastal,0.1,0.0,0.0,0.0,0.0,1.39,0.0397,0.0002,0.0
2025-07-18,Kolkata,coastal,8.4,0.1,0.5,1.1,1.1,2.07,0.044,0.0002,0.0
2025-07-18,Surat,coastal,0.7,0.0,0.0,0.0,0.0,1.39,0.0397,0.0002,0.0
2025-07-18,Mahabaleshwar,orographic,6.1,1.9,3.4,2.1,2.1,5.77,0.0994,0.0025,0.001
2025-07-18,Munnar,orographic,24.3,4.0,6.2,4.4,4.4,9.95,0.1693,0.0061,0.0021
2025-07-18,Madikeri,orographic,24.1,17.4,22.6,23.4,23.4,21.18,0.4692,0.051,0.0117
2025-07-18,Ooty,orographic,12.1,7.3,10.4,8.3,8.3,23.37,0.2651,0.0141,0.0041
2025-07-18,Lonavala,orographic,5.8,2.7,4.7,3.1,3.1,7.05,0.1268,0.0037,0.0014
2025-07-18,Wayanad,orographic,9.4,15.0,19.5,19.1,19.1,24.5,0.4303,0.0408,0.0097
2025-07-18,Shimla,orographic,2.7,3.7,5.9,4.1,4.1,3.0,0.1597,0.0055,0.0019
2025-07-18,Dehradun,orographic,1.3,0.0,0.0,0.0,0.0,1.37,0.0322,0.0004,0.0002
2025-07-18,Srinagar,orographic,0.1,3.8,5.95,4.11,4.11,3.0,0.1629,0.0057,0.002
2025-07-18,Gangtok,orographic,0.2,1.2,2.5,1.5,1.5,1.46,0.0748,0.0016,0.0007
2025-07-18,Guwahati,orographic,0.6,0.2,0.7,0.2,0.2,3.84,0.0392,0.0006,0.0003
2025-07-18,Cherrapunji,orographic,5.5,15.2,19.6,19.57,19.57,12.3,0.4337,0.0416,0.0099
2025-07-18,Imphal,orographic,4.2,2.4,4.2,2.8,2.8,3.39,0.1166,0.0032,0.0013
2025-07-18,Agartala,orographic,1.9,28.9,35.4,43.92,43.92,18.67,0.6044,0.1076,0.0219
2025-07-18,Lucknow,break,4.3,0.0,0.0,0.0,0.0,2.99,0.0413,0.0002,0.0
2025-07-18,Patna,break,1.7,0.3,0.9,0.9,0.9,4.05,0.0548,0.0003,0.0
2025-07-18,Varanasi,break,0.0,0.0,0.0,0.0,0.0,3.86,0.0413,0.0002,0.0
2025-07-18,Delhi,break,4.1,0.2,0.7,0.7,0.7,4.03,0.0503,0.0002,0.0
2025-07-18,Kanpur,break,22.5,1.5,2.9,2.9,2.9,5.25,0.108,0.0007,0.0001
2025-07-18,Ranchi,break,0.6,14.8,19.37,19.37,19.37,13.06,0.4913,0.0158,0.0007
2025-07-18,Jodhpur,break,25.2,11.0,14.88,14.88,14.88,5.56,0.4146,0.0101,0.0005
2025-07-18,Bikaner,break,28.4,4.3,6.6,6.6,6.6,3.72,0.2201,0.0026,0.0002
2025-07-18,Jaisalmer,break,8.8,0.4,1.1,1.1,1.1,0.96,0.0593,0.0003,0.0
2025-07-18,Hyderabad,break,12.5,19.7,25.0,25.0,25.0,11.19,0.5669,0.0246,0.001
2025-07-18,Bengaluru,break,11.4,8.4,11.9,11.9,11.9,6.78,0.3498,0.0067,0.0004
2025-07-18,Pune,break,1.1,0.4,1.1,1.1,1.1,2.87,0.0593,0.0003,0.0
2025-07-18,Kurnool,break,4.6,11.2,15.1,15.1,15.1,6.82,0.4192,0.0104,0.0005
2025-07-18,Madurai,break,0.2,0.9,1.9,1.9,1.9,3.2,0.0816,0.0005,0.0
2025-07-19,Nagpur,break,0.3,0.1,0.5,0.5,0.5,3.6,0.0458,0.0002,0.0
2025-07-19,Bhopal,break,0.0,0.2,0.7,0.7,0.7,5.06,0.0503,0.0002,0.0
2025-07-19,Raipur,break,0.2,0.2,0.7,0.7,0.7,3.9,0.0503,0.0002,0.0
2025-07-19,Jabalpur,break,0.0,0.8,1.8,1.8,1.8,5.37,0.0772,0.0004,0.0
2025-07-19,Akola,break,0.1,0.0,0.0,0.0,0.0,1.85,0.0413,0.0002,0.0
2025-07-19,Amravati,break,0.0,0.2,0.7,0.7,0.7,2.85,0.0503,0.0002,0.0
2025-07-19,Aurangabad,break,0.0,0.1,0.5,0.5,0.5,2.47,0.0458,0.0002,0.0
2025-07-19,Bhubaneswar,break,10.6,0.9,2.0,2.0,2.0,3.27,0.0816,0.0005,0.0
2025-07-19,Mumbai,coastal,6.3,1.8,3.3,4.7,4.7,4.97,0.1164,0.0008,0.0001
2025-07-19,Thiruvananthapuram,coastal,30.0,5.7,8.6,10.5,10.5,9.57,0.2604,0.0036,0.0004
2025-07-19,Kochi,coastal,50.8,38.4,48.3,100.11,28.46,24.21,0.7214,0.0646,0.0042
2025-07-19,Mangaluru,depression,103.4,106.5,103.51,80.32,215.0,39.56,0.9058,0.3786,0.0227
2025-07-19,Panaji,coastal,21.8,17.0,22.1,24.6,24.6,17.45,0.5173,0.0184,0.0015
2025-07-19,Chennai,coastal,7.0,18.5,23.6,27.01,27.01,18.36,0.5397,0.0209,0.0017
2025-07-19,Visakhapatnam,coastal,17.6,1.3,2.6,3.6,3.6,4.54,0.0955,0.0006,0.0001
2025-07-19,Puri,coastal,4.4,0.2,0.7,1.4,1.4,2.72,0.0483,0.0002,0.0
2025-07-19,Kolkata,coastal,3.0,2.7,4.7,5.9,5.9,5.66,0.1528,0.0013,0.0002
2025-07-19,Surat,coastal,1.9,2.5,4.4,5.7,5.7,5.82,0.1449,0.0012,0.0002
2025-07-19,Mahabaleshwar,orographic,7.9,3.8,5.95,4.11,4.11,9.98,0.1629,0.0057,0.002
2025-07-19,Munnar,orographic,79.2,17.8,23.06,23.92,23.92,25.38,0.4753,0.0527,0.012
2025-07-19,Madikeri,orographic,46.7,293.0,216.41,321.2,321.2,54.45,0.9525,0.8446,0.3169
2025-07-19,Ooty,orographic,15.1,16.8,21.7,22.52,22.52,27.75,0.46,0.0484,0.0112
2025-07-19,Lonavala,orographic,9.7,5.3,8.0,6.0,6.0,13.41,0.2091,0.0089,0.0028
2025-07-19,Wayanad,orographic,18.1,64.2,75.8,83.43,83.43,53.68,0.7861,0.3065,0.0593
2025-07-19,Shimla,orographic,4.3,0.5,1.2,0.6,0.6,2.63,0.0499,0.0008,0.0004
2025-07-19,Dehradun,orographic,0.2,1.7,3.2,1.9,1.9,1.69,0.0924,0.0022,0.0009
2025-07-19,Srinagar,orographic,0.0,3.5,5.6,3.8,3.8,4.49,0.1532,0.0051,0.0018
2025-07-19,Gangtok,orographic,3.2,7.5,10.5,8.5,8.5,5.97,0.2703,0.0146,0.0042
2025-07-19,Guwahati,orographic,2.9,9.3,12.9,10.59,10.59,8.01,0.315,0.02,0.0054
2025-07-19,Cherrapunji,orographic,9.5,13.4,17.6,16.1,16.1,15.3,0.4015,0.0345,0.0084
2025-07-19,Imphal,orographic,2.4,13.2,17.3,15.7,15.7,11.68,0.3977,0.0337,0.0083
2025-07-19,Agartala,orographic,3.5,10.4,14.2,12.2,12.2,12.28,0.3402,0.0236,0.0062
2025-07-19,Lucknow,break,0.0,0.0,0.0,0.0,0.0,1.73,0.0413,0.0002,0.0
2025-07-19,Patna,break,0.3,0.5,1.2,1.2,1.2,4.37,0.0637,0.0003,0.0
2025-07-19,Varanasi,break,0.1,0.0,0.0,0.0,0.0,1.73,0.0413,0.0002,0.0
2025-07-19,Delhi,break,0.0,0.0,0.0,0.0,0.0,1.85,0.0413,0.0002,0.0
2025-07-19,Kanpur,break,0.0,0.0,0.0,0.0,0.0,3.16,0.0413,0.0002,0.0
2025-07-19,Ranchi,break,8.2,11.1,15.0,15.0,15.0,13.41,0.4169,0.0102,0.0005
2025-07-19,Jodhpur,break,46.7,58.4,71.6,71.6,71.6,30.17,0.811,0.1276,0.004
2025-07-19,Bikaner,break,8.1,13.8,18.3,18.3,18.3,11.1,0.4729,0.0142,0.0006
2025-07-19,Jaisalmer,break,45.8,12.3,16.3,16.3,16.3,8.32,0.443,0.0119,0.0006
2025-07-19,Hyderabad,break,8.5,38.7,48.6,48.6,48.6,19.11,0.7316,0.0695,0.0024
2025-07-19,Bengaluru,break,21.1,6.6,9.6,9.6,9.6,9.79,0.2975,0.0047,0.0003
2025-07-19,Pune,break,1.0,0.9,2.0,2.0,2.0,3.83,0.0816,0.0005,0.0
2025-07-19,Kurnool,break,1.0,8.3,11.8,11.8,11.8,10.25,0.3471,0.0066,0.0003
2025-07-19,Madurai,break,4.9,0.0,0.0,0.0,0.0,3.01,0.0413,0.0002,0.0
2025-07-20,Nagpur,normal,0.7,0.9,1.9,2.1,1.9,1.91,0.0668,0.0003,0.0001
2025-07-20,Bhopal,normal,0.1,0.0,0.0,0.0,0.0,1.14,0.0336,0.0001,0.0
2025-07-20,Raipur,normal,24.5,48.1,60.6,61.8,60.6,15.28,0.7363,0.0575,0.0048
2025-07-20,Jabalpur,normal,0.1,0.9,2.0,2.2,2.0,2.79,0.0668,0.0003,0.0001
2025-07-20,Akola,normal,0.2,0.0,0.0,0.0,0.0,0.98,0.0336,0.0001,0.0
2025-07-20,Amravati,normal,0.0,0.5,1.2,1.3,1.2,2.26,0.052,0.0002,0.0
2025-07-20,Aurangabad,normal,0.0,0.0,0.0,0.0,0.0,0.98,0.0336,0.0001,0.0
2025-07-20,Bhubaneswar,normal,3.0,8.3,11.8,13.07,11.8,6.16,0.3,0.0038,0.0005
2025-07-20,Mumbai,coastal,12.3,6.9,9.9,12.03,12.03,9.16,0.2977,0.0047,0.0005
2025-07-20,Thiruvananthapuram,coastal,35.9,5.1,7.8,9.84,0.2,10.28,0.2405,0.0031,0.0004
2025-07-20,Kochi,coastal,33.7,27.3,33.6,48.3,8.18,27.62,0.6408,0.0383,0.0027
2025-07-20,Mangaluru,depression,55.2,96.5,99.7,80.01,80.01,58.3,0.896,0.3412,0.02
2025-07-20,Panaji,depression,20.7,49.7,61.96,51.98,100.11,32.86,0.8048,0.1484,0.0085
2025-07-20,Chennai,depression,0.2,34.0,41.9,17.94,100.11,23.03,0.7309,0.0859,0.0052
2025-07-20,Visakhapatnam,coastal,46.5,4.2,6.5,8.6,8.6,6.48,0.2092,0.0024,0.0003
2025-07-20,Puri,coastal,7.3,0.7,1.6,2.3,2.3,3.34,0.0699,0.0004,0.0001
2025-07-20,Kolkata,coastal,8.1,4.5,6.9,8.94,8.94,7.98,0.2199,0.0026,0.0003
2025-07-20,Surat,coastal,4.6,1.6,3.0,4.46,4.46,5.39,0.1081,0.0007,0.0001
2025-07-20,Mahabaleshwar,orographic,16.0,3.8,5.95,4.11,4.11,8.36,0.1629,0.0057,0.002
2025-07-20,Munnar,orographic,45.9,6.3,9.1,7.1,7.1,14.67,0.2379,0.0114,0.0035
2025-07-20,Madikeri,orographic,61.5,84.2,87.5,94.35,94.35,68.42,0.8325,0.4083,0.0825
2025-07-20,Ooty,orographic,29.7,6.8,9.8,7.8,7.8,15.51,0.2516,0.0127,0.0038
2025-07-20,Lonavala,orographic,12.5,6.7,9.7,7.6,7.6,13.97,0.2489,0.0124,0.0037
2025-07-20,Wayanad,orographic,25.9,15.6,20.27,20.4,20.4,29.42,0.4405,0.0433,0.0102
2025-07-20,Shimla,orographic,4.0,16.0,20.7,21.0,21.0,8.16,0.4471,0.0449,0.0105
2025-07-20,Dehradun,orographic,4.2,12.3,16.3,14.3,14.3,6.5,0.3802,0.0303,0.0076
2025-07-20,Srinagar,orographic,0.0,0.2,0.7,0.2,0.2,1.86,0.0392,0.0006,0.0003
2025-07-20,Gangtok,orographic,74.8,40.7,51.21,63.42,63.42,16.67,0.6896,0.1735,0.0337
2025-07-20,Guwahati,orographic,12.3,6.3,9.1,7.1,7.1,6.75,0.2379,0.0114,0.0035
2025-07-20,Cherrapunji,orographic,21.6,16.2,20.9,21.2,21.2,11.06,0.4504,0.0458,0.0107
2025-07-20,Imphal,orographic,3.5,12.7,16.7,14.86,14.86,10.1,0.3881,0.0318,0.0079
2025-07-20,Agartala,orographic,5.5,3.8,5.95,4.11,4.11,5.61,0.1629,0.0057,0.002
2025-07-20,Lucknow,normal,3.8,0.0,0.0,0.0,0.0,1.03,0.0336,0.0001,0.0
2025-07-20,Patna,normal,2.6,0.3,0.9,1.0,0.9,2.78,0.0446,0.0001,0.0
2025-07-20,Varanasi,normal,3.0,0.0,0.0,0.0,0.0,1.03,0.0336,0.0001,0.0
2025-07-20,Delhi,normal,0.0,0.0,0.0,0.0,0.0,1.03,0.0336,0.0001,0.0
2025-07-20,Kanpur,normal,0.9,0.0,0.0,0.0,0.0,1.03,0.0336,0.0001,0.0
2025-07-20,Ranchi,normal,3.7,25.9,31.81,34.0,31.81,14.76,0.5864,0.0219,0.0022
2025-07-20,Jodhpur,normal,0.7,1.8,3.3,3.7,3.3,4.56,0.0998,0.0005,0.0001
2025-07-20,Bikaner,normal,0.0,0.0,0.0,0.0,0.0,1.6,0.0336,0.0001,0.0
2025-07-20,Jaisalmer,normal,8.9,0.2,0.7,0.7,0.7,2.15,0.0409,0.0001,0.0
2025-07-20,Hyderabad,normal,2.1,2.9,5.0,5.6,5.0,7.44,0.1387,0.0009,0.0002
2025-07-20,Bengaluru,normal,16.0,7.6,10.6,12.0,10.6,9.56,0.2818,0.0033,0.0005
2025-07-20,Pune,normal,3.4,0.2,0.7,0.7,0.7,2.91,0.0409,0.0001,0.0
2025-07-20,Kurnool,normal,18.8,1.0,2.1,2.4,2.1,5.26,0.0705,0.0003,0.0001
2025-07-20,Madurai,normal,0.4,0.0,0.0,0.0,0.0,1.07,0.0336,0.0001,0.0
2025-07-21,Nagpur,break,5.4,11.5,15.4,15.4,16.87,6.05,0.4258,0.0108,0.0005
2025-07-21,Bhopal,break,7.0,0.1,0.5,0.5,0.5,1.33,0.0458,0.0002,0.0
2025-07-21,Raipur,break,27.5,13.4,17.6,17.6,19.5,13.86,0.4652,0.0136,0.0006
2025-07-21,Jabalpur,break,13.5,4.8,7.4,7.4,8.1,5.1,0.238,0.003,0.0002
2025-07-21,Akola,break,0.5,2.8,4.8,4.8,5.4,3.26,0.1625,0.0015,0.0001
2025-07-21,Amravati,break,2.3,19.4,24.8,24.8,26.61,9.61,0.5629,0.0241,0.001
2025-07-21,Aurangabad,break,11.0,1.4,2.8,2.8,3.1,1.95,0.1036,0.0007,0.0001
2025-07-21,Bhubaneswar,break,5.2,0.4,1.1,1.1,1.1,4.02,0.0593,0.0003,0.0
2025-07-21,Mumbai,coastal,17.7,6.1,9.0,10.9,10.9,11.21,0.2731,0.004,0.0004
2025-07-21,Thiruvananthapuram,coastal,34.8,7.1,10.1,12.3,0.2,11.05,0.3036,0.0049,0.0005
2025-07-21,Kochi,coastal,24.2,19.5,24.8,28.8,28.8,17.96,0.5537,0.0227,0.0018
2025-07-21,Mangaluru,depression,35.3,40.9,51.21,34.28,100.11,40.09,0.7689,0.1125,0.0066
2025-07-21,Panaji,depression,24.3,40.0,50.4,31.9,100.11,38.8,0.7645,0.109,0.0064
2025-07-21,Chennai,coastal,2.5,8.0,11.3,13.4,13.4,13.31,0.3292,0.0059,0.0006
2025-07-21,Visakhapatnam,coastal,10.8,0.4,1.0,1.7,1.7,4.76,0.0569,0.0003,0.0001
2025-07-21,Puri,coastal,2.9,0.0,0.0,0.0,0.0,2.83,0.0397,0.0002,0.0
2025-07-21,Kolkata,coastal,2.3,1.1,2.3,3.0,3.0,4.81,0.087,0.0005,0.0001
2025-07-21,Surat,coastal,6.6,9.2,12.8,14.9,14.9,8.97,0.3611,0.0072,0.0007
2025-07-21,Mahabaleshwar,orographic,18.4,4.9,7.5,5.5,5.5,8.86,0.1971,0.008,0.0026
2025-07-21,Munnar,orographic,26.2,5.7,8.6,6.5,6.5,12.71,0.2208,0.0099,0.0031
2025-07-21,Madikeri,orographic,23.8,20.1,25.6,27.11,27.11,33.84,0.5078,0.0632,0.0139
2025-07-21,Ooty,orographic,5.1,1.7,3.2,1.9,1.9,6.51,0.0924,0.0022,0.0009
2025-07-21,Lonavala,orographic,28.9,8.8,12.4,10.2,10.2,14.19,0.3031,0.0184,0.0051
2025-07-21,Wayanad,orographic,13.9,3.7,5.9,4.1,4.1,10.51,0.1597,0.0055,0.0019
2025-07-21,Shimla,orographic,41.1,55.7,67.8,78.65,78.65,24.25,0.7585,0.2593,0.0498
2025-07-21,Dehradun,orographic,47.5,94.1,98.2,109.82,109.82,21.95,0.849,0.4532,0.0942
2025-07-21,Srinagar,orographic,13.5,4.6,7.0,5.1,5.1,3.58,0.188,0.0073,0.0024
2025-07-21,Gangtok,orographic,5.5,0.6,1.5,0.7,0.7,3.05,0.0534,0.0009,0.0005
2025-07-21,Guwahati,orographic,8.5,0.3,0.9,0.3,0.3,3.16,0.0428,0.0006,0.0004
2025-07-21,Cherrapunji,orographic,8.8,10.2,13.9,12.0,12.0,7.83,0.3357,0.0229,0.0061
2025-07-21,Imphal,orographic,0.2,3.3,5.4,3.6,3.6,5.14,0.1467,0.0047,0.0017
2025-07-21,Agartala,orographic,3.1,2.7,4.7,3.1,3.1,3.57,0.1268,0.0037,0.0014
2025-07-21,Lucknow,break,0.5,0.0,0.0,0.0,0.0,1.11,0.0413,0.0002,0.0
2025-07-21,Patna,break,0.1,0.0,0.0,0.0,0.0,1.62,0.0413,0.0002,0.0
2025-07-21,Varanasi,break,0.2,1.3,2.6,2.6,2.9,2.74,0.0992,0.0006,0.0001
2025-07-21,Delhi,break,0.4,0.0,0.0,0.0,0.0,1.11,0.0413,0.0002,0.0
2025-07-21,Kanpur,break,5.5,0.3,0.9,0.9,1.0,2.29,0.0548,0.0003,0.0
2025-07-21,Ranchi,break,4.5,19.8,25.2,25.2,27.26,14.73,0.5683,0.0248,0.001
2025-07-21,Jodhpur,break,0.4,0.6,1.5,1.5,1.6,1.42,0.0682,0.0004,0.0
2025-07-21,Bikaner,break,0.8,0.1,0.5,0.5,0.5,0.39,0.0458,0.0002,0.0
2025-07-21,Jaisalmer,break,0.6,0.0,0.0,0.0,0.0,0.39,0.0413,0.0002,0.0
2025-07-21,Hyderabad,break,3.0,8.2,11.5,11.5,12.8,6.79,0.3443,0.0065,0.0003
2025-07-21,Bengaluru,break,17.5,1.5,2.9,2.9,3.2,5.27,0.108,0.0007,0.0001
2025-07-21,Pune,break,30.6,0.7,1.6,1.6,1.7,2.52,0.0727,0.0004,0.0
2025-07-21,Kurnool,break,12.4,22.4,27.6,27.6,30.55,10.46,0.6005,0.03,0.0012
2025-07-21,Madurai,break,0.0,0.0,0.0,0.0,0.0,1.11,0.0413,0.0002,0.0
2025-07-22,Nagpur,break,35.1,5.7,8.6,8.6,9.4,7.62,0.2687,0.0038,0.0002
2025-07-22,Bhopal,break,21.8,5.0,7.64,7.64,8.5,4.55,0.245,0.0032,0.0002
2025-07-22,Raipur,break,14.9,6.1,8.9,8.9,9.8,8.14,0.2817,0.0042,0.0002
2025-07-22,Jabalpur,break,8.8,13.1,17.2,17.2,19.4,8.31,0.4593,0.0131,0.0006
2025-07-22,Akola,break,12.7,5.3,8.0,8.0,8.9,5.36,0.2553,0.0035,0.0002
2025-07-22,Amravati,break,19.0,16.3,21.0,21.0,22.6,10.83,0.5168,0.0184,0.0008
2025-07-22,Aurangabad,break,8.1,1.8,3.26,3.26,3.65,3.0,0.1209,0.0009,0.0001
2025-07-22,Bhubaneswar,break,1.8,0.0,0.0,0.0,0.0,1.65,0.0413,0.0002,0.0
2025-07-22,Mumbai,coastal,18.4,7.6,10.6,12.9,12.9,11.99,0.318,0.0054,0.0006
2025-07-22,Thiruvananthapuram,coastal,10.9,6.1,8.9,10.9,10.9,11.21,0.2731,0.004,0.0004
2025-07-22,Kochi,coastal,18.7,15.6,20.27,22.6,22.6,15.81,0.4945,0.0161,0.0013
2025-07-22,Mangaluru,depression,47.6,36.2,44.7,22.9,100.11,33.23,0.7442,0.0942,0.0057
2025-07-22,Panaji,depression,29.3,40.8,51.21,34.28,100.11,35.89,0.7684,0.1121,0.0066
2025-07-22,Chennai,coastal,1.1,0.5,1.2,1.92,1.92,5.29,0.0612,0.0003,0.0001
2025-07-22,Visakhapatnam,coastal,5.5,1.6,3.0,4.46,4.46,4.17,0.1081,0.0007,0.0001
2025-07-22,Puri,coastal,9.3,0.0,0.0,0.0,0.0,1.66,0.0397,0.0002,0.0
2025-07-22,Kolkata,coastal,0.5,3.5,5.6,7.4,7.4,5.99,0.1836,0.0019,0.0002
2025-07-22,Surat,coastal,7.9,7.9,11.1,13.2,13.2,12.01,0.3265,0.0058,0.0006
2025-07-22,Mahabaleshwar,orographic,28.1,6.1,9.0,6.9,6.9,10.55,0.2322,0.0109,0.0033
2025-07-22,Munnar,orographic,28.3,4.9,7.5,5.5,5.5,10.72,0.1971,0.008,0.0026
2025-07-22,Madikeri,orographic,26.0,15.6,20.27,20.4,20.4,19.83,0.4405,0.0433,0.0102
2025-07-22,Ooty,orographic,4.1,0.2,0.7,0.2,0.2,3.33,0.0392,0.0006,0.0003
2025-07-22,Lonavala,orographic,24.0,12.3,16.3,14.3,14.3,15.43,0.3802,0.0303,0.0076
2025-07-22,Wayanad,orographic,7.3,1.3,2.6,1.6,1.6,5.35,0.0783,0.0017,0.0007
2025-07-22,Shimla,orographic,1.0,9.3,12.9,10.59,10.59,11.74,0.315,0.02,0.0054
2025-07-22,Dehradun,orographic,1.3,0.7,1.62,0.9,0.9,3.47,0.057,0.001,0.0005
2025-07-22,Srinagar,orographic,24.4,27.3,33.6,40.65,40.65,12.14,0.5895,0.0991,0.0204
2025-07-22,Gangtok,orographic,6.7,7.3,10.3,8.3,8.3,5.01,0.2651,0.0141,0.0041
2025-07-22,Guwahati,orographic,14.8,0.2,0.7,0.2,0.2,1.59,0.0392,0.0006,0.0003
2025-07-22,Cherrapunji,orographic,7.8,15.5,20.1,20.4,20.4,10.1,0.4388,0.0429,0.0101
2025-07-22,Imphal,orographic,1.5,3.5,5.6,3.8,3.8,3.75,0.1532,0.0051,0.0018
2025-07-22,Agartala,orographic,5.7,8.7,12.3,10.2,10.2,4.87,0.3006,0.0181,0.005
2025-07-22,Lucknow,break,0.6,0.0,0.0,0.0,0.0,1.11,0.0413,0.0002,0.0
2025-07-22,Patna,break,1.2,1.1,2.3,2.3,2.5,2.74,0.0905,0.0006,0.0
2025-07-22,Varanasi,break,0.0,0.0,0.0,0.0,0.0,2.23,0.0413,0.0002,0.0
2025-07-22,Delhi,break,0.2,0.7,1.6,1.6,1.7,2.63,0.0727,0.0004,0.0
2025-07-22,Kanpur,break,0.7,0.0,0.0,0.0,0.0,1.62,0.0413,0.0002,0.0
2025-07-22,Ranchi,break,6.3,4.2,6.5,6.5,7.4,8.3,0.2164,0.0025,0.0002
2025-07-22,Jodhpur,break,0.3,0.0,0.0,0.0,0.0,0.57,0.0413,0.0002,0.0
2025-07-22,Bikaner,break,0.2,0.0,0.0,0.0,0.0,0.25,0.0413,0.0002,0.0
2025-07-22,Jaisalmer,break,0.0,0.0,0.0,0.0,0.0,0.25,0.0413,0.0002,0.0
2025-07-22,Hyderabad,break,5.5,91.0,94.2,94.2,74.51,23.96,0.8754,0.2327,0.0072
2025-07-22,Bengaluru,break,9.1,1.5,2.9,2.9,3.2,3.57,0.108,0.0007,0.0001
2025-07-22,Pune,break,26.3,0.0,0.0,0.0,0.0,2.48,0.0413,0.0002,0.0
2025-07-22,Kurnool,break,8.5,34.9,43.41,43.41,44.91,16.88,0.7088,0.0595,0.0021
2025-07-22,Madurai,break,0.2,0.0,0.0,0.0,0.0,1.11,0.0413,0.0002,0.0
2025-07-23,Nagpur,normal,19.2,25.2,30.96,33.6,33.6,17.84,0.5791,0.021,0.0021
2025-07-23,Bhopal,depression,24.4,48.7,61.0,50.18,61.8,27.43,0.8013,0.1442,0.0083
2025-07-23,Raipur,normal,17.9,8.7,12.3,13.7,13.7,12.1,0.31,0.0041,0.0006
2025-07-23,Jabalpur,depression,7.2,40.8,51.21,34.28,54.91,24.42,0.7684,0.1121,0.0066
2025-07-23,Akola,normal,8.2,12.2,16.1,18.3,18.3,13.15,0.3887,0.0068,0.0009
2025-07-23,Amravati,depression,7.5,27.5,34.0,8.28,37.45,20.98,0.6831,0.0625,0.004
2025-07-23,Aurangabad,normal,3.0,0.3,0.9,1.0,1.0,4.31,0.0446,0.0001,0.0
2025-07-23,Bhubaneswar,normal,10.4,3.1,5.2,5.9,5.9,6.0,0.1455,0.001,0.0002
2025-07-23,Mumbai,coastal,18.6,25.9,31.81,39.72,39.72,18.5,0.6275,0.0353,0.0025
2025-07-23,Thiruvananthapuram,coastal,18.3,8.7,12.2,14.3,14.3,12.51,0.3481,0.0066,0.0007
2025-07-23,Kochi,coastal,28.9,15.6,20.27,22.6,22.6,17.29,0.4945,0.0161,0.0013
2025-07-23,Mangaluru,depression,59.9,49.5,61.7,51.31,100.11,47.38,0.8041,0.1475,0.0085
2025-07-23,Panaji,depression,59.3,50.7,63.4,52.3,108.79,48.61,0.8083,0.1525,0.0087
2025-07-23,Chennai,coastal,3.8,4.5,6.9,8.94,8.94,7.55,0.2199,0.0026,0.0003
2025-07-23,Visakhapatnam,coastal,3.4,3.2,5.3,6.75,6.75,6.18,0.1722,0.0017,0.0002
2025-07-23,Puri,coastal,32.3,1.3,2.6,3.6,3.6,3.96,0.0955,0.0006,0.0001
2025-07-23,Kolkata,coastal,0.8,1.4,2.8,3.9,3.9,5.2,0.0997,0.0007,0.0001
2025-07-23,Surat,coastal,10.5,6.1,8.9,10.9,10.9,11.0,0.2731,0.004,0.0004
2025-07-23,Mahabaleshwar,orographic,47.5,11.6,15.4,13.58,13.58,19.72,0.3659,0.0278,0.0071
2025-07-23,Munnar,orographic,39.8,13.4,17.6,16.1,16.1,20.12,0.4015,0.0345,0.0084
2025-07-23,Madikeri,orographic,31.9,28.4,34.9,43.2,43.2,33.73,0.5998,0.1049,0.0215
2025-07-23,Ooty,orographic,12.3,4.3,6.6,4.8,4.8,7.59,0.1787,0.0067,0.0023
2025-07-23,Lonavala,orographic,19.7,14.3,18.82,18.1,18.1,22.13,0.418,0.038,0.0091
2025-07-23,Wayanad,orographic,32.8,18.7,23.81,25.57,25.57,21.7,0.4884,0.0567,0.0127
2025-07-23,Shimla,orographic,4.3,16.0,20.7,21.0,21.0,10.24,0.4471,0.0449,0.0105
2025-07-23,Dehradun,orographic,1.4,14.0,18.6,17.67,17.67,8.29,0.4126,0.0368,0.0089
2025-07-23,Srinagar,orographic,4.1,11.7,15.5,13.6,13.6,9.9,0.368,0.0281,0.0072
2025-07-23,Gangtok,orographic,1.6,1.4,2.8,1.63,1.63,2.44,0.0818,0.0018,0.0008
2025-07-23,Guwahati,orographic,2.0,0.2,0.7,0.2,0.2,1.71,0.0392,0.0006,0.0003
2025-07-23,Cherrapunji,orographic,7.8,15.4,19.9,20.22,20.22,12.34,0.4371,0.0424,0.01
2025-07-23,Imphal,orographic,0.2,6.5,9.5,7.4,7.4,5.57,0.2434,0.0119,0.0036
2025-07-23,Agartala,orographic,5.8,3.0,5.1,3.4,3.4,4.71,0.1368,0.0042,0.0016
2025-07-23,Lucknow,normal,6.6,0.7,1.6,1.7,1.7,3.52,0.0594,0.0002,0.0001
2025-07-23,Patna,normal,0.0,0.2,0.7,0.7,0.7,3.54,0.0409,0.0001,0.0
2025-07-23,Varanasi,normal,2.5,0.0,0.0,0.0,0.0,1.42,0.0336,0.0001,0.0
2025-07-23,Delhi,normal,1.2,6.2,9.0,9.88,9.88,8.36,0.2431,0.0025,0.0004
2025-07-23,Kanpur,normal,3.2,1.6,3.0,3.4,3.4,4.0,0.0925,0.0005,0.0001
2025-07-23,Ranchi,normal,9.3,1.8,3.3,3.7,3.7,5.81,0.0998,0.0005,0.0001
2025-07-23,Jodhpur,normal,0.0,0.0,0.0,0.0,0.0,0.38,0.0336,0.0001,0.0
2025-07-23,Bikaner,normal,0.0,0.0,0.0,0.0,0.0,0.38,0.0336,0.0001,0.0
2025-07-23,Jaisalmer,normal,0.0,0.0,0.0,0.0,0.0,0.38,0.0336,0.0001,0.0
2025-07-23,Hyderabad,normal,8.1,30.2,36.6,41.7,41.7,29.29,0.6262,0.0278,0.0027
2025-07-23,Bengaluru,normal,7.0,4.1,6.3,7.29,7.29,5.64,0.1788,0.0014,0.0002
2025-07-23,Pune,normal,3.4,1.7,3.2,3.6,3.6,3.39,0.0962,0.0005,0.0001
2025-07-23,Kurnool,normal,15.0,5.0,7.64,8.5,8.5,9.35,0.2073,0.0018,0.0003
2025-07-23,Madurai,normal,0.0,0.0,0.0,0.0,0.0,1.38,0.0336,0.0001,0.0
2025-07-24,Nagpur,normal,21.8,17.5,22.8,24.8,24.8,19.43,0.4818,0.0118,0.0013
2025-07-24,Bhopal,depression,14.8,68.4,78.45,69.01,72.0,52.5,0.8545,0.2272,0.0128
2025-07-24,Raipur,normal,11.2,15.7,20.32,21.8,21.8,15.56,0.4531,0.01,0.0012
2025-07-24,Jabalpur,normal,25.1,13.1,17.2,19.4,19.4,23.21,0.4064,0.0076,0.0009
2025-07-24,Akola,normal,6.8,0.5,1.2,1.3,1.3,5.69,0.052,0.0002,0.0
2025-07-24,Amravati,normal,7.5,0.6,1.4,1.5,1.5,6.7,0.0557,0.0002,0.0001
2025-07-24,Aurangabad,normal,8.4,0.0,0.0,0.0,0.0,2.6,0.0336,0.0001,0.0
2025-07-24,Bhubaneswar,depression,16.1,48.7,61.0,50.18,61.8,26.75,0.8013,0.1442,0.0083
2025-07-24,Mumbai,coastal,14.9,19.3,24.66,28.52,28.52,19.86,0.551,0.0224,0.0017
2025-07-24,Thiruvananthapuram,coastal,30.9,7.2,10.3,12.4,12.4,11.82,0.3065,0.005,0.0005
2025-07-24,Kochi,coastal,26.0,14.1,18.7,20.62,20.62,17.29,0.4679,0.0138,0.0012
2025-07-24,Mangaluru,depression,41.7,48.4,61.0,49.68,100.11,54.07,0.8002,0.143,0.0082
2025-07-24,Panaji,depression,33.2,38.4,48.3,28.46,100.11,39.72,0.7563,0.1027,0.0061
2025-07-24,Chennai,coastal,2.6,0.8,1.8,2.5,2.5,5.05,0.0742,0.0004,0.0001
2025-07-24,Visakhapatnam,coastal,13.3,8.3,11.8,13.68,13.68,10.8,0.3374,0.0062,0.0006
2025-07-24,Puri,coastal,8.0,21.8,27.2,31.73,31.73,16.39,0.5831,0.027,0.002
2025-07-24,Kolkata,coastal,10.5,3.3,5.4,7.1,7.1,6.18,0.176,0.0017,0.0002
2025-07-24,Surat,coastal,4.1,7.3,10.3,12.4,12.4,11.82,0.3094,0.0051,0.0005
2025-07-24,Mahabaleshwar,orographic,45.0,10.2,13.9,12.0,12.0,17.21,0.3357,0.0229,0.0061
2025-07-24,Munnar,orographic,73.1,6.5,9.5,7.4,7.4,16.59,0.2434,0.0119,0.0036
2025-07-24,Madikeri,orographic,45.5,20.1,25.6,27.11,27.11,32.61,0.5078,0.0632,0.0139
2025-07-24,Ooty,orographic,5.3,3.3,5.45,3.6,3.6,8.98,0.1467,0.0047,0.0017
2025-07-24,Lonavala,orographic,24.4,16.7,21.47,22.4,22.4,27.7,0.4584,0.0479,0.0111
2025-07-24,Wayanad,orographic,16.5,3.8,5.95,4.11,4.11,12.8,0.1629,0.0057,0.002
2025-07-24,Shimla,orographic,1.0,1.5,2.9,1.7,1.7,2.95,0.0854,0.0019,0.0008
2025-07-24,Dehradun,orographic,1.6,3.0,5.1,3.4,3.4,4.02,0.1368,0.0042,0.0016
2025-07-24,Srinagar,orographic,0.5,1.0,2.1,1.23,1.23,2.27,0.0677,0.0013,0.0006
2025-07-24,Gangtok,orographic,8.3,8.9,12.5,10.3,10.3,5.43,0.3055,0.0188,0.0052
2025-07-24,Guwahati,orographic,0.0,7.5,10.5,8.5,8.5,5.58,0.2703,0.0146,0.0042
2025-07-24,Cherrapunji,orographic,7.4,28.0,34.61,42.42,42.42,17.2,0.5961,0.1028,0.0211
2025-07-24,Imphal,orographic,17.4,40.7,51.21,63.42,63.42,18.85,0.6896,0.1735,0.0337
2025-07-24,Agartala,orographic,17.5,33.7,41.76,51.82,51.82,16.69,0.6437,0.1338,0.0266
2025-07-24,Lucknow,normal,0.1,0.0,0.0,0.0,0.0,2.58,0.0336,0.0001,0.0
2025-07-24,Patna,normal,3.4,0.1,0.5,0.5,0.5,2.03,0.0373,0.0001,0.0
2025-07-24,Varanasi,normal,11.6,0.0,0.0,0.0,0.0,1.42,0.0336,0.0001,0.0
2025-07-24,Delhi,normal,1.5,1.4,2.8,3.1,3.1,5.55,0.0852,0.0004,0.0001
2025-07-24,Kanpur,normal,3.8,0.0,0.0,0.0,0.0,2.56,0.0336,0.0001,0.0
2025-07-24,Ranchi,normal,6.4,9.6,13.3,14.7,14.7,9.69,0.3318,0.0047,0.0006
2025-07-24,Jodhpur,normal,0.2,0.0,0.0,0.0,0.0,0.38,0.0336,0.0001,0.0
2025-07-24,Bikaner,normal,0.2,1.0,2.1,2.4,2.4,1.33,0.0705,0.0003,0.0001
2025-07-24,Jaisalmer,normal,0.0,0.0,0.0,0.0,0.0,0.38,0.0336,0.0001,0.0
2025-07-24,Hyderabad,normal,8.5,9.2,12.8,14.3,14.3,11.35,0.3223,0.0044,0.0006
2025-07-24,Bengaluru,normal,3.8,0.9,2.0,2.2,2.2,5.21,0.0668,0.0003,0.0001
2025-07-24,Pune,normal,4.6,1.3,2.6,2.9,2.9,4.2,0.0816,0.0004,0.0001
2025-07-24,Kurnool,normal,15.7,1.0,2.1,2.4,2.4,5.41,0.0705,0.0003,0.0001
2025-07-24,Madurai,normal,0.5,1.7,3.2,3.6,3.6,3.39,0.0962,0.0005,0.0001
2025-07-25,Nagpur,normal,17.9,18.5,23.6,25.56,23.6,14.16,0.4966,0.0129,0.0014
2025-07-25,Bhopal,normal,13.9,15.9,20.6,22.11,20.6,18.89,0.4564,0.0102,0.0012
2025-07-25,Raipur,normal,36.4,29.3,35.7,41.4,35.7,15.43,0.6184,0.0265,0.0026
2025-07-25,Jabalpur,depression,34.9,34.2,42.11,18.07,42.11,16.66,0.7322,0.0866,0.0053
2025-07-25,Akola,normal,8.5,4.2,6.5,7.4,6.5,6.0,0.1821,0.0014,0.0002
2025-07-25,Amravati,normal,9.6,5.6,8.4,9.23,8.4,7.52,0.2255,0.0021,0.0003
2025-07-25,Aurangabad,normal,43.2,8.5,12.0,13.4,0.2,7.72,0.305,0.0039,0.0006
2025-07-25,Bhubaneswar,normal,26.3,14.6,19.2,20.7,19.2,17.09,0.4342,0.0089,0.0011
2025-07-25,Mumbai,depression,40.3,41.8,52.81,37.17,100.11,24.04,0.7731,0.1161,0.0068
2025-07-25,Thiruvananthapuram,coastal,16.1,3.9,6.0,8.1,8.1,8.81,0.1984,0.0021,0.0003
2025-07-25,Kochi,coastal,17.7,13.9,18.4,20.35,20.35,15.58,0.4641,0.0135,0.0012
2025-07-25,Mangaluru,depression,22.1,37.1,46.9,26.33,100.11,32.7,0.7493,0.0977,0.0058
2025-07-25,Panaji,depression,46.1,35.8,44.2,21.88,100.11,30.97,0.7419,0.0927,0.0056
2025-07-25,Chennai,coastal,1.3,0.0,0.0,0.0,0.0,3.06,0.0397,0.0002,0.0
2025-07-25,Visakhapatnam,coastal,16.1,15.1,19.5,21.76,21.76,15.2,0.4859,0.0153,0.0013
2025-07-25,Puri,depression,12.4,28.3,34.8,9.81,50.21,19.44,0.6898,0.0653,0.0041
2025-07-25,Kolkata,coastal,17.9,15.1,19.5,21.76,21.76,13.61,0.4859,0.0153,0.0013
2025-07-25,Surat,coastal,17.6,18.5,23.6,27.01,27.01,16.85,0.5397,0.0209,0.0017
2025-07-25,Mahabaleshwar,orographic,87.2,49.8,62.41,73.21,73.21,34.82,0.7351,0.2258,0.0433
2025-07-25,Munnar,orographic,36.0,7.3,10.4,8.3,8.3,15.45,0.2651,0.0141,0.0041
2025-07-25,Madikeri,orographic,28.6,18.4,23.6,25.03,25.03,24.24,0.4841,0.0554,0.0125
2025-07-25,Ooty,orographic,8.2,2.1,3.7,2.3,2.3,7.76,0.1063,0.0028,0.0011
2025-07-25,Lonavala,orographic,39.1,31.4,37.5,45.97,45.97,27.4,0.6258,0.1211,0.0243
2025-07-25,Wayanad,orographic,14.3,6.0,8.8,6.8,6.8,12.69,0.2294,0.0106,0.0033
2025-07-25,Shimla,orographic,11.0,2.9,4.9,3.2,3.2,2.55,0.1335,0.004,0.0015
2025-07-25,Dehradun,orographic,0.4,0.0,0.0,0.0,0.0,1.17,0.0322,0.0004,0.0002
2025-07-25,Srinagar,orographic,0.1,0.0,0.0,0.0,0.0,0.93,0.0322,0.0004,0.0002
2025-07-25,Gangtok,orographic,48.0,16.0,20.7,21.0,21.0,9.44,0.4471,0.0449,0.0105
2025-07-25,Guwahati,orographic,8.5,1.5,2.9,1.7,1.7,4.05,0.0854,0.0019,0.0008
2025-07-25,Cherrapunji,orographic,23.0,10.7,14.5,12.5,12.5,8.77,0.3468,0.0246,0.0064
2025-07-25,Imphal,orographic,8.6,2.5,4.4,2.9,2.9,6.02,0.12,0.0034,0.0013
2025-07-25,Agartala,orographic,2.6,2.3,4.1,2.6,2.6,5.41,0.1132,0.0031,0.0012
2025-07-25,Lucknow,normal,5.4,5.2,8.0,8.73,8.0,7.77,0.2135,0.0019,0.0003
2025-07-25,Patna,normal,29.0,1.8,3.26,3.65,3.26,4.3,0.0998,0.0005,0.0001
2025-07-25,Varanasi,normal,15.7,12.8,16.7,19.0,16.7,10.37,0.4006,0.0073,0.0009
2025-07-25,Delhi,normal,0.5,0.0,0.0,0.0,0.0,2.58,0.0336,0.0001,0.0
2025-07-25,Kanpur,normal,15.1,4.0,6.2,7.2,6.2,6.35,0.1756,0.0014,0.0002
2025-07-25,Ranchi,normal,28.0,29.4,35.86,41.4,35.86,16.25,0.6193,0.0267,0.0026
2025-07-25,Jodhpur,normal,0.1,0.1,0.5,0.5,0.5,0.56,0.0373,0.0001,0.0
2025-07-25,Bikaner,normal,0.0,0.0,0.0,0.0,0.0,1.11,0.0336,0.0001,0.0
2025-07-25,Jaisalmer,normal,0.0,0.0,0.0,0.0,0.0,0.36,0.0336,0.0001,0.0
2025-07-25,Hyderabad,normal,14.9,4.7,7.2,8.0,7.2,8.34,0.198,0.0017,0.0003
2025-07-25,Bengaluru,normal,9.2,0.7,1.62,1.8,1.62,4.02,0.0594,0.0002,0.0001
2025-07-25,Pune,normal,6.3,12.8,16.7,19.0,16.7,8.31,0.4006,0.0073,0.0009
2025-07-25,Kurnool,normal,7.7,4.5,6.9,7.8,6.9,6.05,0.1917,0.0016,0.0003
2025-07-25,Madurai,normal,0.4,0.0,0.0,0.0,0.0,2.76,0.0336,0.0001,0.0
2025-07-26,Nagpur,depression,47.8,35.2,43.7,20.03,43.7,15.66,0.7383,0.0904,0.0055
2025-07-26,Bhopal,depression,12.9,71.2,81.8,71.94,81.8,21.04,0.86,0.2389,0.0135
2025-07-26,Raipur,depression,14.6,30.6,36.96,12.88,36.96,14.83,0.7077,0.0734,0.0046
2025-07-26,Jabalpur,depression,38.6,44.5,56.81,43.03,56.81,23.41,0.785,0.127,0.0074
2025-07-26,Akola,depression,32.8,65.4,76.55,68.35,76.55,18.65,0.8482,0.2145,0.0121
2025-07-26,Amravati,depression,31.7,79.2,83.41,75.84,83.41,19.52,0.8736,0.2722,0.0155
2025-07-26,Aurangabad,active,34.4,19.0,24.4,24.4,2.2,11.98,0.5911,0.0223,0.011
2025-07-26,Bhubaneswar,active,3.7,3.3,5.4,5.4,5.4,6.61,0.2038,0.0018,0.0015
2025-07-26,Mumbai,depression,17.4,28.1,34.71,9.2,50.21,19.97,0.6881,0.0646,0.0041
2025-07-26,Thiruvananthapuram,coastal,14.2,9.9,13.6,15.3,15.3,7.46,0.3785,0.008,0.0008
2025-07-26,Kochi,depression,38.9,42.3,53.6,38.78,100.11,17.9,0.7754,0.1181,0.0069
2025-07-26,Mangaluru,depression,54.9,29.4,35.86,10.3,60.71,19.45,0.6986,0.0692,0.0043
2025-07-26,Panaji,depression,18.9,38.2,48.3,27.58,100.11,23.11,0.7553,0.1019,0.0061
2025-07-26,Chennai,coastal,1.1,0.0,0.0,0.0,0.0,1.23,0.0397,0.0002,0.0
2025-07-26,Visakhapatnam,coastal,8.2,0.2,0.7,1.4,1.4,2.94,0.0483,0.0002,0.0
2025-07-26,Puri,coastal,3.5,14.1,18.7,20.62,20.62,11.91,0.4679,0.0138,0.0012
2025-07-26,Kolkata,coastal,6.5,12.4,16.4,18.37,18.37,10.77,0.4346,0.0113,0.001
2025-07-26,Surat,depression,14.8,33.6,41.66,17.67,100.11,16.52,0.7284,0.0844,0.0051
2025-07-26,Mahabaleshwar,orographic,91.7,39.8,50.4,63.1,63.1,46.9,0.6843,0.1683,0.0328
2025-07-26,Munnar,orographic,93.5,19.5,24.8,26.6,26.6,20.54,0.4996,0.0604,0.0134
2025-07-26,Madikeri,orographic,47.1,30.0,36.51,44.7,44.7,26.86,0.6141,0.1135,0.023
2025-07-26,Ooty,orographic,20.6,2.3,4.2,2.7,2.7,5.21,0.1132,0.0031,0.0012
2025-07-26,Lonavala,orographic,51.6,31.3,37.5,45.82,45.82,27.97,0.625,0.1206,0.0242
2025-07-26,Wayanad,orographic,29.9,26.9,33.21,40.26,40.26,23.57,0.5856,0.097,0.0201
2025-07-26,Shimla,orographic,7.3,5.1,7.8,5.7,5.7,2.58,0.2031,0.0085,0.0027
2025-07-26,Dehradun,orographic,0.6,10.6,14.3,12.33,12.33,3.9,0.3446,0.0243,0.0064
2025-07-26,Srinagar,orographic,5.5,0.3,0.9,0.3,0.3,0.41,0.0428,0.0006,0.0004
2025-07-26,Gangtok,orographic,33.2,7.6,10.6,8.6,8.6,5.0,0.2729,0.0149,0.0043
2025-07-26,Guwahati,orographic,10.2,15.4,19.9,20.22,20.22,6.04,0.4371,0.0424,0.01
2025-07-26,Cherrapunji,orographic,25.2,13.6,17.9,16.6,16.6,7.81,0.4052,0.0352,0.0086
2025-07-26,Imphal,orographic,29.6,16.6,21.37,22.2,22.2,6.59,0.4568,0.0475,0.011
2025-07-26,Agartala,orographic,5.6,7.8,10.9,8.9,8.9,3.68,0.2781,0.0155,0.0044
2025-07-26,Lucknow,active,6.9,0.1,0.5,0.5,0.5,2.26,0.0522,0.0002,0.0002
2025-07-26,Patna,active,1.7,2.9,4.9,4.9,4.9,4.46,0.1865,0.0015,0.0013
2025-07-26,Varanasi,active,11.8,7.1,10.2,10.2,10.2,8.74,0.3431,0.005,0.0034
2025-07-26,Delhi,active,2.3,2.7,4.7,4.7,4.7,4.47,0.1777,0.0014,0.0012
2025-07-26,Kanpur,active,11.5,12.0,15.9,15.9,15.9,7.98,0.4709,0.011,0.0063
2025-07-26,Ranchi,active,21.2,17.4,22.6,22.6,22.6,12.31,0.5682,0.0195,0.0099
2025-07-26,Jodhpur,active,30.1,9.7,13.4,13.4,13.4,4.63,0.4168,0.008,0.0049
2025-07-26,Bikaner,active,4.4,0.3,0.9,0.9,0.9,0.52,0.0624,0.0002,0.0003
2025-07-26,Jaisalmer,active,0.0,0.0,0.0,0.0,0.0,0.0,0.0472,0.0002,0.0002
2025-07-26,Hyderabad,active,23.5,4.6,7.1,7.1,7.1,5.13,0.2563,0.0027,0.0021
2025-07-26,Bengaluru,active,8.8,0.7,1.62,1.62,1.62,2.88,0.0826,0.0004,0.0004
2025-07-26,Pune,active,5.6,6.4,9.4,9.4,9.4,6.87,0.3205,0.0043,0.003
2025-07-26,Kurnool,active,4.2,0.2,0.7,0.7,0.7,2.74,0.0573,0.0002,0.0003
2025-07-26,Madurai,active,5.0,0.0,0.0,0.0,0.0,0.91,0.0472,0.0002,0.0002
2025-07-27,Nagpur,break,0.1,3.0,5.1,5.1,5.1,7.13,0.1705,0.0016,0.0001
2025-07-27,Bhopal,break,5.8,7.5,10.5,10.5,10.5,13.12,0.3245,0.0057,0.0003
2025-07-27,Raipur,break,1.2,2.0,3.6,3.6,3.6,5.62,0.1294,0.001,0.0001
2025-07-27,Jabalpur,break,3.0,5.7,8.6,8.6,8.6,11.11,0.2687,0.0038,0.0002
2025-07-27,Akola,break,4.7,7.0,10.0,10.0,10.0,12.85,0.3097,0.0052,0.0003
2025-07-27,Amravati,break,4.8,5.3,8.0,8.0,8.0,11.73,0.2553,0.0035,0.0002
2025-07-27,Aurangabad,break,12.9,3.1,5.2,5.2,5.2,7.36,0.1744,0.0017,0.0001
2025-07-27,Bhubaneswar,break,0.8,3.3,5.4,5.4,5.4,6.44,0.1823,0.0018,0.0001
2025-07-27,Mumbai,coastal,10.5,8.2,11.5,13.6,13.6,11.14,0.3347,0.0061,0.0006
2025-07-27,Thiruvananthapuram,coastal,1.8,15.1,19.5,21.76,21.76,14.03,0.4859,0.0153,0.0013
2025-07-27,Kochi,coastal,6.7,23.0,28.4,35.11,35.11,19.84,0.597,0.0293,0.0022
2025-07-27,Mangaluru,coastal,12.2,22.3,27.5,33.2,33.2,15.98,0.589,0.028,0.0021
2025-07-27,Panaji,coastal,3.2,29.4,35.86,60.71,60.71,23.33,0.6591,0.0429,0.003
2025-07-27,Chennai,coastal,0.1,0.0,0.0,0.0,0.0,1.54,0.0397,0.0002,0.0
2025-07-27,Visakhapatnam,coastal,0.0,0.0,0.0,0.0,0.0,1.54,0.0397,0.0002,0.0
2025-07-27,Puri,coastal,1.9,3.4,5.5,7.29,7.29,7.3,0.1798,0.0018,0.0002
2025-07-27,Kolkata,coastal,6.1,4.8,7.4,9.5,9.5,8.78,0.2303,0.0028,0.0003
2025-07-27,Surat,depression,12.0,35.9,44.5,22.23,100.11,25.32,0.7425,0.0931,0.0056
2025-07-27,Mahabaleshwar,orographic,77.2,11.4,15.3,13.4,13.4,22.66,0.3618,0.0271,0.0069
2025-07-27,Munnar,orographic,15.2,10.0,13.7,11.5,11.5,18.96,0.3312,0.0223,0.0059
2025-07-27,Madikeri,orographic,14.5,16.4,21.1,21.6,21.6,25.52,0.4536,0.0466,0.0108
2025-07-27,Ooty,orographic,3.5,1.8,3.3,2.0,2.0,6.97,0.0959,0.0023,0.001
2025-07-27,Lonavala,orographic,54.9,28.9,35.4,43.92,43.92,31.29,0.6044,0.1076,0.0219
2025-07-27,Wayanad,orographic,14.5,5.6,8.4,6.4,6.4,16.22,0.2179,0.0096,0.003
2025-07-27,Shimla,orographic,4.8,12.0,15.9,14.0,14.0,8.25,0.3741,0.0292,0.0074
2025-07-27,Dehradun,orographic,2.6,27.1,33.41,40.31,40.31,12.53,0.5875,0.0981,0.0202
2025-07-27,Srinagar,orographic,0.0,4.5,6.9,4.96,4.96,3.86,0.1849,0.0071,0.0024
2025-07-27,Gangtok,orographic,2.5,10.0,13.7,11.5,11.5,7.74,0.3312,0.0223,0.0059
2025-07-27,Guwahati,orographic,48.7,23.5,28.91,34.4,34.4,15.21,0.5497,0.0796,0.0169
2025-07-27,Cherrapunji,orographic,56.5,60.9,72.6,81.8,81.8,30.95,0.7761,0.2884,0.0556
2025-07-27,Imphal,orographic,27.2,14.4,18.9,18.12,18.12,13.22,0.4198,0.0384,0.0092
2025-07-27,Agartala,orographic,13.1,22.5,27.8,31.0,31.0,15.38,0.538,0.0747,0.016
2025-07-27,Lucknow,break,1.1,1.1,2.3,2.3,2.3,3.28,0.0905,0.0006,0.0
2025-07-27,Patna,break,2.5,2.1,3.7,3.7,3.7,5.3,0.1336,0.0011,0.0001
2025-07-27,Varanasi,break,3.1,6.8,9.8,9.8,9.8,11.01,0.3036,0.0049,0.0003
2025-07-27,Delhi,break,0.9,2.4,4.2,4.2,4.2,5.98,0.1461,0.0012,0.0001
2025-07-27,Kanpur,break,2.0,3.3,5.4,5.4,5.4,8.33,0.1823,0.0018,0.0001
2025-07-27,Ranchi,break,2.6,0.2,0.7,0.7,0.7,4.24,0.0503,0.0002,0.0
2025-07-27,Jodhpur,break,23.8,21.4,27.0,27.0,27.0,13.6,0.5886,0.028,0.0011
2025-07-27,Bikaner,break,0.0,0.0,0.0,0.0,0.0,0.67,0.0413,0.0002,0.0
2025-07-27,Jaisalmer,break,3.5,3.0,5.1,5.1,5.1,2.22,0.1705,0.0016,0.0001
2025-07-27,Hyderabad,break,0.9,0.2,0.7,0.7,0.7,3.45,0.0503,0.0002,0.0
2025-07-27,Bengaluru,break,1.7,0.2,0.7,0.7,0.7,2.89,0.0503,0.0002,0.0
2025-07-27,Pune,break,7.2,3.2,5.3,5.3,5.3,6.88,0.1784,0.0018,0.0001
2025-07-27,Kurnool,break,1.0,0.0,0.0,0.0,0.0,1.39,0.0413,0.0002,0.0
2025-07-27,Madurai,break,0.0,0.0,0.0,0.0,0.0,1.16,0.0413,0.0002,0.0
2025-07-28,Nagpur,break,4.6,2.3,4.1,4.1,4.1,6.55,0.142,0.0012,0.0001
2025-07-28,Bhopal,break,37.7,3.6,5.8,5.8,0.2,9.46,0.1939,0.0021,0.0001
2025-07-28,Raipur,break,2.4,2.6,4.6,4.6,4.6,5.85,0.1543,0.0014,0.0001
2025-07-28,Jabalpur,break,2.3,1.8,3.3,3.3,3.3,6.62,0.1209,0.0009,0.0001
2025-07-28,Akola,break,5.2,1.1,2.3,2.3,2.3,6.04,0.0905,0.0006,0.0
2025-07-28,Amravati,break,2.4,0.5,1.2,1.2,1.2,5.46,0.0637,0.0003,0.0
2025-07-28,Aurangabad,break,2.1,0.4,1.1,1.1,1.1,5.31,0.0593,0.0003,0.0
2025-07-28,Bhubaneswar,break,0.1,4.3,6.6,6.6,6.6,8.68,0.2201,0.0026,0.0002
2025-07-28,Mumbai,coastal,8.8,8.4,11.9,13.8,13.8,13.0,0.3401,0.0063,0.0006
2025-07-28,Thiruvananthapuram,coastal,0.7,0.0,0.0,0.0,0.0,3.54,0.0397,0.0002,0.0
2025-07-28,Kochi,coastal,0.8,0.7,1.62,2.4,2.4,5.62,0.0699,0.0004,0.0001
2025-07-28,Mangaluru,coastal,7.6,19.6,24.9,28.8,28.8,18.17,0.5551,0.0229,0.0018
2025-07-28,Panaji,coastal,4.4,16.0,20.7,23.0,23.0,16.74,0.5012,0.0167,0.0014
2025-07-28,Chennai,coastal,0.0,0.0,0.0,0.0,0.0,1.85,0.0397,0.0002,0.0
2025-07-28,Visakhapatnam,coastal,0.0,0.0,0.0,0.0,0.0,1.85,0.0397,0.0002,0.0
2025-07-28,Puri,coastal,1.8,5.6,8.4,10.4,10.4,10.01,0.2571,0.0035,0.0004
2025-07-28,Kolkata,coastal,15.9,10.5,14.3,16.24,16.24,11.48,0.3928,0.0088,0.0008
2025-07-28,Surat,coastal,7.0,18.4,23.6,26.92,26.92,21.57,0.5383,0.0208,0.0016
2025-07-28,Mahabaleshwar,orographic,51.0,8.5,12.0,10.0,10.0,19.47,0.2957,0.0175,0.0049
2025-07-28,Munnar,orographic,4.6,1.0,2.1,1.23,1.23,8.51,0.0677,0.0013,0.0006
2025-07-28,Madikeri,orographic,13.0,4.9,7.5,5.5,5.5,16.46,0.1971,0.008,0.0026
2025-07-28,Ooty,orographic,4.3,0.5,1.2,0.6,0.6,6.04,0.0499,0.0008,0.0004
2025-07-28,Lonavala,orographic,30.2,25.0,30.71,36.61,36.61,32.93,0.5662,0.0872,0.0183
2025-07-28,Wayanad,orographic,5.0,0.8,1.8,1.0,1.0,8.97,0.0606,0.0011,0.0005
2025-07-28,Shimla,orographic,3.1,14.1,18.7,17.85,17.85,11.38,0.4144,0.0372,0.009
2025-07-28,Dehradun,orographic,10.2,9.9,13.6,11.4,11.4,9.33,0.329,0.0219,0.0059
2025-07-28,Srinagar,orographic,0.0,2.3,4.1,2.6,2.6,3.87,0.1132,0.0031,0.0012
2025-07-28,Gangtok,orographic,45.9,6.2,9.0,7.0,7.0,7.36,0.235,0.0111,0.0034
2025-07-28,Guwahati,orographic,24.8,18.6,23.7,25.4,25.4,18.36,0.487,0.0563,0.0127
2025-07-28,Cherrapunji,orographic,29.6,27.9,34.5,42.2,42.2,35.13,0.5952,0.1023,0.021
2025-07-28,Imphal,orographic,19.8,25.0,30.71,36.61,36.61,17.23,0.5662,0.0872,0.0183
2025-07-28,Agartala,orographic,17.4,3.8,5.95,4.11,4.11,8.37,0.1629,0.0057,0.002
2025-07-28,Lucknow,break,6.1,11.7,15.5,15.5,15.5,11.56,0.4302,0.0111,0.0005
2025-07-28,Patna,break,17.9,33.2,41.21,41.21,41.21,19.37,0.6974,0.0551,0.002
2025-07-28,Varanasi,break,2.7,3.3,5.45,5.45,5.45,9.86,0.1823,0.0018,0.0001
2025-07-28,Delhi,break,1.6,4.5,6.9,6.9,6.9,8.67,0.2273,0.0028,0.0002
2025-07-28,Kanpur,break,7.3,1.9,3.4,3.4,3.4,6.86,0.1252,0.001,0.0001
2025-07-28,Ranchi,break,32.3,21.9,27.36,27.36,27.36,16.42,0.5946,0.029,0.0011
2025-07-28,Jodhpur,break,0.3,5.0,7.64,7.64,7.64,6.92,0.245,0.0032,0.0002
2025-07-28,Bikaner,break,0.4,0.0,0.0,0.0,0.0,0.5,0.0413,0.0002,0.0
2025-07-28,Jaisalmer,break,0.0,7.2,10.2,10.2,10.2,7.04,0.3157,0.0054,0.0003
2025-07-28,Hyderabad,break,0.0,0.0,0.0,0.0,0.0,1.69,0.0413,0.0002,0.0
2025-07-28,Bengaluru,break,0.5,0.1,0.5,0.5,0.5,2.07,0.0458,0.0002,0.0
2025-07-28,Pune,break,4.7,2.1,3.7,3.7,3.7,5.83,0.1336,0.0011,0.0001
2025-07-28,Kurnool,break,0.0,0.0,0.0,0.0,0.0,1.44,0.0413,0.0002,0.0
2025-07-28,Madurai,break,2.0,0.0,0.0,0.0,0.0,1.44,0.0413,0.0002,0.0
2025-07-29,Nagpur,normal,31.7,4.6,7.1,7.9,7.1,5.88,0.1948,0.0016,0.0003
2025-07-29,Bhopal,depression,78.1,44.4,56.61,42.73,42.73,17.11,0.7846,0.1266,0.0074
2025-07-29,Raipur,normal,13.5,13.2,17.3,19.4,17.3,8.65,0.4084,0.0077,0.0009
2025-07-29,Jabalpur,normal,24.9,21.5,27.0,29.2,27.0,10.58,0.5369,0.0163,0.0017
2025-07-29,Akola,normal,9.3,0.7,1.6,1.7,1.6,3.11,0.0594,0.0002,0.0001
2025-07-29,Amravati,normal,4.1,2.8,4.8,5.4,4.8,4.3,0.1352,0.0009,0.0002
2025-07-29,Aurangabad,normal,8.3,1.8,3.3,3.7,3.3,3.53,0.0998,0.0005,0.0001
2025-07-29,Bhubaneswar,normal,16.3,7.6,10.6,12.0,10.6,7.7,0.2818,0.0033,0.0005
2025-07-29,Mumbai,coastal,8.6,9.7,13.4,15.2,15.2,12.17,0.3736,0.0078,0.0007
2025-07-29,Thiruvananthapuram,coastal,0.5,0.0,0.0,0.0,0.0,1.57,0.0397,0.0002,0.0
2025-07-29,Kochi,coastal,2.2,1.4,2.8,3.9,3.9,4.23,0.0997,0.0007,0.0001
2025-07-29,Mangaluru,depression,8.8,34.5,42.71,19.07,100.11,21.56,0.7341,0.0878,0.0053
2025-07-29,Panaji,coastal,5.0,21.3,26.81,31.22,31.22,17.19,0.577,0.026,0.002
2025-07-29,Chennai,coastal,0.0,0.0,0.0,0.0,0.0,1.57,0.0397,0.0002,0.0
2025-07-29,Visakhapatnam,coastal,0.0,0.0,0.0,0.0,0.0,1.57,0.0397,0.0002,0.0
2025-07-29,Puri,coastal,35.5,11.9,15.8,17.81,17.81,13.26,0.4241,0.0106,0.001
2025-07-29,Kolkata,depression,52.3,39.5,50.2,31.45,100.11,22.93,0.762,0.107,0.0063
2025-07-29,Surat,coastal,5.9,7.2,10.3,12.4,12.4,11.58,0.3065,0.005,0.0005
2025-07-29,Mahabaleshwar,orographic,45.3,8.7,12.2,10.2,10.2,15.86,0.3006,0.0181,0.005
2025-07-29,Munnar,orographic,5.3,1.7,3.2,1.9,1.9,4.99,0.0924,0.0022,0.0009
2025-07-29,Madikeri,orographic,15.5,8.8,12.4,10.2,10.2,13.91,0.3031,0.0184,0.0051
2025-07-29,Ooty,orographic,5.5,2.2,3.9,2.4,2.4,5.06,0.1097,0.0029,0.0012
2025-07-29,Lonavala,orographic,33.3,28.0,34.61,42.42,42.42,28.56,0.5961,0.1028,0.0211
2025-07-29,Wayanad,orographic,4.1,2.7,4.7,3.1,3.1,6.08,0.1268,0.0037,0.0014
2025-07-29,Shimla,orographic,14.1,9.9,13.6,11.4,11.4,7.86,0.329,0.0219,0.0059
2025-07-29,Dehradun,orographic,22.2,13.0,17.1,15.3,15.3,9.25,0.3939,0.0329,0.0081
2025-07-29,Srinagar,orographic,0.0,6.2,9.0,6.95,6.95,4.52,0.235,0.0111,0.0034
2025-07-29,Gangtok,orographic,26.0,6.8,9.9,7.9,7.9,6.76,0.2516,0.0127,0.0038
2025-07-29,Guwahati,orographic,23.8,19.2,24.6,26.3,26.3,11.9,0.4955,0.059,0.0132
2025-07-29,Cherrapunji,orographic,7.4,15.7,20.32,20.5,20.5,11.28,0.4422,0.0437,0.0103
2025-07-29,Imphal,orographic,15.2,15.2,19.6,19.57,19.57,11.28,0.4337,0.0416,0.0099
2025-07-29,Agartala,orographic,8.8,7.7,10.8,8.8,8.8,5.64,0.2755,0.0152,0.0043
2025-07-29,Lucknow,normal,6.8,8.8,12.4,13.8,12.4,10.4,0.3125,0.0041,0.0006
2025-07-29,Patna,normal,26.9,23.4,28.9,31.7,28.9,14.45,0.5595,0.0187,0.0019
2025-07-29,Varanasi,normal,2.3,3.8,5.95,6.9,5.95,6.69,0.169,0.0013,0.0002
2025-07-29,Delhi,normal,3.8,18.2,23.4,25.46,23.4,11.53,0.4923,0.0126,0.0014
2025-07-29,Kanpur,normal,9.0,14.6,19.2,20.7,19.2,9.91,0.4342,0.0089,0.0011
2025-07-29,Ranchi,normal,9.9,9.1,12.8,14.12,12.8,10.28,0.3198,0.0044,0.0006
2025-07-29,Jodhpur,normal,0.0,0.0,0.0,0.0,0.0,1.46,0.0336,0.0001,0.0
2025-07-29,Bikaner,normal,0.0,0.0,0.0,0.0,0.0,0.29,0.0336,0.0001,0.0
2025-07-29,Jaisalmer,normal,0.0,0.0,0.0,0.0,0.0,1.59,0.0336,0.0001,0.0
2025-07-29,Hyderabad,normal,0.5,0.0,0.0,0.0,0.0,1.05,0.0336,0.0001,0.0
2025-07-29,Bengaluru,normal,1.1,0.0,0.0,0.0,0.0,1.05,0.0336,0.0001,0.0
2025-07-29,Pune,normal,3.1,1.3,2.6,2.9,2.6,3.77,0.0816,0.0004,0.0001
2025-07-29,Kurnool,normal,0.7,0.0,0.0,0.0,0.0,1.05,0.0336,0.0001,0.0
2025-07-29,Madurai,normal,0.6,0.0,0.0,0.0,0.0,1.05,0.0336,0.0001,0.0
2025-07-30,Nagpur,normal,3.6,2.9,4.9,5.5,5.5,5.48,0.1387,0.0009,0.0002
2025-07-30,Bhopal,depression,10.1,32.3,39.11,15.88,15.88,21.92,0.7198,0.0796,0.0049
2025-07-30,Raipur,normal,1.4,2.5,4.4,5.0,5.0,6.29,0.1247,0.0007,0.0001
2025-07-30,Jabalpur,depression,51.1,40.0,50.4,31.9,54.91,17.09,0.7645,0.109,0.0064
2025-07-30,Akola,normal,1.9,2.5,4.4,5.0,5.0,4.35,0.1247,0.0007,0.0001
2025-07-30,Amravati,normal,3.7,10.0,13.7,15.2,15.2,6.82,0.3411,0.005,0.0007
2025-07-30,Aurangabad,normal,1.3,2.3,4.2,4.89,4.89,4.05,0.1177,0.0007,0.0001
2025-07-30,Bhubaneswar,normal,10.3,12.2,16.1,18.3,18.3,10.01,0.3887,0.0068,0.0009
2025-07-30,Mumbai,coastal,7.8,4.1,6.4,8.5,8.5,8.7,0.2056,0.0023,0.0003
2025-07-30,Thiruvananthapuram,coastal,1.2,0.0,0.0,0.0,0.0,1.56,0.0397,0.0002,0.0
2025-07-30,Kochi,coastal,4.4,1.0,2.1,2.86,2.86,4.04,0.0827,0.0005,0.0001
2025-07-30,Mangaluru,coastal,7.5,21.2,26.8,31.16,31.16,18.34,0.5758,0.0259,0.002
2025-07-30,Panaji,coastal,4.1,16.3,21.0,23.2,23.2,16.12,0.5061,0.0172,0.0014
2025-07-30,Chennai,coastal,0.5,0.0,0.0,0.0,0.0,1.56,0.0397,0.0002,0.0
2025-07-30,Visakhapatnam,coastal,0.1,0.1,0.5,1.1,1.1,2.07,0.044,0.0002,0.0
2025-07-30,Puri,coastal,7.6,7.0,10.0,12.23,12.23,11.53,0.3006,0.0048,0.0005
2025-07-30,Kolkata,coastal,18.7,19.2,24.6,28.36,2.2,22.45,0.5496,0.0222,0.0017
2025-07-30,Surat,coastal,1.3,3.0,5.1,6.6,6.6,7.28,0.1645,0.0015,0.0002
2025-07-30,Mahabaleshwar,orographic,30.2,4.6,7.0,5.1,5.1,11.61,0.188,0.0073,0.0024
2025-07-30,Munnar,orographic,6.4,2.3,4.2,2.7,2.7,6.0,0.1132,0.0031,0.0012
2025-07-30,Madikeri,orographic,15.2,9.0,12.6,10.4,10.4,15.23,0.3079,0.0191,0.0052
2025-07-30,Ooty,orographic,6.5,0.7,1.62,0.9,0.9,4.58,0.057,0.001,0.0005
2025-07-30,Lonavala,orographic,20.9,13.3,17.4,15.83,15.83,22.2,0.3996,0.0341,0.0084
2025-07-30,Wayanad,orographic,3.1,1.1,2.3,1.4,1.4,5.64,0.0712,0.0014,0.0007
2025-07-30,Shimla,orographic,14.1,25.1,30.86,36.7,36.7,10.9,0.5672,0.0877,0.0184
2025-07-30,Dehradun,orographic,6.5,4.0,6.2,4.4,4.4,5.02,0.1693,0.0061,0.0021
2025-07-30,Srinagar,orographic,52.1,7.0,10.0,8.0,8.0,6.29,0.2571,0.0132,0.0039
2025-07-30,Gangtok,orographic,5.8,17.2,22.4,23.37,23.37,10.06,0.4662,0.0501,0.0115
2025-07-30,Guwahati,orographic,23.1,13.5,17.7,16.28,16.28,10.63,0.4034,0.0348,0.0085
2025-07-30,Cherrapunji,orographic,16.1,13.6,17.9,16.6,16.6,10.76,0.4052,0.0352,0.0086
2025-07-30,Imphal,orographic,5.4,9.4,13.0,10.7,10.7,7.98,0.3174,0.0203,0.0055
2025-07-30,Agartala,orographic,11.5,3.6,5.8,3.9,3.9,5.39,0.1565,0.0053,0.0019
2025-07-30,Lucknow,normal,24.9,25.4,31.21,33.6,33.6,13.51,0.5812,0.0212,0.0021
2025-07-30,Patna,normal,6.6,7.6,10.6,12.0,12.0,10.12,0.2818,0.0033,0.0005
2025-07-30,Varanasi,normal,15.5,13.7,18.1,19.9,19.9,10.26,0.4178,0.0081,0.001
2025-07-30,Delhi,normal,15.3,8.4,11.9,13.3,13.3,10.05,0.3025,0.0039,0.0005
2025-07-30,Kanpur,normal,20.3,22.7,28.1,30.75,30.75,13.88,0.5514,0.0178,0.0019
2025-07-30,Ranchi,normal,2.3,0.3,0.9,1.0,1.0,3.78,0.0446,0.0001,0.0
2025-07-30,Jodhpur,normal,0.2,0.0,0.0,0.0,0.0,0.21,0.0336,0.0001,0.0
2025-07-30,Bikaner,normal,0.0,1.0,2.1,2.4,2.4,1.05,0.0705,0.0003,0.0001
2025-07-30,Jaisalmer,normal,0.0,0.0,0.0,0.0,0.0,0.21,0.0336,0.0001,0.0
2025-07-30,Hyderabad,normal,2.9,0.2,0.7,0.7,0.7,1.58,0.0409,0.0001,0.0
2025-07-30,Bengaluru,normal,0.4,0.0,0.0,0.0,0.0,0.98,0.0336,0.0001,0.0
2025-07-30,Pune,normal,1.4,0.8,1.8,2.0,2.0,3.52,0.0631,0.0002,0.0001
2025-07-30,Kurnool,normal,1.1,0.0,0.0,0.0,0.0,0.98,0.0336,0.0001,0.0
2025-07-30,Madurai,normal,0.2,0.0,0.0,0.0,0.0,0.98,0.0336,0.0001,0.0
2025-07-31,Nagpur,break,0.8,6.3,9.1,9.1,9.1,8.37,0.2881,0.0044,0.0003
2025-07-31,Bhopal,break,1.3,2.8,4.8,4.8,4.8,7.91,0.1625,0.0015,0.0001
2025-07-31,Raipur,break,0.6,1.1,2.3,2.3,2.3,4.96,0.0905,0.0006,0.0
2025-07-31,Jabalpur,break,0.4,3.1,5.2,5.2,5.2,9.55,0.1744,0.0017,0.0001
2025-07-31,Akola,break,0.8,0.0,0.0,0.0,0.0,3.34,0.0413,0.0002,0.0
2025-07-31,Amravati,break,1.3,0.8,1.8,1.8,1.8,5.69,0.0772,0.0004,0.0
2025-07-31,Aurangabad,break,1.6,0.6,1.5,1.5,1.5,4.67,0.0682,0.0004,0.0
2025-07-31,Bhubaneswar,break,1.4,4.7,7.2,7.2,7.2,9.79,0.2345,0.0029,0.0002
2025-07-31,Mumbai,coastal,3.9,2.5,4.4,5.7,5.7,7.35,0.1449,0.0012,0.0002
2025-07-31,Thiruvananthapuram,coastal,3.3,0.0,0.0,0.0,0.0,1.85,0.0397,0.0002,0.0
2025-07-31,Kochi,coastal,11.5,1.2,2.4,3.3,3.3,4.52,0.0913,0.0006,0.0001
2025-07-31,Mangaluru,coastal,11.9,15.0,19.5,21.71,21.71,16.18,0.4841,0.0151,0.0013
2025-07-31,Panaji,coastal,6.7,13.7,18.1,19.9,19.9,16.38,0.4603,0.0132,0.0011
2025-07-31,Chennai,coastal,2.0,0.0,0.0,0.0,0.0,1.85,0.0397,0.0002,0.0
2025-07-31,Visakhapatnam,coastal,2.0,0.0,0.0,0.0,0.0,1.78,0.0397,0.0002,0.0
2025-07-31,Puri,coastal,1.1,2.5,4.4,5.7,5.7,7.9,0.1449,0.0012,0.0002
2025-07-31,Kolkata,coastal,46.6,8.8,12.4,14.6,14.6,12.56,0.3508,0.0068,0.0007
2025-07-31,Surat,coastal,1.9,1.6,3.0,4.46,4.46,6.12,0.1081,0.0007,0.0001
2025-07-31,Mahabaleshwar,orographic,22.1,4.8,7.4,5.3,5.3,13.84,0.1941,0.0078,0.0025
2025-07-31,Munnar,orographic,9.3,3.6,5.8,3.96,3.96,10.72,0.1565,0.0053,0.0019
2025-07-31,Madikeri,orographic,14.2,3.9,6.0,4.2,4.2,13.66,0.1661,0.0059,0.002
2025-07-31,Ooty,orographic,2.6,3.9,6.0,4.2,4.2,9.12,0.1661,0.0059,0.002
2025-07-31,Lonavala,orographic,15.1,10.3,14.0,12.1,12.1,21.98,0.338,0.0233,0.0061
2025-07-31,Wayanad,orographic,3.7,1.8,3.3,2.0,2.0,7.26,0.0959,0.0023,0.001
2025-07-31,Shimla,orographic,33.8,13.4,17.6,16.1,16.1,12.53,0.4015,0.0345,0.0084
2025-07-31,Dehradun,orographic,19.3,13.0,17.1,15.3,15.3,9.31,0.3939,0.0329,0.0081
2025-07-31,Srinagar,orographic,7.2,13.0,17.1,15.3,15.3,11.08,0.3939,0.0329,0.0081
2025-07-31,Gangtok,orographic,4.3,5.8,8.6,6.6,6.6,7.64,0.2237,0.0101,0.0031
2025-07-31,Guwahati,orographic,13.2,7.8,10.9,8.9,8.9,10.58,0.2781,0.0155,0.0044
2025-07-31,Cherrapunji,orographic,35.2,19.4,24.8,26.43,26.43,17.23,0.4983,0.0599,0.0133
2025-07-31,Imphal,orographic,1.1,12.8,16.7,15.1,15.1,13.67,0.39,0.0322,0.008
2025-07-31,Agartala,orographic,7.9,15.7,20.32,20.5,20.5,12.83,0.4422,0.0437,0.0103
2025-07-31,Lucknow,break,6.7,42.9,54.35,54.35,54.35,26.58,0.7533,0.0812,0.0027
2025-07-31,Patna,break,2.7,0.1,0.5,0.5,0.5,3.89,0.0458,0.0002,0.0
2025-07-31,Varanasi,break,1.6,20.8,26.4,26.4,26.4,18.01,0.5812,0.0268,0.0011
2025-07-31,Delhi,break,29.2,57.0,68.7,68.7,68.7,34.09,0.8069,0.1232,0.0039
2025-07-31,Kanpur,break,12.4,8.3,11.8,11.8,11.8,13.44,0.3471,0.0066,0.0003
2025-07-31,Ranchi,break,10.4,22.8,28.3,28.3,28.3,16.38,0.605,0.0309,0.0012
2025-07-31,Jodhpur,break,0.9,1.7,3.2,3.2,3.2,1.73,0.1166,0.0008,0.0001
2025-07-31,Bikaner,break,4.6,43.9,55.31,55.31,55.31,20.55,0.758,0.084,0.0028
2025-07-31,Jaisalmer,break,0.0,0.0,0.0,0.0,0.0,0.5,0.0413,0.0002,0.0
2025-07-31,Hyderabad,break,1.0,0.0,0.0,0.0,0.0,1.69,0.0413,0.0002,0.0
2025-07-31,Bengaluru,break,1.1,0.5,1.2,1.2,1.2,2.78,0.0637,0.0003,0.0
2025-07-31,Pune,break,1.5,0.7,1.62,1.62,1.62,4.11,0.0727,0.0004,0.0
2025-07-31,Kurnool,break,0.5,0.0,0.0,0.0,0.0,1.44,0.0413,0.0002,0.0
2025-07-31,Madurai,break,0.0,0.0,0.0,0.0,0.0,1.44,0.0413,0.0002,0.0
2025-08-01,Nagpur,normal,0.4,7.1,10.1,11.1,10.1,8.59,0.2683,0.003,0.0004
2025-08-01,Bhopal,normal,1.6,2.6,4.6,5.2,4.6,4.57,0.1283,0.0008,0.0002
2025-08-01,Raipur,normal,0.4,8.5,12.0,13.4,12.0,6.55,0.305,0.0039,0.0006
2025-08-01,Jabalpur,normal,6.2,2.7,4.7,5.3,4.7,5.23,0.1317,0.0008,0.0002
2025-08-01,Akola,normal,0.9,0.0,0.0,0.0,0.0,1.0,0.0336,0.0001,0.0
2025-08-01,Amravati,normal,1.4,0.7,1.62,1.8,1.62,3.02,0.0594,0.0002,0.0001
2025-08-01,Aurangabad,normal,0.8,0.0,0.0,0.0,0.0,1.64,0.0336,0.0001,0.0
2025-08-01,Bhubaneswar,normal,1.0,2.2,3.9,4.5,3.9,4.53,0.1141,0.0006,0.0001
2025-08-01,Mumbai,coastal,4.1,2.8,4.8,6.2,6.2,5.98,0.1567,0.0014,0.0002
2025-08-01,Thiruvananthapuram,coastal,6.9,0.0,0.0,0.0,0.0,1.52,0.0397,0.0002,0.0
2025-08-01,Kochi,coastal,11.6,1.6,3.0,4.46,4.46,4.49,0.1081,0.0007,0.0001
2025-08-01,Mangaluru,coastal,20.0,12.1,16.0,17.92,17.92,11.65,0.4283,0.0109,0.001
2025-08-01,Panaji,coastal,4.7,13.6,17.9,19.7,19.7,13.61,0.4584,0.013,0.0011
2025-08-01,Chennai,coastal,0.3,0.0,0.0,0.0,0.0,1.52,0.0397,0.0002,0.0
2025-08-01,Visakhapatnam,coastal,1.0,0.8,1.8,2.5,2.5,3.33,0.0742,0.0004,0.0001
2025-08-01,Puri,coastal,8.3,0.8,1.7,2.4,2.4,4.52,0.0742,0.0004,0.0001
2025-08-01,Kolkata,coastal,11.9,7.8,10.9,13.0,13.0,10.59,0.3237,0.0056,0.0006
2025-08-01,Surat,coastal,2.3,0.4,1.1,1.7,1.7,3.79,0.0569,0.0003,0.0001
2025-08-01,Mahabaleshwar,orographic,21.8,4.3,6.6,4.8,4.8,9.23,0.1787,0.0067,0.0023
2025-08-01,Munnar,orographic,3.6,3.6,5.8,3.9,3.9,8.23,0.1565,0.0053,0.0019
2025-08-01,Madikeri,orographic,10.0,5.5,8.3,6.4,6.4,10.22,0.215,0.0094,0.003
2025-08-01,Ooty,orographic,4.0,1.7,3.2,2.0,2.0,6.2,0.0924,0.0022,0.0009
2025-08-01,Lonavala,orographic,17.1,7.4,10.4,8.4,8.4,12.41,0.2677,0.0143,0.0042
2025-08-01,Wayanad,orographic,2.8,1.8,3.26,2.0,2.0,4.93,0.0959,0.0023,0.001
2025-08-01,Shimla,orographic,11.2,2.0,3.6,2.3,2.3,2.91,0.1028,0.0026,0.0011
2025-08-01,Dehradun,orographic,3.6,12.9,17.0,15.2,15.2,8.92,0.392,0.0326,0.0081
2025-08-01,Srinagar,orographic,5.4,10.1,13.8,11.79,11.79,7.23,0.3335,0.0226,0.006
2025-08-01,Gangtok,orographic,1.9,3.8,5.95,4.11,4.11,4.63,0.1629,0.0057,0.002
2025-08-01,Guwahati,orographic,12.9,25.0,30.71,36.61,36.61,11.33,0.5662,0.0872,0.0183
2025-08-01,Cherrapunji,orographic,33.4,9.5,13.1,11.0,11.0,7.31,0.3197,0.0207,0.0056
2025-08-01,Imphal,orographic,0.4,9.1,12.8,10.5,10.5,7.16,0.3103,0.0194,0.0053
2025-08-01,Agartala,orographic,12.5,4.8,7.5,5.4,5.4,5.71,0.1941,0.0078,0.0025
2025-08-01,Lucknow,normal,7.4,4.8,7.4,8.1,7.4,9.1,0.2011,0.0017,0.0003
2025-08-01,Patna,normal,13.1,10.1,13.8,15.2,13.8,7.75,0.3434,0.0051,0.0007
2025-08-01,Varanasi,normal,5.8,1.4,2.8,3.1,2.8,4.77,0.0852,0.0004,0.0001
2025-08-01,Delhi,normal,7.5,13.3,17.4,19.41,17.4,17.17,0.4103,0.0077,0.0009
2025-08-01,Kanpur,normal,3.6,22.3,27.5,30.5,27.5,13.4,0.5466,0.0173,0.0018
2025-08-01,Ranchi,normal,2.0,6.3,9.1,9.93,9.1,9.21,0.246,0.0025,0.0004
2025-08-01,Jodhpur,normal,0.3,0.1,0.5,0.5,0.5,1.09,0.0373,0.0001,0.0
2025-08-01,Bikaner,normal,7.3,9.1,12.8,14.12,12.8,10.75,0.3198,0.0044,0.0006
2025-08-01,Jaisalmer,normal,0.5,0.0,0.0,0.0,0.0,0.25,0.0336,0.0001,0.0
2025-08-01,Hyderabad,normal,0.0,0.1,0.5,0.5,0.5,1.33,0.0373,0.0001,0.0
2025-08-01,Bengaluru,normal,1.4,1.1,2.3,2.5,2.3,3.26,0.0742,0.0003,0.0001
2025-08-01,Pune,normal,0.7,0.5,1.2,1.3,1.2,3.39,0.052,0.0002,0.0
2025-08-01,Kurnool,normal,0.5,0.0,0.0,0.0,0.0,0.98,0.0336,0.0001,0.0
2025-08-01,Madurai,normal,0.7,7.5,10.5,11.9,10.5,6.11,0.2791,0.0033,0.0005
2025-08-02,Nagpur,normal,0.5,2.8,4.8,5.4,4.8,6.59,0.1352,0.0009,0.0002
2025-08-02,Bhopal,normal,11.7,4.4,6.8,7.6,6.8,6.32,0.1885,0.0015,0.0003
2025-08-02,Raipur,normal,0.4,7.0,10.0,11.0,10.0,9.78,0.2656,0.003,0.0004
2025-08-02,Jabalpur,normal,8.8,1.1,2.3,2.5,2.3,4.04,0.0742,0.0003,0.0001
2025-08-02,Akola,normal,0.5,0.1,0.5,0.5,0.5,1.56,0.0373,0.0001,0.0
2025-08-02,Amravati,normal,0.2,0.1,0.5,0.5,0.5,2.69,0.0373,0.0001,0.0
2025-08-02,Aurangabad,normal,0.8,0.3,0.9,1.0,0.9,2.2,0.0446,0.0001,0.0
2025-08-02,Bhubaneswar,normal,6.1,1.1,2.3,2.5,2.3,3.49,0.0742,0.0003,0.0001
2025-08-02,Mumbai,coastal,8.7,2.8,4.8,6.2,6.2,6.6,0.1567,0.0014,0.0002
2025-08-02,Thiruvananthapuram,coastal,3.0,0.6,1.4,2.1,2.1,3.66,0.0655,0.0003,0.0001
2025-08-02,Kochi,coastal,46.7,6.1,8.9,10.9,10.9,9.46,0.2731,0.004,0.0004
2025-08-02,Mangaluru,coastal,37.4,9.5,13.1,15.07,15.07,12.4,0.3687,0.0076,0.0007
2025-08-02,Panaji,coastal,3.3,13.9,18.4,20.35,20.35,15.48,0.4641,0.0135,0.0012
2025-08-02,Chennai,coastal,0.3,0.0,0.0,0.0,0.0,1.74,0.0397,0.0002,0.0
2025-08-02,Visakhapatnam,coastal,0.3,0.0,0.0,0.0,0.0,2.93,0.0397,0.0002,0.0
2025-08-02,Puri,coastal,3.0,0.2,0.7,1.4,1.4,3.51,0.0483,0.0002,0.0
2025-08-02,Kolkata,coastal,20.9,0.6,1.5,2.2,2.2,5.39,0.0655,0.0003,0.0001
2025-08-02,Surat,coastal,1.4,0.9,2.0,2.7,2.7,4.12,0.0785,0.0004,0.0001
2025-08-02,Mahabaleshwar,orographic,17.2,3.7,5.9,4.1,4.1,9.03,0.1597,0.0055,0.0019
2025-08-02,Munnar,orographic,23.6,12.1,16.0,14.1,14.1,14.69,0.3762,0.0296,0.0075
2025-08-02,Madikeri,orographic,11.0,5.6,8.5,6.5,6.5,12.65,0.2179,0.0096,0.003
2025-08-02,Ooty,orographic,21.4,7.4,10.4,8.3,8.3,11.45,0.2677,0.0143,0.0042
2025-08-02,Lonavala,orographic,17.1,6.1,9.0,6.9,6.9,13.23,0.2322,0.0109,0.0033
2025-08-02,Wayanad,orographic,17.3,4.8,7.4,5.3,5.3,8.63,0.1941,0.0078,0.0025
2025-08-02,Shimla,orographic,11.8,28.1,34.71,42.72,42.72,12.19,0.597,0.1033,0.0212
2025-08-02,Dehradun,orographic,8.6,18.4,23.6,25.03,25.03,13.48,0.4841,0.0554,0.0125
2025-08-02,Srinagar,orographic,0.0,4.4,6.8,4.8,4.8,6.3,0.1818,0.0069,0.0023
2025-08-02,Gangtok,orographic,11.4,21.7,27.2,29.35,29.35,12.24,0.5283,0.0708,0.0153
2025-08-02,Guwahati,orographic,46.2,28.0,34.61,42.42,42.42,17.52,0.5961,0.1028,0.0211
2025-08-02,Cherrapunji,orographic,38.4,38.9,48.9,60.6,60.6,19.22,0.6789,0.1632,0.0318
2025-08-02,Imphal,orographic,1.0,29.1,35.5,44.01,44.01,16.35,0.6062,0.1087,0.0221
2025-08-02,Agartala,orographic,10.3,3.3,5.45,3.6,3.6,4.73,0.1467,0.0047,0.0017
2025-08-02,Lucknow,normal,15.3,5.8,8.6,9.5,8.6,8.66,0.2315,0.0023,0.0004
2025-08-02,Patna,normal,57.3,20.2,25.7,27.5,25.7,15.44,0.5202,0.0148,0.0016
2025-08-02,Varanasi,normal,22.8,2.2,3.9,4.5,3.9,4.54,0.1141,0.0006,0.0001
2025-08-02,Delhi,normal,0.9,0.0,0.0,0.0,0.0,2.94,0.0336,0.0001,0.0
2025-08-02,Kanpur,normal,16.8,8.6,12.1,13.5,12.1,11.11,0.3075,0.004,0.0006
2025-08-02,Ranchi,normal,12.5,19.1,24.5,26.41,24.5,15.41,0.5052,0.0136,0.0015
2025-08-02,Jodhpur,normal,0.0,0.0,0.0,0.0,0.0,0.37,0.0336,0.0001,0.0
2025-08-02,Bikaner,normal,6.3,0.2,0.7,0.7,0.7,2.45,0.0409,0.0001,0.0
2025-08-02,Jaisalmer,normal,0.0,0.0,0.0,0.0,0.0,0.37,0.0336,0.0001,0.0
2025-08-02,Hyderabad,normal,0.2,0.7,1.62,1.8,1.62,2.63,0.0594,0.0002,0.0001
2025-08-02,Bengaluru,normal,1.2,0.3,0.9,1.0,0.9,3.39,0.0446,0.0001,0.0
2025-08-02,Pune,normal,1.8,0.7,1.62,1.8,1.62,3.55,0.0594,0.0002,0.0001
2025-08-02,Kurnool,normal,0.2,0.1,0.5,0.5,0.5,1.56,0.0373,0.0001,0.0
2025-08-02,Madurai,normal,2.9,6.4,9.4,10.2,9.4,9.38,0.2488,0.0026,0.0004
2025-08-03,Nagpur,break,0.4,0.5,1.2,1.2,1.2,2.66,0.0637,0.0003,0.0
2025-08-03,Bhopal,break,1.3,4.1,6.3,6.3,6.3,4.25,0.2127,0.0024,0.0002
2025-08-03,Raipur,break,0.0,0.7,1.62,1.62,1.62,2.96,0.0727,0.0004,0.0
2025-08-03,Jabalpur,break,7.4,0.9,2.0,2.0,2.0,2.25,0.0816,0.0005,0.0
2025-08-03,Akola,break,0.4,0.0,0.0,0.0,0.0,0.82,0.0413,0.0002,0.0
2025-08-03,Amravati,break,0.0,0.0,0.0,0.0,0.0,0.82,0.0413,0.0002,0.0
2025-08-03,Aurangabad,break,0.5,1.0,2.1,2.1,2.1,2.03,0.086,0.0005,0.0
2025-08-03,Bhubaneswar,break,15.3,0.0,0.0,0.0,0.0,1.89,0.0413,0.0002,0.0
2025-08-03,Mumbai,coastal,4.0,4.9,7.5,9.7,9.7,6.26,0.2337,0.0029,0.0003
2025-08-03,Thiruvananthapuram,coastal,6.4,8.2,11.5,13.6,13.6,7.7,0.3347,0.0061,0.0006
2025-08-03,Kochi,coastal,26.6,31.2,37.5,65.83,65.83,15.15,0.6735,0.047,0.0032
2025-08-03,Mangaluru,coastal,12.7,8.6,12.1,14.1,14.1,8.98,0.3455,0.0065,0.0006
2025-08-03,Panaji,coastal,3.2,7.7,10.8,12.9,12.9,8.97,0.3209,0.0055,0.0006
2025-08-03,Chennai,coastal,3.8,0.7,1.62,2.4,2.4,2.66,0.0699,0.0004,0.0001
2025-08-03,Visakhapatnam,coastal,2.7,1.0,2.1,2.86,2.86,2.71,0.0827,0.0005,0.0001
2025-08-03,Puri,coastal,9.5,0.6,1.4,2.1,2.1,2.78,0.0655,0.0003,0.0001
2025-08-03,Kolkata,coastal,8.2,0.0,0.0,0.0,0.0,1.81,0.0397,0.0002,0.0
2025-08-03,Surat,coastal,1.7,4.3,6.6,8.7,8.7,6.12,0.2128,0.0024,0.0003
2025-08-03,Mahabaleshwar,orographic,6.2,4.7,7.2,5.2,5.2,7.33,0.1911,0.0076,0.0025
2025-08-03,Munnar,orographic,66.2,15.7,20.32,20.5,20.5,12.74,0.4422,0.0437,0.0103
2025-08-03,Madikeri,orographic,10.5,8.6,12.1,10.1,10.1,10.57,0.2982,0.0178,0.005
2025-08-03,Ooty,orographic,23.7,26.7,33.1,39.38,39.38,17.26,0.5836,0.096,0.0199
2025-08-03,Lonavala,orographic,3.7,7.9,11.1,9.1,9.1,10.44,0.2806,0.0158,0.0045
2025-08-03,Wayanad,orographic,13.4,9.7,13.4,11.3,11.3,9.86,0.3244,0.0213,0.0057
2025-08-03,Shimla,orographic,13.8,18.0,23.2,24.7,24.7,10.33,0.4783,0.0536,0.0122
2025-08-03,Dehradun,orographic,11.7,21.6,27.1,29.1,29.1,10.92,0.5271,0.0703,0.0152
2025-08-03,Srinagar,orographic,0.0,6.0,8.8,6.8,6.8,4.82,0.2294,0.0106,0.0033
2025-08-03,Gangtok,orographic,9.2,59.3,71.9,78.65,78.65,20.77,0.771,0.2795,0.0538
2025-08-03,Guwahati,orographic,16.6,21.0,26.6,28.3,28.3,10.86,0.5195,0.0674,0.0147
2025-08-03,Cherrapunji,orographic,57.1,57.1,68.7,78.65,78.65,34.32,0.7635,0.2672,0.0513
2025-08-03,Imphal,orographic,1.4,4.2,6.5,4.7,4.7,4.66,0.1756,0.0065,0.0022
2025-08-03,Agartala,orographic,2.5,12.6,16.6,14.68,14.68,6.52,0.3861,0.0314,0.0078
2025-08-03,Lucknow,break,40.8,15.0,19.5,19.5,19.5,10.32,0.4948,0.0162,0.0007
2025-08-03,Patna,break,28.3,53.8,65.56,65.56,65.56,23.45,0.7967,0.1134,0.0036
2025-08-03,Varanasi,break,50.9,42.8,54.3,54.3,54.3,13.72,0.7528,0.0809,0.0027
2025-08-03,Delhi,break,0.7,8.7,12.2,12.2,12.2,7.09,0.3579,0.0071,0.0004
2025-08-03,Kanpur,break,38.8,18.7,23.81,23.81,23.81,11.73,0.5532,0.0227,0.0009
2025-08-03,Ranchi,break,19.1,16.1,20.8,20.8,20.8,10.69,0.5135,0.018,0.0008
2025-08-03,Jodhpur,break,0.0,0.0,0.0,0.0,0.0,0.18,0.0413,0.0002,0.0
2025-08-03,Bikaner,break,0.0,0.0,0.0,0.0,0.0,0.31,0.0413,0.0002,0.0
2025-08-03,Jaisalmer,break,0.0,0.0,0.0,0.0,0.0,0.18,0.0413,0.0002,0.0
2025-08-03,Hyderabad,break,0.6,0.0,0.0,0.0,0.0,2.1,0.0413,0.0002,0.0
2025-08-03,Bengaluru,break,5.5,7.7,10.8,10.8,10.8,5.15,0.3303,0.0059,0.0003
2025-08-03,Pune,break,1.2,2.3,4.1,4.1,4.1,3.38,0.142,0.0012,0.0001
2025-08-03,Kurnool,break,1.7,0.0,0.0,0.0,0.0,0.89,0.0413,0.0002,0.0
2025-08-03,Madurai,break,29.7,8.5,12.0,12.0,12.0,6.6,0.3525,0.0069,0.0004
2025-08-04,Nagpur,break,0.2,0.4,1.0,1.0,1.0,2.2,0.0593,0.0003,0.0
2025-08-04,Bhopal,break,0.0,3.5,5.6,5.6,5.6,4.11,0.1901,0.002,0.0001
2025-08-04,Raipur,break,0.0,0.0,0.0,0.0,0.0,1.89,0.0413,0.0002,0.0
2025-08-04,Jabalpur,break,0.1,1.2,2.4,2.4,2.4,2.31,0.0949,0.0006,0.0001
2025-08-04,Akola,break,0.3,0.0,0.0,0.0,0.0,0.82,0.0413,0.0002,0.0
2025-08-04,Amravati,break,0.2,0.0,0.0,0.0,0.0,0.82,0.0413,0.0002,0.0
2025-08-04,Aurangabad,break,0.9,0.8,1.8,1.8,1.8,2.25,0.0772,0.0004,0.0
2025-08-04,Bhubaneswar,break,1.1,0.0,0.0,0.0,0.0,0.82,0.0413,0.0002,0.0
2025-08-04,Mumbai,coastal,3.5,0.9,2.0,2.7,2.7,3.9,0.0785,0.0004,0.0001
2025-08-04,Thiruvananthapuram,coastal,2.8,21.1,26.7,31.01,31.01,13.17,0.5745,0.0257,0.002
2025-08-04,Kochi,depression,6.3,46.3,58.25,46.4,100.11,26.32,0.7923,0.1343,0.0078
2025-08-04,Mangaluru,coastal,7.9,11.9,15.8,17.81,17.81,9.93,0.4241,0.0106,0.001
2025-08-04,Panaji,coastal,8.2,0.9,2.0,2.7,2.7,3.92,0.0785,0.0004,0.0001
2025-08-04,Chennai,coastal,21.3,9.0,12.6,14.8,14.8,7.7,0.356,0.007,0.0007
2025-08-04,Visakhapatnam,coastal,4.4,0.0,0.0,0.0,0.0,2.39,0.0397,0.0002,0.0
2025-08-04,Puri,coastal,0.2,0.0,0.0,0.0,0.0,1.81,0.0397,0.0002,0.0
2025-08-04,Kolkata,coastal,16.9,13.3,17.4,19.47,19.47,11.16,0.4526,0.0126,0.0011
2025-08-04,Surat,coastal,1.6,2.4,4.2,5.7,5.7,5.17,0.1409,0.0012,0.0002
2025-08-04,Mahabaleshwar,orographic,5.0,2.1,3.7,2.3,2.3,4.99,0.1063,0.0028,0.0011
2025-08-04,Munnar,orographic,4.0,54.4,66.15,77.26,77.26,28.56,0.7537,0.252,0.0483
2025-08-04,Madikeri,orographic,5.3,23.7,29.1,34.4,34.4,15.69,0.5519,0.0806,0.0171
2025-08-04,Ooty,orographic,14.5,12.1,16.0,14.1,14.1,12.49,0.3762,0.0296,0.0075
2025-08-04,Lonavala,orographic,3.8,4.5,6.9,4.96,4.96,7.86,0.1849,0.0071,0.0024
2025-08-04,Wayanad,orographic,6.7,10.3,14.0,12.1,12.1,10.23,0.338,0.0233,0.0061
2025-08-04,Shimla,orographic,4.7,5.1,7.8,5.7,5.7,5.14,0.2031,0.0085,0.0027
2025-08-04,Dehradun,orographic,10.0,7.1,10.2,8.1,8.1,6.25,0.2597,0.0135,0.004
2025-08-04,Srinagar,orographic,0.0,5.8,8.6,6.6,6.6,5.59,0.2237,0.0101,0.0031
2025-08-04,Gangtok,orographic,4.8,8.5,12.0,10.0,10.0,9.41,0.2957,0.0175,0.0049
2025-08-04,Guwahati,orographic,11.9,14.7,19.3,18.7,18.7,8.69,0.4251,0.0396,0.0095
2025-08-04,Cherrapunji,orographic,25.7,103.9,103.51,115.99,115.99,39.34,0.8627,0.4939,0.1059
2025-08-04,Imphal,orographic,1.2,16.6,21.3,22.2,22.2,7.91,0.4568,0.0475,0.011
2025-08-04,Agartala,orographic,27.2,39.1,49.11,60.6,60.6,14.81,0.6801,0.1643,0.032
2025-08-04,Lucknow,break,66.8,46.0,57.71,57.71,57.71,21.24,0.7673,0.0901,0.003
2025-08-04,Patna,break,10.0,0.1,0.5,0.5,0.5,3.21,0.0458,0.0002,0.0
2025-08-04,Varanasi,break,23.9,17.0,22.1,22.1,22.1,13.79,0.528,0.0196,0.0008
2025-08-04,Delhi,break,0.1,17.5,22.8,22.8,22.8,10.72,0.5356,0.0205,0.0009
2025-08-04,Kanpur,break,28.0,33.8,41.86,41.86,41.86,15.21,0.7015,0.0566,0.002
2025-08-04,Ranchi,break,3.6,3.9,6.0,6.0,6.0,6.79,0.2053,0.0023,0.0001
2025-08-04,Jodhpur,break,0.1,0.0,0.0,0.0,0.0,0.18,0.0413,0.0002,0.0
2025-08-04,Bikaner,break,0.0,0.0,0.0,0.0,0.0,0.18,0.0413,0.0002,0.0
2025-08-04,Jaisalmer,break,0.0,0.0,0.0,0.0,0.0,0.18,0.0413,0.0002,0.0
2025-08-04,Hyderabad,break,4.1,0.0,0.0,0.0,0.0,0.89,0.0413,0.0002,0.0
2025-08-04,Bengaluru,break,2.6,31.7,38.51,38.51,38.51,11.04,0.6866,0.0513,0.0018
2025-08-04,Pune,break,1.1,0.6,1.5,1.5,1.5,2.94,0.0682,0.0004,0.0
2025-08-04,Kurnool,break,0.9,6.7,9.7,9.7,9.7,4.97,0.3006,0.0048,0.0003
2025-08-04,Madurai,break,7.9,25.6,31.7,31.7,31.7,9.87,0.6346,0.0369,0.0014
2025-08-05,Nagpur,break,0.3,0.0,0.0,0.0,0.0,1.35,0.0413,0.0002,0.0
2025-08-05,Bhopal,break,0.4,3.8,5.95,5.95,5.95,4.25,0.2015,0.0022,0.0001
2025-08-05,Raipur,break,0.2,0.1,0.5,0.5,0.5,1.07,0.0458,0.0002,0.0
2025-08-05,Jabalpur,break,0.4,1.4,2.8,2.8,2.8,2.31,0.1036,0.0007,0.0001
2025-08-05,Akola,break,0.0,0.0,0.0,0.0,0.0,0.82,0.0413,0.0002,0.0
2025-08-05,Amravati,break,0.6,0.0,0.0,0.0,0.0,0.82,0.0413,0.0002,0.0
2025-08-05,Aurangabad,break,0.6,0.5,1.2,1.2,1.2,2.42,0.0637,0.0003,0.0
2025-08-05,Bhubaneswar,break,4.2,0.0,0.0,0.0,0.0,0.82,0.0413,0.0002,0.0
2025-08-05,Mumbai,coastal,4.3,0.1,0.5,1.1,1.1,2.56,0.044,0.0002,0.0
2025-08-05,Thiruvananthapuram,depression,3.4,75.4,81.91,72.33,161.79,26.94,0.8675,0.2565,0.0145
2025-08-05,Kochi,depression,15.0,37.6,47.6,26.91,100.11,25.84,0.7521,0.0996,0.0059
2025-08-05,Mangaluru,coastal,42.4,14.7,19.3,21.31,21.31,11.64,0.4788,0.0147,0.0012
2025-08-05,Panaji,coastal,8.0,4.3,6.6,8.7,8.7,6.12,0.2128,0.0024,0.0003
2025-08-05,Chennai,coastal,4.0,0.2,0.7,1.4,1.4,3.21,0.0483,0.0002,0.0
2025-08-05,Visakhapatnam,coastal,0.1,0.1,0.5,1.1,1.1,1.8,0.044,0.0002,0.0
2025-08-05,Puri,coastal,1.5,0.0,0.0,0.0,0.0,1.38,0.0397,0.0002,0.0
2025-08-05,Kolkata,coastal,17.7,9.8,13.5,15.2,15.2,9.2,0.3761,0.0079,0.0008
2025-08-05,Surat,coastal,2.3,0.6,1.5,2.2,2.2,3.67,0.0655,0.0003,0.0001
2025-08-05,Mahabaleshwar,orographic,3.8,1.3,2.6,1.6,1.6,3.34,0.0783,0.0017,0.0007
2025-08-05,Munnar,orographic,9.3,12.1,16.0,14.1,14.1,16.83,0.3762,0.0296,0.0075
2025-08-05,Madikeri,orographic,76.9,11.7,15.5,13.6,13.6,12.49,0.368,0.0281,0.0072
2025-08-05,Ooty,orographic,15.6,15.5,20.1,20.4,20.4,12.74,0.4388,0.0429,0.0101
2025-08-05,Lonavala,orographic,8.4,3.6,5.8,3.9,3.9,6.52,0.1565,0.0053,0.0019
2025-08-05,Wayanad,orographic,17.8,8.2,11.7,9.54,9.54,10.07,0.2882,0.0166,0.0047
2025-08-05,Shimla,orographic,9.4,25.3,31.1,37.0,37.0,10.52,0.5694,0.0887,0.0186
2025-08-05,Dehradun,orographic,16.1,4.4,6.8,4.8,4.8,4.87,0.1818,0.0069,0.0023
2025-08-05,Srinagar,orographic,0.1,4.2,6.5,4.7,4.7,4.43,0.1756,0.0065,0.0022
2025-08-05,Gangtok,orographic,2.4,32.6,39.36,50.2,50.2,11.75,0.6353,0.1277,0.0255
2025-08-05,Guwahati,orographic,7.6,14.9,19.4,18.9,18.9,8.8,0.4286,0.0404,0.0096
2025-08-05,Cherrapunji,orographic,13.4,41.9,52.81,64.11,64.11,27.8,0.6964,0.1803,0.0349
2025-08-05,Imphal,orographic,1.3,2.9,4.9,3.2,3.2,3.79,0.1335,0.004,0.0015
2025-08-05,Agartala,orographic,14.9,39.3,49.3,61.0,61.0,24.85,0.6813,0.1654,0.0322
2025-08-05,Lucknow,break,6.7,33.4,41.5,41.5,41.5,22.1,0.6988,0.0556,0.002
2025-08-05,Patna,break,0.4,2.5,4.4,4.4,4.4,3.83,0.1502,0.0013,0.0001
2025-08-05,Varanasi,break,6.8,6.5,9.5,9.5,9.5,8.16,0.2944,0.0046,0.0003
2025-08-05,Delhi,break,8.3,23.4,28.9,28.9,28.9,12.2,0.6117,0.0321,0.0012
2025-08-05,Kanpur,break,3.5,20.0,25.46,25.46,25.46,13.22,0.5709,0.0252,0.001
2025-08-05,Ranchi,break,2.4,7.3,10.3,10.3,10.3,7.03,0.3186,0.0055,0.0003
2025-08-05,Jodhpur,break,0.0,0.0,0.0,0.0,0.0,0.18,0.0413,0.0002,0.0
2025-08-05,Bikaner,break,0.0,0.0,0.0,0.0,0.0,0.18,0.0413,0.0002,0.0
2025-08-05,Jaisalmer,break,0.0,0.0,0.0,0.0,0.0,0.18,0.0413,0.0002,0.0
2025-08-05,Hyderabad,break,6.6,2.3,4.1,4.1,4.1,2.77,0.142,0.0012,0.0001
2025-08-05,Bengaluru,break,15.3,22.6,27.96,27.96,27.96,10.24,0.6028,0.0305,0.0012
2025-08-05,Pune,break,4.6,0.0,0.0,0.0,0.0,1.53,0.0413,0.0002,0.0
2025-08-05,Kurnool,break,4.9,7.7,10.8,10.8,10.8,6.53,0.3303,0.0059,0.0003
2025-08-05,Madurai,break,9.2,6.8,9.9,9.9,9.9,6.64,0.3036,0.0049,0.0003
2025-08-06,Nagpur,break,0.8,0.7,1.6,1.6,1.6,2.34,0.0727,0.0004,0.0
2025-08-06,Bhopal,break,0.0,0.1,0.5,0.5,0.5,2.94,0.0458,0.0002,0.0
2025-08-06,Raipur,break,2.6,0.0,0.0,0.0,0.0,1.32,0.0413,0.0002,0.0
2025-08-06,Jabalpur,break,0.2,0.3,0.9,0.9,0.9,3.14,0.0548,0.0003,0.0
2025-08-06,Akola,break,0.2,0.0,0.0,0.0,0.0,1.32,0.0413,0.0002,0.0
2025-08-06,Amravati,break,0.4,0.0,0.0,0.0,0.0,1.32,0.0413,0.0002,0.0
2025-08-06,Aurangabad,break,1.8,2.1,3.7,3.7,3.7,3.6,0.1336,0.0011,0.0001
2025-08-06,Bhubaneswar,break,6.8,0.0,0.0,0.0,0.0,1.32,0.0413,0.0002,0.0
2025-08-06,Mumbai,coastal,1.2,0.2,0.7,1.4,1.4,1.98,0.0483,0.0002,0.0
2025-08-06,Thiruvananthapuram,coastal,0.1,1.3,2.6,3.6,3.6,5.05,0.0955,0.0006,0.0001
2025-08-06,Kochi,coastal,1.6,29.5,36.01,60.71,60.71,19.93,0.66,0.0431,0.003
2025-08-06,Mangaluru,depression,32.0,37.8,48.0,27.23,100.11,18.33,0.7531,0.1004,0.006
2025-08-06,Panaji,coastal,64.6,41.7,52.41,100.11,100.11,19.09,0.7393,0.0732,0.0047
2025-08-06,Chennai,coastal,2.1,0.6,1.5,2.2,2.2,2.71,0.0655,0.0003,0.0001
2025-08-06,Visakhapatnam,coastal,1.0,0.4,1.1,1.7,1.7,2.64,0.0569,0.0003,0.0001
2025-08-06,Puri,coastal,1.1,1.4,2.8,3.9,3.9,2.87,0.0997,0.0007,0.0001
2025-08-06,Kolkata,coastal,17.7,12.1,16.0,17.92,17.92,10.0,0.4283,0.0109,0.001
2025-08-06,Surat,coastal,0.7,0.3,0.9,1.6,1.6,2.63,0.0526,0.0002,0.0
2025-08-06,Mahabaleshwar,orographic,7.1,12.0,15.9,14.0,14.0,13.26,0.3741,0.0292,0.0074
2025-08-06,Munnar,orographic,1.3,7.3,10.3,8.3,8.3,13.22,0.2651,0.0141,0.0041
2025-08-06,Madikeri,orographic,3.9,29.2,35.5,44.01,44.01,22.08,0.6071,0.1092,0.0222
2025-08-06,Ooty,orographic,5.3,4.2,6.5,4.7,4.7,10.17,0.1756,0.0065,0.0022
2025-08-06,Lonavala,orographic,7.5,0.5,1.2,0.6,0.6,5.83,0.0499,0.0008,0.0004
2025-08-06,Wayanad,orographic,0.5,7.9,11.1,9.1,9.1,14.12,0.2806,0.0158,0.0045
2025-08-06,Shimla,orographic,14.5,9.4,13.0,10.7,10.7,7.46,0.3174,0.0203,0.0055
2025-08-06,Dehradun,orographic,16.7,15.8,20.5,20.72,20.72,8.3,0.4438,0.0441,0.0103
2025-08-06,Srinagar,orographic,0.0,6.0,8.8,6.8,6.8,4.92,0.2294,0.0106,0.0033
2025-08-06,Gangtok,orographic,15.1,2.1,3.7,2.3,2.3,2.81,0.1063,0.0028,0.0011
2025-08-06,Guwahati,orographic,0.9,2.8,4.8,3.1,3.1,5.42,0.1301,0.0039,0.0015
2025-08-06,Cherrapunji,orographic,7.5,8.2,11.5,9.5,9.5,11.29,0.2882,0.0166,0.0047
2025-08-06,Imphal,orographic,0.0,0.2,0.7,0.2,0.2,2.87,0.0392,0.0006,0.0003
2025-08-06,Agartala,orographic,26.7,25.4,31.21,37.36,37.36,20.27,0.5704,0.0892,0.0187
2025-08-06,Lucknow,break,18.9,0.1,0.5,0.5,0.5,3.44,0.0458,0.0002,0.0
2025-08-06,Patna,break,1.1,0.2,0.7,0.7,0.7,3.55,0.0503,0.0002,0.0
2025-08-06,Varanasi,break,1.3,6.5,9.5,9.5,9.5,9.8,0.2944,0.0046,0.0003
2025-08-06,Delhi,break,0.5,7.5,10.5,10.5,10.5,10.92,0.3245,0.0057,0.0003
2025-08-06,Kanpur,break,4.3,8.0,11.3,11.3,11.3,10.85,0.3388,0.0063,0.0003
2025-08-06,Ranchi,break,8.0,2.0,3.6,3.6,3.6,5.78,0.1294,0.001,0.0001
2025-08-06,Jodhpur,break,0.0,0.0,0.0,0.0,0.0,0.26,0.0413,0.0002,0.0
2025-08-06,Bikaner,break,0.0,0.0,0.0,0.0,0.0,0.26,0.0413,0.0002,0.0
2025-08-06,Jaisalmer,break,0.0,0.0,0.0,0.0,0.0,0.26,0.0413,0.0002,0.0
2025-08-06,Hyderabad,break,7.0,3.0,5.1,5.1,5.1,4.23,0.1705,0.0016,0.0001
2025-08-06,Bengaluru,break,1.4,4.4,6.8,6.8,6.8,6.27,0.2237,0.0027,0.0002
2025-08-06,Pune,break,2.9,1.9,3.4,3.4,3.4,2.65,0.1252,0.001,0.0001
2025-08-06,Kurnool,break,1.6,2.5,4.4,4.4,4.4,5.14,0.1502,0.0013,0.0001
2025-08-06,Madurai,break,0.7,0.0,0.0,0.0,0.0,2.51,0.0413,0.0002,0.0
2025-08-07,Nagpur,normal,5.6,0.2,0.7,0.7,0.7,2.53,0.0409,0.0001,0.0
2025-08-07,Bhopal,normal,0.2,0.0,0.0,0.0,0.0,0.93,0.0336,0.0001,0.0
2025-08-07,Raipur,normal,0.1,0.8,1.8,2.0,2.0,1.84,0.0631,0.0002,0.0001
2025-08-07,Jabalpur,normal,0.0,1.1,2.3,2.5,2.5,2.49,0.0742,0.0003,0.0001
2025-08-07,Akola,normal,15.0,1.4,2.8,3.1,3.1,1.89,0.0852,0.0004,0.0001
2025-08-07,Amravati,normal,5.1,0.2,0.7,0.7,0.7,1.52,0.0409,0.0001,0.0
2025-08-07,Aurangabad,normal,8.5,7.2,10.3,11.4,11.4,5.86,0.2711,0.0031,0.0005
2025-08-07,Bhubaneswar,normal,19.3,3.6,5.8,6.5,6.5,3.79,0.1624,0.0012,0.0002
2025-08-07,Mumbai,coastal,3.2,1.1,2.3,3.0,3.0,3.35,0.087,0.0005,0.0001
2025-08-07,Thiruvananthapuram,coastal,0.5,0.0,0.0,0.0,0.0,2.78,0.0397,0.0002,0.0
2025-08-07,Kochi,coastal,2.7,2.8,4.8,6.2,6.2,6.74,0.1567,0.0014,0.0002
2025-08-07,Mangaluru,coastal,5.7,5.5,8.3,10.3,10.3,10.63,0.2538,0.0034,0.0004
2025-08-07,Panaji,coastal,3.8,6.0,8.8,10.8,10.8,11.19,0.27,0.0039,0.0004
2025-08-07,Chennai,coastal,8.7,0.3,0.9,1.6,1.6,3.22,0.0526,0.0002,0.0
2025-08-07,Visakhapatnam,coastal,3.3,5.1,7.8,9.84,9.84,7.42,0.2405,0.0031,0.0004
2025-08-07,Puri,coastal,11.0,6.2,9.0,10.9,10.9,8.69,0.2763,0.004,0.0004
2025-08-07,Kolkata,coastal,14.3,6.8,9.8,11.83,11.83,10.63,0.2947,0.0046,0.0005
2025-08-07,Surat,coastal,0.0,0.1,0.5,1.1,1.1,2.47,0.044,0.0002,0.0
2025-08-07,Mahabaleshwar,orographic,9.9,8.1,11.4,9.3,9.3,11.98,0.2857,0.0163,0.0046
2025-08-07,Munnar,orographic,8.7,12.3,16.3,14.3,14.3,13.97,0.3802,0.0303,0.0076
2025-08-07,Madikeri,orographic,3.2,6.2,9.0,7.0,7.0,11.97,0.235,0.0111,0.0034
2025-08-07,Ooty,orographic,4.2,16.1,20.8,21.12,21.12,14.84,0.4488,0.0454,0.0106
2025-08-07,Lonavala,orographic,4.1,5.8,8.6,6.6,6.6,8.18,0.2237,0.0101,0.0031
2025-08-07,Wayanad,orographic,0.7,6.9,9.9,7.9,7.9,12.05,0.2544,0.013,0.0038
2025-08-07,Shimla,orographic,0.4,3.8,5.95,4.11,4.11,5.26,0.1629,0.0057,0.002
2025-08-07,Dehradun,orographic,1.4,4.1,6.3,4.5,4.5,5.47,0.1724,0.0063,0.0021
2025-08-07,Srinagar,orographic,0.0,9.7,13.4,11.3,11.3,7.87,0.3244,0.0213,0.0057
2025-08-07,Gangtok,orographic,7.6,8.6,12.1,10.1,10.1,5.5,0.2982,0.0178,0.005
2025-08-07,Guwahati,orographic,10.1,8.0,11.3,9.2,9.2,5.02,0.2832,0.016,0.0045
2025-08-07,Cherrapunji,orographic,20.1,23.5,28.91,34.4,34.4,11.47,0.5497,0.0796,0.0169
2025-08-07,Imphal,orographic,10.6,14.5,19.1,18.4,18.4,7.31,0.4216,0.0388,0.0093
2025-08-07,Agartala,orographic,8.0,9.2,12.8,10.5,10.5,7.77,0.3127,0.0197,0.0054
2025-08-07,Lucknow,normal,12.2,1.8,3.3,3.7,3.7,3.4,0.0998,0.0005,0.0001
2025-08-07,Patna,normal,12.7,0.4,1.1,1.1,1.1,2.89,0.0483,0.0002,0.0
2025-08-07,Varanasi,normal,3.3,6.6,9.6,10.4,10.4,10.03,0.2545,0.0027,0.0004
2025-08-07,Delhi,normal,0.0,0.3,0.9,1.0,1.0,4.2,0.0446,0.0001,0.0
2025-08-07,Kanpur,normal,1.6,1.2,2.5,2.8,2.8,5.06,0.0779,0.0003,0.0001
2025-08-07,Ranchi,normal,12.2,5.8,8.6,9.5,9.5,7.43,0.2315,0.0023,0.0004
2025-08-07,Jodhpur,normal,0.0,0.0,0.0,0.0,0.0,0.22,0.0336,0.0001,0.0
2025-08-07,Bikaner,normal,0.0,0.0,0.0,0.0,0.0,0.22,0.0336,0.0001,0.0
2025-08-07,Jaisalmer,normal,0.0,0.0,0.0,0.0,0.0,0.22,0.0336,0.0001,0.0
2025-08-07,Hyderabad,normal,23.7,14.4,18.9,20.5,20.5,9.46,0.4306,0.0088,0.001
2025-08-07,Bengaluru,normal,2.1,18.1,23.3,25.21,25.21,10.2,0.4908,0.0125,0.0014
2025-08-07,Pune,normal,4.3,4.7,7.2,8.0,8.0,5.3,0.198,0.0017,0.0003
2025-08-07,Kurnool,normal,10.9,2.1,3.7,4.3,4.3,4.21,0.1106,0.0006,0.0001
2025-08-07,Madurai,normal,1.1,8.3,11.7,12.9,12.9,5.9,0.3,0.0038,0.0005
2025-08-08,Nagpur,normal,0.6,4.3,6.6,7.5,6.6,5.21,0.1853,0.0015,0.0003
2025-08-08,Bhopal,normal,3.1,2.1,3.7,4.3,3.7,2.88,0.1106,0.0006,0.0001
2025-08-08,Raipur,normal,1.8,2.5,4.4,5.0,4.4,4.35,0.1247,0.0007,0.0001
2025-08-08,Jabalpur,normal,3.0,4.5,6.9,7.8,6.9,5.79,0.1917,0.0016,0.0003
2025-08-08,Akola,normal,12.6,3.7,5.9,6.7,5.9,4.98,0.1657,0.0012,0.0002
2025-08-08,Amravati,normal,6.6,2.3,4.1,4.7,4.1,3.63,0.1177,0.0007,0.0001
2025-08-08,Aurangabad,normal,0.4,8.9,12.5,13.8,12.5,9.15,0.315,0.0042,0.0006
2025-08-08,Bhubaneswar,normal,10.5,11.0,14.88,16.2,14.88,7.86,0.3635,0.0058,0.0008
2025-08-08,Mumbai,coastal,2.9,0.3,0.9,1.6,1.6,3.54,0.0526,0.0002,0.0
2025-08-08,Thiruvananthapuram,coastal,5.1,0.0,0.0,0.0,0.0,1.6,0.0397,0.0002,0.0
2025-08-08,Kochi,coastal,3.6,4.4,6.8,8.8,8.8,7.73,0.2164,0.0025,0.0003
2025-08-08,Mangaluru,coastal,3.0,2.0,3.6,5.1,5.1,5.7,0.1247,0.0009,0.0001
2025-08-08,Panaji,coastal,10.8,2.3,4.2,5.6,5.6,6.29,0.1368,0.0011,0.0002
2025-08-08,Chennai,coastal,23.1,0.9,1.9,2.6,2.6,3.86,0.0785,0.0004,0.0001
2025-08-08,Visakhapatnam,coastal,11.5,21.4,27.0,31.42,31.42,15.99,0.5782,0.0262,0.002
2025-08-08,Puri,coastal,6.9,5.0,7.64,9.74,9.74,8.94,0.2372,0.003,0.0003
2025-08-08,Kolkata,coastal,3.4,19.6,24.9,28.8,28.8,15.85,0.5551,0.0229,0.0018
2025-08-08,Surat,coastal,0.0,0.0,0.0,0.0,0.0,1.54,0.0397,0.0002,0.0
2025-08-08,Mahabaleshwar,orographic,11.7,10.9,14.7,12.7,12.7,13.64,0.3511,0.0253,0.0066
2025-08-08,Munnar,orographic,5.0,17.8,23.06,23.92,23.92,17.1,0.4753,0.0527,0.012
2025-08-08,Madikeri,orographic,8.8,10.6,14.3,12.33,12.33,13.85,0.3446,0.0243,0.0064
2025-08-08,Ooty,orographic,1.1,38.7,48.6,60.41,60.41,26.17,0.6777,0.162,0.0316
2025-08-08,Lonavala,orographic,13.6,5.2,8.0,5.8,5.8,11.34,0.2061,0.0087,0.0028
2025-08-08,Wayanad,orographic,3.0,23.4,28.9,34.05,34.05,20.39,0.5485,0.0791,0.0168
2025-08-08,Shimla,orographic,17.6,1.9,3.4,2.1,2.1,2.71,0.0994,0.0025,0.001
2025-08-08,Dehradun,orographic,17.0,9.1,12.8,10.5,10.5,6.06,0.3103,0.0194,0.0053
2025-08-08,Srinagar,orographic,0.0,8.1,11.4,9.3,9.3,6.92,0.2857,0.0163,0.0046
2025-08-08,Gangtok,orographic,25.4,33.0,40.7,51.11,51.11,12.49,0.6384,0.1299,0.0259
2025-08-08,Guwahati,orographic,39.7,34.2,42.11,52.23,52.23,15.53,0.6474,0.1366,0.0271
2025-08-08,Cherrapunji,orographic,19.3,21.5,27.0,29.1,29.1,12.49,0.5258,0.0698,0.0152
2025-08-08,Imphal,orographic,12.8,18.2,23.4,24.8,24.8,10.7,0.4812,0.0545,0.0123
2025-08-08,Agartala,orographic,4.5,8.2,11.7,9.54,9.54,7.23,0.2882,0.0166,0.0047
2025-08-08,Lucknow,normal,22.1,15.6,20.27,21.52,20.27,10.14,0.4514,0.0099,0.0012
2025-08-08,Patna,normal,29.0,11.8,15.7,17.5,15.7,8.64,0.3804,0.0064,0.0008
2025-08-08,Varanasi,normal,27.2,6.9,9.9,10.9,9.9,9.63,0.2628,0.0029,0.0004
2025-08-08,Delhi,normal,0.0,0.0,0.0,0.0,0.0,1.47,0.0336,0.0001,0.0
2025-08-08,Kanpur,normal,7.4,1.5,2.9,3.2,2.9,4.14,0.0889,0.0004,0.0001
2025-08-08,Ranchi,normal,12.4,15.4,19.9,21.3,19.9,12.26,0.4481,0.0097,0.0011
2025-08-08,Jodhpur,normal,0.0,0.0,0.0,0.0,0.0,0.29,0.0336,0.0001,0.0
2025-08-08,Bikaner,normal,0.0,0.0,0.0,0.0,0.0,0.29,0.0336,0.0001,0.0
2025-08-08,Jaisalmer,normal,0.0,0.0,0.0,0.0,0.0,0.29,0.0336,0.0001,0.0
2025-08-08,Hyderabad,normal,3.9,16.2,20.9,22.4,20.9,11.15,0.4614,0.0105,0.0012
2025-08-08,Bengaluru,normal,6.3,25.9,31.81,34.0,31.81,12.45,0.5864,0.0219,0.0022
2025-08-08,Pune,normal,6.0,7.9,11.1,12.4,11.1,7.63,0.2897,0.0035,0.0005
2025-08-08,Kurnool,normal,0.0,95.8,99.1,74.51,99.1,20.44,0.8571,0.1589,0.0118
2025-08-08,Madurai,normal,5.3,16.8,21.7,23.3,21.7,11.86,0.471,0.0111,0.0013
2025-08-09,Nagpur,normal,0.4,1.8,3.3,3.7,3.3,4.5,0.0998,0.0005,0.0001
2025-08-09,Bhopal,normal,2.9,14.3,18.82,20.5,18.82,8.33,0.4288,0.0087,0.001
2025-08-09,Raipur,normal,0.3,0.0,0.0,0.0,0.0,2.2,0.0336,0.0001,0.0
2025-08-09,Jabalpur,normal,4.2,5.1,7.8,8.6,7.8,6.46,0.2104,0.0019,0.0003
2025-08-09,Akola,normal,3.9,3.4,5.5,6.1,5.5,5.63,0.1557,0.0011,0.0002
2025-08-09,Amravati,normal,7.7,10.8,14.7,16.0,14.7,6.48,0.3591,0.0056,0.0007
2025-08-09,Aurangabad,normal,2.9,16.3,21.0,22.6,21.0,11.1,0.463,0.0106,0.0012
2025-08-09,Bhubaneswar,normal,4.9,1.3,2.6,2.9,2.6,4.12,0.0816,0.0004,0.0001
2025-08-09,Mumbai,coastal,1.6,0.1,0.5,1.1,1.1,2.26,0.044,0.0002,0.0
2025-08-09,Thiruvananthapuram,coastal,5.5,0.2,0.7,1.4,1.4,2.33,0.0483,0.0002,0.0
2025-08-09,Kochi,coastal,10.7,5.7,8.6,10.5,10.5,9.15,0.2604,0.0036,0.0004
2025-08-09,Mangaluru,coastal,4.5,21.8,27.2,31.73,31.73,14.52,0.5831,0.027,0.002
2025-08-09,Panaji,coastal,8.8,29.3,35.7,60.71,60.71,16.31,0.6583,0.0427,0.003
2025-08-09,Chennai,coastal,8.0,21.4,27.0,31.42,31.42,14.58,0.5782,0.0262,0.002
2025-08-09,Visakhapatnam,coastal,6.8,0.0,0.0,0.0,0.0,2.67,0.0397,0.0002,0.0
2025-08-09,Puri,coastal,5.0,1.3,2.6,3.6,3.6,4.78,0.0955,0.0006,0.0001
2025-08-09,Kolkata,coastal,6.9,0.1,0.5,1.1,1.1,2.84,0.044,0.0002,0.0
2025-08-09,Surat,coastal,1.5,0.4,1.1,1.7,1.7,3.2,0.0569,0.0003,0.0001
2025-08-09,Mahabaleshwar,orographic,7.7,15.7,20.32,20.5,20.5,16.57,0.4422,0.0437,0.0103
2025-08-09,Munnar,orographic,3.1,22.2,27.5,30.3,30.3,20.63,0.5344,0.0732,0.0158
2025-08-09,Madikeri,orographic,12.1,17.4,22.6,23.4,23.4,17.12,0.4692,0.051,0.0117
2025-08-09,Ooty,orographic,9.6,35.7,44.1,57.4,57.4,36.86,0.658,0.145,0.0286
2025-08-09,Lonavala,orographic,7.4,8.1,11.4,9.3,9.3,13.91,0.2857,0.0163,0.0046
2025-08-09,Wayanad,orographic,11.9,14.3,18.82,18.1,18.1,18.33,0.418,0.038,0.0091
2025-08-09,Shimla,orographic,2.4,13.2,17.3,15.7,15.7,7.82,0.3977,0.0337,0.0083
2025-08-09,Dehradun,orographic,0.2,17.7,23.0,23.77,23.77,10.18,0.4738,0.0523,0.0119
2025-08-09,Srinagar,orographic,0.0,0.9,2.0,1.1,1.1,2.43,0.0641,0.0012,0.0006
2025-08-09,Gangtok,orographic,12.3,16.1,20.8,21.12,21.12,10.31,0.4488,0.0454,0.0106
2025-08-09,Guwahati,orographic,10.3,16.1,20.8,21.12,21.12,11.4,0.4488,0.0454,0.0106
2025-08-09,Cherrapunji,orographic,11.1,12.1,16.0,14.1,14.1,7.78,0.3762,0.0296,0.0075
2025-08-09,Imphal,orographic,0.0,1.0,2.1,1.23,1.23,3.37,0.0677,0.0013,0.0006
2025-08-09,Agartala,orographic,0.4,8.0,11.3,9.2,9.2,6.91,0.2832,0.016,0.0045
2025-08-09,Lucknow,normal,2.1,3.6,5.8,6.5,5.8,7.89,0.1624,0.0012,0.0002
2025-08-09,Patna,normal,3.2,12.0,15.9,17.9,15.9,10.81,0.3846,0.0066,0.0008
2025-08-09,Varanasi,normal,0.1,7.5,10.5,11.9,10.5,9.91,0.2791,0.0033,0.0005
2025-08-09,Delhi,normal,8.9,2.0,3.6,4.1,3.6,3.58,0.107,0.0006,0.0001
2025-08-09,Kanpur,normal,9.5,1.5,2.9,3.2,2.9,4.14,0.0889,0.0004,0.0001
2025-08-09,Ranchi,normal,12.1,7.3,10.3,11.6,10.3,9.77,0.2738,0.0031,0.0005
2025-08-09,Jodhpur,normal,0.0,0.0,0.0,0.0,0.0,0.29,0.0336,0.0001,0.0
2025-08-09,Bikaner,normal,0.0,0.0,0.0,0.0,0.0,0.29,0.0336,0.0001,0.0
2025-08-09,Jaisalmer,normal,0.0,0.0,0.0,0.0,0.0,0.29,0.0336,0.0001,0.0
2025-08-09,Hyderabad,normal,5.4,6.8,9.8,10.78,9.8,7.99,0.2601,0.0028,0.0004
2025-08-09,Bengaluru,normal,7.5,5.7,8.6,9.4,8.6,8.11,0.2285,0.0022,0.0003
2025-08-09,Pune,normal,0.9,8.4,11.9,13.3,11.9,8.53,0.3025,0.0039,0.0005
2025-08-09,Kurnool,normal,0.9,12.2,16.1,18.3,16.1,12.25,0.3887,0.0068,0.0009
2025-08-09,Madurai,normal,18.5,29.2,35.5,41.35,35.5,13.31,0.6176,0.0264,0.0026
2025-08-10,Nagpur,normal,0.9,1.2,2.4,2.7,2.4,3.24,0.0779,0.0003,0.0001
2025-08-10,Bhopal,normal,10.2,7.4,10.4,11.8,10.4,8.89,0.2765,0.0032,0.0005
2025-08-10,Raipur,normal,0.3,0.5,1.2,1.3,1.2,2.23,0.052,0.0002,0.0
2025-08-10,Jabalpur,normal,4.4,8.7,12.2,13.6,12.2,8.83,0.31,0.0041,0.0006
2025-08-10,Akola,normal,0.7,5.2,8.0,8.73,8.0,7.17,0.2135,0.0019,0.0003
2025-08-10,Amravati,normal,1.7,0.6,1.4,1.5,1.4,4.14,0.0557,0.0002,0.0001
2025-08-10,Aurangabad,normal,2.1,10.3,14.0,15.4,14.0,9.21,0.348,0.0052,0.0007
2025-08-10,Bhubaneswar,normal,5.7,1.3,2.6,2.9,2.6,3.24,0.0816,0.0004,0.0001
2025-08-10,Mumbai,coastal,3.2,1.5,2.9,4.1,4.1,3.91,0.1039,0.0007,0.0001
2025-08-10,Thiruvananthapuram,coastal,3.5,0.2,0.7,1.4,1.4,2.43,0.0483,0.0002,0.0
2025-08-10,Kochi,coastal,12.9,1.8,3.3,4.7,4.7,5.67,0.1164,0.0008,0.0001
2025-08-10,Mangaluru,coastal,9.6,13.0,17.1,19.17,19.17,12.91,0.4467,0.0122,0.0011
2025-08-10,Panaji,coastal,4.9,8.6,12.1,14.1,14.1,11.1,0.3455,0.0065,0.0006
2025-08-10,Chennai,coastal,9.6,4.8,7.4,9.5,9.5,8.64,0.2303,0.0028,0.0003
2025-08-10,Visakhapatnam,coastal,2.9,2.3,4.1,5.6,5.6,5.06,0.1368,0.0011,0.0002
2025-08-10,Puri,coastal,0.3,0.0,0.0,0.0,0.0,2.67,0.0397,0.0002,0.0
2025-08-10,Kolkata,coastal,0.3,0.3,0.9,1.6,1.6,2.78,0.0526,0.0002,0.0
2025-08-10,Surat,coastal,11.6,1.8,3.3,4.7,4.7,4.74,0.1164,0.0008,0.0001
2025-08-10,Mahabaleshwar,orographic,7.1,8.2,11.5,9.5,9.5,13.75,0.2882,0.0166,0.0047
2025-08-10,Munnar,orographic,4.2,8.1,11.4,9.3,9.3,14.13,0.2857,0.0163,0.0046
2025-08-10,Madikeri,orographic,3.5,9.8,13.5,11.4,11.4,14.17,0.3267,0.0216,0.0058
2025-08-10,Ooty,orographic,3.6,3.2,5.3,3.5,3.5,9.59,0.1434,0.0046,0.0017
2025-08-10,Lonavala,orographic,13.8,6.9,9.9,7.9,7.9,12.87,0.2544,0.013,0.0038
2025-08-10,Wayanad,orographic,2.9,1.7,3.2,1.9,1.9,6.42,0.0924,0.0022,0.0009
2025-08-10,Shimla,orographic,6.6,10.1,13.8,11.79,11.79,7.39,0.3335,0.0226,0.006
2025-08-10,Dehradun,orographic,7.8,19.3,24.66,26.37,26.37,11.39,0.4969,0.0595,0.0132
2025-08-10,Srinagar,orographic,0.0,0.0,0.0,0.0,0.0,0.84,0.0322,0.0004,0.0002
2025-08-10,Gangtok,orographic,22.5,7.8,10.9,8.9,8.9,6.75,0.2781,0.0155,0.0044
2025-08-10,Guwahati,orographic,1.7,10.5,14.3,12.3,12.3,7.56,0.3424,0.0239,0.0063
2025-08-10,Cherrapunji,orographic,6.7,8.9,12.5,10.3,10.3,7.28,0.3055,0.0188,0.0052
2025-08-10,Imphal,orographic,0.0,5.2,8.0,5.8,5.8,4.33,0.2061,0.0087,0.0028
2025-08-10,Agartala,orographic,0.5,19.0,24.4,26.0,26.0,11.56,0.4927,0.0581,0.013
2025-08-10,Lucknow,normal,3.3,1.0,2.1,2.4,2.1,4.55,0.0705,0.0003,0.0001
2025-08-10,Patna,normal,1.6,1.4,2.8,3.1,2.8,5.02,0.0852,0.0004,0.0001
2025-08-10,Varanasi,normal,3.3,1.2,2.4,2.7,2.4,4.92,0.0779,0.0003,0.0001
2025-08-10,Delhi,normal,1.7,0.4,1.0,1.02,1.0,3.53,0.0483,0.0002,0.0
2025-08-10,Kanpur,normal,2.8,0.0,0.0,0.0,0.0,2.06,0.0336,0.0001,0.0
2025-08-10,Ranchi,normal,2.8,7.3,10.3,11.6,10.3,9.68,0.2738,0.0031,0.0005
2025-08-10,Jodhpur,normal,0.0,0.0,0.0,0.0,0.0,0.28,0.0336,0.0001,0.0
2025-08-10,Bikaner,normal,0.1,0.0,0.0,0.0,0.0,0.28,0.0336,0.0001,0.0
2025-08-10,Jaisalmer,normal,0.0,0.0,0.0,0.0,0.0,0.28,0.0336,0.0001,0.0
2025-08-10,Hyderabad,normal,15.0,2.1,3.7,4.3,3.7,5.53,0.1106,0.0006,0.0001
2025-08-10,Bengaluru,normal,12.9,14.1,18.7,20.26,18.7,11.27,0.4252,0.0085,0.001
2025-08-10,Pune,normal,2.9,2.6,4.6,5.2,4.6,6.24,0.1283,0.0008,0.0002
2025-08-10,Kurnool,normal,7.9,5.8,8.6,9.5,8.6,8.41,0.2315,0.0023,0.0004
2025-08-10,Madurai,normal,6.9,4.3,6.6,7.5,6.6,7.35,0.1853,0.0015,0.0003
2025-08-11,Nagpur,normal,4.1,2.4,4.2,4.9,4.2,4.07,0.1212,0.0007,0.0001
2025-08-11,Bhopal,normal,0.9,11.9,15.8,17.7,15.8,9.68,0.3825,0.0065,0.0008
2025-08-11,Raipur,normal,0.9,0.9,2.0,2.2,2.0,2.92,0.0668,0.0003,0.0001
2025-08-11,Jabalpur,normal,17.6,13.6,17.9,19.7,17.9,11.16,0.4159,0.008,0.001
2025-08-11,Akola,normal,0.4,0.0,0.0,0.0,0.0,2.75,0.0336,0.0001,0.0
2025-08-11,Amravati,normal,1.8,1.4,2.8,3.1,2.8,2.99,0.0852,0.0004,0.0001
2025-08-11,Aurangabad,normal,2.4,4.9,7.5,8.28,7.5,7.85,0.2042,0.0018,0.0003
2025-08-11,Bhubaneswar,normal,5.8,5.4,8.2,9.0,8.2,6.27,0.2195,0.002,0.0003
2025-08-11,Mumbai,coastal,4.3,0.9,2.0,2.7,2.7,4.09,0.0785,0.0004,0.0001
2025-08-11,Thiruvananthapuram,coastal,4.2,0.1,0.5,1.1,1.1,2.1,0.044,0.0002,0.0
2025-08-11,Kochi,coastal,17.6,1.2,2.4,3.3,3.3,4.18,0.0913,0.0006,0.0001
2025-08-11,Mangaluru,coastal,2.4,3.3,5.4,7.1,7.1,7.31,0.176,0.0017,0.0002
2025-08-11,Panaji,coastal,4.0,3.0,5.1,6.6,6.6,6.68,0.1645,0.0015,0.0002
2025-08-11,Chennai,coastal,10.0,0.0,0.0,0.0,0.0,2.95,0.0397,0.0002,0.0
2025-08-11,Visakhapatnam,coastal,4.2,2.0,3.6,5.1,5.1,5.31,0.1247,0.0009,0.0001
2025-08-11,Puri,coastal,7.0,1.3,2.5,3.5,3.5,3.58,0.0955,0.0006,0.0001
2025-08-11,Kolkata,coastal,7.2,0.0,0.0,0.0,0.0,2.07,0.0397,0.0002,0.0
2025-08-11,Surat,coastal,1.9,0.6,1.5,2.2,2.2,4.02,0.0655,0.0003,0.0001
2025-08-11,Mahabaleshwar,orographic,12.3,2.3,4.2,2.7,2.7,7.23,0.1132,0.0031,0.0012
2025-08-11,Munnar,orographic,2.4,1.7,3.2,1.9,1.9,6.27,0.0924,0.0022,0.0009
2025-08-11,Madikeri,orographic,2.8,8.7,12.2,10.2,10.2,13.15,0.3006,0.0181,0.005
2025-08-11,Ooty,orographic,0.4,0.4,1.1,0.4,0.4,5.44,0.0463,0.0007,0.0004
2025-08-11,Lonavala,orographic,8.4,0.9,2.0,1.1,1.1,5.78,0.0641,0.0012,0.0006
2025-08-11,Wayanad,orographic,1.1,1.7,3.2,1.9,1.9,5.05,0.0924,0.0022,0.0009
2025-08-11,Shimla,orographic,23.1,7.4,10.4,8.4,8.4,6.41,0.2677,0.0143,0.0042
2025-08-11,Dehradun,orographic,35.2,14.3,18.82,18.1,18.1,9.91,0.418,0.038,0.0091
2025-08-11,Srinagar,orographic,0.0,0.0,0.0,0.0,0.0,0.21,0.0322,0.0004,0.0002
2025-08-11,Gangtok,orographic,25.7,10.6,14.3,12.33,12.33,7.24,0.3446,0.0243,0.0064
2025-08-11,Guwahati,orographic,9.7,14.2,18.8,18.02,18.02,10.23,0.4162,0.0376,0.0091
2025-08-11,Cherrapunji,orographic,15.6,4.6,7.0,5.1,5.1,5.76,0.188,0.0073,0.0024
2025-08-11,Imphal,orographic,0.2,0.9,2.02,1.2,1.2,3.38,0.0641,0.0012,0.0006
2025-08-11,Agartala,orographic,0.9,12.8,16.7,15.1,15.1,9.25,0.39,0.0322,0.008
2025-08-11,Lucknow,normal,11.9,4.4,6.8,7.6,6.8,6.45,0.1885,0.0015,0.0003
2025-08-11,Patna,normal,3.1,2.8,4.8,5.4,4.8,5.08,0.1352,0.0009,0.0002
2025-08-11,Varanasi,normal,6.7,0.0,0.0,0.0,0.0,2.08,0.0336,0.0001,0.0
2025-08-11,Delhi,normal,1.6,0.0,0.0,0.0,0.0,1.47,0.0336,0.0001,0.0
2025-08-11,Kanpur,normal,17.8,6.2,9.0,9.88,9.0,7.3,0.2431,0.0025,0.0004
2025-08-11,Ranchi,normal,2.4,6.8,9.8,10.78,9.8,9.63,0.2601,0.0028,0.0004
2025-08-11,Jodhpur,normal,0.0,0.0,0.0,0.0,0.0,0.29,0.0336,0.0001,0.0
2025-08-11,Bikaner,normal,0.0,0.0,0.0,0.0,0.0,0.29,0.0336,0.0001,0.0
2025-08-11,Jaisalmer,normal,0.0,0.0,0.0,0.0,0.0,0.29,0.0336,0.0001,0.0
2025-08-11,Hyderabad,normal,9.7,18.9,24.2,26.16,24.2,11.25,0.5023,0.0134,0.0015
2025-08-11,Bengaluru,normal,7.5,5.2,8.0,8.73,8.0,8.04,0.2135,0.0019,0.0003
2025-08-11,Pune,normal,1.1,1.1,2.3,2.5,2.3,4.31,0.0742,0.0003,0.0001
2025-08-11,Kurnool,normal,6.8,3.5,5.6,6.3,5.6,6.81,0.1591,0.0011,0.0002
2025-08-11,Madurai,normal,1.0,1.1,2.3,2.5,2.3,4.77,0.0742,0.0003,0.0001
2025-08-12,Nagpur,normal,3.1,24.8,30.2,33.0,30.2,10.24,0.5749,0.0204,0.0021
2025-08-12,Bhopal,normal,0.5,2.5,4.4,5.0,4.4,5.46,0.1247,0.0007,0.0001
2025-08-12,Raipur,normal,8.5,5.8,8.7,9.53,8.7,6.26,0.2315,0.0023,0.0004
2025-08-12,Jabalpur,normal,21.1,11.5,15.4,16.87,15.4,8.71,0.3742,0.0062,0.0008
2025-08-12,Akola,normal,0.3,0.0,0.0,0.0,0.0,0.99,0.0336,0.0001,0.0
2025-08-12,Amravati,normal,0.6,7.1,10.1,11.1,10.1,6.4,0.2683,0.003,0.0004
2025-08-12,Aurangabad,normal,1.4,0.2,0.7,0.7,0.7,3.2,0.0409,0.0001,0.0
2025-08-12,Bhubaneswar,normal,9.2,0.6,1.4,1.5,1.4,4.13,0.0557,0.0002,0.0001
2025-08-12,Mumbai,coastal,5.0,2.0,3.6,5.1,5.1,4.53,0.1247,0.0009,0.0001
2025-08-12,Thiruvananthapuram,coastal,18.5,0.1,0.5,1.1,1.1,1.94,0.044,0.0002,0.0
2025-08-12,Kochi,coastal,15.0,4.2,6.5,8.6,8.6,6.21,0.2092,0.0024,0.0003
2025-08-12,Mangaluru,coastal,6.4,7.4,10.4,12.5,12.5,9.5,0.3123,0.0052,0.0005
2025-08-12,Panaji,coastal,11.7,6.3,9.1,11.2,11.2,8.87,0.2794,0.0041,0.0005
2025-08-12,Chennai,coastal,31.6,1.2,2.5,3.5,0.2,3.39,0.0913,0.0006,0.0001
2025-08-12,Visakhapatnam,coastal,2.3,1.9,3.4,4.8,4.8,4.51,0.1205,0.0009,0.0001
2025-08-12,Puri,coastal,1.1,0.1,0.5,1.1,1.1,2.8,0.044,0.0002,0.0
2025-08-12,Kolkata,coastal,6.2,7.4,10.4,12.5,12.5,9.57,0.3123,0.0052,0.0005
2025-08-12,Surat,coastal,1.7,2.2,3.9,5.4,5.4,4.57,0.1328,0.0011,0.0002
2025-08-12,Mahabaleshwar,orographic,16.3,2.1,3.7,2.3,2.3,5.83,0.1063,0.0028,0.0011
2025-08-12,Munnar,orographic,6.9,2.4,4.2,2.8,2.8,5.85,0.1166,0.0032,0.0013
2025-08-12,Madikeri,orographic,10.4,6.0,8.8,6.8,6.8,12.17,0.2294,0.0106,0.0033
2025-08-12,Ooty,orographic,1.9,3.7,5.9,4.1,4.1,6.43,0.1597,0.0055,0.0019
2025-08-12,Lonavala,orographic,11.5,3.2,5.3,3.5,3.5,6.23,0.1434,0.0046,0.0017
2025-08-12,Wayanad,orographic,3.9,3.9,6.0,4.2,4.2,7.06,0.1661,0.0059,0.002
2025-08-12,Shimla,orographic,19.5,4.8,7.4,5.3,5.3,5.25,0.1941,0.0078,0.0025
2025-08-12,Dehradun,orographic,2.3,17.4,22.6,23.4,23.4,10.32,0.4692,0.051,0.0117
2025-08-12,Srinagar,orographic,0.6,0.1,0.5,0.1,0.1,0.39,0.0357,0.0005,0.0003
2025-08-12,Gangtok,orographic,17.7,10.2,13.9,12.0,12.0,6.95,0.3357,0.0229,0.0061
2025-08-12,Guwahati,orographic,64.9,21.7,27.2,29.35,29.35,11.05,0.5283,0.0708,0.0153
2025-08-12,Cherrapunji,orographic,9.4,8.9,12.5,10.3,10.3,5.81,0.3055,0.0188,0.0052
2025-08-12,Imphal,orographic,10.5,7.6,10.6,8.6,8.6,4.81,0.2729,0.0149,0.0043
2025-08-12,Agartala,orographic,0.6,9.3,12.9,10.59,10.59,7.24,0.315,0.02,0.0054
2025-08-12,Lucknow,normal,3.8,0.0,0.0,0.0,0.0,2.39,0.0336,0.0001,0.0
2025-08-12,Patna,normal,19.4,6.1,8.9,9.8,8.9,7.4,0.2402,0.0024,0.0004
2025-08-12,Varanasi,normal,2.4,15.0,19.5,20.9,19.5,10.48,0.4412,0.0093,0.0011
2025-08-12,Delhi,normal,3.9,2.6,4.6,5.2,4.6,4.51,0.1283,0.0008,0.0002
2025-08-12,Kanpur,normal,0.9,1.9,3.4,3.85,3.4,5.61,0.1034,0.0005,0.0001
2025-08-12,Ranchi,normal,2.4,0.2,0.7,0.7,0.7,3.59,0.0409,0.0001,0.0
2025-08-12,Jodhpur,normal,0.0,0.0,0.0,0.0,0.0,0.29,0.0336,0.0001,0.0
2025-08-12,Bikaner,normal,0.6,0.0,0.0,0.0,0.0,0.29,0.0336,0.0001,0.0
2025-08-12,Jaisalmer,normal,0.0,0.0,0.0,0.0,0.0,0.29,0.0336,0.0001,0.0
2025-08-12,Hyderabad,normal,4.4,8.3,11.8,13.07,11.8,8.15,0.3,0.0038,0.0005
2025-08-12,Bengaluru,normal,5.9,1.0,2.1,2.4,2.1,4.54,0.0705,0.0003,0.0001
2025-08-12,Pune,normal,2.8,0.3,0.9,1.0,0.9,3.01,0.0446,0.0001,0.0
2025-08-12,Kurnool,normal,5.2,10.8,14.7,16.0,14.7,7.48,0.3591,0.0056,0.0007
2025-08-12,Madurai,normal,0.6,0.3,0.9,1.0,0.9,3.01,0.0446,0.0001,0.0
2025-08-13,Nagpur,normal,20.0,18.7,23.81,25.96,25.96,13.26,0.4995,0.0131,0.0015
2025-08-13,Bhopal,normal,1.5,7.7,10.8,12.12,12.12,6.76,0.2844,0.0034,0.0005
2025-08-13,Raipur,normal,23.3,8.8,12.4,13.8,13.8,8.93,0.3125,0.0041,0.0006
2025-08-13,Jabalpur,normal,18.6,9.9,13.6,15.07,15.07,8.63,0.3388,0.0049,0.0007
2025-08-13,Akola,normal,12.0,16.4,21.1,22.76,22.76,9.49,0.4646,0.0107,0.0012
2025-08-13,Amravati,normal,23.3,6.5,9.5,10.3,10.3,8.56,0.2517,0.0027,0.0004
2025-08-13,Aurangabad,normal,1.9,1.6,3.0,3.4,3.4,3.03,0.0925,0.0005,0.0001
2025-08-13,Bhubaneswar,normal,11.0,2.1,3.7,4.3,4.3,3.73,0.1106,0.0006,0.0001
2025-08-13,Mumbai,coastal,15.4,3.7,5.9,8.0,8.0,6.28,0.191,0.002,0.0003
2025-08-13,Thiruvananthapuram,coastal,7.5,0.3,0.9,1.6,1.6,3.18,0.0526,0.0002,0.0
2025-08-13,Kochi,coastal,11.2,6.7,9.7,11.73,11.73,9.29,0.2917,0.0045,0.0005
2025-08-13,Mangaluru,coastal,28.6,13.9,18.4,20.35,20.35,13.51,0.4641,0.0135,0.0012
2025-08-13,Panaji,coastal,20.9,22.4,27.6,33.2,33.2,14.99,0.5902,0.0282,0.0021
2025-08-13,Chennai,coastal,2.0,4.0,6.2,8.3,8.3,6.28,0.202,0.0022,0.0003
2025-08-13,Visakhapatnam,coastal,9.4,1.3,2.6,3.6,3.6,4.28,0.0955,0.0006,0.0001
2025-08-13,Puri,coastal,0.7,2.2,3.9,5.4,5.4,4.48,0.1328,0.0011,0.0002
2025-08-13,Kolkata,coastal,15.4,4.1,6.3,8.5,8.5,7.55,0.2056,0.0023,0.0003
2025-08-13,Surat,coastal,3.0,0.7,1.6,2.3,2.3,4.13,0.0699,0.0004,0.0001
2025-08-13,Mahabaleshwar,orographic,12.1,5.8,8.6,6.6,6.6,9.9,0.2237,0.0101,0.0031
2025-08-13,Munnar,orographic,20.6,2.8,4.8,3.1,3.1,6.87,0.1301,0.0039,0.0015
2025-08-13,Madikeri,orographic,18.7,5.3,8.0,6.0,6.0,11.0,0.2091,0.0089,0.0028
2025-08-13,Ooty,orographic,0.5,1.3,2.6,1.6,1.6,6.0,0.0783,0.0017,0.0007
2025-08-13,Lonavala,orographic,10.5,3.8,5.95,4.11,4.11,8.33,0.1629,0.0057,0.002
2025-08-13,Wayanad,orographic,8.3,2.0,3.6,2.3,2.3,6.68,0.1028,0.0026,0.0011
2025-08-13,Shimla,orographic,2.8,0.2,0.7,0.2,0.2,1.46,0.0392,0.0006,0.0003
2025-08-13,Dehradun,orographic,1.3,3.7,5.9,4.1,4.1,4.59,0.1597,0.0055,0.0019
2025-08-13,Srinagar,orographic,8.4,3.5,5.6,3.8,3.8,2.45,0.1532,0.0051,0.0018
2025-08-13,Gangtok,orographic,76.2,49.3,61.7,73.21,73.21,17.11,0.7329,0.2229,0.0428
2025-08-13,Guwahati,orographic,37.3,31.3,37.5,45.82,45.82,13.39,0.625,0.1206,0.0242
2025-08-13,Cherrapunji,orographic,14.0,31.1,37.46,45.82,45.82,13.45,0.6233,0.1195,0.0241
2025-08-13,Imphal,orographic,14.9,36.8,46.3,59.61,59.61,15.56,0.6655,0.1512,0.0297
2025-08-13,Agartala,orographic,30.3,8.1,11.4,9.3,9.3,6.95,0.2857,0.0163,0.0046
2025-08-13,Lucknow,normal,12.7,9.6,13.3,14.7,14.7,8.21,0.3318,0.0047,0.0006
2025-08-13,Patna,normal,30.7,8.1,11.4,12.7,12.7,9.7,0.2949,0.0037,0.0005
2025-08-13,Varanasi,normal,39.9,28.5,35.0,39.72,39.72,15.26,0.6113,0.0254,0.0025
2025-08-13,Delhi,normal,0.0,0.1,0.5,0.5,0.5,2.61,0.0373,0.0001,0.0
2025-08-13,Kanpur,normal,17.1,4.7,7.2,8.0,8.0,6.43,0.198,0.0017,0.0003
2025-08-13,Ranchi,normal,4.6,6.6,9.6,10.4,10.4,7.65,0.2545,0.0027,0.0004
2025-08-13,Jodhpur,normal,0.0,0.0,0.0,0.0,0.0,0.28,0.0336,0.0001,0.0
2025-08-13,Bikaner,normal,0.0,0.0,0.0,0.0,0.0,0.28,0.0336,0.0001,0.0
2025-08-13,Jaisalmer,normal,0.0,0.0,0.0,0.0,0.0,0.28,0.0336,0.0001,0.0
2025-08-13,Hyderabad,normal,11.8,17.5,22.8,24.8,24.8,10.91,0.4818,0.0118,0.0013
2025-08-13,Bengaluru,normal,15.1,2.4,4.2,4.9,4.9,4.21,0.1212,0.0007,0.0001
2025-08-13,Pune,normal,2.4,0.8,1.8,2.0,2.0,3.27,0.0631,0.0002,0.0001
2025-08-13,Kurnool,normal,23.1,34.3,42.46,44.91,44.91,14.5,0.6581,0.034,0.0031
2025-08-13,Madurai,normal,0.2,0.0,0.0,0.0,0.0,1.78,0.0336,0.0001,0.0
2025-08-14,Nagpur,normal,8.9,5.2,8.0,8.73,8.73,10.25,0.2135,0.0019,0.0003
2025-08-14,Bhopal,normal,11.6,15.4,19.9,21.3,21.3,14.51,0.4481,0.0097,0.0011
2025-08-14,Raipur,normal,5.0,7.0,10.0,11.0,11.0,10.63,0.2656,0.003,0.0004
2025-08-14,Jabalpur,normal,10.2,21.8,27.2,29.6,29.6,16.67,0.5406,0.0167,0.0018
2025-08-14,Akola,normal,16.2,19.4,24.8,26.61,26.61,18.0,0.5093,0.0139,0.0015
2025-08-14,Amravati,normal,19.5,23.5,28.91,31.7,31.7,16.79,0.5606,0.0188,0.0019
2025-08-14,Aurangabad,normal,23.6,34.3,42.21,44.91,44.91,17.38,0.6581,0.034,0.0031
2025-08-14,Bhubaneswar,normal,4.6,9.0,12.6,14.0,14.0,8.56,0.3174,0.0043,0.0006
2025-08-14,Mumbai,coastal,38.9,15.2,19.6,21.8,21.8,13.99,0.4876,0.0155,0.0013
2025-08-14,Thiruvananthapuram,coastal,10.3,0.0,0.0,0.0,0.0,1.82,0.0397,0.0002,0.0
2025-08-14,Kochi,coastal,24.7,0.9,2.0,2.7,2.7,4.48,0.0785,0.0004,0.0001
2025-08-14,Mangaluru,coastal,36.3,13.1,17.2,19.22,19.22,15.24,0.4487,0.0123,0.0011
2025-08-14,Panaji,depression,43.1,66.2,76.72,69.01,142.05,33.5,0.8499,0.2179,0.0123
2025-08-14,Chennai,coastal,3.5,0.2,0.7,1.4,1.4,3.3,0.0483,0.0002,0.0
2025-08-14,Visakhapatnam,coastal,3.7,10.7,14.5,16.52,16.52,9.53,0.3974,0.009,0.0008
2025-08-14,Puri,coastal,6.6,9.7,13.4,15.2,15.2,9.53,0.3736,0.0078,0.0007
2025-08-14,Kolkata,coastal,17.5,6.0,8.8,10.8,10.8,8.93,0.27,0.0039,0.0004
2025-08-14,Surat,coastal,1.6,0.7,1.62,2.4,2.4,3.59,0.0699,0.0004,0.0001
2025-08-14,Mahabaleshwar,orographic,18.6,37.1,46.9,59.71,59.71,30.07,0.6675,0.1529,0.03
2025-08-14,Munnar,orographic,20.8,1.8,3.3,2.0,2.0,5.54,0.0959,0.0023,0.001
2025-08-14,Madikeri,orographic,15.5,3.3,5.45,3.6,3.6,8.05,0.1467,0.0047,0.0017
2025-08-14,Ooty,orographic,1.5,0.2,0.7,0.2,0.2,3.33,0.0392,0.0006,0.0003
2025-08-14,Lonavala,orographic,10.1,30.2,36.6,44.91,44.91,25.8,0.6158,0.1146,0.0232
2025-08-14,Wayanad,orographic,6.3,0.3,0.9,0.3,0.3,3.62,0.0428,0.0006,0.0004
2025-08-14,Shimla,orographic,43.0,52.2,64.65,74.41,74.41,16.46,0.7451,0.2395,0.0459
2025-08-14,Dehradun,orographic,14.0,16.9,21.8,23.02,23.02,10.06,0.4615,0.0488,0.0112
2025-08-14,Srinagar,orographic,19.2,16.3,21.0,21.4,21.4,9.83,0.452,0.0462,0.0107
2025-08-14,Gangtok,orographic,14.0,13.0,17.1,15.3,15.3,15.11,0.3939,0.0329,0.0081
2025-08-14,Guwahati,orographic,0.0,18.0,23.2,24.7,24.7,13.34,0.4783,0.0536,0.0122
2025-08-14,Cherrapunji,orographic,5.6,3.1,5.2,3.4,3.4,5.03,0.1401,0.0044,0.0016
2025-08-14,Imphal,orographic,5.3,6.1,8.9,6.9,6.9,8.66,0.2322,0.0109,0.0033
2025-08-14,Agartala,orographic,18.8,18.3,23.56,24.93,24.93,13.22,0.4827,0.0549,0.0124
2025-08-14,Lucknow,normal,11.0,5.2,8.0,8.73,8.73,9.4,0.2135,0.0019,0.0003
2025-08-14,Patna,normal,1.1,0.0,0.0,0.0,0.0,2.84,0.0336,0.0001,0.0
2025-08-14,Varanasi,normal,2.2,5.6,8.5,9.3,9.3,10.46,0.2255,0.0021,0.0003
2025-08-14,Delhi,normal,8.2,12.9,17.0,19.2,19.2,11.81,0.4026,0.0074,0.0009
2025-08-14,Kanpur,normal,2.3,12.4,16.4,18.5,18.5,12.26,0.3927,0.007,0.0009
2025-08-14,Ranchi,normal,3.4,1.7,3.2,3.5,3.5,5.54,0.0962,0.0005,0.0001
2025-08-14,Jodhpur,normal,0.0,0.0,0.0,0.0,0.0,0.22,0.0336,0.0001,0.0
2025-08-14,Bikaner,normal,0.1,0.0,0.0,0.0,0.0,0.22,0.0336,0.0001,0.0
2025-08-14,Jaisalmer,normal,0.3,0.0,0.0,0.0,0.0,0.22,0.0336,0.0001,0.0
2025-08-14,Hyderabad,normal,8.8,13.5,17.7,19.66,19.66,12.58,0.4141,0.0079,0.001
2025-08-14,Bengaluru,normal,5.1,0.0,0.0,0.0,0.0,2.31,0.0336,0.0001,0.0
2025-08-14,Pune,normal,4.8,20.7,26.4,28.01,28.01,12.72,0.5267,0.0154,0.0016
2025-08-14,Kurnool,normal,30.1,31.9,38.7,41.7,41.7,18.14,0.6401,0.0303,0.0029
2025-08-14,Madurai,normal,0.0,0.0,0.0,0.0,0.0,1.08,0.0336,0.0001,0.0
2025-08-15,Nagpur,normal,14.8,24.3,29.8,32.51,32.51,16.6,0.5695,0.0198,0.002
2025-08-15,Bhopal,normal,6.5,10.1,13.8,15.2,15.2,13.19,0.3434,0.0051,0.0007
2025-08-15,Raipur,normal,14.5,18.3,23.56,25.5,25.5,17.11,0.4937,0.0127,0.0014
2025-08-15,Jabalpur,normal,19.6,10.0,13.7,15.2,15.2,13.23,0.3411,0.005,0.0007
2025-08-15,Akola,normal,26.3,12.0,15.9,17.9,17.9,14.12,0.3846,0.0066,0.0008
2025-08-15,Amravati,normal,15.2,25.0,30.71,33.45,33.45,20.03,0.577,0.0207,0.0021
2025-08-15,Aurangabad,depression,20.0,26.4,32.6,7.58,34.81,20.83,0.6734,0.0588,0.0038
2025-08-15,Bhubaneswar,normal,4.7,6.9,9.9,10.9,10.9,10.76,0.2628,0.0029,0.0004
2025-08-15,Mumbai,coastal,35.8,17.9,23.1,26.31,26.31,16.47,0.531,0.0199,0.0016
2025-08-15,Thiruvananthapuram,coastal,18.7,0.0,0.0,0.0,0.0,1.7,0.0397,0.0002,0.0
2025-08-15,Kochi,coastal,56.2,3.6,5.8,7.6,0.2,5.94,0.1873,0.0019,0.0002
2025-08-15,Mangaluru,depression,33.0,30.0,36.51,11.07,64.56,20.02,0.7032,0.0713,0.0044
2025-08-15,Panaji,depression,40.5,28.8,35.3,10.16,50.51,30.1,0.6939,0.067,0.0042
2025-08-15,Chennai,coastal,2.2,1.0,2.1,2.86,2.86,3.42,0.0827,0.0005,0.0001
2025-08-15,Visakhapatnam,coastal,3.4,2.8,4.8,6.1,6.1,6.34,0.1567,0.0014,0.0002
2025-08-15,Puri,coastal,7.4,15.8,20.5,22.9,22.9,15.38,0.4979,0.0164,0.0014
2025-08-15,Kolkata,coastal,7.9,1.7,3.2,4.6,4.6,5.13,0.1123,0.0008,0.0001
2025-08-15,Surat,coastal,11.5,14.4,18.9,20.7,20.7,13.64,0.4734,0.0142,0.0012
2025-08-15,Mahabaleshwar,orographic,23.4,6.4,9.4,7.3,7.3,16.51,0.2406,0.0116,0.0035
2025-08-15,Munnar,orographic,57.3,1.6,3.0,1.8,1.8,5.02,0.0889,0.0021,0.0009
2025-08-15,Madikeri,orographic,37.7,6.4,9.4,7.3,7.3,11.58,0.2406,0.0116,0.0035
2025-08-15,Ooty,orographic,11.0,1.1,2.3,1.4,1.4,3.55,0.0712,0.0014,0.0007
2025-08-15,Lonavala,orographic,21.1,5.9,8.7,6.7,6.7,14.78,0.2265,0.0104,0.0032
2025-08-15,Wayanad,orographic,33.0,1.7,3.2,1.9,1.9,4.32,0.0924,0.0022,0.0009
2025-08-15,Shimla,orographic,3.4,9.4,13.0,10.7,10.7,11.87,0.3174,0.0203,0.0055
2025-08-15,Dehradun,orographic,2.4,1.2,2.4,1.4,1.4,2.62,0.0748,0.0016,0.0007
2025-08-15,Srinagar,orographic,34.0,6.7,9.7,7.6,7.6,7.19,0.2489,0.0124,0.0037
2025-08-15,Gangtok,orographic,0.5,1.8,3.3,2.0,2.0,2.92,0.0959,0.0023,0.001
2025-08-15,Guwahati,orographic,0.2,5.8,8.6,6.6,6.6,7.09,0.2237,0.0101,0.0031
2025-08-15,Cherrapunji,orographic,10.5,20.0,25.46,27.0,27.0,12.72,0.5064,0.0627,0.0139
2025-08-15,Imphal,orographic,2.1,8.1,11.4,9.3,9.3,8.1,0.2857,0.0163,0.0046
2025-08-15,Agartala,orographic,8.3,0.1,0.5,0.1,0.1,2.67,0.0357,0.0005,0.0003
2025-08-15,Lucknow,normal,0.0,0.2,0.7,0.7,0.7,3.95,0.0409,0.0001,0.0
2025-08-15,Patna,normal,0.8,0.1,0.5,0.5,0.5,1.88,0.0373,0.0001,0.0
2025-08-15,Varanasi,normal,0.2,0.0,0.0,0.0,0.0,2.92,0.0336,0.0001,0.0
2025-08-15,Delhi,normal,4.6,6.1,8.9,9.8,9.8,11.36,0.2402,0.0024,0.0004
2025-08-15,Kanpur,normal,0.2,0.0,0.0,0.0,0.0,3.19,0.0336,0.0001,0.0
2025-08-15,Ranchi,normal,1.7,1.3,2.6,2.9,2.9,4.38,0.0816,0.0004,0.0001
2025-08-15,Jodhpur,normal,2.7,0.0,0.0,0.0,0.0,0.28,0.0336,0.0001,0.0
2025-08-15,Bikaner,normal,0.7,0.0,0.0,0.0,0.0,0.28,0.0336,0.0001,0.0
2025-08-15,Jaisalmer,normal,1.3,0.5,1.2,1.3,1.3,1.14,0.052,0.0002,0.0
2025-08-15,Hyderabad,normal,4.8,1.8,3.3,3.7,3.7,5.39,0.0998,0.0005,0.0001
2025-08-15,Bengaluru,normal,8.2,0.4,1.1,1.1,1.1,2.57,0.0483,0.0002,0.0
2025-08-15,Pune,normal,6.6,5.6,8.4,9.23,9.23,8.08,0.2255,0.0021,0.0003
2025-08-15,Kurnool,normal,6.8,2.2,3.9,4.5,4.5,5.33,0.1141,0.0006,0.0001
2025-08-15,Madurai,normal,1.0,0.0,0.0,0.0,0.0,1.18,0.0336,0.0001,0.0
2025-08-16,Nagpur,active,43.7,19.3,24.66,24.66,26.6,21.59,0.5951,0.0228,0.0113
2025-08-16,Bhopal,active,7.7,12.4,16.4,16.4,18.5,14.94,0.4794,0.0116,0.0065
2025-08-16,Raipur,active,12.3,0.9,2.0,2.0,2.2,6.07,0.0925,0.0005,0.0005
2025-08-16,Jabalpur,active,15.9,9.2,12.8,12.8,14.3,12.46,0.4037,0.0074,0.0046
2025-08-16,Akola,depression,16.3,63.3,74.7,65.41,72.0,30.43,0.8435,0.2056,0.0116
2025-08-16,Amravati,depression,16.6,32.9,40.66,16.55,44.2,24.21,0.7238,0.0818,0.005
2025-08-16,Aurangabad,depression,17.6,26.4,32.6,7.58,34.81,21.01,0.6734,0.0588,0.0038
2025-08-16,Bhubaneswar,active,6.4,3.6,5.8,5.8,6.5,8.61,0.2164,0.002,0.0016
2025-08-16,Mumbai,depression,34.2,30.3,36.7,11.47,65.83,21.44,0.7055,0.0724,0.0045
2025-08-16,Thiruvananthapuram,coastal,8.5,0.1,0.5,1.1,1.1,2.21,0.044,0.0002,0.0
2025-08-16,Kochi,coastal,22.5,25.1,30.86,38.32,38.32,18.27,0.6196,0.0336,0.0024
2025-08-16,Mangaluru,depression,41.3,56.2,68.7,57.52,120.59,39.06,0.8253,0.1756,0.01
2025-08-16,Panaji,depression,30.6,39.2,49.2,30.01,100.11,27.33,0.7605,0.1058,0.0063
2025-08-16,Chennai,coastal,3.2,10.4,14.2,16.0,16.0,10.5,0.3905,0.0087,0.0008
2025-08-16,Visakhapatnam,coastal,27.7,4.3,6.7,8.74,8.74,7.14,0.2128,0.0024,0.0003
2025-08-16,Puri,coastal,10.2,14.5,19.1,20.91,20.91,16.8,0.4752,0.0144,0.0012
2025-08-16,Kolkata,coastal,3.4,0.0,0.0,0.0,0.0,2.57,0.0397,0.0002,0.0
2025-08-16,Surat,coastal,11.4,14.3,18.82,20.7,20.7,16.8,0.4715,0.0141,0.0012
2025-08-16,Mahabaleshwar,orographic,38.8,11.2,15.1,13.0,13.0,17.26,0.3575,0.0264,0.0068
2025-08-16,Munnar,orographic,34.1,2.4,4.2,2.8,2.8,5.66,0.1166,0.0032,0.0013
2025-08-16,Madikeri,orographic,37.6,28.5,35.0,43.2,43.2,28.66,0.6007,0.1055,0.0216
2025-08-16,Ooty,orographic,10.2,1.9,3.4,2.1,2.1,5.0,0.0994,0.0025,0.001
2025-08-16,Lonavala,orographic,18.7,12.9,17.0,15.2,15.2,20.65,0.392,0.0326,0.0081
2025-08-16,Wayanad,orographic,21.5,4.0,6.2,4.4,4.4,6.77,0.1693,0.0061,0.0021
2025-08-16,Shimla,orographic,9.5,11.9,15.8,13.9,13.9,9.12,0.3721,0.0289,0.0073
2025-08-16,Dehradun,orographic,4.4,18.0,23.2,24.7,24.7,9.87,0.4783,0.0536,0.0122
2025-08-16,Srinagar,orographic,0.8,1.9,3.4,2.1,2.1,2.71,0.0994,0.0025,0.001
2025-08-16,Gangtok,orographic,10.9,2.4,4.2,2.8,2.8,2.1,0.1166,0.0032,0.0013
2025-08-16,Guwahati,orographic,0.0,3.2,5.3,3.5,3.5,4.85,0.1434,0.0046,0.0017
2025-08-16,Cherrapunji,orographic,5.0,17.8,23.06,23.92,23.92,13.53,0.4753,0.0527,0.012
2025-08-16,Imphal,orographic,0.5,6.9,9.9,7.9,7.9,7.82,0.2544,0.013,0.0038
2025-08-16,Agartala,orographic,28.4,7.0,10.0,8.0,8.0,5.9,0.2571,0.0132,0.0039
2025-08-16,Lucknow,active,0.3,0.5,1.2,1.2,1.3,3.79,0.0725,0.0003,0.0004
2025-08-16,Patna,active,0.1,0.0,0.0,0.0,0.0,1.47,0.0472,0.0002,0.0002
2025-08-16,Varanasi,active,0.0,0.0,0.0,0.0,0.0,1.53,0.0472,0.0002,0.0002
2025-08-16,Delhi,active,4.1,4.4,6.8,6.8,7.6,9.38,0.2486,0.0026,0.002
2025-08-16,Kanpur,active,0.5,0.0,0.0,0.0,0.0,1.53,0.0472,0.0002,0.0002
2025-08-16,Ranchi,active,1.1,0.2,0.7,0.7,0.7,3.71,0.0573,0.0002,0.0003
2025-08-16,Jodhpur,active,3.9,2.2,3.9,3.9,4.5,1.83,0.155,0.0011,0.001
2025-08-16,Bikaner,active,0.1,0.0,0.0,0.0,0.0,0.35,0.0472,0.0002,0.0002
2025-08-16,Jaisalmer,active,3.0,1.3,2.6,2.6,2.9,1.58,0.1123,0.0006,0.0006
2025-08-16,Hyderabad,active,2.0,0.3,0.9,0.9,1.0,3.28,0.0624,0.0002,0.0003
2025-08-16,Bengaluru,active,5.9,0.7,1.62,1.62,1.8,3.48,0.0826,0.0004,0.0004
2025-08-16,Pune,active,6.2,4.1,6.3,6.3,7.29,7.09,0.2367,0.0023,0.0018
2025-08-16,Kurnool,active,8.1,2.1,3.7,3.7,4.3,4.12,0.1504,0.001,0.0009
2025-08-16,Madurai,active,0.0,0.0,0.0,0.0,0.0,1.29,0.0472,0.0002,0.0002
2025-08-17,Nagpur,normal,11.8,16.8,21.7,23.3,23.3,14.0,0.471,0.0111,0.0013
2025-08-17,Bhopal,normal,3.0,7.7,10.8,12.12,12.12,10.36,0.2844,0.0034,0.0005
2025-08-17,Raipur,normal,11.6,0.6,1.4,1.5,1.5,3.9,0.0557,0.0002,0.0001
2025-08-17,Jabalpur,normal,6.2,6.8,9.8,10.78,10.78,9.91,0.2601,0.0028,0.0004
2025-08-17,Akola,depression,1.6,35.4,43.8,20.97,44.91,32.1,0.7395,0.0912,0.0055
2025-08-17,Amravati,normal,3.2,12.5,16.5,18.7,18.7,13.52,0.3947,0.007,0.0009
2025-08-17,Aurangabad,normal,22.3,8.7,12.3,13.7,13.7,11.34,0.31,0.0041,0.0006
2025-08-17,Bhubaneswar,normal,24.2,9.8,13.5,15.0,15.0,9.42,0.3365,0.0049,0.0007
2025-08-17,Mumbai,depression,16.3,36.9,46.4,25.79,25.79,23.24,0.7482,0.0969,0.0058
2025-08-17,Thiruvananthapuram,coastal,8.6,1.2,2.4,3.3,3.3,3.64,0.0913,0.0006,0.0001
2025-08-17,Kochi,coastal,17.4,15.4,19.9,22.2,22.2,14.53,0.4911,0.0158,0.0013
2025-08-17,Mangaluru,depression,50.9,33.1,40.82,17.37,100.11,28.55,0.7251,0.0825,0.005
2025-08-17,Panaji,depression,48.3,41.3,51.8,34.85,100.11,32.49,0.7708,0.1141,0.0067
2025-08-17,Chennai,coastal,12.1,2.3,4.2,5.6,5.6,6.11,0.1368,0.0011,0.0002
2025-08-17,Visakhapatnam,coastal,77.4,25.7,31.7,39.32,7.1,15.98,0.6256,0.0348,0.0025
2025-08-17,Puri,coastal,22.6,18.0,23.2,26.4,26.4,14.82,0.5325,0.0201,0.0016
2025-08-17,Kolkata,coastal,10.5,1.5,2.9,4.1,4.1,4.15,0.1039,0.0007,0.0001
2025-08-17,Surat,coastal,15.2,16.3,21.0,23.2,23.2,14.66,0.5061,0.0172,0.0014
2025-08-17,Mahabaleshwar,orographic,58.7,39.2,49.2,60.62,60.62,27.39,0.6807,0.1649,0.0321
2025-08-17,Munnar,orographic,40.4,3.8,5.95,4.11,4.11,7.71,0.1629,0.0057,0.002
2025-08-17,Madikeri,orographic,41.4,18.4,23.6,25.03,25.03,23.19,0.4841,0.0554,0.0125
2025-08-17,Ooty,orographic,7.1,3.2,5.3,3.5,3.5,6.83,0.1434,0.0046,0.0017
2025-08-17,Lonavala,orographic,19.3,36.9,46.4,59.61,59.61,29.76,0.6661,0.1518,0.0298
2025-08-17,Wayanad,orographic,19.8,2.6,4.6,3.0,3.0,7.78,0.1234,0.0035,0.0014
2025-08-17,Shimla,orographic,9.6,21.0,26.6,28.3,28.3,10.63,0.5195,0.0674,0.0147
2025-08-17,Dehradun,orographic,3.3,15.5,20.1,20.4,20.4,9.71,0.4388,0.0429,0.0101
2025-08-17,Srinagar,orographic,1.0,1.5,2.9,1.7,1.7,1.64,0.0854,0.0019,0.0008
2025-08-17,Gangtok,orographic,16.8,8.1,11.4,9.3,9.3,5.15,0.2857,0.0163,0.0046
2025-08-17,Guwahati,orographic,1.7,7.9,11.0,9.0,9.0,6.0,0.2806,0.0158,0.0045
2025-08-17,Cherrapunji,orographic,3.9,17.7,23.0,23.77,23.77,11.35,0.4738,0.0523,0.0119
2025-08-17,Imphal,orographic,1.2,26.0,32.0,38.46,38.46,12.27,0.5766,0.0923,0.0192
2025-08-17,Agartala,orographic,18.2,13.2,17.3,15.7,15.7,10.48,0.3977,0.0337,0.0083
2025-08-17,Lucknow,normal,4.9,0.0,0.0,0.0,0.0,1.82,0.0336,0.0001,0.0
2025-08-17,Patna,normal,1.5,0.4,1.1,1.1,1.1,3.31,0.0483,0.0002,0.0
2025-08-17,Varanasi,normal,0.3,0.0,0.0,0.0,0.0,1.33,0.0336,0.0001,0.0
2025-08-17,Delhi,normal,3.6,3.6,5.8,6.5,6.5,7.21,0.1624,0.0012,0.0002
2025-08-17,Kanpur,normal,1.4,0.0,0.0,0.0,0.0,1.33,0.0336,0.0001,0.0
2025-08-17,Ranchi,normal,3.0,0.9,2.0,2.2,2.2,3.55,0.0668,0.0003,0.0001
2025-08-17,Jodhpur,normal,0.6,1.7,3.2,3.5,3.5,1.92,0.0962,0.0005,0.0001
2025-08-17,Bikaner,normal,0.0,0.0,0.0,0.0,0.0,0.27,0.0336,0.0001,0.0
2025-08-17,Jaisalmer,normal,12.7,0.3,0.9,1.0,1.0,1.29,0.0446,0.0001,0.0
2025-08-17,Hyderabad,normal,7.5,11.9,15.8,17.7,17.7,7.74,0.3825,0.0065,0.0008
2025-08-17,Bengaluru,normal,17.4,6.6,9.6,10.4,10.4,6.45,0.2545,0.0027,0.0004
2025-08-17,Pune,normal,6.6,2.1,3.7,4.3,4.3,5.04,0.1106,0.0006,0.0001
2025-08-17,Kurnool,normal,12.7,23.7,29.1,31.7,31.7,11.91,0.5629,0.019,0.002
2025-08-17,Madurai,normal,0.0,0.2,0.7,0.7,0.7,1.79,0.0409,0.0001,0.0
2025-08-18,Nagpur,active,23.8,19.8,25.2,25.2,25.2,20.13,0.6017,0.0238,0.0116
2025-08-18,Bhopal,active,14.6,18.1,23.3,23.3,23.3,17.11,0.5785,0.0207,0.0104
2025-08-18,Raipur,active,19.6,14.7,19.3,19.3,19.3,13.31,0.5239,0.015,0.008
2025-08-18,Jabalpur,active,22.9,8.5,12.0,12.0,12.0,12.65,0.3846,0.0066,0.0041
2025-08-18,Akola,depression,29.1,32.9,40.66,16.55,40.66,30.69,0.7238,0.0818,0.005
2025-08-18,Amravati,active,41.8,24.2,29.6,29.6,29.6,19.97,0.6522,0.0324,0.0149
2025-08-18,Aurangabad,active,25.3,18.5,23.6,23.6,23.6,18.79,0.5842,0.0214,0.0107
2025-08-18,Bhubaneswar,active,7.8,13.5,17.7,17.7,17.7,16.13,0.5016,0.0132,0.0072
2025-08-18,Mumbai,depression,127.0,49.1,61.2,50.73,50.73,46.44,0.8027,0.1459,0.0084
2025-08-18,Thiruvananthapuram,coastal,8.8,1.1,2.3,3.0,3.0,3.93,0.087,0.0005,0.0001
2025-08-18,Kochi,coastal,8.3,9.9,13.6,15.3,15.3,13.02,0.3785,0.008,0.0008
2025-08-18,Mangaluru,depression,35.3,36.0,44.55,22.38,100.11,27.06,0.7431,0.0934,0.0056
2025-08-18,Panaji,depression,62.4,71.5,81.8,71.94,153.42,52.12,0.8605,0.2402,0.0136
2025-08-18,Chennai,coastal,3.0,1.3,2.6,3.6,3.6,4.47,0.0955,0.0006,0.0001
2025-08-18,Visakhapatnam,coastal,39.5,9.8,13.5,15.2,15.2,13.42,0.3761,0.0079,0.0008
2025-08-18,Puri,coastal,12.5,12.2,16.1,18.0,18.0,14.35,0.4304,0.011,0.001
2025-08-18,Kolkata,coastal,10.5,4.8,7.4,9.5,9.5,6.87,0.2303,0.0028,0.0003
2025-08-18,Surat,coastal,3.9,6.9,9.9,12.03,12.03,11.63,0.2977,0.0047,0.0005
2025-08-18,Mahabaleshwar,orographic,134.0,108.4,105.7,115.99,115.99,71.83,0.8682,0.5114,0.1112
2025-08-18,Munnar,orographic,22.5,1.8,3.3,2.0,2.0,6.6,0.0959,0.0023,0.001
2025-08-18,Madikeri,orographic,30.8,5.0,7.64,5.6,5.6,11.35,0.2001,0.0082,0.0027
2025-08-18,Ooty,orographic,3.4,1.0,2.1,1.23,1.23,5.68,0.0677,0.0013,0.0006
2025-08-18,Lonavala,orographic,92.1,97.5,100.1,115.6,115.6,70.02,0.854,0.4677,0.0982
2025-08-18,Wayanad,orographic,11.8,3.7,5.9,4.1,4.1,7.4,0.1597,0.0055,0.0019
2025-08-18,Shimla,orographic,15.7,3.9,6.0,4.2,4.2,5.07,0.1661,0.0059,0.002
2025-08-18,Dehradun,orographic,1.5,1.2,2.4,1.4,1.4,2.69,0.0748,0.0016,0.0007
2025-08-18,Srinagar,orographic,6.5,20.0,25.46,27.0,27.0,11.44,0.5064,0.0627,0.0139
2025-08-18,Gangtok,orographic,11.4,10.6,14.3,12.33,12.33,8.27,0.3446,0.0243,0.0064
2025-08-18,Guwahati,orographic,0.4,25.7,31.7,38.31,38.31,14.58,0.5735,0.0908,0.0189
2025-08-18,Cherrapunji,orographic,0.7,17.0,22.1,23.27,23.27,13.59,0.4631,0.0492,0.0113
2025-08-18,Imphal,orographic,1.9,10.1,13.8,11.79,11.79,10.18,0.3335,0.0226,0.006
2025-08-18,Agartala,orographic,6.9,15.7,20.32,20.5,20.5,13.03,0.4422,0.0437,0.0103
2025-08-18,Lucknow,active,1.6,1.9,3.4,3.4,3.4,4.62,0.1411,0.0009,0.0009
2025-08-18,Patna,active,1.1,0.0,0.0,0.0,0.0,2.03,0.0472,0.0002,0.0002
2025-08-18,Varanasi,active,1.2,0.1,0.5,0.5,0.5,2.04,0.0522,0.0002,0.0002
2025-08-18,Delhi,active,9.0,0.0,0.0,0.0,0.0,3.01,0.0472,0.0002,0.0002
2025-08-18,Kanpur,active,0.3,0.3,0.9,0.9,0.9,3.13,0.0624,0.0002,0.0003
2025-08-18,Ranchi,active,7.6,6.7,9.7,9.7,9.7,10.15,0.3303,0.0046,0.0031
2025-08-18,Jodhpur,active,0.7,0.2,0.7,0.7,0.7,1.34,0.0573,0.0002,0.0003
2025-08-18,Bikaner,active,0.1,0.0,0.0,0.0,0.0,0.35,0.0472,0.0002,0.0002
2025-08-18,Jaisalmer,active,0.5,0.2,0.7,0.7,0.7,0.94,0.0573,0.0002,0.0003
2025-08-18,Hyderabad,active,15.6,22.0,27.4,27.4,27.4,16.11,0.6285,0.028,0.0133
2025-08-18,Bengaluru,active,6.9,1.3,2.6,2.6,2.6,5.04,0.1123,0.0006,0.0006
2025-08-18,Pune,active,25.2,23.9,29.2,29.2,29.2,14.29,0.6492,0.0318,0.0147
2025-08-18,Kurnool,active,19.3,16.9,22.0,22.0,22.0,15.13,0.5606,0.0186,0.0095
2025-08-18,Madurai,active,0.0,0.0,0.0,0.0,0.0,1.49,0.0472,0.0002,0.0002
2025-08-19,Nagpur,depression,25.3,28.4,34.9,9.81,39.0,21.21,0.6906,0.0657,0.0041
2025-08-19,Bhopal,active,18.6,3.8,5.95,5.95,6.9,9.32,0.2246,0.0021,0.0017
2025-08-19,Raipur,active,14.7,20.2,25.7,25.7,27.5,19.98,0.6069,0.0245,0.0119
2025-08-19,Jabalpur,active,9.4,16.4,21.1,21.1,22.76,16.79,0.5527,0.0178,0.0092
2025-08-19,Akola,depression,23.5,36.7,46.11,24.31,46.4,27.67,0.7471,0.0961,0.0058
2025-08-19,Amravati,depression,19.7,36.1,44.7,22.9,22.9,27.67,0.7436,0.0938,0.0056
2025-08-19,Aurangabad,active,7.2,19.9,25.3,25.3,27.31,19.9,0.603,0.0239,0.0117
2025-08-19,Bhubaneswar,active,6.6,9.3,12.9,12.9,14.37,14.24,0.4064,0.0075,0.0046
2025-08-19,Mumbai,depression,136.5,218.7,198.8,112.57,112.57,54.67,0.9556,0.6672,0.0565
2025-08-19,Thiruvananthapuram,coastal,0.2,0.1,0.5,1.1,1.1,2.83,0.044,0.0002,0.0
2025-08-19,Kochi,coastal,2.7,1.7,3.2,4.6,4.6,5.11,0.1123,0.0008,0.0001
2025-08-19,Mangaluru,coastal,9.1,16.8,21.7,24.4,24.4,21.57,0.5141,0.018,0.0015
2025-08-19,Panaji,depression,76.9,51.8,64.5,53.2,111.15,49.98,0.8119,0.1571,0.009
2025-08-19,Chennai,coastal,0.5,0.0,0.0,0.0,0.0,2.57,0.0397,0.0002,0.0
2025-08-19,Visakhapatnam,coastal,1.1,0.2,0.7,1.4,1.4,3.68,0.0483,0.0002,0.0
2025-08-19,Puri,coastal,4.9,3.8,5.95,8.04,8.04,7.64,0.1947,0.0021,0.0003
2025-08-19,Kolkata,coastal,10.0,8.9,12.5,14.72,14.72,11.16,0.3534,0.0069,0.0007
2025-08-19,Surat,coastal,2.1,15.3,19.7,22.0,22.0,16.65,0.4893,0.0156,0.0013
2025-08-19,Mahabaleshwar,orographic,211.0,267.5,205.0,293.25,293.25,75.32,0.9477,0.8237,0.2915
2025-08-19,Munnar,orographic,4.3,0.1,0.5,0.1,0.1,3.23,0.0357,0.0005,0.0003
2025-08-19,Madikeri,orographic,6.3,12.4,16.4,14.4,14.4,20.31,0.3822,0.0307,0.0077
2025-08-19,Ooty,orographic,0.1,0.2,0.7,0.2,0.2,3.2,0.0392,0.0006,0.0003
2025-08-19,Lonavala,orographic,138.0,212.5,198.8,232.95,232.95,75.32,0.9333,0.7613,0.2329
2025-08-19,Wayanad,orographic,2.3,2.2,3.9,2.4,2.4,6.6,0.1097,0.0029,0.0012
2025-08-19,Shimla,orographic,3.9,10.8,14.7,12.6,12.6,7.21,0.349,0.025,0.0065
2025-08-19,Dehradun,orographic,3.1,5.1,7.8,5.7,5.7,3.53,0.2031,0.0085,0.0027
2025-08-19,Srinagar,orographic,14.2,1.1,2.3,1.4,1.4,2.68,0.0712,0.0014,0.0007
2025-08-19,Gangtok,orographic,5.0,12.6,16.6,14.68,14.68,9.92,0.3861,0.0314,0.0078
2025-08-19,Guwahati,orographic,5.1,8.3,11.8,9.6,9.6,9.75,0.2908,0.0169,0.0047
2025-08-19,Cherrapunji,orographic,10.8,10.4,14.2,12.2,12.2,9.38,0.3402,0.0236,0.0062
2025-08-19,Imphal,orographic,4.6,4.9,7.5,5.5,5.5,5.9,0.1971,0.008,0.0026
2025-08-19,Agartala,orographic,8.5,0.2,0.7,0.2,0.2,3.17,0.0392,0.0006,0.0003
2025-08-19,Lucknow,active,0.7,2.1,3.7,3.7,4.3,5.0,0.1504,0.001,0.0009
2025-08-19,Patna,active,0.8,0.0,0.0,0.0,0.0,1.53,0.0472,0.0002,0.0002
2025-08-19,Varanasi,active,0.1,0.1,0.5,0.5,0.5,1.97,0.0522,0.0002,0.0002
2025-08-19,Delhi,active,5.4,3.7,5.9,5.9,6.7,6.67,0.2205,0.002,0.0016
2025-08-19,Kanpur,active,0.5,1.0,2.1,2.1,2.4,4.16,0.0975,0.0005,0.0005
2025-08-19,Ranchi,active,7.0,5.4,8.2,8.2,9.0,10.66,0.286,0.0034,0.0025
2025-08-19,Jodhpur,active,0.6,1.0,2.1,2.1,2.4,1.46,0.0975,0.0005,0.0005
2025-08-19,Bikaner,active,0.6,0.3,0.9,0.9,1.0,0.88,0.0624,0.0002,0.0003
2025-08-19,Jaisalmer,active,0.2,1.6,3.0,3.0,3.4,1.74,0.1268,0.0008,0.0007
2025-08-19,Hyderabad,active,7.4,0.5,1.2,1.2,1.3,4.83,0.0725,0.0003,0.0004
2025-08-19,Bengaluru,active,0.3,0.3,0.9,0.9,1.0,3.28,0.0624,0.0002,0.0003
2025-08-19,Pune,active,38.4,41.2,51.75,51.75,54.91,22.5,0.7702,0.0733,0.0292
2025-08-19,Kurnool,active,7.2,0.1,0.5,0.5,0.5,3.19,0.0522,0.0002,0.0002
2025-08-19,Madurai,active,0.0,0.0,0.0,0.0,0.0,1.29,0.0472,0.0002,0.0002
2025-08-20,Nagpur,depression,22.0,69.0,80.2,71.62,72.0,38.94,0.8557,0.2297,0.013
2025-08-20,Bhopal,active,13.0,23.3,28.8,28.8,31.51,17.74,0.6429,0.0306,0.0142
2025-08-20,Raipur,active,12.4,1.4,2.8,2.8,3.1,6.24,0.1171,0.0007,0.0007
2025-08-20,Jabalpur,depression,31.4,31.3,37.5,14.06,41.7,20.92,0.7128,0.0759,0.0047
2025-08-20,Akola,active,22.6,13.5,17.7,17.7,19.66,22.97,0.5016,0.0132,0.0072
2025-08-20,Amravati,active,25.7,15.4,19.9,19.9,21.3,22.97,0.5362,0.0161,0.0085
2025-08-20,Aurangabad,active,9.2,3.7,5.9,5.9,6.7,9.38,0.2205,0.002,0.0016
2025-08-20,Bhubaneswar,active,1.1,2.9,4.9,4.9,5.5,7.14,0.1865,0.0015,0.0013
2025-08-20,Mumbai,depression,61.5,127.8,116.03,89.17,89.17,54.67,0.9218,0.4516,0.0286
2025-08-20,Thiruvananthapuram,coastal,1.2,0.0,0.0,0.0,0.0,1.62,0.0397,0.0002,0.0
2025-08-20,Kochi,coastal,3.5,0.2,0.7,1.4,1.4,3.11,0.0483,0.0002,0.0
2025-08-20,Mangaluru,coastal,6.2,12.5,16.5,18.72,18.72,15.57,0.4366,0.0115,0.001
2025-08-20,Panaji,depression,47.8,33.3,41.41,17.67,100.11,35.44,0.7264,0.0833,0.0051
2025-08-20,Chennai,coastal,0.0,0.0,0.0,0.0,0.0,1.68,0.0397,0.0002,0.0
2025-08-20,Visakhapatnam,coastal,5.2,0.1,0.5,1.1,1.1,2.12,0.044,0.0002,0.0
2025-08-20,Puri,coastal,2.5,4.7,7.2,9.4,9.4,7.59,0.2269,0.0027,0.0003
2025-08-20,Kolkata,coastal,2.1,8.5,12.0,13.95,13.95,12.41,0.3428,0.0064,0.0006
2025-08-20,Surat,coastal,55.6,20.2,25.7,29.71,29.71,18.74,0.563,0.024,0.0018
2025-08-20,Mahabaleshwar,orographic,124.2,71.4,81.8,89.5,89.5,75.32,0.8053,0.3448,0.0675
2025-08-20,Munnar,orographic,1.7,0.3,0.9,0.3,0.3,2.6,0.0428,0.0006,0.0004
2025-08-20,Madikeri,orographic,9.5,7.7,10.8,8.8,8.8,17.25,0.2755,0.0152,0.0043
2025-08-20,Ooty,orographic,0.4,1.5,2.9,1.7,1.7,3.84,0.0854,0.0019,0.0008
2025-08-20,Lonavala,orographic,91.1,55.2,66.55,78.46,78.46,75.32,0.7567,0.2565,0.0492
2025-08-20,Wayanad,orographic,3.7,1.7,3.2,1.9,1.9,4.95,0.0924,0.0022,0.0009
2025-08-20,Shimla,orographic,20.6,16.6,21.37,22.2,22.2,11.35,0.4568,0.0475,0.011
2025-08-20,Dehradun,orographic,0.8,22.5,27.8,31.0,31.0,12.98,0.538,0.0747,0.016
2025-08-20,Srinagar,orographic,0.0,0.0,0.0,0.0,0.0,0.83,0.0322,0.0004,0.0002
2025-08-20,Gangtok,orographic,5.9,4.7,7.2,5.2,5.2,5.52,0.1911,0.0076,0.0025
2025-08-20,Guwahati,orographic,4.3,12.6,16.6,14.68,14.68,11.23,0.3861,0.0314,0.0078
2025-08-20,Cherrapunji,orographic,24.0,19.3,24.66,26.37,26.37,14.56,0.4969,0.0595,0.0132
2025-08-20,Imphal,orographic,3.2,10.1,13.8,11.79,11.79,7.72,0.3335,0.0226,0.006
2025-08-20,Agartala,orographic,4.4,2.4,4.2,2.8,2.8,2.74,0.1166,0.0032,0.0013
2025-08-20,Lucknow,active,5.2,0.1,0.5,0.5,0.5,3.03,0.0522,0.0002,0.0002
2025-08-20,Patna,active,1.3,0.1,0.5,0.5,0.5,2.04,0.0522,0.0002,0.0002
2025-08-20,Varanasi,active,4.1,10.1,13.8,13.8,15.2,11.27,0.4269,0.0085,0.0051
2025-08-20,Delhi,active,5.6,0.5,1.2,1.2,1.3,5.34,0.0725,0.0003,0.0004
2025-08-20,Kanpur,active,2.2,2.7,4.7,4.7,5.3,6.04,0.1777,0.0014,0.0012
2025-08-20,Ranchi,active,5.1,7.9,11.0,11.0,12.37,12.51,0.3674,0.0059,0.0038
2025-08-20,Jodhpur,active,0.1,0.0,0.0,0.0,0.0,1.08,0.0472,0.0002,0.0002
2025-08-20,Bikaner,active,1.0,0.1,0.5,0.5,0.5,0.68,0.0522,0.0002,0.0002
2025-08-20,Jaisalmer,active,0.8,1.3,2.5,2.5,2.8,1.89,0.1123,0.0006,0.0006
2025-08-20,Hyderabad,active,2.8,0.2,0.7,0.7,0.7,2.46,0.0573,0.0002,0.0003
2025-08-20,Bengaluru,active,1.3,0.0,0.0,0.0,0.0,1.94,0.0472,0.0002,0.0002
2025-08-20,Pune,active,25.5,11.3,15.2,15.2,16.6,12.62,0.4554,0.01,0.0058
2025-08-20,Kurnool,active,5.4,0.8,1.8,1.8,2.0,2.81,0.0876,0.0004,0.0005
2025-08-20,Madurai,active,0.0,0.0,0.0,0.0,0.0,1.29,0.0472,0.0002,0.0002
2025-08-21,Nagpur,normal,20.2,12.5,16.5,18.7,18.7,15.48,0.3947,0.007,0.0009
2025-08-21,Bhopal,normal,11.8,6.7,9.7,10.6,10.6,9.38,0.2573,0.0028,0.0004
2025-08-21,Raipur,normal,4.9,1.0,2.1,2.4,2.4,3.6,0.0705,0.0003,0.0001
2025-08-21,Jabalpur,normal,17.0,13.6,17.9,19.7,19.7,11.8,0.4159,0.008,0.001
2025-08-21,Akola,normal,12.1,13.2,17.3,19.4,19.4,10.92,0.4084,0.0077,0.0009
2025-08-21,Amravati,normal,17.4,6.5,9.5,10.3,10.3,8.6,0.2517,0.0027,0.0004
2025-08-21,Aurangabad,normal,2.6,0.5,1.2,1.3,1.3,4.59,0.052,0.0002,0.0
2025-08-21,Bhubaneswar,normal,6.1,24.0,29.31,32.3,32.3,11.23,0.5662,0.0194,0.002
2025-08-21,Mumbai,coastal,26.0,17.9,23.1,26.31,26.31,18.71,0.531,0.0199,0.0016
2025-08-21,Thiruvananthapuram,coastal,0.4,0.0,0.0,0.0,0.0,1.84,0.0397,0.0002,0.0
2025-08-21,Kochi,coastal,0.1,0.0,0.0,0.0,0.0,1.76,0.0397,0.0002,0.0
2025-08-21,Mangaluru,coastal,2.3,3.9,6.0,8.1,8.1,7.36,0.1984,0.0021,0.0003
2025-08-21,Panaji,depression,9.3,32.9,40.66,16.55,100.11,19.7,0.7238,0.0818,0.005
2025-08-21,Chennai,coastal,0.1,0.0,0.0,0.0,0.0,1.84,0.0397,0.0002,0.0
2025-08-21,Visakhapatnam,coastal,1.8,0.0,0.0,0.0,0.0,1.77,0.0397,0.0002,0.0
2025-08-21,Puri,coastal,12.9,10.5,14.3,16.24,0.2,9.85,0.3928,0.0088,0.0008
2025-08-21,Kolkata,coastal,35.7,10.5,14.3,16.24,16.24,10.52,0.3928,0.0088,0.0008
2025-08-21,Surat,coastal,21.4,17.1,22.2,24.82,24.82,13.47,0.5188,0.0185,0.0015
2025-08-21,Mahabaleshwar,orographic,39.8,10.1,13.8,11.79,11.79,18.58,0.3335,0.0226,0.006
2025-08-21,Munnar,orographic,4.1,10.8,14.7,12.6,12.6,10.19,0.349,0.025,0.0065
2025-08-21,Madikeri,orographic,5.0,4.0,6.2,4.4,4.4,8.86,0.1693,0.0061,0.0021
2025-08-21,Ooty,orographic,4.0,9.5,13.1,11.0,11.0,11.03,0.3197,0.0207,0.0056
2025-08-21,Lonavala,orographic,32.3,22.4,27.6,30.35,30.35,29.69,0.5368,0.0742,0.016
2025-08-21,Wayanad,orographic,1.8,4.3,6.6,4.8,4.8,8.13,0.1787,0.0067,0.0023
2025-08-21,Shimla,orographic,1.8,3.9,6.0,4.2,4.2,4.55,0.1661,0.0059,0.002
2025-08-21,Dehradun,orographic,0.9,9.7,13.4,11.3,11.3,6.66,0.3244,0.0213,0.0057
2025-08-21,Srinagar,orographic,0.0,0.0,0.0,0.0,0.0,0.24,0.0322,0.0004,0.0002
2025-08-21,Gangtok,orographic,3.6,10.1,13.8,11.79,11.79,5.94,0.3335,0.0226,0.006
2025-08-21,Guwahati,orographic,50.5,20.0,25.46,27.0,27.0,11.21,0.5064,0.0627,0.0139
2025-08-21,Cherrapunji,orographic,65.6,17.0,22.1,23.27,23.27,10.04,0.4631,0.0492,0.0113
2025-08-21,Imphal,orographic,18.9,13.1,17.2,15.63,15.63,9.67,0.3958,0.0333,0.0082
2025-08-21,Agartala,orographic,9.2,1.0,2.1,1.23,1.23,3.01,0.0677,0.0013,0.0006
2025-08-21,Lucknow,normal,5.3,0.9,2.0,2.2,2.2,3.15,0.0668,0.0003,0.0001
2025-08-21,Patna,normal,19.0,2.5,4.4,5.0,5.0,4.98,0.1247,0.0007,0.0001
2025-08-21,Varanasi,normal,1.5,5.5,8.3,9.0,9.0,8.67,0.2225,0.0021,0.0003
2025-08-21,Delhi,normal,13.8,1.3,2.6,2.9,2.9,3.79,0.0816,0.0004,0.0001
2025-08-21,Kanpur,normal,2.9,7.3,10.3,11.6,11.6,8.05,0.2738,0.0031,0.0005
2025-08-21,Ranchi,normal,12.4,14.8,19.37,20.8,20.8,11.86,0.4377,0.0091,0.0011
2025-08-21,Jodhpur,normal,12.7,7.6,10.6,12.0,12.0,5.7,0.2818,0.0033,0.0005
2025-08-21,Bikaner,normal,0.1,0.2,0.7,0.7,0.7,0.74,0.0409,0.0001,0.0
2025-08-21,Jaisalmer,normal,0.5,1.2,2.4,2.7,2.7,1.92,0.0779,0.0003,0.0001
2025-08-21,Hyderabad,normal,0.1,0.0,0.0,0.0,0.0,1.4,0.0336,0.0001,0.0
2025-08-21,Bengaluru,normal,0.2,0.5,1.2,1.3,1.3,2.64,0.052,0.0002,0.0
2025-08-21,Pune,normal,3.7,1.3,2.6,2.9,2.9,4.73,0.0816,0.0004,0.0001
2025-08-21,Kurnool,normal,0.2,0.7,1.6,1.7,1.7,3.7,0.0594,0.0002,0.0001
2025-08-21,Madurai,normal,0.2,0.6,1.4,1.5,1.5,2.69,0.0557,0.0002,0.0001
2025-08-22,Nagpur,normal,6.9,7.1,10.1,11.1,11.1,10.18,0.2683,0.003,0.0004
2025-08-22,Bhopal,normal,13.8,2.1,3.7,4.3,4.3,5.7,0.1106,0.0006,0.0001
2025-08-22,Raipur,depression,20.2,51.4,63.85,52.32,69.11,21.76,0.8106,0.1554,0.0089
2025-08-22,Jabalpur,normal,21.5,7.6,10.6,12.0,12.0,10.36,0.2818,0.0033,0.0005
2025-08-22,Akola,normal,0.8,2.7,4.7,5.3,5.3,6.79,0.1317,0.0008,0.0002
2025-08-22,Amravati,normal,1.1,1.6,3.0,3.4,3.4,5.44,0.0925,0.0005,0.0001
2025-08-22,Aurangabad,normal,1.8,0.1,0.5,0.5,0.5,2.48,0.0373,0.0001,0.0
2025-08-22,Bhubaneswar,normal,38.0,25.6,31.7,33.6,33.6,16.61,0.5833,0.0215,0.0022
2025-08-22,Mumbai,coastal,4.5,6.0,8.8,10.8,10.8,9.85,0.27,0.0039,0.0004
2025-08-22,Thiruvananthapuram,coastal,0.8,0.0,0.0,0.0,0.0,1.78,0.0397,0.0002,0.0
2025-08-22,Kochi,coastal,4.3,0.0,0.0,0.0,0.0,1.78,0.0397,0.0002,0.0
2025-08-22,Mangaluru,coastal,2.0,0.1,0.5,1.1,1.1,3.11,0.044,0.0002,0.0
2025-08-22,Panaji,coastal,4.8,13.6,17.9,19.7,19.7,14.53,0.4584,0.013,0.0011
2025-08-22,Chennai,coastal,6.4,3.3,5.4,7.1,7.1,6.12,0.176,0.0017,0.0002
2025-08-22,Visakhapatnam,coastal,5.9,0.0,0.0,0.0,0.0,1.78,0.0397,0.0002,0.0
2025-08-22,Puri,coastal,49.6,25.1,30.86,38.32,6.16,15.99,0.6196,0.0336,0.0024
2025-08-22,Kolkata,coastal,30.9,24.1,29.5,36.2,36.2,15.99,0.6091,0.0315,0.0023
2025-08-22,Surat,coastal,16.3,21.1,26.7,31.01,31.01,15.86,0.5745,0.0257,0.002
2025-08-22,Mahabaleshwar,orographic,21.3,6.3,9.1,7.1,7.1,12.1,0.2379,0.0114,0.0035
2025-08-22,Munnar,orographic,3.0,6.3,9.3,7.2,7.2,11.78,0.2379,0.0114,0.0035
2025-08-22,Madikeri,orographic,4.3,0.9,2.0,1.1,1.1,5.93,0.0641,0.0012,0.0006
2025-08-22,Ooty,orographic,4.0,11.2,15.1,13.0,13.0,14.9,0.3575,0.0264,0.0068
2025-08-22,Lonavala,orographic,17.0,15.4,19.9,20.22,20.22,20.61,0.4371,0.0424,0.01
2025-08-22,Wayanad,orographic,2.0,7.9,11.0,9.0,9.0,12.88,0.2806,0.0158,0.0045
2025-08-22,Shimla,orographic,0.5,1.4,2.8,1.63,1.63,2.17,0.0818,0.0018,0.0008
2025-08-22,Dehradun,orographic,2.7,14.4,18.9,18.12,18.12,9.41,0.4198,0.0384,0.0092
2025-08-22,Srinagar,orographic,0.0,0.1,0.5,0.1,0.1,0.36,0.0357,0.0005,0.0003
2025-08-22,Gangtok,orographic,19.0,9.0,12.6,10.4,10.4,6.62,0.3079,0.0191,0.0052
2025-08-22,Guwahati,orographic,0.6,31.7,38.36,47.38,47.38,14.91,0.6282,0.1228,0.0246
2025-08-22,Cherrapunji,orographic,57.4,14.3,18.82,18.1,18.1,10.79,0.418,0.038,0.0091
2025-08-22,Imphal,orographic,11.9,14.5,19.1,18.4,18.4,10.79,0.4216,0.0388,0.0093
2025-08-22,Agartala,orographic,4.0,7.6,10.6,8.6,8.6,5.21,0.2729,0.0149,0.0043
2025-08-22,Lucknow,normal,6.7,8.6,12.1,13.5,13.5,8.81,0.3075,0.004,0.0006
2025-08-22,Patna,normal,37.0,25.0,30.71,33.45,33.45,14.71,0.577,0.0207,0.0021
2025-08-22,Varanasi,normal,11.9,9.3,12.9,14.37,14.37,11.29,0.3247,0.0045,0.0006
2025-08-22,Delhi,normal,3.3,0.8,1.8,2.0,2.0,4.27,0.0631,0.0002,0.0001
2025-08-22,Kanpur,normal,3.8,2.4,4.3,5.0,5.0,6.6,0.1212,0.0007,0.0001
2025-08-22,Ranchi,normal,19.6,32.6,39.36,43.8,43.8,18.32,0.6455,0.0314,0.0029
2025-08-22,Jodhpur,normal,0.5,21.4,27.0,28.9,28.9,14.35,0.5356,0.0162,0.0017
2025-08-22,Bikaner,normal,10.2,3.9,6.0,7.0,7.0,3.28,0.1723,0.0013,0.0002
2025-08-22,Jaisalmer,normal,0.0,0.0,0.0,0.0,0.0,0.98,0.0336,0.0001,0.0
2025-08-22,Hyderabad,normal,0.1,0.0,0.0,0.0,0.0,1.15,0.0336,0.0001,0.0
2025-08-22,Bengaluru,normal,4.6,1.2,2.4,2.7,2.7,3.38,0.0779,0.0003,0.0001
2025-08-22,Pune,normal,2.7,0.1,0.5,0.5,0.5,2.57,0.0373,0.0001,0.0
2025-08-22,Kurnool,normal,2.4,0.1,0.5,0.5,0.5,2.56,0.0373,0.0001,0.0
2025-08-22,Madurai,normal,2.8,4.2,6.5,7.4,7.4,4.99,0.1821,0.0014,0.0002
2025-08-23,Nagpur,normal,9.2,11.0,14.88,16.2,16.2,10.88,0.3635,0.0058,0.0008
2025-08-23,Bhopal,normal,21.1,3.3,5.4,6.1,6.1,5.56,0.1523,0.0011,0.0002
2025-08-23,Raipur,depression,9.9,65.2,76.4,66.65,72.0,47.67,0.8478,0.2136,0.0121
2025-08-23,Jabalpur,normal,19.8,7.8,10.9,12.2,12.2,10.2,0.2871,0.0035,0.0005
2025-08-23,Akola,normal,11.2,7.1,10.2,11.13,11.13,7.9,0.2683,0.003,0.0004
2025-08-23,Amravati,normal,7.6,6.7,9.6,10.5,10.5,7.79,0.2573,0.0028,0.0004
2025-08-23,Aurangabad,normal,4.7,0.5,1.2,1.3,1.3,3.05,0.052,0.0002,0.0
2025-08-23,Bhubaneswar,normal,15.8,1.1,2.3,2.5,2.5,5.49,0.0742,0.0003,0.0001
2025-08-23,Mumbai,coastal,10.4,17.2,22.4,25.21,25.21,15.03,0.5204,0.0187,0.0015
2025-08-23,Thiruvananthapuram,coastal,1.0,0.0,0.0,0.0,0.0,1.78,0.0397,0.0002,0.0
2025-08-23,Kochi,coastal,2.6,3.7,5.9,8.0,8.0,6.32,0.191,0.002,0.0003
2025-08-23,Mangaluru,coastal,4.4,0.6,1.4,2.1,2.1,3.55,0.0655,0.0003,0.0001
2025-08-23,Panaji,coastal,4.3,15.2,19.6,21.8,21.8,14.21,0.4876,0.0155,0.0013
2025-08-23,Chennai,coastal,25.8,1.9,3.4,4.8,4.8,5.46,0.1205,0.0009,0.0001
2025-08-23,Visakhapatnam,coastal,0.0,0.1,0.5,1.1,1.1,2.33,0.044,0.0002,0.0
2025-08-23,Puri,coastal,7.0,3.7,5.9,8.0,8.0,7.75,0.191,0.002,0.0003
2025-08-23,Kolkata,coastal,12.0,7.6,10.6,12.9,12.9,10.92,0.318,0.0054,0.0006
2025-08-23,Surat,depression,27.4,31.3,37.5,14.06,65.83,18.02,0.7128,0.0759,0.0047
2025-08-23,Mahabaleshwar,orographic,15.5,8.6,12.1,10.1,10.1,14.56,0.2982,0.0178,0.005
2025-08-23,Munnar,orographic,1.7,6.0,8.8,6.8,6.8,12.53,0.2294,0.0106,0.0033
2025-08-23,Madikeri,orographic,3.8,1.5,2.9,1.7,1.7,4.68,0.0854,0.0019,0.0008
2025-08-23,Ooty,orographic,0.3,6.1,8.9,6.9,6.9,11.78,0.2322,0.0109,0.0033
2025-08-23,Lonavala,orographic,19.0,28.4,34.9,43.2,43.2,25.35,0.5998,0.1049,0.0215
2025-08-23,Wayanad,orographic,1.1,5.3,8.0,6.0,6.0,11.44,0.2091,0.0089,0.0028
2025-08-23,Shimla,orographic,11.8,18.6,23.7,25.4,25.4,9.67,0.487,0.0563,0.0127
2025-08-23,Dehradun,orographic,3.8,20.5,26.26,27.71,27.71,11.4,0.5131,0.0651,0.0143
2025-08-23,Srinagar,orographic,7.7,8.6,12.1,10.1,10.1,4.92,0.2982,0.0178,0.005
2025-08-23,Gangtok,orographic,23.0,9.1,12.8,10.5,10.5,6.62,0.3103,0.0194,0.0053
2025-08-23,Guwahati,orographic,0.7,13.2,17.3,15.7,15.7,11.52,0.3977,0.0337,0.0083
2025-08-23,Cherrapunji,orographic,46.1,16.7,21.47,22.4,22.4,11.27,0.4584,0.0479,0.0111
2025-08-23,Imphal,orographic,1.0,6.4,9.4,7.3,7.3,6.66,0.2406,0.0116,0.0035
2025-08-23,Agartala,orographic,9.5,6.8,9.8,7.8,7.8,6.81,0.2516,0.0127,0.0038
2025-08-23,Lucknow,normal,0.7,17.5,22.8,24.8,24.8,14.63,0.4818,0.0118,0.0013
2025-08-23,Patna,normal,16.0,7.8,10.9,12.2,12.2,11.1,0.2871,0.0035,0.0005
2025-08-23,Varanasi,normal,44.0,32.6,39.36,43.8,43.8,18.11,0.6455,0.0314,0.0029
2025-08-23,Delhi,normal,13.2,1.5,2.9,3.2,3.2,4.61,0.0889,0.0004,0.0001
2025-08-23,Kanpur,normal,1.1,12.1,16.0,18.06,18.06,10.18,0.3866,0.0067,0.0008
2025-08-23,Ranchi,normal,15.8,27.7,34.2,37.52,37.52,18.54,0.6039,0.0243,0.0024
2025-08-23,Jodhpur,normal,4.8,24.6,30.0,32.9,32.9,14.81,0.5728,0.0202,0.0021
2025-08-23,Bikaner,normal,12.9,7.5,10.5,11.9,11.9,6.63,0.2791,0.0033,0.0005
2025-08-23,Jaisalmer,normal,0.0,0.0,0.0,0.0,0.0,0.28,0.0336,0.0001,0.0
2025-08-23,Hyderabad,normal,0.1,0.0,0.0,0.0,0.0,1.15,0.0336,0.0001,0.0
2025-08-23,Bengaluru,normal,0.2,11.2,15.1,16.5,16.5,6.93,0.3678,0.006,0.0008
2025-08-23,Pune,normal,2.8,0.5,1.2,1.3,1.3,2.53,0.052,0.0002,0.0
2025-08-23,Kurnool,normal,0.2,0.0,0.0,0.0,0.0,1.15,0.0336,0.0001,0.0
2025-08-23,Madurai,normal,1.4,2.1,3.7,4.3,4.3,5.04,0.1106,0.0006,0.0001
2025-08-24,Nagpur,normal,3.5,21.9,27.36,29.71,27.36,14.73,0.5418,0.0168,0.0018
2025-08-24,Bhopal,normal,5.9,3.1,5.2,5.9,5.2,6.64,0.1455,0.001,0.0002
2025-08-24,Raipur,depression,4.0,44.4,56.61,42.73,56.61,39.12,0.7846,0.1266,0.0074
2025-08-24,Jabalpur,normal,9.1,3.7,5.9,6.7,5.9,7.96,0.1657,0.0012,0.0002
2025-08-24,Akola,normal,0.4,8.2,11.5,12.8,11.5,10.38,0.2974,0.0037,0.0005
2025-08-24,Amravati,normal,1.5,10.9,14.7,16.1,14.7,10.88,0.3613,0.0057,0.0007
2025-08-24,Aurangabad,normal,1.4,0.4,1.1,1.1,1.1,3.67,0.0483,0.0002,0.0
2025-08-24,Bhubaneswar,normal,0.9,4.5,6.9,7.8,6.9,6.67,0.1917,0.0016,0.0003
2025-08-24,Mumbai,coastal,6.7,18.4,23.6,26.92,26.92,15.86,0.5383,0.0208,0.0016
2025-08-24,Thiruvananthapuram,coastal,0.0,0.0,0.0,0.0,0.0,1.78,0.0397,0.0002,0.0
2025-08-24,Kochi,coastal,1.9,0.3,0.9,1.6,1.6,3.98,0.0526,0.0002,0.0
2025-08-24,Mangaluru,coastal,1.4,0.3,0.9,1.6,1.6,3.25,0.0526,0.0002,0.0
2025-08-24,Panaji,coastal,4.4,7.8,10.9,13.0,13.0,10.68,0.3237,0.0056,0.0006
2025-08-24,Chennai,coastal,0.2,0.1,0.5,1.1,1.1,2.95,0.044,0.0002,0.0
2025-08-24,Visakhapatnam,coastal,0.1,0.7,1.62,2.4,2.4,3.55,0.0699,0.0004,0.0001
2025-08-24,Puri,coastal,2.7,3.8,5.95,8.04,8.04,6.94,0.1947,0.0021,0.0003
2025-08-24,Kolkata,coastal,6.4,2.4,4.2,5.7,5.7,6.08,0.1409,0.0012,0.0002
2025-08-24,Surat,depression,11.2,31.5,37.56,14.13,72.23,18.65,0.7142,0.0767,0.0047
2025-08-24,Mahabaleshwar,orographic,23.3,6.5,9.5,7.4,7.4,12.34,0.2434,0.0119,0.0036
2025-08-24,Munnar,orographic,0.5,2.3,4.1,2.6,2.6,7.62,0.1132,0.0031,0.0012
2025-08-24,Madikeri,orographic,1.4,0.5,1.2,0.6,0.6,4.56,0.0499,0.0008,0.0004
2025-08-24,Ooty,orographic,1.1,1.8,3.3,2.0,2.0,6.91,0.0959,0.0023,0.001
2025-08-24,Lonavala,orographic,19.3,21.9,27.36,30.03,30.03,24.32,0.5308,0.0718,0.0155
2025-08-24,Wayanad,orographic,0.0,0.0,0.0,0.0,0.0,3.66,0.0322,0.0004,0.0002
2025-08-24,Shimla,orographic,2.0,17.7,23.0,23.77,23.77,10.22,0.4738,0.0523,0.0119
2025-08-24,Dehradun,orographic,1.7,11.0,14.88,12.8,12.8,7.1,0.3533,0.0257,0.0066
2025-08-24,Srinagar,orographic,31.5,10.5,14.3,12.3,12.3,6.93,0.3424,0.0239,0.0063
2025-08-24,Gangtok,orographic,20.8,61.5,73.71,81.93,81.93,20.59,0.778,0.2917,0.0562
2025-08-24,Guwahati,orographic,25.9,22.2,27.5,30.3,30.3,12.5,0.5344,0.0732,0.0158
2025-08-24,Cherrapunji,orographic,24.4,11.0,14.88,12.8,12.8,7.91,0.3533,0.0257,0.0066
2025-08-24,Imphal,orographic,5.2,13.9,18.4,17.4,17.4,10.48,0.4108,0.0364,0.0088
2025-08-24,Agartala,orographic,5.2,3.2,5.3,3.5,3.5,4.75,0.1434,0.0046,0.0017
2025-08-24,Lucknow,normal,4.9,2.4,4.2,4.9,4.2,6.78,0.1212,0.0007,0.0001
2025-08-24,Patna,normal,6.6,7.5,10.5,11.9,10.5,10.68,0.2791,0.0033,0.0005
2025-08-24,Varanasi,normal,14.6,27.9,34.5,38.46,34.5,18.54,0.6058,0.0246,0.0024
2025-08-24,Delhi,normal,11.8,6.1,8.9,9.8,8.9,8.16,0.2402,0.0024,0.0004
2025-08-24,Kanpur,normal,23.2,18.2,23.4,25.46,23.4,14.79,0.4923,0.0126,0.0014
2025-08-24,Ranchi,normal,17.5,4.2,6.5,7.4,6.5,8.39,0.1821,0.0014,0.0002
2025-08-24,Jodhpur,normal,18.4,8.9,12.5,13.8,12.5,8.89,0.315,0.0042,0.0006
2025-08-24,Bikaner,normal,25.0,2.7,4.7,5.3,4.7,3.96,0.1317,0.0008,0.0002
2025-08-24,Jaisalmer,normal,1.3,0.0,0.0,0.0,0.0,0.27,0.0336,0.0001,0.0
2025-08-24,Hyderabad,normal,0.1,0.0,0.0,0.0,0.0,1.15,0.0336,0.0001,0.0
2025-08-24,Bengaluru,normal,0.3,1.4,2.8,3.1,2.8,4.82,0.0852,0.0004,0.0001
2025-08-24,Pune,normal,3.5,0.6,1.5,1.6,1.5,3.29,0.0557,0.0002,0.0001
2025-08-24,Kurnool,normal,0.0,0.0,0.0,0.0,0.0,1.15,0.0336,0.0001,0.0
2025-08-24,Madurai,normal,0.2,1.2,2.4,2.7,2.4,3.71,0.0779,0.0003,0.0001
2025-08-25,Nagpur,normal,2.8,6.2,9.0,9.88,9.88,8.5,0.2431,0.0025,0.0004
2025-08-25,Bhopal,normal,9.1,3.8,5.95,6.9,6.9,5.81,0.169,0.0013,0.0002
2025-08-25,Raipur,depression,19.3,32.7,40.21,16.33,43.8,19.83,0.7225,0.0811,0.005
2025-08-25,Jabalpur,normal,1.6,4.8,7.4,8.1,8.1,6.45,0.2011,0.0017,0.0003
2025-08-25,Akola,normal,8.3,7.1,10.2,11.13,11.13,8.51,0.2683,0.003,0.0004
2025-08-25,Amravati,normal,5.4,2.1,3.7,4.3,4.3,4.62,0.1106,0.0006,0.0001
2025-08-25,Aurangabad,normal,7.8,0.8,1.8,2.0,2.0,2.77,0.0631,0.0002,0.0001
2025-08-25,Bhubaneswar,normal,22.4,7.3,10.3,11.6,11.6,7.25,0.2738,0.0031,0.0005
2025-08-25,Mumbai,coastal,23.2,21.6,27.1,31.66,31.66,14.0,0.5807,0.0266,0.002
2025-08-25,Thiruvananthapuram,coastal,0.1,0.0,0.0,0.0,0.0,1.43,0.0397,0.0002,0.0
2025-08-25,Kochi,coastal,0.4,0.1,0.5,1.1,1.1,2.13,0.044,0.0002,0.0
2025-08-25,Mangaluru,coastal,1.7,0.0,0.0,0.0,0.0,1.85,0.0397,0.0002,0.0
2025-08-25,Panaji,coastal,4.3,13.7,18.1,19.9,19.9,13.09,0.4603,0.0132,0.0011
2025-08-25,Chennai,coastal,0.0,0.0,0.0,0.0,0.0,1.37,0.0397,0.0002,0.0
2025-08-25,Visakhapatnam,coastal,10.7,2.0,3.6,5.1,5.1,4.34,0.1247,0.0009,0.0001
2025-08-25,Puri,coastal,18.3,7.9,11.1,13.2,13.2,9.36,0.3265,0.0058,0.0006
2025-08-25,Kolkata,coastal,4.1,4.1,6.3,8.5,8.5,6.29,0.2056,0.0023,0.0003
2025-08-25,Surat,depression,26.8,30.1,36.6,11.17,65.83,16.69,0.704,0.0716,0.0045
2025-08-25,Mahabaleshwar,orographic,31.3,7.9,11.1,9.1,9.1,12.75,0.2806,0.0158,0.0045
2025-08-25,Munnar,orographic,0.0,0.0,0.0,0.0,0.0,2.64,0.0322,0.0004,0.0002
2025-08-25,Madikeri,orographic,0.3,0.0,0.0,0.0,0.0,1.78,0.0322,0.0004,0.0002
2025-08-25,Ooty,orographic,0.0,0.0,0.0,0.0,0.0,2.64,0.0322,0.0004,0.0002
2025-08-25,Lonavala,orographic,33.4,14.5,19.1,18.4,18.4,17.16,0.4216,0.0388,0.0093
2025-08-25,Wayanad,orographic,0.0,0.0,0.0,0.0,0.0,1.12,0.0322,0.0004,0.0002
2025-08-25,Shimla,orographic,4.5,15.3,19.7,20.04,20.04,8.94,0.4354,0.042,0.0099
2025-08-25,Dehradun,orographic,2.3,14.0,18.6,17.67,17.67,8.39,0.4126,0.0368,0.0089
2025-08-25,Srinagar,orographic,0.8,3.3,5.4,3.6,3.6,3.59,0.1467,0.0047,0.0017
2025-08-25,Gangtok,orographic,1.2,5.1,7.8,5.7,5.7,6.09,0.2031,0.0085,0.0027
2025-08-25,Guwahati,orographic,6.2,7.8,10.9,8.9,8.9,6.72,0.2781,0.0155,0.0044
2025-08-25,Cherrapunji,orographic,0.9,14.1,18.7,17.85,17.85,9.59,0.4144,0.0372,0.009
2025-08-25,Imphal,orographic,0.9,5.9,8.7,6.7,6.7,6.15,0.2265,0.0104,0.0032
2025-08-25,Agartala,orographic,0.0,0.5,1.2,0.6,0.6,3.01,0.0499,0.0008,0.0004
2025-08-25,Lucknow,normal,8.2,5.8,8.6,9.5,9.5,6.99,0.2315,0.0023,0.0004
2025-08-25,Patna,normal,1.7,3.7,5.9,6.7,6.7,7.43,0.1657,0.0012,0.0002
2025-08-25,Varanasi,normal,9.2,1.1,2.3,2.5,2.5,4.64,0.0742,0.0003,0.0001
2025-08-25,Delhi,normal,19.7,8.4,11.9,13.3,13.3,9.48,0.3025,0.0039,0.0005
2025-08-25,Kanpur,normal,23.7,21.2,26.8,28.71,28.71,12.99,0.5331,0.016,0.0017
2025-08-25,Ranchi,normal,3.6,6.3,9.1,9.93,9.93,7.62,0.246,0.0025,0.0004
2025-08-25,Jodhpur,normal,3.9,14.1,18.7,20.26,20.26,11.08,0.4252,0.0085,0.001
2025-08-25,Bikaner,normal,3.9,9.5,13.1,14.7,14.7,5.94,0.3294,0.0046,0.0006
2025-08-25,Jaisalmer,normal,0.8,2.8,4.8,5.4,5.4,2.04,0.1352,0.0009,0.0002
2025-08-25,Hyderabad,normal,0.1,0.0,0.0,0.0,0.0,0.85,0.0336,0.0001,0.0
2025-08-25,Bengaluru,normal,0.0,0.0,0.0,0.0,0.0,2.11,0.0336,0.0001,0.0
2025-08-25,Pune,normal,2.4,1.0,2.1,2.4,2.4,2.91,0.0705,0.0003,0.0001
2025-08-25,Kurnool,normal,0.0,0.0,0.0,0.0,0.0,0.85,0.0336,0.0001,0.0
2025-08-25,Madurai,normal,0.3,5.1,7.9,8.68,8.68,5.08,0.2104,0.0019,0.0003
2025-08-26,Nagpur,normal,11.4,7.6,10.6,12.0,12.0,8.67,0.2818,0.0033,0.0005
2025-08-26,Bhopal,normal,3.5,9.6,13.3,14.7,14.7,7.47,0.3318,0.0047,0.0006
2025-08-26,Raipur,normal,9.6,20.1,25.6,27.41,27.41,12.96,0.5188,0.0147,0.0016
2025-08-26,Jabalpur,normal,13.4,2.3,4.1,4.7,4.7,4.98,0.1177,0.0007,0.0001
2025-08-26,Akola,normal,5.2,7.2,10.2,11.3,11.3,8.51,0.2711,0.0031,0.0005
2025-08-26,Amravati,normal,2.6,1.0,2.1,2.4,2.4,3.03,0.0705,0.0003,0.0001
2025-08-26,Aurangabad,normal,5.7,0.6,1.5,1.6,1.6,2.99,0.0557,0.0002,0.0001
2025-08-26,Bhubaneswar,normal,20.7,16.7,21.47,23.12,23.12,11.1,0.4694,0.011,0.0013
2025-08-26,Mumbai,coastal,14.9,10.8,14.7,16.7,16.7,10.0,0.3997,0.0092,0.0009
2025-08-26,Thiruvananthapuram,coastal,1.3,0.0,0.0,0.0,0.0,1.43,0.0397,0.0002,0.0
2025-08-26,Kochi,coastal,3.9,2.2,3.9,5.4,5.4,3.87,0.1328,0.0011,0.0002
2025-08-26,Mangaluru,coastal,26.9,2.3,4.1,5.6,5.6,4.68,0.1368,0.0011,0.0002
2025-08-26,Panaji,depression,35.8,35.1,43.7,19.47,100.11,18.65,0.7377,0.09,0.0054
2025-08-26,Chennai,coastal,0.0,0.0,0.0,0.0,0.0,1.43,0.0397,0.0002,0.0
2025-08-26,Visakhapatnam,coastal,34.2,12.5,16.5,18.72,18.72,10.65,0.4366,0.0115,0.001
2025-08-26,Puri,coastal,20.0,9.6,13.3,15.17,15.17,10.28,0.3711,0.0077,0.0007
2025-08-26,Kolkata,coastal,2.2,2.0,3.6,5.1,5.1,5.3,0.1247,0.0009,0.0001
2025-08-26,Surat,coastal,10.5,19.9,25.3,29.01,29.01,14.49,0.5591,0.0234,0.0018
2025-08-26,Mahabaleshwar,orographic,34.3,6.3,9.1,7.1,7.1,11.36,0.2379,0.0114,0.0035
2025-08-26,Munnar,orographic,4.1,1.3,2.6,1.6,1.6,2.85,0.0783,0.0017,0.0007
2025-08-26,Madikeri,orographic,10.3,3.3,5.4,3.6,3.6,5.0,0.1467,0.0047,0.0017
2025-08-26,Ooty,orographic,1.8,1.8,3.26,2.0,2.0,3.58,0.0959,0.0023,0.001
2025-08-26,Lonavala,orographic,22.3,11.6,15.4,13.58,13.58,14.34,0.3659,0.0278,0.0071
2025-08-26,Wayanad,orographic,4.0,1.4,2.8,1.63,1.63,2.85,0.0818,0.0018,0.0008
2025-08-26,Shimla,orographic,25.0,8.9,12.5,10.3,10.3,6.4,0.3055,0.0188,0.0052
2025-08-26,Dehradun,orographic,29.0,11.1,15.0,12.8,12.8,6.58,0.3554,0.026,0.0067
2025-08-26,Srinagar,orographic,2.2,5.2,8.0,5.8,5.8,4.34,0.2061,0.0087,0.0028
2025-08-26,Gangtok,orographic,0.7,1.2,2.5,1.5,1.5,2.15,0.0748,0.0016,0.0007
2025-08-26,Guwahati,orographic,0.2,4.8,7.4,5.3,5.3,5.4,0.1941,0.0078,0.0025
2025-08-26,Cherrapunji,orographic,1.9,44.5,56.81,68.7,68.7,18.33,0.7103,0.1953,0.0377
2025-08-26,Imphal,orographic,1.4,2.8,4.8,3.1,3.1,4.1,0.1301,0.0039,0.0015
2025-08-26,Agartala,orographic,0.5,3.7,5.9,4.1,4.1,3.14,0.1597,0.0055,0.0019
2025-08-26,Lucknow,normal,2.9,9.5,13.1,14.7,14.7,9.54,0.3294,0.0046,0.0006
2025-08-26,Patna,normal,0.8,0.6,1.4,1.5,1.5,4.23,0.0557,0.0002,0.0001
2025-08-26,Varanasi,normal,1.5,2.5,4.4,5.0,5.0,4.81,0.1247,0.0007,0.0001
2025-08-26,Delhi,normal,6.7,0.6,1.5,1.6,1.6,4.49,0.0557,0.0002,0.0001
2025-08-26,Kanpur,normal,1.2,6.0,8.8,9.73,9.73,8.87,0.2373,0.0024,0.0004
2025-08-26,Ranchi,normal,0.9,1.1,2.3,2.5,2.5,4.66,0.0742,0.0003,0.0001
2025-08-26,Jodhpur,normal,1.2,1.2,2.4,2.7,2.7,2.89,0.0779,0.0003,0.0001
2025-08-26,Bikaner,normal,0.5,0.0,0.0,0.0,0.0,1.35,0.0336,0.0001,0.0
2025-08-26,Jaisalmer,normal,0.6,3.5,5.6,6.3,6.3,3.22,0.1591,0.0011,0.0002
2025-08-26,Hyderabad,normal,19.8,8.3,11.8,13.07,13.07,5.67,0.3,0.0038,0.0005
2025-08-26,Bengaluru,normal,1.6,0.4,1.1,1.1,1.1,2.03,0.0483,0.0002,0.0
2025-08-26,Pune,normal,3.2,0.8,1.8,2.0,2.0,3.19,0.0631,0.0002,0.0001
2025-08-26,Kurnool,normal,11.0,2.0,3.6,4.1,4.1,2.74,0.107,0.0006,0.0001
2025-08-26,Madurai,normal,0.2,0.8,1.8,2.0,2.0,4.15,0.0631,0.0002,0.0001
2025-08-27,Nagpur,normal,18.7,23.6,29.0,31.7,31.7,15.04,0.5617,0.0189,0.0019
2025-08-27,Bhopal,normal,8.2,6.9,9.9,10.9,10.9,9.72,0.2628,0.0029,0.0004
2025-08-27,Raipur,normal,4.8,6.5,9.5,10.3,10.3,10.07,0.2517,0.0027,0.0004
2025-08-27,Jabalpur,normal,19.2,13.8,18.3,20.0,20.0,10.5,0.4197,0.0082,0.001
2025-08-27,Akola,normal,6.9,3.6,5.8,6.5,6.5,8.29,0.1624,0.0012,0.0002
2025-08-27,Amravati,normal,7.9,11.4,15.3,16.7,16.7,8.17,0.3721,0.0061,0.0008
2025-08-27,Aurangabad,normal,16.2,10.0,13.7,15.2,15.2,8.17,0.3411,0.005,0.0007
2025-08-27,Bhubaneswar,normal,24.7,13.0,17.1,19.21,19.21,12.27,0.4045,0.0075,0.0009
2025-08-27,Mumbai,coastal,7.6,6.5,9.5,11.58,11.58,10.63,0.2856,0.0043,0.0005
2025-08-27,Thiruvananthapuram,coastal,20.2,0.5,1.2,1.92,1.92,3.94,0.0612,0.0003,0.0001
2025-08-27,Kochi,coastal,32.0,5.5,8.3,10.3,10.3,8.57,0.2538,0.0034,0.0004
2025-08-27,Mangaluru,depression,77.9,40.3,50.91,33.19,100.11,19.81,0.766,0.1102,0.0065
2025-08-27,Panaji,depression,55.1,31.8,38.6,14.96,80.21,23.48,0.7163,0.0778,0.0048
2025-08-27,Chennai,coastal,23.0,1.8,3.3,4.7,4.7,4.8,0.1164,0.0008,0.0001
2025-08-27,Visakhapatnam,coastal,10.4,4.1,6.3,8.5,8.5,8.2,0.2056,0.0023,0.0003
2025-08-27,Puri,coastal,24.1,11.1,15.0,17.22,17.22,11.36,0.4066,0.0096,0.0009
2025-08-27,Kolkata,coastal,5.7,1.1,2.3,3.0,3.0,4.42,0.087,0.0005,0.0001
2025-08-27,Surat,coastal,2.6,14.0,18.6,20.6,20.6,14.28,0.466,0.0136,0.0012
2025-08-27,Mahabaleshwar,orographic,19.3,7.3,10.3,8.3,8.3,14.45,0.2651,0.0141,0.0041
2025-08-27,Munnar,orographic,30.5,6.7,9.7,7.6,7.6,11.74,0.2489,0.0124,0.0037
2025-08-27,Madikeri,orographic,53.0,18.0,23.2,24.7,24.7,19.74,0.4783,0.0536,0.0122
2025-08-27,Ooty,orographic,2.2,9.2,12.8,10.5,10.5,11.7,0.3127,0.0197,0.0054
2025-08-27,Lonavala,orographic,15.0,10.3,14.0,12.1,12.1,14.61,0.338,0.0233,0.0061
2025-08-27,Wayanad,orographic,17.5,10.9,14.7,12.7,12.7,12.25,0.3511,0.0253,0.0066
2025-08-27,Shimla,orographic,4.5,8.1,11.4,9.3,9.3,6.85,0.2857,0.0163,0.0046
2025-08-27,Dehradun,orographic,0.4,6.0,8.8,6.8,6.8,5.93,0.2294,0.0106,0.0033
2025-08-27,Srinagar,orographic,5.7,0.0,0.0,0.0,0.0,1.23,0.0322,0.0004,0.0002
2025-08-27,Gangtok,orographic,8.8,6.3,9.1,7.1,7.1,4.58,0.2379,0.0114,0.0035
2025-08-27,Guwahati,orographic,16.0,11.4,15.3,13.4,13.4,6.73,0.3618,0.0271,0.0069
2025-08-27,Cherrapunji,orographic,12.6,14.4,18.9,18.12,18.12,15.64,0.4198,0.0384,0.0092
2025-08-27,Imphal,orographic,0.5,9.0,12.6,10.4,10.4,5.73,0.3079,0.0191,0.0052
2025-08-27,Agartala,orographic,0.8,0.0,0.0,0.0,0.0,2.46,0.0322,0.0004,0.0002
2025-08-27,Lucknow,normal,0.9,3.2,5.3,6.0,6.0,8.21,0.1489,0.001,0.0002
2025-08-27,Patna,normal,1.3,0.2,0.7,0.7,0.7,3.0,0.0409,0.0001,0.0
2025-08-27,Varanasi,normal,0.6,0.1,0.5,0.5,0.5,3.1,0.0373,0.0001,0.0
2025-08-27,Delhi,normal,1.4,5.9,8.7,9.6,9.6,8.57,0.2344,0.0023,0.0004
2025-08-27,Kanpur,normal,5.4,0.7,1.62,1.8,1.8,5.65,0.0594,0.0002,0.0001
2025-08-27,Ranchi,normal,0.9,0.5,1.2,1.3,1.3,4.47,0.052,0.0002,0.0
2025-08-27,Jodhpur,normal,2.2,2.1,3.7,4.3,4.3,2.26,0.1106,0.0006,0.0001
2025-08-27,Bikaner,normal,0.4,0.0,0.0,0.0,0.0,0.37,0.0336,0.0001,0.0
2025-08-27,Jaisalmer,normal,1.0,3.8,5.95,6.9,6.9,4.78,0.169,0.0013,0.0002
2025-08-27,Hyderabad,normal,25.8,45.9,57.7,57.7,57.7,22.47,0.7261,0.0535,0.0046
2025-08-27,Bengaluru,normal,15.4,3.0,5.1,5.7,5.7,4.95,0.1421,0.0009,0.0002
2025-08-27,Pune,normal,3.4,0.9,1.9,2.1,2.1,3.96,0.0668,0.0003,0.0001
2025-08-27,Kurnool,normal,11.0,10.4,14.2,15.5,15.5,7.06,0.3502,0.0053,0.0007
2025-08-27,Madurai,normal,0.2,0.3,0.9,1.0,1.0,3.4,0.0446,0.0001,0.0
2025-08-28,Nagpur,normal,19.3,19.4,24.8,26.61,26.61,19.46,0.5093,0.0139,0.0015
2025-08-28,Bhopal,normal,18.6,13.3,17.4,19.41,19.41,14.51,0.4103,0.0077,0.0009
2025-08-28,Raipur,normal,8.5,12.7,16.7,18.9,18.9,13.54,0.3986,0.0072,0.0009
2025-08-28,Jabalpur,normal,7.3,5.9,8.7,9.6,9.6,10.96,0.2344,0.0023,0.0004
2025-08-28,Akola,normal,18.3,23.4,28.9,31.7,31.7,15.79,0.5595,0.0187,0.0019
2025-08-28,Amravati,depression,16.3,34.0,41.9,17.94,44.8,18.9,0.7309,0.0859,0.0052
2025-08-28,Aurangabad,depression,6.4,28.5,35.0,10.01,39.72,17.72,0.6914,0.066,0.0042
2025-08-28,Bhubaneswar,normal,11.9,0.8,1.8,2.0,2.0,5.48,0.0631,0.0002,0.0001
2025-08-28,Mumbai,coastal,16.3,26.2,32.3,43.61,43.61,17.15,0.6305,0.0359,0.0026
2025-08-28,Thiruvananthapuram,coastal,9.2,0.0,0.0,0.0,0.0,1.82,0.0397,0.0002,0.0
2025-08-28,Kochi,coastal,31.5,19.0,24.4,28.1,28.1,17.08,0.5468,0.0218,0.0017
2025-08-28,Mangaluru,depression,54.9,50.6,63.4,52.3,108.57,43.39,0.8079,0.1521,0.0087
2025-08-28,Panaji,coastal,36.9,21.3,26.81,31.22,31.22,17.66,0.577,0.026,0.002
2025-08-28,Chennai,coastal,13.4,0.2,0.7,1.4,1.4,2.88,0.0483,0.0002,0.0
2025-08-28,Visakhapatnam,coastal,1.4,0.0,0.0,0.0,0.0,2.62,0.0397,0.0002,0.0
2025-08-28,Puri,coastal,7.2,1.6,3.0,4.46,4.46,4.83,0.1081,0.0007,0.0001
2025-08-28,Kolkata,coastal,5.6,9.0,12.6,14.8,14.8,9.27,0.356,0.007,0.0007
2025-08-28,Surat,coastal,16.8,12.5,16.5,18.72,18.72,14.23,0.4366,0.0115,0.001
2025-08-28,Mahabaleshwar,orographic,15.8,14.9,19.4,18.9,18.9,20.49,0.4286,0.0404,0.0096
2025-08-28,Munnar,orographic,50.9,32.6,39.36,50.2,50.2,26.41,0.6353,0.1277,0.0255
2025-08-28,Madikeri,orographic,75.3,14.1,18.7,17.85,17.85,22.32,0.4144,0.0372,0.009
2025-08-28,Ooty,orographic,32.3,4.0,6.2,4.4,4.4,8.61,0.1693,0.0061,0.0021
2025-08-28,Lonavala,orographic,12.5,23.4,28.9,34.05,34.05,23.47,0.5485,0.0791,0.0168
2025-08-28,Wayanad,orographic,94.5,4.5,6.9,4.96,4.96,9.27,0.1849,0.0071,0.0024
2025-08-28,Shimla,orographic,8.6,13.9,18.4,17.4,17.4,10.27,0.4108,0.0364,0.0088
2025-08-28,Dehradun,orographic,8.6,20.2,25.7,27.26,27.26,12.02,0.5091,0.0637,0.014
2025-08-28,Srinagar,orographic,0.0,3.0,5.1,3.4,3.4,1.97,0.1368,0.0042,0.0016
2025-08-28,Gangtok,orographic,18.1,8.8,12.4,10.2,10.2,7.09,0.3031,0.0184,0.0051
2025-08-28,Guwahati,orographic,15.0,13.6,17.9,16.6,16.6,11.4,0.4052,0.0352,0.0086
2025-08-28,Cherrapunji,orographic,14.7,12.3,16.3,14.3,14.3,9.56,0.3802,0.0303,0.0076
2025-08-28,Imphal,orographic,22.8,22.1,27.5,30.3,30.3,13.28,0.5332,0.0727,0.0157
2025-08-28,Agartala,orographic,1.8,0.1,0.5,0.1,0.1,1.12,0.0357,0.0005,0.0003
2025-08-28,Lucknow,normal,1.2,0.0,0.0,0.0,0.0,2.66,0.0336,0.0001,0.0
2025-08-28,Patna,normal,1.1,0.0,0.0,0.0,0.0,1.36,0.0336,0.0001,0.0
2025-08-28,Varanasi,normal,0.5,0.3,0.9,1.0,1.0,2.67,0.0446,0.0001,0.0
2025-08-28,Delhi,normal,15.5,1.2,2.4,2.7,2.7,5.23,0.0779,0.0003,0.0001
2025-08-28,Kanpur,normal,3.2,0.0,0.0,0.0,0.0,2.39,0.0336,0.0001,0.0
2025-08-28,Ranchi,normal,2.3,2.3,4.1,4.7,4.7,5.07,0.1177,0.0007,0.0001
2025-08-28,Jodhpur,normal,15.6,0.0,0.0,0.0,0.0,0.88,0.0336,0.0001,0.0
2025-08-28,Bikaner,normal,0.0,0.0,0.0,0.0,0.0,0.22,0.0336,0.0001,0.0
2025-08-28,Jaisalmer,normal,0.5,0.1,0.5,0.5,0.5,1.19,0.0373,0.0001,0.0
2025-08-28,Hyderabad,normal,17.6,4.8,7.4,8.1,8.1,7.58,0.2011,0.0017,0.0003
2025-08-28,Bengaluru,normal,8.7,3.2,5.3,6.0,6.0,5.36,0.1489,0.001,0.0002
2025-08-28,Pune,normal,14.6,12.5,16.5,18.7,18.7,9.05,0.3947,0.007,0.0009
2025-08-28,Kurnool,normal,9.4,8.3,11.8,13.07,13.07,9.11,0.3,0.0038,0.0005
2025-08-28,Madurai,normal,0.6,0.1,0.5,0.5,0.5,1.88,0.0373,0.0001,0.0
2025-08-29,Nagpur,normal,5.6,6.9,9.9,10.9,10.9,10.41,0.2628,0.0029,0.0004
2025-08-29,Bhopal,normal,10.2,12.5,16.5,18.7,18.7,12.98,0.3947,0.007,0.0009
2025-08-29,Raipur,normal,3.2,3.0,5.1,5.7,5.7,6.97,0.1421,0.0009,0.0002
2025-08-29,Jabalpur,normal,8.7,14.0,18.6,20.1,20.1,13.35,0.4234,0.0084,0.001
2025-08-29,Akola,depression,24.4,32.8,40.4,16.42,44.0,19.51,0.7231,0.0814,0.005
2025-08-29,Amravati,normal,12.0,22.5,27.8,30.65,30.65,18.03,0.549,0.0175,0.0018
2025-08-29,Aurangabad,normal,8.3,13.9,18.4,20.06,20.06,14.94,0.4215,0.0083,0.001
2025-08-29,Bhubaneswar,normal,3.6,0.5,1.2,1.3,1.3,4.05,0.052,0.0002,0.0
2025-08-29,Mumbai,depression,7.5,68.5,80.0,70.45,146.98,34.18,0.8547,0.2276,0.0129
2025-08-29,Thiruvananthapuram,coastal,10.6,2.8,4.8,6.1,6.1,5.56,0.1567,0.0014,0.0002
2025-08-29,Kochi,coastal,23.7,7.3,10.3,12.4,12.4,10.22,0.3094,0.0051,0.0005
2025-08-29,Mangaluru,depression,29.4,43.0,54.41,39.93,100.11,36.16,0.7785,0.1209,0.0071
2025-08-29,Panaji,coastal,41.8,20.8,26.4,30.31,30.31,15.66,0.5707,0.0251,0.0019
2025-08-29,Chennai,coastal,0.9,0.3,0.9,1.6,1.6,3.05,0.0526,0.0002,0.0
2025-08-29,Visakhapatnam,coastal,2.3,1.2,2.5,3.5,3.5,3.76,0.0913,0.0006,0.0001
2025-08-29,Puri,coastal,4.2,4.3,6.6,8.7,8.7,7.16,0.2128,0.0024,0.0003
2025-08-29,Kolkata,coastal,15.3,8.6,12.1,14.1,14.1,10.98,0.3455,0.0065,0.0006
2025-08-29,Surat,depression,31.5,30.3,36.7,11.47,65.83,18.03,0.7055,0.0724,0.0045
2025-08-29,Mahabaleshwar,orographic,15.0,41.3,51.8,63.42,63.42,31.57,0.6931,0.1769,0.0343
2025-08-29,Munnar,orographic,33.1,6.0,8.8,6.8,6.8,13.54,0.2294,0.0106,0.0033
2025-08-29,Madikeri,orographic,29.8,12.1,16.0,14.1,14.1,17.29,0.3762,0.0296,0.0075
2025-08-29,Ooty,orographic,9.0,0.3,0.9,0.3,0.3,4.85,0.0428,0.0006,0.0004
2025-08-29,Lonavala,orographic,17.3,40.6,51.15,63.42,63.42,33.76,0.6891,0.1729,0.0336
2025-08-29,Wayanad,orographic,11.5,1.5,2.9,1.7,1.7,6.5,0.0854,0.0019,0.0008
2025-08-29,Shimla,orographic,15.2,22.9,28.3,32.54,32.54,11.66,0.5428,0.0767,0.0164
2025-08-29,Dehradun,orographic,10.7,18.7,23.81,25.57,25.57,11.52,0.4884,0.0567,0.0127
2025-08-29,Srinagar,orographic,0.0,10.0,13.7,11.5,11.5,5.96,0.3312,0.0223,0.0059
2025-08-29,Gangtok,orographic,23.2,13.5,17.7,16.28,16.28,9.61,0.4034,0.0348,0.0085
2025-08-29,Guwahati,orographic,18.2,23.6,29.0,34.4,34.4,12.57,0.5508,0.0801,0.017
2025-08-29,Cherrapunji,orographic,7.4,4.6,7.0,5.1,5.1,5.86,0.188,0.0073,0.0024
2025-08-29,Imphal,orographic,19.6,21.7,27.2,29.35,29.35,12.81,0.5283,0.0708,0.0153
2025-08-29,Agartala,orographic,15.5,3.9,6.0,4.2,4.2,3.19,0.1661,0.0059,0.002
2025-08-29,Lucknow,normal,1.1,0.2,0.7,0.7,0.7,2.5,0.0409,0.0001,0.0
2025-08-29,Patna,normal,1.1,0.0,0.0,0.0,0.0,1.38,0.0336,0.0001,0.0
2025-08-29,Varanasi,normal,0.7,1.2,2.4,2.7,2.7,4.0,0.0779,0.0003,0.0001
2025-08-29,Delhi,normal,12.6,3.5,5.6,6.3,6.3,6.21,0.1591,0.0011,0.0002
2025-08-29,Kanpur,normal,1.6,2.3,4.2,4.89,4.89,5.11,0.1177,0.0007,0.0001
2025-08-29,Ranchi,normal,5.4,0.4,1.1,1.1,1.1,4.8,0.0483,0.0002,0.0
2025-08-29,Jodhpur,normal,15.2,0.0,0.0,0.0,0.0,0.3,0.0336,0.0001,0.0
2025-08-29,Bikaner,normal,1.3,0.2,0.7,0.7,0.7,0.72,0.0409,0.0001,0.0
2025-08-29,Jaisalmer,normal,0.0,0.4,1.1,1.1,1.1,1.16,0.0483,0.0002,0.0
2025-08-29,Hyderabad,normal,1.7,0.4,1.1,1.1,1.1,4.44,0.0483,0.0002,0.0
2025-08-29,Bengaluru,normal,0.9,0.3,0.9,1.0,1.0,3.75,0.0446,0.0001,0.0
2025-08-29,Pune,normal,17.6,22.1,27.5,30.21,30.21,13.41,0.5442,0.0171,0.0018
2025-08-29,Kurnool,normal,1.4,2.1,3.7,4.3,4.3,5.3,0.1106,0.0006,0.0001
2025-08-29,Madurai,normal,0.6,0.0,0.0,0.0,0.0,1.19,0.0336,0.0001,0.0
2025-08-30,Nagpur,normal,1.8,18.9,24.2,26.16,24.2,12.41,0.5023,0.0134,0.0015
2025-08-30,Bhopal,normal,1.9,9.8,13.5,15.0,13.5,9.0,0.3365,0.0049,0.0007
2025-08-30,Raipur,normal,1.7,0.5,1.2,1.3,1.2,4.44,0.052,0.0002,0.0
2025-08-30,Jabalpur,normal,2.6,9.7,13.4,14.9,13.4,9.0,0.3341,0.0048,0.0006
2025-08-30,Akola,normal,4.7,12.2,16.1,18.3,16.1,10.24,0.3887,0.0068,0.0009
2025-08-30,Amravati,normal,1.7,10.0,13.7,15.2,13.7,9.25,0.3411,0.005,0.0007
2025-08-30,Aurangabad,normal,4.6,2.5,4.4,5.0,4.4,6.0,0.1247,0.0007,0.0001
2025-08-30,Bhubaneswar,normal,12.6,8.2,11.7,12.9,11.7,6.88,0.2974,0.0037,0.0005
2025-08-30,Mumbai,coastal,2.8,12.2,16.1,18.0,18.0,15.27,0.4304,0.011,0.001
2025-08-30,Thiruvananthapuram,coastal,9.9,0.0,0.0,0.0,0.0,2.8,0.0397,0.0002,0.0
2025-08-30,Kochi,coastal,13.6,4.5,6.9,8.94,8.94,8.47,0.2199,0.0026,0.0003
2025-08-30,Mangaluru,depression,64.7,26.1,32.16,7.1,42.58,18.49,0.6707,0.0578,0.0037
2025-08-30,Panaji,coastal,16.1,13.3,17.4,19.47,19.47,13.14,0.4526,0.0126,0.0011
2025-08-30,Chennai,coastal,22.2,0.0,0.0,0.0,0.0,2.18,0.0397,0.0002,0.0
2025-08-30,Visakhapatnam,coastal,2.0,2.5,4.4,5.7,5.7,5.59,0.1449,0.0012,0.0002
2025-08-30,Puri,coastal,9.6,7.6,10.6,12.9,12.9,9.73,0.318,0.0054,0.0006
2025-08-30,Kolkata,coastal,9.2,4.3,6.6,8.7,8.7,8.47,0.2128,0.0024,0.0003
2025-08-30,Surat,coastal,5.6,8.6,12.1,14.1,14.1,10.59,0.3455,0.0065,0.0006
2025-08-30,Mahabaleshwar,orographic,12.4,5.1,7.8,5.7,5.7,11.56,0.2031,0.0085,0.0027
2025-08-30,Munnar,orographic,18.9,3.3,5.4,3.6,3.6,8.4,0.1467,0.0047,0.0017
2025-08-30,Madikeri,orographic,16.8,9.8,13.5,11.4,11.4,12.62,0.3267,0.0216,0.0058
2025-08-30,Ooty,orographic,2.6,1.7,3.2,1.9,1.9,4.42,0.0924,0.0022,0.0009
2025-08-30,Lonavala,orographic,6.0,10.4,14.2,12.2,12.2,16.57,0.3402,0.0236,0.0062
2025-08-30,Wayanad,orographic,5.8,3.8,5.95,4.11,4.11,6.97,0.1629,0.0057,0.002
2025-08-30,Shimla,orographic,15.2,16.4,21.1,21.6,21.6,9.86,0.4536,0.0466,0.0108
2025-08-30,Dehradun,orographic,9.5,3.3,5.4,3.6,3.6,3.94,0.1467,0.0047,0.0017
2025-08-30,Srinagar,orographic,1.0,10.9,14.7,12.7,12.7,6.56,0.3511,0.0253,0.0066
2025-08-30,Gangtok,orographic,3.8,7.7,10.8,8.8,8.8,6.24,0.2755,0.0152,0.0043
2025-08-30,Guwahati,orographic,13.9,22.6,27.96,31.82,31.82,11.96,0.5392,0.0752,0.0161
2025-08-30,Cherrapunji,orographic,8.1,61.3,73.4,81.85,81.85,21.23,0.7774,0.2906,0.056
2025-08-30,Imphal,orographic,10.9,14.5,19.1,18.4,18.4,9.7,0.4216,0.0388,0.0093
2025-08-30,Agartala,orographic,8.0,9.6,13.3,11.2,11.2,6.07,0.322,0.021,0.0056
2025-08-30,Lucknow,normal,2.0,1.0,2.1,2.4,2.1,3.25,0.0705,0.0003,0.0001
2025-08-30,Patna,normal,5.2,3.5,5.6,6.3,5.6,5.47,0.1591,0.0011,0.0002
2025-08-30,Varanasi,normal,10.3,9.2,12.8,14.3,12.8,7.86,0.3223,0.0044,0.0006
2025-08-30,Delhi,normal,3.8,0.0,0.0,0.0,0.0,2.54,0.0336,0.0001,0.0
2025-08-30,Kanpur,normal,2.4,0.5,1.2,1.3,1.2,4.35,0.052,0.0002,0.0
2025-08-30,Ranchi,normal,2.4,14.0,18.6,20.1,18.6,10.15,0.4234,0.0084,0.001
2025-08-30,Jodhpur,normal,32.4,15.2,19.6,21.01,19.6,8.53,0.4447,0.0095,0.0011
2025-08-30,Bikaner,normal,35.7,5.3,8.0,8.9,8.0,4.33,0.2165,0.002,0.0003
2025-08-30,Jaisalmer,normal,0.7,2.9,4.9,5.5,4.9,2.66,0.1387,0.0009,0.0002
2025-08-30,Hyderabad,normal,0.4,0.1,0.5,0.5,0.5,2.0,0.0373,0.0001,0.0
2025-08-30,Bengaluru,normal,4.0,0.2,0.7,0.7,0.7,2.32,0.0409,0.0001,0.0
2025-08-30,Pune,normal,4.5,0.0,0.0,0.0,0.0,2.68,0.0336,0.0001,0.0
2025-08-30,Kurnool,normal,15.5,0.0,0.0,0.0,0.0,2.42,0.0336,0.0001,0.0
2025-08-30,Madurai,normal,2.3,0.0,0.0,0.0,0.0,1.15,0.0336,0.0001,0.0
2025-08-31,Nagpur,normal,10.9,16.9,21.8,23.3,23.3,14.66,0.4726,0.0112,0.0013
2025-08-31,Bhopal,normal,16.0,23.5,28.91,31.7,31.7,15.98,0.5606,0.0188,0.0019
2025-08-31,Raipur,normal,12.0,5.8,8.6,9.5,9.5,7.99,0.2315,0.0023,0.0004
2025-08-31,Jabalpur,normal,8.1,15.6,20.27,21.52,21.52,13.8,0.4514,0.0099,0.0012
2025-08-31,Akola,normal,1.1,17.3,22.6,24.41,24.41,14.02,0.4788,0.0116,0.0013
2025-08-31,Amravati,normal,13.1,0.2,0.7,0.7,0.7,4.46,0.0409,0.0001,0.0
2025-08-31,Aurangabad,normal,1.8,0.6,1.5,1.6,1.6,4.77,0.0557,0.0002,0.0001
2025-08-31,Bhubaneswar,normal,9.9,11.5,15.4,16.87,16.87,11.4,0.3742,0.0062,0.0008
2025-08-31,Mumbai,coastal,10.0,6.6,9.6,11.68,11.68,10.61,0.2886,0.0044,0.0005
2025-08-31,Thiruvananthapuram,coastal,4.9,0.0,0.0,0.0,0.0,1.86,0.0397,0.0002,0.0
2025-08-31,Kochi,coastal,7.8,2.5,4.4,5.7,5.7,6.49,0.1449,0.0012,0.0002
2025-08-31,Mangaluru,coastal,18.3,9.3,12.9,14.97,14.97,11.66,0.3636,0.0073,0.0007
2025-08-31,Panaji,coastal,9.4,7.4,10.4,12.5,12.5,10.68,0.3123,0.0052,0.0005
2025-08-31,Chennai,coastal,11.2,0.1,0.5,1.1,1.1,2.42,0.044,0.0002,0.0
2025-08-31,Visakhapatnam,coastal,8.4,4.5,6.9,8.94,8.94,7.67,0.2199,0.0026,0.0003
2025-08-31,Puri,coastal,11.8,6.4,9.4,11.4,11.4,10.2,0.2825,0.0042,0.0005
2025-08-31,Kolkata,coastal,3.8,0.4,1.1,1.7,1.7,4.87,0.0569,0.0003,0.0001
2025-08-31,Surat,coastal,13.7,9.5,13.1,15.07,15.07,11.46,0.3687,0.0076,0.0007
2025-08-31,Mahabaleshwar,orographic,24.6,6.2,9.0,7.0,7.0,12.54,0.235,0.0111,0.0034
2025-08-31,Munnar,orographic,8.1,1.1,2.3,1.4,1.4,6.14,0.0712,0.0014,0.0007
2025-08-31,Madikeri,orographic,13.0,5.7,8.6,6.5,6.5,12.27,0.2208,0.0099,0.0031
2025-08-31,Ooty,orographic,2.9,5.0,7.64,5.6,5.6,8.27,0.2001,0.0082,0.0027
2025-08-31,Lonavala,orographic,19.6,7.4,10.4,8.4,8.4,13.47,0.2677,0.0143,0.0042
2025-08-31,Wayanad,orographic,3.1,1.2,2.4,1.4,1.4,6.14,0.0748,0.0016,0.0007
2025-08-31,Shimla,orographic,18.7,30.2,36.6,44.91,44.91,13.59,0.6158,0.1146,0.0232
2025-08-31,Dehradun,orographic,17.1,35.6,43.9,57.31,57.31,14.83,0.6573,0.1445,0.0285
2025-08-31,Srinagar,orographic,13.1,23.7,29.1,34.4,34.4,11.44,0.5519,0.0806,0.0171
2025-08-31,Gangtok,orographic,2.4,10.2,13.9,12.0,12.0,7.49,0.3357,0.0229,0.0061
2025-08-31,Guwahati,orographic,0.9,1.7,3.2,1.9,1.9,4.25,0.0924,0.0022,0.0009
2025-08-31,Cherrapunji,orographic,10.7,27.8,34.4,42.08,42.08,27.65,0.5942,0.1017,0.0209
2025-08-31,Imphal,orographic,1.8,4.2,6.5,4.7,4.7,5.84,0.1756,0.0065,0.0022
2025-08-31,Agartala,orographic,1.1,2.6,4.6,3.0,3.0,4.89,0.1234,0.0035,0.0014
2025-08-31,Lucknow,normal,23.3,7.3,10.4,11.7,11.7,9.08,0.2738,0.0031,0.0005
2025-08-31,Patna,normal,6.7,0.1,0.5,0.5,0.5,3.15,0.0373,0.0001,0.0
2025-08-31,Varanasi,normal,12.8,0.9,1.9,2.1,2.1,5.63,0.0668,0.0003,0.0001
2025-08-31,Delhi,normal,13.1,11.3,15.2,16.6,16.6,10.02,0.3699,0.006,0.0008
2025-08-31,Kanpur,normal,37.7,10.8,14.7,16.0,16.0,9.69,0.3591,0.0056,0.0007
2025-08-31,Ranchi,normal,0.8,2.6,4.6,5.2,5.2,7.55,0.1283,0.0008,0.0002
2025-08-31,Jodhpur,normal,37.3,40.8,51.21,54.91,54.91,22.93,0.6996,0.0445,0.0039
2025-08-31,Bikaner,normal,12.1,13.6,17.9,19.7,19.7,12.14,0.4159,0.008,0.001
2025-08-31,Jaisalmer,normal,11.4,4.9,7.5,8.28,8.28,4.65,0.2042,0.0018,0.0003
2025-08-31,Hyderabad,normal,2.9,0.0,0.0,0.0,0.0,1.22,0.0336,0.0001,0.0
2025-08-31,Bengaluru,normal,10.0,0.8,1.8,2.0,2.0,3.07,0.0631,0.0002,0.0001
2025-08-31,Pune,normal,4.6,0.3,0.9,1.0,1.0,2.26,0.0446,0.0001,0.0
2025-08-31,Kurnool,normal,8.0,0.0,0.0,0.0,0.0,1.22,0.0336,0.0001,0.0
2025-08-31,Madurai,normal,0.2,1.7,3.2,3.5,3.5,3.09,0.0962,0.0005,0.0001
2025-09-01,Nagpur,normal,26.8,23.7,29.1,31.7,31.7,15.38,0.5629,0.019,0.002
2025-09-01,Bhopal,normal,8.6,25.1,30.86,33.6,33.6,16.28,0.5781,0.0208,0.0021
2025-09-01,Raipur,normal,7.8,7.9,11.1,12.4,12.4,9.49,0.2897,0.0035,0.0005
2025-09-01,Jabalpur,depression,9.7,42.1,53.2,38.07,54.91,19.61,0.7745,0.1173,0.0069
2025-09-01,Akola,normal,11.7,8.3,11.8,13.07,13.07,10.13,0.3,0.0038,0.0005
2025-09-01,Amravati,normal,14.8,6.5,9.5,10.3,10.3,6.34,0.2517,0.0027,0.0004
2025-09-01,Aurangabad,normal,5.5,1.3,2.6,2.9,2.9,2.92,0.0816,0.0004,0.0001
2025-09-01,Bhubaneswar,normal,1.3,0.1,0.5,0.5,0.5,2.4,0.0373,0.0001,0.0
2025-09-01,Mumbai,coastal,6.7,6.7,9.7,11.73,11.73,8.87,0.2917,0.0045,0.0005
2025-09-01,Thiruvananthapuram,coastal,2.5,0.0,0.0,0.0,0.0,1.28,0.0397,0.0002,0.0
2025-09-01,Kochi,coastal,9.7,3.3,5.4,7.1,7.1,5.2,0.176,0.0017,0.0002
2025-09-01,Mangaluru,coastal,10.4,9.6,13.3,15.17,15.17,10.01,0.3711,0.0077,0.0007
2025-09-01,Panaji,coastal,13.3,11.7,15.5,17.4,17.4,10.97,0.4198,0.0104,0.0009
2025-09-01,Chennai,coastal,4.2,0.0,0.0,0.0,0.0,1.23,0.0397,0.0002,0.0
2025-09-01,Visakhapatnam,coastal,8.1,1.4,2.8,3.9,3.9,3.66,0.0997,0.0007,0.0001
2025-09-01,Puri,coastal,4.6,0.2,0.7,1.4,1.4,2.48,0.0483,0.0002,0.0
2025-09-01,Kolkata,coastal,12.0,5.6,8.4,10.4,10.4,6.64,0.2571,0.0035,0.0004
2025-09-01,Surat,coastal,7.5,25.7,31.7,39.32,39.32,15.05,0.6256,0.0348,0.0025
2025-09-01,Mahabaleshwar,orographic,28.3,6.5,9.5,7.4,7.4,11.1,0.2434,0.0119,0.0036
2025-09-01,Munnar,orographic,9.2,2.4,4.2,2.8,2.8,4.91,0.1166,0.0032,0.0013
2025-09-01,Madikeri,orographic,15.2,4.9,7.5,5.5,5.5,9.04,0.1971,0.008,0.0026
2025-09-01,Ooty,orographic,10.0,4.2,6.5,4.7,4.7,8.06,0.1756,0.0065,0.0022
2025-09-01,Lonavala,orographic,25.2,11.3,15.2,13.23,13.23,14.73,0.3597,0.0267,0.0069
2025-09-01,Wayanad,orographic,3.8,0.3,0.9,0.3,0.3,2.95,0.0428,0.0006,0.0004
2025-09-01,Shimla,orographic,29.2,40.7,51.21,63.42,63.42,16.99,0.6896,0.1735,0.0337
2025-09-01,Dehradun,orographic,60.5,84.7,87.81,94.35,94.35,31.45,0.8334,0.4107,0.083
2025-09-01,Srinagar,orographic,4.2,22.9,28.3,32.54,32.54,12.05,0.5428,0.0767,0.0164
2025-09-01,Gangtok,orographic,1.5,2.7,4.7,3.1,3.1,3.03,0.1268,0.0037,0.0014
2025-09-01,Guwahati,orographic,0.5,0.0,0.0,0.0,0.0,1.21,0.0322,0.0004,0.0002
2025-09-01,Cherrapunji,orographic,0.2,10.4,14.2,12.2,12.2,7.05,0.3402,0.0236,0.0062
2025-09-01,Imphal,orographic,0.2,12.5,16.5,14.6,14.6,7.38,0.3842,0.0311,0.0078
2025-09-01,Agartala,orographic,8.2,4.3,6.6,4.8,4.8,3.44,0.1787,0.0067,0.0023
2025-09-01,Lucknow,normal,15.6,3.9,6.0,7.0,7.0,7.41,0.1723,0.0013,0.0002
2025-09-01,Patna,normal,10.1,0.1,0.5,0.5,0.5,1.59,0.0373,0.0001,0.0
2025-09-01,Varanasi,normal,27.5,0.0,0.0,0.0,0.0,1.97,0.0336,0.0001,0.0
2025-09-01,Delhi,normal,31.5,11.6,15.4,17.1,17.1,12.44,0.3763,0.0063,0.0008
2025-09-01,Kanpur,normal,29.3,18.2,23.4,25.46,25.46,15.38,0.4923,0.0126,0.0014
2025-09-01,Ranchi,normal,0.4,0.4,1.1,1.1,1.1,4.04,0.0483,0.0002,0.0
2025-09-01,Jodhpur,normal,36.6,4.8,7.4,8.1,8.1,6.33,0.2011,0.0017,0.0003
2025-09-01,Bikaner,normal,1.9,6.4,9.4,10.2,10.2,6.71,0.2488,0.0026,0.0004
2025-09-01,Jaisalmer,normal,1.1,0.0,0.0,0.0,0.0,0.89,0.0336,0.0001,0.0
2025-09-01,Hyderabad,normal,8.7,0.3,0.9,1.0,1.0,1.73,0.0446,0.0001,0.0
2025-09-01,Bengaluru,normal,4.3,0.4,1.1,1.1,1.1,2.54,0.0483,0.0002,0.0
2025-09-01,Pune,normal,2.7,0.3,0.9,1.0,1.0,2.04,0.0446,0.0001,0.0
2025-09-01,Kurnool,normal,4.6,0.0,0.0,0.0,0.0,0.85,0.0336,0.0001,0.0
2025-09-01,Madurai,normal,0.4,0.6,1.4,1.5,1.5,2.87,0.0557,0.0002,0.0001
2025-09-02,Nagpur,normal,15.8,9.2,12.8,14.3,14.3,10.27,0.3223,0.0044,0.0006
2025-09-02,Bhopal,normal,4.8,16.0,20.7,22.2,22.2,13.32,0.4581,0.0103,0.0012
2025-09-02,Raipur,normal,24.4,15.5,20.1,21.36,21.36,12.38,0.4498,0.0098,0.0011
2025-09-02,Jabalpur,normal,12.0,24.7,30.01,32.9,32.9,20.45,0.5738,0.0203,0.0021
2025-09-02,Akola,normal,6.4,13.1,17.2,19.4,19.4,12.38,0.4064,0.0076,0.0009
2025-09-02,Amravati,normal,13.1,7.1,10.1,11.1,11.1,9.01,0.2683,0.003,0.0004
2025-09-02,Aurangabad,normal,1.4,3.5,5.6,6.3,6.3,4.5,0.1591,0.0011,0.0002
2025-09-02,Bhubaneswar,normal,30.7,7.9,11.1,12.4,0.2,7.06,0.2897,0.0035,0.0005
2025-09-02,Mumbai,coastal,5.7,6.6,9.6,11.7,11.7,8.85,0.2886,0.0044,0.0005
2025-09-02,Thiruvananthapuram,coastal,0.9,0.0,0.0,0.0,0.0,1.3,0.0397,0.0002,0.0
2025-09-02,Kochi,coastal,3.0,0.2,0.7,1.4,1.4,2.51,0.0483,0.0002,0.0
2025-09-02,Mangaluru,coastal,27.3,20.8,26.4,30.31,30.31,15.02,0.5707,0.0251,0.0019
2025-09-02,Panaji,coastal,31.7,23.6,29.0,35.61,35.61,14.87,0.6037,0.0305,0.0023
2025-09-02,Chennai,coastal,10.4,0.0,0.0,0.0,0.0,1.3,0.0397,0.0002,0.0
2025-09-02,Visakhapatnam,coastal,13.8,18.8,24.0,27.26,27.26,14.52,0.544,0.0215,0.0017
2025-09-02,Puri,coastal,13.0,4.3,6.6,8.7,8.7,5.83,0.2128,0.0024,0.0003
2025-09-02,Kolkata,coastal,25.7,30.2,36.6,65.83,65.83,17.11,0.6657,0.0447,0.0031
2025-09-02,Surat,coastal,3.5,8.4,11.9,13.8,13.8,9.83,0.3401,0.0063,0.0006
2025-09-02,Mahabaleshwar,orographic,25.6,5.5,8.3,6.4,6.4,10.28,0.215,0.0094,0.003
2025-09-02,Munnar,orographic,4.9,0.6,1.5,0.7,0.7,4.5,0.0534,0.0009,0.0005
2025-09-02,Madikeri,orographic,12.9,5.7,8.6,6.5,6.5,10.05,0.2208,0.0099,0.0031
2025-09-02,Ooty,orographic,0.9,1.7,3.2,1.9,1.9,5.4,0.0924,0.0022,0.0009
2025-09-02,Lonavala,orographic,19.8,9.4,13.0,10.7,10.7,14.13,0.3174,0.0203,0.0055
2025-09-02,Wayanad,orographic,3.1,0.3,0.9,0.3,0.3,2.51,0.0428,0.0006,0.0004
2025-09-02,Shimla,orographic,24.9,23.4,28.9,34.05,34.05,15.7,0.5485,0.0791,0.0168
2025-09-02,Dehradun,orographic,15.9,16.2,20.9,21.2,21.2,14.05,0.4504,0.0458,0.0107
2025-09-02,Srinagar,orographic,33.5,13.3,17.4,15.83,15.83,9.93,0.3996,0.0341,0.0084
2025-09-02,Gangtok,orographic,0.9,1.8,3.3,2.0,2.0,1.84,0.0959,0.0023,0.001
2025-09-02,Guwahati,orographic,4.5,11.3,15.2,13.23,13.23,4.75,0.3597,0.0267,0.0069
2025-09-02,Cherrapunji,orographic,0.8,15.7,20.32,20.5,20.5,9.1,0.4422,0.0437,0.0103
2025-09-02,Imphal,orographic,1.3,11.2,15.1,13.0,13.0,6.62,0.3575,0.0264,0.0068
2025-09-02,Agartala,orographic,4.6,5.3,8.0,6.0,6.0,4.03,0.2091,0.0089,0.0028
2025-09-02,Lucknow,normal,6.9,3.1,5.2,5.9,5.9,6.21,0.1455,0.001,0.0002
2025-09-02,Patna,normal,8.5,2.2,3.9,4.5,4.5,3.82,0.1141,0.0006,0.0001
2025-09-02,Varanasi,normal,10.5,1.5,2.9,3.2,3.2,3.6,0.0889,0.0004,0.0001
2025-09-02,Delhi,normal,21.7,26.6,32.9,35.71,35.71,18.77,0.5934,0.0228,0.0023
2025-09-02,Kanpur,normal,25.7,5.2,8.0,8.73,8.73,8.43,0.2135,0.0019,0.0003
2025-09-02,Ranchi,normal,17.9,6.7,9.7,10.6,10.6,8.49,0.2573,0.0028,0.0004
2025-09-02,Jodhpur,normal,15.0,0.0,0.0,0.0,0.0,0.86,0.0336,0.0001,0.0
2025-09-02,Bikaner,normal,0.4,1.8,3.26,3.65,3.65,2.59,0.0998,0.0005,0.0001
2025-09-02,Jaisalmer,normal,0.2,0.0,0.0,0.0,0.0,0.16,0.0336,0.0001,0.0
2025-09-02,Hyderabad,normal,4.5,11.6,15.4,17.1,17.1,7.27,0.3763,0.0063,0.0008
2025-09-02,Bengaluru,normal,6.0,0.4,1.1,1.1,1.1,2.35,0.0483,0.0002,0.0
2025-09-02,Pune,normal,2.7,0.0,0.0,0.0,0.0,1.22,0.0336,0.0001,0.0
2025-09-02,Kurnool,normal,14.6,13.4,17.6,19.5,19.5,8.42,0.4122,0.0078,0.001
2025-09-02,Madurai,normal,0.1,0.0,0.0,0.0,0.0,1.22,0.0336,0.0001,0.0
2025-09-03,Nagpur,normal,12.4,18.1,23.3,25.21,23.3,14.43,0.4908,0.0125,0.0014
2025-09-03,Bhopal,normal,34.0,21.7,27.2,29.35,27.2,17.14,0.5393,0.0166,0.0017
2025-09-03,Raipur,normal,12.9,25.5,31.3,33.6,31.3,17.14,0.5823,0.0214,0.0021
2025-09-03,Jabalpur,depression,34.7,34.8,43.31,19.37,43.31,23.82,0.7359,0.0889,0.0054
2025-09-03,Akola,normal,24.1,5.5,8.3,9.0,8.3,8.52,0.2225,0.0021,0.0003
2025-09-03,Amravati,normal,16.4,15.3,19.7,21.21,19.7,13.53,0.4464,0.0096,0.0011
2025-09-03,Aurangabad,normal,5.2,6.0,8.8,9.73,8.8,7.3,0.2373,0.0024,0.0004
2025-09-03,Bhubaneswar,normal,80.7,8.4,11.9,13.3,0.2,10.4,0.3025,0.0039,0.0005
2025-09-03,Mumbai,coastal,4.8,4.6,7.0,9.14,9.14,6.2,0.2234,0.0027,0.0003
2025-09-03,Thiruvananthapuram,coastal,4.4,0.1,0.5,1.1,1.1,1.53,0.044,0.0002,0.0
2025-09-03,Kochi,coastal,8.2,0.3,0.9,1.6,1.6,1.91,0.0526,0.0002,0.0
2025-09-03,Mangaluru,coastal,27.3,21.1,26.7,31.01,31.01,15.87,0.5745,0.0257,0.002
2025-09-03,Panaji,coastal,10.0,7.9,11.1,13.2,13.2,10.12,0.3265,0.0058,0.0006
2025-09-03,Chennai,coastal,12.9,1.7,3.2,4.6,4.6,3.15,0.1123,0.0008,0.0001
2025-09-03,Visakhapatnam,coastal,19.4,3.4,5.6,7.3,7.3,5.14,0.1798,0.0018,0.0002
2025-09-03,Puri,coastal,37.7,13.1,17.2,19.22,19.22,13.13,0.4487,0.0123,0.0011
2025-09-03,Kolkata,coastal,22.9,8.4,11.9,13.8,13.8,10.46,0.3401,0.0063,0.0006
2025-09-03,Surat,coastal,1.9,3.0,5.1,6.6,6.6,4.5,0.1645,0.0015,0.0002
2025-09-03,Mahabaleshwar,orographic,17.5,3.9,6.0,4.2,4.2,7.55,0.1661,0.0059,0.002
2025-09-03,Munnar,orographic,9.3,0.6,1.5,0.7,0.7,2.93,0.0534,0.0009,0.0005
2025-09-03,Madikeri,orographic,16.3,5.0,7.64,5.6,5.6,8.4,0.2001,0.0082,0.0027
2025-09-03,Ooty,orographic,2.8,3.0,5.1,3.4,3.4,4.76,0.1368,0.0042,0.0016
2025-09-03,Lonavala,orographic,14.9,9.4,13.0,10.7,10.7,15.23,0.3174,0.0203,0.0055
2025-09-03,Wayanad,orographic,4.0,1.4,2.8,1.63,1.63,3.03,0.0818,0.0018,0.0008
2025-09-03,Shimla,orographic,15.0,2.8,4.8,3.1,3.1,3.16,0.1301,0.0039,0.0015
2025-09-03,Dehradun,orographic,8.9,0.6,1.4,0.7,0.7,1.99,0.0534,0.0009,0.0005
2025-09-03,Srinagar,orographic,32.8,5.0,7.64,5.6,5.6,4.67,0.2001,0.0082,0.0027
2025-09-03,Gangtok,orographic,5.9,10.6,14.3,12.33,12.33,5.28,0.3446,0.0243,0.0064
2025-09-03,Guwahati,orographic,8.4,18.1,23.3,24.8,24.8,10.56,0.4797,0.054,0.0122
2025-09-03,Cherrapunji,orographic,1.4,31.7,38.36,47.38,47.38,14.43,0.6282,0.1228,0.0246
2025-09-03,Imphal,orographic,0.5,8.5,12.0,10.0,10.0,6.75,0.2957,0.0175,0.0049
2025-09-03,Agartala,orographic,1.7,15.1,19.5,19.4,19.4,9.7,0.432,0.0412,0.0098
2025-09-03,Lucknow,normal,1.5,3.3,5.4,6.1,5.4,5.97,0.1523,0.0011,0.0002
2025-09-03,Patna,normal,3.7,0.0,0.0,0.0,0.0,1.83,0.0336,0.0001,0.0
2025-09-03,Varanasi,normal,1.9,7.3,10.3,11.6,10.3,9.09,0.2738,0.0031,0.0005
2025-09-03,Delhi,normal,14.7,10.1,13.8,15.2,13.8,13.47,0.3434,0.0051,0.0007
2025-09-03,Kanpur,normal,22.9,6.8,9.8,10.78,9.8,10.35,0.2601,0.0028,0.0004
2025-09-03,Ranchi,normal,12.4,8.7,12.2,13.6,12.2,11.65,0.31,0.0041,0.0006
2025-09-03,Jodhpur,normal,13.3,1.0,2.1,2.4,2.1,0.98,0.0705,0.0003,0.0001
2025-09-03,Bikaner,normal,0.0,1.5,2.9,3.2,2.9,1.41,0.0889,0.0004,0.0001
2025-09-03,Jaisalmer,normal,0.0,0.0,0.0,0.0,0.0,0.12,0.0336,0.0001,0.0
2025-09-03,Hyderabad,normal,0.2,0.7,1.62,1.8,1.62,3.55,0.0594,0.0002,0.0001
2025-09-03,Bengaluru,normal,5.5,1.5,2.9,3.2,2.9,2.8,0.0889,0.0004,0.0001
2025-09-03,Pune,normal,2.1,0.8,1.8,2.0,1.8,2.17,0.0631,0.0002,0.0001
2025-09-03,Kurnool,normal,0.8,3.3,5.4,6.1,5.4,5.06,0.1523,0.0011,0.0002
2025-09-03,Madurai,normal,0.8,0.0,0.0,0.0,0.0,0.76,0.0336,0.0001,0.0
2025-09-04,Nagpur,normal,1.9,4.1,6.3,7.29,7.29,6.69,0.1788,0.0014,0.0002
2025-09-04,Bhopal,normal,13.5,17.6,22.9,24.91,24.91,13.92,0.4833,0.012,0.0013
2025-09-04,Raipur,normal,15.6,9.2,12.8,14.3,14.3,10.74,0.3223,0.0044,0.0006
2025-09-04,Jabalpur,normal,15.9,7.1,10.1,11.1,11.1,10.91,0.2683,0.003,0.0004
2025-09-04,Akola,normal,7.2,13.9,18.4,20.06,20.06,12.61,0.4215,0.0083,0.001
2025-09-04,Amravati,depression,6.0,35.2,43.7,20.03,44.91,18.9,0.7383,0.0904,0.0055
2025-09-04,Aurangabad,normal,7.0,16.4,21.1,22.76,22.76,13.4,0.4646,0.0107,0.0012
2025-09-04,Bhubaneswar,normal,8.9,7.8,10.9,12.2,12.2,9.57,0.2871,0.0035,0.0005
2025-09-04,Mumbai,coastal,17.2,5.5,8.3,10.3,10.3,7.01,0.2538,0.0034,0.0004
2025-09-04,Thiruvananthapuram,coastal,2.7,0.0,0.0,0.0,0.0,1.23,0.0397,0.0002,0.0
2025-09-04,Kochi,coastal,5.1,1.3,2.6,3.6,3.6,3.01,0.0955,0.0006,0.0001
2025-09-04,Mangaluru,coastal,27.4,6.3,9.1,11.2,11.2,7.82,0.2794,0.0041,0.0005
2025-09-04,Panaji,coastal,16.2,4.1,6.3,8.5,8.5,5.99,0.2056,0.0023,0.0003
2025-09-04,Chennai,coastal,3.0,0.0,0.0,0.0,0.0,1.77,0.0397,0.0002,0.0
2025-09-04,Visakhapatnam,coastal,0.5,0.8,1.8,2.5,2.5,3.55,0.0742,0.0004,0.0001
2025-09-04,Puri,coastal,2.1,6.3,9.1,11.2,11.2,7.93,0.2794,0.0041,0.0005
2025-09-04,Kolkata,coastal,9.2,2.8,4.8,6.1,6.1,4.92,0.1567,0.0014,0.0002
2025-09-04,Surat,depression,19.8,51.5,63.9,52.32,110.5,26.86,0.8109,0.1559,0.0089
2025-09-04,Mahabaleshwar,orographic,22.9,3.9,6.0,4.2,4.2,7.3,0.1661,0.0059,0.002
2025-09-04,Munnar,orographic,10.1,1.7,3.2,2.0,2.0,3.73,0.0924,0.0022,0.0009
2025-09-04,Madikeri,orographic,14.6,4.2,6.5,4.7,4.7,8.06,0.1756,0.0065,0.0022
2025-09-04,Ooty,orographic,7.5,4.6,7.1,5.2,5.2,7.95,0.188,0.0073,0.0024
2025-09-04,Lonavala,orographic,14.3,3.7,5.9,4.1,4.1,7.98,0.1597,0.0055,0.0019
2025-09-04,Wayanad,orographic,7.5,1.0,2.1,1.23,1.23,3.74,0.0677,0.0013,0.0006
2025-09-04,Shimla,orographic,13.4,1.3,2.6,1.6,1.6,1.61,0.0783,0.0017,0.0007
2025-09-04,Dehradun,orographic,4.1,0.2,0.7,0.2,0.2,0.54,0.0392,0.0006,0.0003
2025-09-04,Srinagar,orographic,0.0,0.0,0.0,0.0,0.0,0.78,0.0322,0.0004,0.0002
2025-09-04,Gangtok,orographic,2.4,11.6,15.4,13.58,13.58,7.27,0.3659,0.0278,0.0071
2025-09-04,Guwahati,orographic,7.6,1.8,3.3,2.0,2.0,3.01,0.0959,0.0023,0.001
2025-09-04,Cherrapunji,orographic,16.6,13.9,18.4,17.4,17.4,9.79,0.4108,0.0364,0.0088
2025-09-04,Imphal,orographic,17.7,13.4,17.6,16.1,16.1,9.05,0.4015,0.0345,0.0084
2025-09-04,Agartala,orographic,12.4,4.5,6.9,4.96,4.96,4.52,0.1849,0.0071,0.0024
2025-09-04,Lucknow,normal,7.2,10.4,14.2,15.5,15.5,10.14,0.3502,0.0053,0.0007
2025-09-04,Patna,normal,0.8,0.9,2.0,2.2,2.2,3.27,0.0668,0.0003,0.0001
2025-09-04,Varanasi,normal,10.0,6.9,9.9,10.9,10.9,10.19,0.2628,0.0029,0.0004
2025-09-04,Delhi,normal,17.7,13.3,17.4,19.41,19.41,14.29,0.4103,0.0077,0.0009
2025-09-04,Kanpur,normal,14.5,9.4,13.0,14.57,14.57,11.49,0.3271,0.0046,0.0006
2025-09-04,Ranchi,normal,9.1,11.7,15.5,17.21,17.21,12.19,0.3784,0.0064,0.0008
2025-09-04,Jodhpur,normal,1.1,0.8,1.8,2.0,2.0,1.41,0.0631,0.0002,0.0001
2025-09-04,Bikaner,normal,0.0,0.0,0.0,0.0,0.0,0.69,0.0336,0.0001,0.0
2025-09-04,Jaisalmer,normal,0.0,0.1,0.5,0.5,0.5,0.37,0.0373,0.0001,0.0
2025-09-04,Hyderabad,normal,0.3,0.4,1.1,1.1,1.1,2.54,0.0483,0.0002,0.0
2025-09-04,Bengaluru,normal,2.8,0.6,1.5,1.6,1.6,2.87,0.0557,0.0002,0.0001
2025-09-04,Pune,normal,1.2,0.2,0.7,0.7,0.7,2.03,0.0409,0.0001,0.0
2025-09-04,Kurnool,normal,0.3,0.0,0.0,0.0,0.0,1.87,0.0336,0.0001,0.0
2025-09-04,Madurai,normal,8.5,1.2,2.4,2.7,2.7,2.38,0.0779,0.0003,0.0001
2025-09-05,Nagpur,normal,0.2,2.9,4.9,5.5,5.5,2.97,0.1387,0.0009,0.0002
2025-09-05,Bhopal,normal,9.4,1.2,2.4,2.7,2.7,2.29,0.0779,0.0003,0.0001
2025-09-05,Raipur,normal,3.4,5.8,8.6,9.5,9.5,5.14,0.2315,0.0023,0.0004
2025-09-05,Jabalpur,normal,4.8,1.7,3.2,3.5,3.5,2.51,0.0962,0.0005,0.0001
2025-09-05,Akola,normal,15.0,2.7,4.7,5.3,5.3,3.28,0.1317,0.0008,0.0002
2025-09-05,Amravati,normal,3.2,0.6,1.4,1.5,1.5,2.44,0.0557,0.0002,0.0001
2025-09-05,Aurangabad,normal,15.6,1.8,3.26,3.65,3.65,2.73,0.0998,0.0005,0.0001
2025-09-05,Bhubaneswar,normal,12.4,8.7,12.2,13.6,13.6,6.55,0.31,0.0041,0.0006
2025-09-05,Mumbai,coastal,18.2,9.4,13.0,15.0,15.0,8.74,0.3661,0.0074,0.0007
2025-09-05,Thiruvananthapuram,coastal,0.5,0.0,0.0,0.0,0.0,0.74,0.0397,0.0002,0.0
2025-09-05,Kochi,coastal,7.5,0.1,0.5,1.1,1.1,1.41,0.044,0.0002,0.0
2025-09-05,Mangaluru,coastal,9.1,1.9,3.4,4.8,4.8,3.29,0.1205,0.0009,0.0001
2025-09-05,Panaji,coastal,6.9,2.2,3.9,5.4,5.4,3.52,0.1328,0.0011,0.0002
2025-09-05,Chennai,coastal,0.7,0.0,0.0,0.0,0.0,0.74,0.0397,0.0002,0.0
2025-09-05,Visakhapatnam,coastal,2.9,0.1,0.5,1.1,1.1,1.43,0.044,0.0002,0.0
2025-09-05,Puri,coastal,14.7,4.8,7.5,9.6,9.6,5.45,0.2303,0.0028,0.0003
2025-09-05,Kolkata,coastal,8.9,0.9,2.0,2.7,2.7,2.73,0.0785,0.0004,0.0001
2025-09-05,Surat,coastal,42.9,5.7,8.6,10.5,10.5,7.77,0.2604,0.0036,0.0004
2025-09-05,Mahabaleshwar,orographic,15.9,5.9,8.7,6.7,6.7,7.26,0.2265,0.0104,0.0032
2025-09-05,Munnar,orographic,5.0,4.3,6.6,4.8,4.8,4.99,0.1787,0.0067,0.0023
2025-09-05,Madikeri,orographic,10.5,2.8,4.8,3.1,3.1,4.65,0.1301,0.0039,0.0015
2025-09-05,Ooty,orographic,4.6,6.3,9.1,7.1,7.1,7.26,0.2379,0.0114,0.0035
2025-09-05,Lonavala,orographic,14.8,7.5,10.5,8.5,8.5,9.33,0.2703,0.0146,0.0042
2025-09-05,Wayanad,orographic,4.2,1.6,3.0,1.8,1.8,2.55,0.0889,0.0021,0.0009
2025-09-05,Shimla,orographic,0.0,0.6,1.5,0.7,0.7,0.94,0.0534,0.0009,0.0005
2025-09-05,Dehradun,orographic,0.6,18.6,23.7,25.4,25.4,8.37,0.487,0.0563,0.0127
2025-09-05,Srinagar,orographic,0.3,0.3,0.9,0.3,0.3,0.37,0.0428,0.0006,0.0004
2025-09-05,Gangtok,orographic,6.5,5.9,8.7,6.7,6.7,4.43,0.2265,0.0104,0.0032
2025-09-05,Guwahati,orographic,7.5,6.3,9.1,7.1,7.1,2.96,0.2379,0.0114,0.0035
2025-09-05,Cherrapunji,orographic,5.3,10.0,13.7,11.5,11.5,5.59,0.3312,0.0223,0.0059
2025-09-05,Imphal,orographic,4.0,4.2,6.5,4.7,4.7,3.17,0.1756,0.0065,0.0022
2025-09-05,Agartala,orographic,4.6,3.2,5.3,3.5,3.5,2.5,0.1434,0.0046,0.0017
2025-09-05,Lucknow,normal,1.5,3.0,5.1,5.7,5.7,4.3,0.1421,0.0009,0.0002
2025-09-05,Patna,normal,0.6,2.1,3.7,4.3,4.3,2.69,0.1106,0.0006,0.0001
2025-09-05,Varanasi,normal,1.3,23.3,28.8,31.51,31.51,11.98,0.5583,0.0185,0.0019
2025-09-05,Delhi,normal,4.8,0.2,0.7,0.7,0.7,1.96,0.0409,0.0001,0.0
2025-09-05,Kanpur,normal,22.5,4.9,7.5,8.28,8.28,5.57,0.2042,0.0018,0.0003
2025-09-05,Ranchi,normal,5.3,12.7,16.7,18.9,18.9,9.85,0.3986,0.0072,0.0009
2025-09-05,Jodhpur,normal,2.0,7.1,10.2,11.13,11.13,5.09,0.2683,0.003,0.0004
2025-09-05,Bikaner,normal,2.5,14.3,18.82,20.5,20.5,7.81,0.4288,0.0087,0.001
2025-09-05,Jaisalmer,normal,0.0,0.0,0.0,0.0,0.0,0.0,0.0336,0.0001,0.0
2025-09-05,Hyderabad,normal,0.6,0.9,2.0,2.2,2.2,1.76,0.0668,0.0003,0.0001
2025-09-05,Bengaluru,normal,1.3,0.1,0.5,0.5,0.5,0.81,0.0373,0.0001,0.0
2025-09-05,Pune,normal,0.4,0.4,1.1,1.1,1.1,1.28,0.0483,0.0002,0.0
2025-09-05,Kurnool,normal,0.1,0.0,0.0,0.0,0.0,0.3,0.0336,0.0001,0.0
2025-09-05,Madurai,normal,3.8,0.0,0.0,0.0,0.0,1.0,0.0336,0.0001,0.0
2025-09-06,Nagpur,normal,12.2,14.7,19.3,20.76,20.76,8.04,0.4359,0.009,0.0011
2025-09-06,Bhopal,normal,13.1,5.0,7.64,8.5,8.5,4.58,0.2073,0.0018,0.0003
2025-09-06,Raipur,normal,2.7,3.8,5.95,6.9,6.9,5.56,0.169,0.0013,0.0002
2025-09-06,Jabalpur,normal,0.2,12.5,16.5,18.7,18.7,7.26,0.3947,0.007,0.0009
2025-09-06,Akola,normal,26.1,6.7,9.7,10.6,10.6,5.93,0.2573,0.0028,0.0004
2025-09-06,Amravati,normal,18.7,6.1,8.9,9.8,9.8,5.36,0.2402,0.0024,0.0004
2025-09-06,Aurangabad,normal,1.6,0.3,0.9,1.0,1.0,1.96,0.0446,0.0001,0.0
2025-09-06,Bhubaneswar,normal,9.8,8.7,12.2,13.6,13.6,8.22,0.31,0.0041,0.0006
2025-09-06,Mumbai,coastal,24.9,8.3,11.8,13.68,13.68,9.83,0.3374,0.0062,0.0006
2025-09-06,Thiruvananthapuram,coastal,1.7,0.0,0.0,0.0,0.0,1.12,0.0397,0.0002,0.0
2025-09-06,Kochi,coastal,1.0,0.0,0.0,0.0,0.0,1.07,0.0397,0.0002,0.0
2025-09-06,Mangaluru,coastal,9.2,0.5,1.2,1.92,1.92,2.69,0.0612,0.0003,0.0001
2025-09-06,Panaji,coastal,3.5,1.5,2.9,4.1,4.1,3.54,0.1039,0.0007,0.0001
2025-09-06,Chennai,coastal,0.5,0.0,0.0,0.0,0.0,1.12,0.0397,0.0002,0.0
2025-09-06,Visakhapatnam,coastal,1.0,1.9,3.4,4.8,4.8,3.47,0.1205,0.0009,0.0001
2025-09-06,Puri,coastal,3.0,1.6,3.0,4.46,4.46,4.23,0.1081,0.0007,0.0001
2025-09-06,Kolkata,coastal,8.1,0.5,1.2,1.92,1.92,2.7,0.0612,0.0003,0.0001
2025-09-06,Surat,coastal,20.9,15.1,19.5,21.76,21.76,12.8,0.4859,0.0153,0.0013
2025-09-06,Mahabaleshwar,orographic,16.0,3.3,5.45,3.6,3.6,7.69,0.1467,0.0047,0.0017
2025-09-06,Munnar,orographic,2.9,7.4,10.4,8.4,8.4,12.31,0.2677,0.0143,0.0042
2025-09-06,Madikeri,orographic,6.2,5.3,8.0,6.0,6.0,8.33,0.2091,0.0089,0.0028
2025-09-06,Ooty,orographic,1.3,7.6,10.6,8.6,8.6,13.63,0.2729,0.0149,0.0043
2025-09-06,Lonavala,orographic,12.9,5.3,8.0,6.0,6.0,9.92,0.2091,0.0089,0.0028
2025-09-06,Wayanad,orographic,1.4,4.9,7.5,5.5,5.5,7.18,0.1971,0.008,0.0026
2025-09-06,Shimla,orographic,1.3,17.1,22.2,23.3,23.3,8.55,0.4646,0.0496,0.0114
2025-09-06,Dehradun,orographic,2.3,8.8,12.4,10.2,10.2,7.03,0.3031,0.0184,0.0051
2025-09-06,Srinagar,orographic,1.9,4.1,6.3,4.5,4.5,3.0,0.1724,0.0063,0.0021
2025-09-06,Gangtok,orographic,6.1,6.1,8.9,6.9,6.9,5.69,0.2322,0.0109,0.0033
2025-09-06,Guwahati,orographic,4.6,3.1,5.2,3.4,3.4,3.54,0.1401,0.0044,0.0016
2025-09-06,Cherrapunji,orographic,2.7,11.0,14.88,12.8,12.8,6.12,0.3533,0.0257,0.0066
2025-09-06,Imphal,orographic,3.4,1.9,3.4,2.1,2.1,2.74,0.0994,0.0025,0.001
2025-09-06,Agartala,orographic,8.4,0.8,1.8,1.0,1.0,2.3,0.0606,0.0011,0.0005
2025-09-06,Lucknow,normal,0.5,0.0,0.0,0.0,0.0,1.85,0.0336,0.0001,0.0
2025-09-06,Patna,normal,4.0,0.0,0.0,0.0,0.0,1.62,0.0336,0.0001,0.0
2025-09-06,Varanasi,normal,6.3,6.9,9.9,10.9,10.9,9.73,0.2628,0.0029,0.0004
2025-09-06,Delhi,normal,13.3,1.1,2.3,2.5,2.5,2.76,0.0742,0.0003,0.0001
2025-09-06,Kanpur,normal,5.2,8.0,11.3,12.6,12.6,8.89,0.2923,0.0036,0.0005
2025-09-06,Ranchi,normal,2.4,14.0,18.6,20.1,20.1,12.82,0.4234,0.0084,0.001
2025-09-06,Jodhpur,normal,20.4,13.7,18.1,19.9,19.9,12.04,0.4178,0.0081,0.001
2025-09-06,Bikaner,normal,10.8,0.9,2.0,2.2,2.2,2.6,0.0668,0.0003,0.0001
2025-09-06,Jaisalmer,normal,16.1,0.0,0.0,0.0,0.0,0.21,0.0336,0.0001,0.0
2025-09-06,Hyderabad,normal,0.2,2.2,3.9,4.5,4.5,3.27,0.1141,0.0006,0.0001
2025-09-06,Bengaluru,normal,3.3,3.4,5.5,6.1,6.1,3.56,0.1557,0.0011,0.0002
2025-09-06,Pune,normal,0.3,0.3,0.9,1.0,1.0,2.0,0.0446,0.0001,0.0
2025-09-06,Kurnool,normal,0.1,0.0,0.0,0.0,0.0,0.72,0.0336,0.0001,0.0
2025-09-06,Madurai,normal,0.1,5.5,8.3,9.0,9.0,4.64,0.2225,0.0021,0.0003
2025-09-07,Nagpur,normal,6.7,1.3,2.6,2.9,2.9,3.19,0.0816,0.0004,0.0001
2025-09-07,Bhopal,normal,2.5,5.3,8.0,8.9,8.9,6.4,0.2165,0.002,0.0003
2025-09-07,Raipur,normal,4.5,17.9,23.1,25.0,25.0,9.71,0.4878,0.0123,0.0014
2025-09-07,Jabalpur,normal,9.7,31.8,38.6,41.7,41.7,12.69,0.6393,0.0302,0.0028
2025-09-07,Akola,normal,10.5,2.3,4.2,4.89,4.89,4.16,0.1177,0.0007,0.0001
2025-09-07,Amravati,normal,2.9,0.4,1.1,1.1,1.1,2.87,0.0483,0.0002,0.0
2025-09-07,Aurangabad,normal,3.5,0.8,1.7,1.86,1.86,2.13,0.0631,0.0002,0.0001
2025-09-07,Bhubaneswar,normal,5.5,2.6,4.6,5.2,5.2,4.43,0.1283,0.0008,0.0002
2025-09-07,Mumbai,coastal,9.2,10.1,13.8,15.47,15.47,9.62,0.3833,0.0083,0.0008
2025-09-07,Thiruvananthapuram,coastal,1.0,0.0,0.0,0.0,0.0,1.07,0.0397,0.0002,0.0
2025-09-07,Kochi,coastal,3.6,0.1,0.5,1.1,1.1,1.5,0.044,0.0002,0.0
2025-09-07,Mangaluru,coastal,2.5,1.3,2.6,3.6,3.6,2.96,0.0955,0.0006,0.0001
2025-09-07,Panaji,coastal,4.1,1.5,2.9,4.1,4.1,3.42,0.1039,0.0007,0.0001
2025-09-07,Chennai,coastal,1.7,1.2,2.5,3.5,3.5,2.86,0.0913,0.0006,0.0001
2025-09-07,Visakhapatnam,coastal,13.9,0.9,2.0,2.7,2.7,2.93,0.0785,0.0004,0.0001
2025-09-07,Puri,coastal,6.9,1.3,2.6,3.6,3.6,3.02,0.0955,0.0006,0.0001
2025-09-07,Kolkata,coastal,0.7,0.0,0.0,0.0,0.0,1.3,0.0397,0.0002,0.0
2025-09-07,Surat,coastal,18.8,17.8,23.06,26.06,26.06,12.93,0.5295,0.0197,0.0016
2025-09-07,Mahabaleshwar,orographic,12.4,3.6,5.8,3.9,3.9,7.14,0.1565,0.0053,0.0019
2025-09-07,Munnar,orographic,2.3,4.9,7.5,5.5,5.5,8.44,0.1971,0.008,0.0026
2025-09-07,Madikeri,orographic,4.2,5.9,8.7,6.7,6.7,10.68,0.2265,0.0104,0.0032
2025-09-07,Ooty,orographic,1.5,5.5,8.3,6.4,6.4,9.57,0.215,0.0094,0.003
2025-09-07,Lonavala,orographic,12.9,6.4,9.4,7.3,7.3,10.68,0.2406,0.0116,0.0035
2025-09-07,Wayanad,orographic,1.5,3.5,5.6,3.8,3.8,6.91,0.1532,0.0051,0.0018
2025-09-07,Shimla,orographic,18.0,9.2,12.8,10.5,10.5,6.45,0.3127,0.0197,0.0054
2025-09-07,Dehradun,orographic,0.7,13.5,17.7,16.28,16.28,8.89,0.4034,0.0348,0.0085
2025-09-07,Srinagar,orographic,9.6,2.6,4.6,3.0,3.0,2.7,0.1234,0.0035,0.0014
2025-09-07,Gangtok,orographic,18.7,8.0,11.3,9.2,9.2,6.28,0.2832,0.016,0.0045
2025-09-07,Guwahati,orographic,14.0,4.4,6.8,4.8,4.8,3.53,0.1818,0.0069,0.0023
2025-09-07,Cherrapunji,orographic,11.2,6.3,9.1,7.1,7.1,4.93,0.2379,0.0114,0.0035
2025-09-07,Imphal,orographic,3.8,3.9,6.0,4.2,4.2,2.52,0.1661,0.0059,0.002
2025-09-07,Agartala,orographic,6.3,3.5,5.6,3.8,3.8,2.46,0.1532,0.0051,0.0018
2025-09-07,Lucknow,normal,8.7,0.0,0.0,0.0,0.0,0.7,0.0336,0.0001,0.0
2025-09-07,Patna,normal,5.3,0.0,0.0,0.0,0.0,0.7,0.0336,0.0001,0.0
2025-09-07,Varanasi,normal,8.5,0.1,0.5,0.5,0.5,1.96,0.0373,0.0001,0.0
2025-09-07,Delhi,normal,2.3,0.2,0.7,0.7,0.7,2.17,0.0409,0.0001,0.0
2025-09-07,Kanpur,normal,1.2,1.0,2.1,2.4,2.4,3.84,0.0705,0.0003,0.0001
2025-09-07,Ranchi,normal,1.5,1.5,2.9,3.2,3.2,4.4,0.0889,0.0004,0.0001
2025-09-07,Jodhpur,normal,5.8,0.0,0.0,0.0,0.0,1.01,0.0336,0.0001,0.0
2025-09-07,Bikaner,normal,0.9,1.4,2.8,3.1,3.1,1.37,0.0852,0.0004,0.0001
2025-09-07,Jaisalmer,normal,9.2,6.1,8.9,9.8,9.8,4.14,0.2402,0.0024,0.0004
2025-09-07,Hyderabad,normal,0.0,0.0,0.0,0.0,0.0,1.51,0.0336,0.0001,0.0
2025-09-07,Bengaluru,normal,1.8,6.8,9.8,10.78,10.78,6.3,0.2601,0.0028,0.0004
2025-09-07,Pune,normal,1.1,0.5,1.2,1.3,1.3,2.19,0.052,0.0002,0.0
2025-09-07,Kurnool,normal,0.0,0.0,0.0,0.0,0.0,0.62,0.0336,0.0001,0.0
2025-09-07,Madurai,normal,5.9,3.1,5.2,5.9,5.9,5.12,0.1455,0.001,0.0002
2025-09-08,Nagpur,normal,6.6,3.9,6.0,7.0,7.0,3.5,0.1723,0.0013,0.0002
2025-09-08,Bhopal,normal,0.3,1.1,2.3,2.5,2.5,2.78,0.0742,0.0003,0.0001
2025-09-08,Raipur,normal,3.6,11.6,15.4,17.1,17.1,7.76,0.3763,0.0063,0.0008
2025-09-08,Jabalpur,normal,14.1,26.9,33.21,36.25,36.25,12.19,0.5963,0.0232,0.0023
2025-09-08,Akola,normal,0.5,4.4,6.8,7.6,7.6,4.23,0.1885,0.0015,0.0003
2025-09-08,Amravati,normal,0.3,0.2,0.7,0.7,0.7,1.27,0.0409,0.0001,0.0
2025-09-08,Aurangabad,normal,1.5,1.3,2.6,2.9,2.9,2.06,0.0816,0.0004,0.0001
2025-09-08,Bhubaneswar,normal,3.8,2.0,3.6,4.1,4.1,2.81,0.107,0.0006,0.0001
2025-09-08,Mumbai,coastal,5.5,3.7,5.9,8.0,8.0,5.59,0.191,0.002,0.0003
2025-09-08,Thiruvananthapuram,coastal,0.2,0.0,0.0,0.0,0.0,0.98,0.0397,0.0002,0.0
2025-09-08,Kochi,coastal,2.0,0.1,0.5,1.1,1.1,1.34,0.044,0.0002,0.0
2025-09-08,Mangaluru,coastal,1.8,0.0,0.0,0.0,0.0,1.56,0.0397,0.0002,0.0
2025-09-08,Panaji,coastal,2.7,1.5,2.9,4.1,4.1,3.24,0.1039,0.0007,0.0001
2025-09-08,Chennai,coastal,2.5,0.1,0.5,1.1,1.1,1.75,0.044,0.0002,0.0
2025-09-08,Visakhapatnam,coastal,14.2,5.6,8.5,10.4,10.4,6.39,0.2571,0.0035,0.0004
2025-09-08,Puri,coastal,2.2,2.9,4.9,6.3,6.3,4.1,0.1606,0.0015,0.0002
2025-09-08,Kolkata,coastal,0.5,0.0,0.0,0.0,0.0,0.98,0.0397,0.0002,0.0
2025-09-08,Surat,coastal,2.0,1.8,3.3,4.7,4.7,3.77,0.1164,0.0008,0.0001
2025-09-08,Mahabaleshwar,orographic,7.8,3.7,5.9,4.1,4.1,6.51,0.1597,0.0055,0.0019
2025-09-08,Munnar,orographic,2.5,5.5,8.3,6.4,6.4,8.24,0.215,0.0094,0.003
2025-09-08,Madikeri,orographic,4.5,1.6,3.0,1.8,1.8,4.61,0.0889,0.0021,0.0009
2025-09-08,Ooty,orographic,4.4,6.5,9.5,7.4,7.4,9.63,0.2434,0.0119,0.0036
2025-09-08,Lonavala,orographic,3.5,3.0,5.1,3.4,3.4,5.79,0.1368,0.0042,0.0016
2025-09-08,Wayanad,orographic,0.5,0.7,1.62,0.9,0.9,3.99,0.057,0.001,0.0005
2025-09-08,Shimla,orographic,7.8,14.9,19.4,18.9,18.9,8.87,0.4286,0.0404,0.0096
2025-09-08,Dehradun,orographic,1.7,8.4,11.9,9.8,9.8,6.51,0.2932,0.0172,0.0048
2025-09-08,Srinagar,orographic,8.0,1.7,3.2,1.9,1.9,1.71,0.0924,0.0022,0.0009
2025-09-08,Gangtok,orographic,18.4,5.0,7.64,5.6,5.6,4.48,0.2001,0.0082,0.0027
2025-09-08,Guwahati,orographic,3.6,1.1,2.3,1.4,1.4,2.1,0.0712,0.0014,0.0007
2025-09-08,Cherrapunji,orographic,12.8,15.0,19.5,19.1,19.1,7.64,0.4303,0.0408,0.0097
2025-09-08,Imphal,orographic,4.2,5.0,7.64,5.6,5.6,3.22,0.2001,0.0082,0.0027
2025-09-08,Agartala,orographic,0.7,21.4,27.0,28.91,28.91,8.73,0.5246,0.0693,0.0151
2025-09-08,Lucknow,normal,2.4,0.0,0.0,0.0,0.0,0.6,0.0336,0.0001,0.0
2025-09-08,Patna,normal,6.4,0.0,0.0,0.0,0.0,0.6,0.0336,0.0001,0.0
2025-09-08,Varanasi,normal,10.3,0.8,1.7,1.86,1.86,2.15,0.0631,0.0002,0.0001
2025-09-08,Delhi,normal,0.7,6.5,9.5,10.3,10.3,6.06,0.2517,0.0027,0.0004
2025-09-08,Kanpur,normal,3.0,2.7,4.7,5.3,5.3,4.01,0.1317,0.0008,0.0002
2025-09-08,Ranchi,normal,1.5,0.8,1.8,2.0,2.0,2.77,0.0631,0.0002,0.0001
2025-09-08,Jodhpur,normal,0.2,0.6,1.4,1.5,1.5,0.94,0.0557,0.0002,0.0001
2025-09-08,Bikaner,normal,0.4,0.0,0.0,0.0,0.0,0.67,0.0336,0.0001,0.0
2025-09-08,Jaisalmer,normal,7.3,0.7,1.62,1.8,1.8,2.09,0.0594,0.0002,0.0001
2025-09-08,Hyderabad,normal,0.5,0.2,0.7,0.7,0.7,1.0,0.0409,0.0001,0.0
2025-09-08,Bengaluru,normal,1.0,0.0,0.0,0.0,0.0,1.63,0.0336,0.0001,0.0
2025-09-08,Pune,normal,2.3,3.1,5.2,5.9,5.9,3.57,0.1455,0.001,0.0002
2025-09-08,Kurnool,normal,0.0,0.0,0.0,0.0,0.0,0.53,0.0336,0.0001,0.0
2025-09-08,Madurai,normal,1.5,1.2,2.5,2.8,2.8,3.15,0.0779,0.0003,0.0001
2025-09-09,Nagpur,normal,3.6,20.4,26.1,27.81,27.81,11.29,0.5228,0.015,0.0016
2025-09-09,Bhopal,normal,1.3,3.8,5.95,6.9,6.9,4.13,0.169,0.0013,0.0002
2025-09-09,Raipur,normal,6.5,11.8,15.7,17.5,17.5,8.3,0.3804,0.0064,0.0008
2025-09-09,Jabalpur,normal,8.7,12.1,16.0,18.06,18.06,9.2,0.3866,0.0067,0.0008
2025-09-09,Akola,normal,0.0,1.0,2.1,2.4,2.4,3.18,0.0705,0.0003,0.0001
2025-09-09,Amravati,normal,0.5,14.5,19.1,20.61,20.61,7.86,0.4324,0.0088,0.0011
2025-09-09,Aurangabad,normal,1.4,3.0,5.1,5.7,5.7,3.5,0.1421,0.0009,0.0002
2025-09-09,Bhubaneswar,normal,1.3,0.1,0.5,0.5,0.5,1.85,0.0373,0.0001,0.0
2025-09-09,Mumbai,coastal,0.7,0.0,0.0,0.0,0.0,1.99,0.0397,0.0002,0.0
2025-09-09,Thiruvananthapuram,coastal,1.2,0.0,0.0,0.0,0.0,1.36,0.0397,0.0002,0.0
2025-09-09,Kochi,coastal,2.0,1.2,2.4,3.3,3.3,3.21,0.0913,0.0006,0.0001
2025-09-09,Mangaluru,coastal,0.1,0.0,0.0,0.0,0.0,1.36,0.0397,0.0002,0.0
2025-09-09,Panaji,coastal,0.9,0.0,0.0,0.0,0.0,1.87,0.0397,0.0002,0.0
2025-09-09,Chennai,coastal,1.6,0.0,0.0,0.0,0.0,1.31,0.0397,0.0002,0.0
2025-09-09,Visakhapatnam,coastal,13.1,1.1,2.3,3.0,3.0,3.56,0.087,0.0005,0.0001
2025-09-09,Puri,coastal,0.3,0.0,0.0,0.0,0.0,1.88,0.0397,0.0002,0.0
2025-09-09,Kolkata,coastal,0.3,0.0,0.0,0.0,0.0,1.36,0.0397,0.0002,0.0
2025-09-09,Surat,coastal,2.2,0.3,0.9,1.6,1.6,2.54,0.0526,0.0002,0.0
2025-09-09,Mahabaleshwar,orographic,0.8,1.6,3.0,1.8,1.8,5.3,0.0889,0.0021,0.0009
2025-09-09,Munnar,orographic,3.2,15.4,19.9,20.22,20.22,16.91,0.4371,0.0424,0.01
2025-09-09,Madikeri,orographic,1.4,0.7,1.62,0.9,0.9,3.75,0.057,0.001,0.0005
2025-09-09,Ooty,orographic,5.5,41.7,52.41,63.91,63.91,26.44,0.6953,0.1792,0.0347
2025-09-09,Lonavala,orographic,0.4,0.2,0.7,0.2,0.2,3.29,0.0392,0.0006,0.0003
2025-09-09,Wayanad,orographic,0.5,5.4,8.2,6.2,6.2,7.38,0.212,0.0092,0.0029
2025-09-09,Shimla,orographic,0.7,4.1,6.3,4.5,4.5,4.09,0.1724,0.0063,0.0021
2025-09-09,Dehradun,orographic,3.0,14.8,19.37,18.8,18.8,8.78,0.4268,0.04,0.0095
2025-09-09,Srinagar,orographic,1.7,2.2,3.9,2.4,2.4,1.44,0.1097,0.0029,0.0012
2025-09-09,Gangtok,orographic,3.8,4.2,6.5,4.7,4.7,3.76,0.1756,0.0065,0.0022
2025-09-09,Guwahati,orographic,6.6,1.1,2.3,1.4,1.4,1.79,0.0712,0.0014,0.0007
2025-09-09,Cherrapunji,orographic,14.5,10.7,14.5,12.5,12.5,6.07,0.3468,0.0246,0.0064
2025-09-09,Imphal,orographic,2.4,10.7,14.5,12.5,12.5,5.95,0.3468,0.0246,0.0064
2025-09-09,Agartala,orographic,1.8,13.7,18.1,16.7,16.7,8.28,0.4071,0.0356,0.0087
2025-09-09,Lucknow,normal,0.9,1.8,3.3,3.7,3.7,3.62,0.0998,0.0005,0.0001
2025-09-09,Patna,normal,1.6,0.8,1.8,2.0,2.0,2.91,0.0631,0.0002,0.0001
2025-09-09,Varanasi,normal,3.5,1.6,3.0,3.4,3.4,3.67,0.0925,0.0005,0.0001
2025-09-09,Delhi,normal,0.4,0.4,1.1,1.1,1.1,3.79,0.0483,0.0002,0.0
2025-09-09,Kanpur,normal,0.1,0.0,0.0,0.0,0.0,1.76,0.0336,0.0001,0.0
2025-09-09,Ranchi,normal,1.6,0.3,0.9,1.0,1.0,2.74,0.0446,0.0001,0.0
2025-09-09,Jodhpur,normal,0.3,0.0,0.0,0.0,0.0,0.33,0.0336,0.0001,0.0
2025-09-09,Bikaner,normal,0.0,0.0,0.0,0.0,0.0,0.16,0.0336,0.0001,0.0
2025-09-09,Jaisalmer,normal,1.8,0.9,2.0,2.2,2.2,1.28,0.0668,0.0003,0.0001
2025-09-09,Hyderabad,normal,0.9,0.0,0.0,0.0,0.0,0.88,0.0336,0.0001,0.0
2025-09-09,Bengaluru,normal,1.5,0.0,0.0,0.0,0.0,0.81,0.0336,0.0001,0.0
2025-09-09,Pune,normal,0.4,0.0,0.0,0.0,0.0,1.83,0.0336,0.0001,0.0
2025-09-09,Kurnool,normal,0.0,0.0,0.0,0.0,0.0,0.81,0.0336,0.0001,0.0
2025-09-09,Madurai,normal,8.2,0.5,1.2,1.3,1.3,2.53,0.052,0.0002,0.0
2025-09-10,Nagpur,normal,6.9,21.6,27.1,29.2,29.2,11.22,0.5381,0.0165,0.0017
2025-09-10,Bhopal,normal,0.4,1.4,2.8,3.1,3.1,3.2,0.0852,0.0004,0.0001
2025-09-10,Raipur,normal,8.3,12.0,15.9,17.9,17.9,7.96,0.3846,0.0066,0.0008
2025-09-10,Jabalpur,normal,5.9,7.4,10.4,11.8,11.8,7.21,0.2765,0.0032,0.0005
2025-09-10,Akola,normal,7.1,11.4,15.3,16.7,16.7,6.34,0.3721,0.0061,0.0008
2025-09-10,Amravati,normal,7.3,29.5,36.01,41.6,41.6,12.31,0.6202,0.0268,0.0026
2025-09-10,Aurangabad,normal,0.9,0.4,1.1,1.1,1.1,3.02,0.0483,0.0002,0.0
2025-09-10,Bhubaneswar,normal,6.7,0.1,0.5,0.5,0.5,1.3,0.0373,0.0001,0.0
2025-09-10,Mumbai,coastal,0.3,0.0,0.0,0.0,0.0,1.23,0.0397,0.0002,0.0
2025-09-10,Thiruvananthapuram,coastal,0.4,0.1,0.5,1.1,1.1,1.69,0.044,0.0002,0.0
2025-09-10,Kochi,coastal,2.2,6.7,9.7,11.73,11.73,7.56,0.2917,0.0045,0.0005
2025-09-10,Mangaluru,coastal,0.1,0.0,0.0,0.0,0.0,1.23,0.0397,0.0002,0.0
2025-09-10,Panaji,coastal,0.2,0.0,0.0,0.0,0.0,1.23,0.0397,0.0002,0.0
2025-09-10,Chennai,coastal,4.0,0.6,1.4,2.1,2.1,2.99,0.0655,0.0003,0.0001
2025-09-10,Visakhapatnam,coastal,9.1,2.0,3.6,5.1,5.1,3.41,0.1247,0.0009,0.0001
2025-09-10,Puri,coastal,6.5,1.8,3.3,4.7,4.7,3.59,0.1164,0.0008,0.0001
2025-09-10,Kolkata,coastal,0.0,0.7,1.6,2.3,2.3,2.99,0.0699,0.0004,0.0001
2025-09-10,Surat,coastal,0.3,0.0,0.0,0.0,0.0,1.32,0.0397,0.0002,0.0
2025-09-10,Mahabaleshwar,orographic,1.6,4.8,7.4,5.3,5.3,6.61,0.1941,0.0078,0.0025
2025-09-10,Munnar,orographic,22.9,20.6,26.3,27.99,27.99,19.05,0.5144,0.0655,0.0144
2025-09-10,Madikeri,orographic,2.8,1.5,2.9,1.7,1.7,3.58,0.0854,0.0019,0.0008
2025-09-10,Ooty,orographic,20.9,21.7,27.2,29.35,29.35,25.33,0.5283,0.0708,0.0153
2025-09-10,Lonavala,orographic,0.3,0.0,0.0,0.0,0.0,1.01,0.0322,0.0004,0.0002
2025-09-10,Wayanad,orographic,5.9,5.6,8.4,6.4,6.4,9.22,0.2179,0.0096,0.003
2025-09-10,Shimla,orographic,2.3,3.1,5.2,3.4,3.4,2.86,0.1401,0.0044,0.0016
2025-09-10,Dehradun,orographic,4.9,9.0,12.6,10.4,10.4,5.95,0.3079,0.0191,0.0052
2025-09-10,Srinagar,orographic,0.0,0.0,0.0,0.0,0.0,0.52,0.0322,0.0004,0.0002
2025-09-10,Gangtok,orographic,3.3,11.2,15.1,13.0,13.0,5.28,0.3575,0.0264,0.0068
2025-09-10,Guwahati,orographic,18.7,3.6,5.8,3.9,3.9,2.57,0.1565,0.0053,0.0019
2025-09-10,Cherrapunji,orographic,3.7,10.9,14.7,12.7,12.7,5.79,0.3511,0.0253,0.0066
2025-09-10,Imphal,orographic,1.0,6.6,9.6,7.5,7.5,5.06,0.2462,0.0122,0.0036
2025-09-10,Agartala,orographic,2.3,15.6,20.27,20.4,20.4,8.05,0.4405,0.0433,0.0102
2025-09-10,Lucknow,normal,0.2,0.1,0.5,0.5,0.5,1.98,0.0373,0.0001,0.0
2025-09-10,Patna,normal,0.9,0.5,1.2,1.3,1.3,3.09,0.052,0.0002,0.0
2025-09-10,Varanasi,normal,2.8,1.3,2.6,2.9,2.9,3.39,0.0816,0.0004,0.0001
2025-09-10,Delhi,normal,0.0,0.0,0.0,0.0,0.0,1.27,0.0336,0.0001,0.0
2025-09-10,Kanpur,normal,0.0,0.0,0.0,0.0,0.0,0.98,0.0336,0.0001,0.0
2025-09-10,Ranchi,normal,1.9,3.1,5.2,5.9,5.9,5.06,0.1455,0.001,0.0002
2025-09-10,Jodhpur,normal,0.0,0.0,0.0,0.0,0.0,0.15,0.0336,0.0001,0.0
2025-09-10,Bikaner,normal,0.0,0.0,0.0,0.0,0.0,0.15,0.0336,0.0001,0.0
2025-09-10,Jaisalmer,normal,0.0,0.0,0.0,0.0,0.0,0.58,0.0336,0.0001,0.0
2025-09-10,Hyderabad,normal,12.2,2.7,4.7,5.3,5.3,3.23,0.1317,0.0008,0.0002
2025-09-10,Bengaluru,normal,8.8,9.8,13.5,15.0,15.0,5.34,0.3365,0.0049,0.0007
2025-09-10,Pune,normal,0.9,0.5,1.2,1.3,1.3,1.94,0.052,0.0002,0.0
2025-09-10,Kurnool,normal,0.0,0.0,0.0,0.0,0.0,0.77,0.0336,0.0001,0.0
2025-09-10,Madurai,normal,13.7,26.6,32.9,35.71,35.71,11.14,0.5934,0.0228,0.0023
2025-09-11,Nagpur,normal,15.4,6.9,9.9,10.9,10.9,7.52,0.2628,0.0029,0.0004
2025-09-11,Bhopal,normal,4.2,16.2,20.9,22.4,22.4,7.9,0.4614,0.0105,0.0012
2025-09-11,Raipur,normal,8.5,9.5,13.1,14.7,14.7,7.82,0.3294,0.0046,0.0006
2025-09-11,Jabalpur,normal,12.8,10.2,13.9,15.4,15.4,8.13,0.3457,0.0052,0.0007
2025-09-11,Akola,normal,2.8,3.6,5.8,6.5,6.5,5.3,0.1624,0.0012,0.0002
2025-09-11,Amravati,normal,13.3,13.4,17.6,19.5,19.5,10.66,0.4122,0.0078,0.001
2025-09-11,Aurangabad,normal,0.2,0.0,0.0,0.0,0.0,1.04,0.0336,0.0001,0.0
2025-09-11,Bhubaneswar,normal,5.6,2.7,4.7,5.3,5.3,2.92,0.1317,0.0008,0.0002
2025-09-11,Mumbai,coastal,1.5,0.0,0.0,0.0,0.0,1.07,0.0397,0.0002,0.0
2025-09-11,Thiruvananthapuram,coastal,0.6,0.0,0.0,0.0,0.0,1.02,0.0397,0.0002,0.0
2025-09-11,Kochi,coastal,2.3,0.3,0.9,1.6,1.6,2.51,0.0526,0.0002,0.0
2025-09-11,Mangaluru,coastal,1.0,0.0,0.0,0.0,0.0,1.07,0.0397,0.0002,0.0
2025-09-11,Panaji,coastal,0.2,0.0,0.0,0.0,0.0,1.07,0.0397,0.0002,0.0
2025-09-11,Chennai,coastal,8.6,1.6,3.0,4.46,4.46,3.41,0.1081,0.0007,0.0001
2025-09-11,Visakhapatnam,coastal,9.0,1.5,2.9,4.1,4.1,3.42,0.1039,0.0007,0.0001
2025-09-11,Puri,coastal,6.2,0.7,1.6,2.3,2.3,2.88,0.0699,0.0004,0.0001
2025-09-11,Kolkata,coastal,10.2,0.4,1.0,1.7,1.7,2.65,0.0569,0.0003,0.0001
2025-09-11,Surat,coastal,0.3,0.0,0.0,0.0,0.0,1.07,0.0397,0.0002,0.0
2025-09-11,Mahabaleshwar,orographic,1.1,1.5,2.9,1.7,1.7,5.17,0.0854,0.0019,0.0008
2025-09-11,Munnar,orographic,6.0,4.0,6.2,4.4,4.4,7.84,0.1693,0.0061,0.0021
2025-09-11,Madikeri,orographic,0.0,0.8,1.8,1.0,1.0,3.45,0.0606,0.0011,0.0005
2025-09-11,Ooty,orographic,2.3,16.4,21.1,21.6,21.6,17.87,0.4536,0.0466,0.0108
2025-09-11,Lonavala,orographic,1.6,0.0,0.0,0.0,0.0,0.86,0.0322,0.0004,0.0002
2025-09-11,Wayanad,orographic,0.5,26.1,32.16,38.51,38.51,20.03,0.5776,0.0928,0.0193
2025-09-11,Shimla,orographic,3.2,1.8,3.3,2.0,2.0,2.12,0.0959,0.0023,0.001
2025-09-11,Dehradun,orographic,4.8,5.9,8.7,6.7,6.7,5.19,0.2265,0.0104,0.0032
2025-09-11,Srinagar,orographic,0.0,0.0,0.0,0.0,0.0,0.0,0.0322,0.0004,0.0002
2025-09-11,Gangtok,orographic,5.7,7.1,10.1,8.1,8.1,5.54,0.2597,0.0135,0.004
2025-09-11,Guwahati,orographic,7.1,21.8,27.2,29.8,29.8,9.44,0.5296,0.0713,0.0154
2025-09-11,Cherrapunji,orographic,5.1,17.2,22.4,23.37,23.37,8.93,0.4662,0.0501,0.0115
2025-09-11,Imphal,orographic,2.8,6.4,9.4,7.3,7.3,4.76,0.2406,0.0116,0.0035
2025-09-11,Agartala,orographic,5.3,6.7,9.7,7.6,7.6,5.33,0.2489,0.0124,0.0037
2025-09-11,Lucknow,normal,0.0,0.0,0.0,0.0,0.0,0.66,0.0336,0.0001,0.0
2025-09-11,Patna,normal,5.0,6.9,9.9,10.9,10.9,7.29,0.2628,0.0029,0.0004
2025-09-11,Varanasi,normal,8.1,0.2,0.7,0.7,0.7,2.15,0.0409,0.0001,0.0
2025-09-11,Delhi,normal,0.0,0.0,0.0,0.0,0.0,0.7,0.0336,0.0001,0.0
2025-09-11,Kanpur,normal,0.2,0.0,0.0,0.0,0.0,0.7,0.0336,0.0001,0.0
2025-09-11,Ranchi,normal,4.8,12.8,16.7,19.0,19.0,9.64,0.4006,0.0073,0.0009
2025-09-11,Jodhpur,normal,0.2,0.0,0.0,0.0,0.0,0.11,0.0336,0.0001,0.0
2025-09-11,Bikaner,normal,0.0,0.0,0.0,0.0,0.0,0.11,0.0336,0.0001,0.0
2025-09-11,Jaisalmer,normal,0.0,0.0,0.0,0.0,0.0,0.11,0.0336,0.0001,0.0
2025-09-11,Hyderabad,normal,20.5,22.5,27.8,30.65,30.65,10.29,0.549,0.0175,0.0018
2025-09-11,Bengaluru,normal,0.4,3.9,6.0,7.0,7.0,5.47,0.1723,0.0013,0.0002
2025-09-11,Pune,normal,0.2,4.0,6.2,7.2,7.2,3.99,0.1756,0.0014,0.0002
2025-09-11,Kurnool,normal,17.8,10.0,13.7,15.2,15.2,5.38,0.3411,0.005,0.0007
2025-09-11,Madurai,normal,13.8,2.4,4.2,4.9,4.9,4.22,0.1212,0.0007,0.0001
2025-09-12,Nagpur,normal,10.0,11.8,15.7,17.5,17.5,7.82,0.3804,0.0064,0.0008
2025-09-12,Bhopal,normal,0.3,1.4,2.8,3.1,3.1,2.83,0.0852,0.0004,0.0001
2025-09-12,Raipur,normal,13.0,11.0,14.88,16.2,16.2,7.36,0.3635,0.0058,0.0008
2025-09-12,Jabalpur,normal,4.4,5.2,8.0,8.73,8.73,5.92,0.2135,0.0019,0.0003
2025-09-12,Akola,normal,14.9,3.7,5.9,6.7,6.7,4.27,0.1657,0.0012,0.0002
2025-09-12,Amravati,normal,31.2,10.9,14.7,16.1,16.1,7.47,0.3613,0.0057,0.0007
2025-09-12,Aurangabad,normal,1.0,0.3,0.9,1.0,1.0,1.26,0.0446,0.0001,0.0
2025-09-12,Bhubaneswar,normal,4.9,6.0,8.8,9.73,9.73,4.84,0.2373,0.0024,0.0004
2025-09-12,Mumbai,coastal,1.2,0.0,0.0,0.0,0.0,0.98,0.0397,0.0002,0.0
2025-09-12,Thiruvananthapuram,coastal,0.2,0.0,0.0,0.0,0.0,0.98,0.0397,0.0002,0.0
2025-09-12,Kochi,coastal,2.1,0.9,2.0,2.7,2.7,2.71,0.0785,0.0004,0.0001
2025-09-12,Mangaluru,coastal,1.8,0.1,0.5,1.1,1.1,1.39,0.044,0.0002,0.0
2025-09-12,Panaji,coastal,0.6,0.8,1.7,2.4,2.4,2.64,0.0742,0.0004,0.0001
2025-09-12,Chennai,coastal,0.6,5.1,7.8,9.84,9.84,5.6,0.2405,0.0031,0.0004
2025-09-12,Visakhapatnam,coastal,10.6,0.1,0.5,1.1,1.1,1.75,0.044,0.0002,0.0
2025-09-12,Puri,coastal,4.1,1.4,2.8,3.9,3.9,2.9,0.0997,0.0007,0.0001
2025-09-12,Kolkata,coastal,16.5,4.4,6.8,8.8,8.8,5.66,0.2164,0.0025,0.0003
2025-09-12,Surat,coastal,0.2,0.0,0.0,0.0,0.0,0.98,0.0397,0.0002,0.0
2025-09-12,Mahabaleshwar,orographic,1.3,2.1,3.7,2.3,2.3,3.75,0.1063,0.0028,0.0011
2025-09-12,Munnar,orographic,0.7,0.1,0.5,0.1,0.1,2.3,0.0357,0.0005,0.0003
2025-09-12,Madikeri,orographic,0.3,0.5,1.2,0.6,0.6,2.47,0.0499,0.0008,0.0004
2025-09-12,Ooty,orographic,0.0,0.1,0.5,0.1,0.1,2.24,0.0357,0.0005,0.0003
2025-09-12,Lonavala,orographic,1.9,0.4,1.1,0.4,0.4,1.94,0.0463,0.0007,0.0004
2025-09-12,Wayanad,orographic,0.0,0.0,0.0,0.0,0.0,2.08,0.0322,0.0004,0.0002
2025-09-12,Shimla,orographic,5.6,0.3,0.9,0.3,0.3,0.82,0.0428,0.0006,0.0004
2025-09-12,Dehradun,orographic,7.0,4.6,7.1,5.2,5.2,4.37,0.188,0.0073,0.0024
2025-09-12,Srinagar,orographic,0.0,0.0,0.0,0.0,0.0,0.0,0.0322,0.0004,0.0002
2025-09-12,Gangtok,orographic,1.5,7.0,10.0,8.0,8.0,5.7,0.2571,0.0132,0.0039
2025-09-12,Guwahati,orographic,17.7,7.2,10.3,8.2,8.2,4.88,0.2624,0.0138,0.004
2025-09-12,Cherrapunji,orographic,5.2,27.6,34.1,41.73,41.73,10.9,0.5923,0.1007,0.0207
2025-09-12,Imphal,orographic,2.8,15.8,20.5,20.72,20.72,7.64,0.4438,0.0441,0.0103
2025-09-12,Agartala,orographic,9.3,0.0,0.0,0.0,0.0,1.17,0.0322,0.0004,0.0002
2025-09-12,Lucknow,normal,1.6,0.0,0.0,0.0,0.0,0.6,0.0336,0.0001,0.0
2025-09-12,Patna,normal,1.4,0.1,0.5,0.5,0.5,1.78,0.0373,0.0001,0.0
2025-09-12,Varanasi,normal,0.5,0.0,0.0,0.0,0.0,0.63,0.0336,0.0001,0.0
2025-09-12,Delhi,normal,0.2,0.0,0.0,0.0,0.0,0.6,0.0336,0.0001,0.0
2025-09-12,Kanpur,normal,0.3,0.0,0.0,0.0,0.0,0.6,0.0336,0.0001,0.0
2025-09-12,Ranchi,normal,6.3,25.5,31.3,33.6,33.6,12.87,0.5823,0.0214,0.0021
2025-09-12,Jodhpur,normal,0.0,0.0,0.0,0.0,0.0,0.11,0.0336,0.0001,0.0
2025-09-12,Bikaner,normal,0.0,0.0,0.0,0.0,0.0,0.11,0.0336,0.0001,0.0
2025-09-12,Jaisalmer,normal,0.0,0.0,0.0,0.0,0.0,0.11,0.0336,0.0001,0.0
2025-09-12,Hyderabad,normal,6.6,24.9,30.46,33.26,33.26,10.3,0.576,0.0206,0.0021
2025-09-12,Bengaluru,normal,0.4,2.6,4.6,5.2,5.2,4.13,0.1283,0.0008,0.0002
2025-09-12,Pune,normal,0.4,0.1,0.5,0.5,0.5,1.7,0.0373,0.0001,0.0
2025-09-12,Kurnool,normal,2.5,13.4,17.6,19.5,19.5,9.27,0.4122,0.0078,0.001
2025-09-12,Madurai,normal,0.0,0.4,1.1,1.1,1.1,2.53,0.0483,0.0002,0.0
2025-09-13,Nagpur,normal,10.7,8.9,12.5,13.8,13.8,9.46,0.315,0.0042,0.0006
2025-09-13,Bhopal,normal,0.0,0.0,0.0,0.0,0.0,2.02,0.0336,0.0001,0.0
2025-09-13,Raipur,normal,1.5,10.8,14.7,16.0,16.0,9.9,0.3591,0.0056,0.0007
2025-09-13,Jabalpur,normal,12.0,2.6,4.6,5.2,5.2,5.2,0.1283,0.0008,0.0002
2025-09-13,Akola,normal,16.5,26.5,32.8,35.56,35.56,15.69,0.5924,0.0227,0.0023
2025-09-13,Amravati,normal,6.0,28.7,35.3,40.7,40.7,15.68,0.6131,0.0257,0.0025
2025-09-13,Aurangabad,normal,13.5,28.1,34.71,38.71,38.71,14.41,0.6077,0.0249,0.0024
2025-09-13,Bhubaneswar,normal,13.5,6.4,9.4,10.2,10.2,8.25,0.2488,0.0026,0.0004
2025-09-13,Mumbai,coastal,12.7,0.0,0.0,0.0,0.0,1.28,0.0397,0.0002,0.0
2025-09-13,Thiruvananthapuram,coastal,0.0,0.0,0.0,0.0,0.0,1.28,0.0397,0.0002,0.0
2025-09-13,Kochi,coastal,1.2,2.6,4.6,5.8,5.8,4.27,0.1488,0.0013,0.0002
2025-09-13,Mangaluru,coastal,0.6,3.0,5.1,6.6,6.6,4.52,0.1645,0.0015,0.0002
2025-09-13,Panaji,coastal,5.0,1.0,2.1,2.86,2.86,3.02,0.0827,0.0005,0.0001
2025-09-13,Chennai,coastal,0.7,0.1,0.5,1.1,1.1,2.08,0.044,0.0002,0.0
2025-09-13,Visakhapatnam,coastal,11.7,2.0,3.6,5.1,5.1,3.59,0.1247,0.0009,0.0001
2025-09-13,Puri,coastal,7.4,4.2,6.5,8.6,8.6,4.92,0.2092,0.0024,0.0003
2025-09-13,Kolkata,coastal,9.0,5.9,8.7,10.7,10.7,7.45,0.2668,0.0038,0.0004
2025-09-13,Surat,coastal,0.3,3.0,5.1,6.6,6.6,4.65,0.1645,0.0015,0.0002
2025-09-13,Mahabaleshwar,orographic,26.9,3.3,5.45,3.6,3.6,5.8,0.1467,0.0047,0.0017
2025-09-13,Munnar,orographic,0.6,0.5,1.2,0.6,0.6,2.59,0.0499,0.0008,0.0004
2025-09-13,Madikeri,orographic,0.7,8.5,12.0,10.0,10.0,10.25,0.2957,0.0175,0.0049
2025-09-13,Ooty,orographic,0.1,4.1,6.3,4.5,4.5,5.1,0.1724,0.0063,0.0021
2025-09-13,Lonavala,orographic,12.2,0.6,1.5,0.7,0.7,3.24,0.0534,0.0009,0.0005
2025-09-13,Wayanad,orographic,0.3,2.9,5.0,3.3,3.3,4.59,0.1335,0.004,0.0015
2025-09-13,Shimla,orographic,9.4,2.3,4.1,2.6,2.6,1.79,0.1132,0.0031,0.0012
2025-09-13,Dehradun,orographic,14.3,28.7,35.3,43.76,43.76,11.87,0.6026,0.1065,0.0218
2025-09-13,Srinagar,orographic,0.0,0.0,0.0,0.0,0.0,0.16,0.0322,0.0004,0.0002
2025-09-13,Gangtok,orographic,3.9,12.1,16.0,14.1,14.1,7.53,0.3762,0.0296,0.0075
2025-09-13,Guwahati,orographic,14.9,19.4,24.8,26.43,26.43,10.84,0.4983,0.0599,0.0133
2025-09-13,Cherrapunji,orographic,4.5,11.6,15.4,13.58,13.58,7.85,0.3659,0.0278,0.0071
2025-09-13,Imphal,orographic,8.2,12.1,16.0,14.1,14.1,7.45,0.3762,0.0296,0.0075
2025-09-13,Agartala,orographic,20.3,10.9,14.7,12.7,12.7,4.86,0.3511,0.0253,0.0066
2025-09-13,Lucknow,normal,0.9,0.0,0.0,0.0,0.0,1.17,0.0336,0.0001,0.0
2025-09-13,Patna,normal,12.7,0.5,1.2,1.3,1.3,2.93,0.052,0.0002,0.0
2025-09-13,Varanasi,normal,7.7,0.0,0.0,0.0,0.0,1.17,0.0336,0.0001,0.0
2025-09-13,Delhi,normal,0.9,0.0,0.0,0.0,0.0,1.17,0.0336,0.0001,0.0
2025-09-13,Kanpur,normal,1.0,0.0,0.0,0.0,0.0,1.17,0.0336,0.0001,0.0
2025-09-13,Ranchi,normal,4.4,6.3,9.1,9.93,9.93,9.65,0.246,0.0025,0.0004
2025-09-13,Jodhpur,normal,0.0,0.0,0.0,0.0,0.0,0.19,0.0336,0.0001,0.0
2025-09-13,Bikaner,normal,0.0,0.0,0.0,0.0,0.0,0.19,0.0336,0.0001,0.0
2025-09-13,Jaisalmer,normal,0.0,0.0,0.0,0.0,0.0,0.19,0.0336,0.0001,0.0
2025-09-13,Hyderabad,normal,11.5,16.9,21.8,23.3,23.3,12.13,0.4726,0.0112,0.0013
2025-09-13,Bengaluru,normal,1.2,9.3,12.9,14.37,14.37,6.76,0.3247,0.0045,0.0006
2025-09-13,Pune,normal,15.6,4.9,7.5,8.28,8.28,4.28,0.2042,0.0018,0.0003
2025-09-13,Kurnool,normal,10.3,1.7,3.2,3.5,3.5,3.96,0.0962,0.0005,0.0001
2025-09-13,Madurai,normal,0.2,0.1,0.5,0.5,0.5,1.43,0.0373,0.0001,0.0
2025-09-14,Nagpur,normal,7.7,13.5,17.7,19.66,19.66,12.68,0.4141,0.0079,0.001
2025-09-14,Bhopal,normal,0.9,0.2,0.7,0.7,0.7,1.85,0.0409,0.0001,0.0
2025-09-14,Raipur,normal,1.5,11.1,15.0,16.4,16.4,9.87,0.3656,0.0059,0.0008
2025-09-14,Jabalpur,normal,6.4,2.6,4.6,5.2,5.2,4.61,0.1283,0.0008,0.0002
2025-09-14,Akola,normal,21.1,15.5,20.1,21.36,21.36,13.64,0.4498,0.0098,0.0011
2025-09-14,Amravati,normal,5.3,24.1,29.5,32.4,32.4,15.96,0.5673,0.0195,0.002
2025-09-14,Aurangabad,normal,17.0,21.8,27.2,29.6,29.6,15.96,0.5406,0.0167,0.0018
2025-09-14,Bhubaneswar,normal,10.0,6.4,9.4,10.2,10.2,8.23,0.2488,0.0026,0.0004
2025-09-14,Mumbai,coastal,12.2,15.9,20.6,22.91,22.91,12.42,0.4995,0.0166,0.0014
2025-09-14,Thiruvananthapuram,coastal,0.7,1.0,2.1,2.86,2.86,3.12,0.0827,0.0005,0.0001
2025-09-14,Kochi,coastal,1.8,0.8,1.8,2.5,2.5,3.57,0.0742,0.0004,0.0001
2025-09-14,Mangaluru,coastal,1.1,0.2,0.7,1.4,1.4,2.51,0.0483,0.0002,0.0
2025-09-14,Panaji,coastal,11.4,1.2,2.4,3.3,3.3,3.09,0.0913,0.0006,0.0001
2025-09-14,Chennai,coastal,31.6,1.5,2.9,4.1,4.1,3.43,0.1039,0.0007,0.0001
2025-09-14,Visakhapatnam,coastal,1.2,2.2,3.9,5.4,5.4,3.52,0.1328,0.0011,0.0002
2025-09-14,Puri,coastal,7.2,2.8,4.8,6.2,6.2,4.98,0.1567,0.0014,0.0002
2025-09-14,Kolkata,coastal,6.2,24.8,30.2,37.31,37.31,14.89,0.6165,0.033,0.0024
2025-09-14,Surat,coastal,2.9,3.0,5.1,6.6,6.6,4.81,0.1645,0.0015,0.0002
2025-09-14,Mahabaleshwar,orographic,31.6,26.4,32.6,39.01,39.01,23.15,0.5806,0.0944,0.0196
2025-09-14,Munnar,orographic,0.7,1.8,3.26,2.0,2.0,3.97,0.0959,0.0023,0.001
2025-09-14,Madikeri,orographic,2.8,1.7,3.2,1.9,1.9,5.35,0.0924,0.0022,0.0009
2025-09-14,Ooty,orographic,1.1,3.1,5.2,3.4,3.4,7.14,0.1401,0.0044,0.0016
2025-09-14,Lonavala,orographic,35.4,28.0,34.61,42.42,42.42,20.71,0.5961,0.1028,0.0211
2025-09-14,Wayanad,orographic,1.6,0.3,0.9,0.3,0.3,3.65,0.0428,0.0006,0.0004
2025-09-14,Shimla,orographic,2.7,5.2,8.0,5.8,5.8,3.65,0.2061,0.0087,0.0028
2025-09-14,Dehradun,orographic,12.3,15.2,19.6,19.57,19.57,10.18,0.4337,0.0416,0.0099
2025-09-14,Srinagar,orographic,0.0,0.0,0.0,0.0,0.0,0.14,0.0322,0.0004,0.0002
2025-09-14,Gangtok,orographic,7.1,12.1,16.0,14.1,14.1,7.33,0.3762,0.0296,0.0075
2025-09-14,Guwahati,orographic,16.0,22.8,28.3,32.46,32.46,11.05,0.5416,0.0762,0.0163
2025-09-14,Cherrapunji,orographic,31.2,15.6,20.27,20.4,20.4,9.33,0.4405,0.0433,0.0102
2025-09-14,Imphal,orographic,8.5,36.7,46.11,59.33,59.33,15.47,0.6648,0.1507,0.0296
2025-09-14,Agartala,orographic,20.8,19.4,24.8,26.43,26.43,11.05,0.4983,0.0599,0.0133
2025-09-14,Lucknow,normal,1.7,0.0,0.0,0.0,0.0,1.17,0.0336,0.0001,0.0
2025-09-14,Patna,normal,8.6,9.9,13.6,15.07,15.07,9.52,0.3388,0.0049,0.0007
2025-09-14,Varanasi,normal,16.9,0.4,1.1,1.1,1.1,3.03,0.0483,0.0002,0.0
2025-09-14,Delhi,normal,0.2,0.0,0.0,0.0,0.0,1.17,0.0336,0.0001,0.0
2025-09-14,Kanpur,normal,0.6,0.0,0.0,0.0,0.0,1.17,0.0336,0.0001,0.0
2025-09-14,Ranchi,normal,11.1,14.3,18.82,20.5,20.5,14.38,0.4288,0.0087,0.001
2025-09-14,Jodhpur,normal,0.0,0.0,0.0,0.0,0.0,0.19,0.0336,0.0001,0.0
2025-09-14,Bikaner,normal,0.0,0.0,0.0,0.0,0.0,0.19,0.0336,0.0001,0.0
2025-09-14,Jaisalmer,normal,0.0,0.0,0.0,0.0,0.0,0.19,0.0336,0.0001,0.0
2025-09-14,Hyderabad,normal,7.2,8.3,11.8,13.07,13.07,7.86,0.3,0.0038,0.0005
2025-09-14,Bengaluru,normal,0.0,6.1,8.9,9.8,9.8,6.67,0.2402,0.0024,0.0004
2025-09-14,Pune,normal,36.7,67.3,78.0,72.0,72.0,23.11,0.8019,0.0956,0.0075
2025-09-14,Kurnool,normal,4.1,5.8,8.6,9.5,9.5,5.36,0.2315,0.0023,0.0004
2025-09-14,Madurai,normal,0.9,0.8,1.7,1.86,1.86,2.26,0.0631,0.0002,0.0001
2025-09-15,Nagpur,depression,9.8,36.3,44.7,22.9,44.7,22.79,0.7448,0.0946,0.0057
2025-09-15,Bhopal,active,13.6,7.9,11.1,11.1,11.1,8.43,0.3674,0.0059,0.0038
2025-09-15,Raipur,depression,30.0,34.0,41.9,17.94,41.9,19.66,0.7309,0.0859,0.0052
2025-09-15,Jabalpur,active,11.8,16.6,21.37,21.37,21.37,13.93,0.5559,0.0181,0.0093
2025-09-15,Akola,active,19.9,18.1,23.3,23.3,23.3,17.32,0.5785,0.0207,0.0104
2025-09-15,Amravati,active,23.7,16.8,21.7,21.7,21.7,18.47,0.559,0.0184,0.0095
2025-09-15,Aurangabad,depression,23.5,24.9,30.46,6.16,30.46,18.56,0.6593,0.0538,0.0035
2025-09-15,Bhubaneswar,active,7.5,19.2,24.6,24.6,24.6,17.75,0.5938,0.0227,0.0112
2025-09-15,Mumbai,depression,65.5,31.0,37.4,13.83,65.83,19.81,0.7106,0.0749,0.0046
2025-09-15,Thiruvananthapuram,coastal,8.1,0.3,0.9,1.6,1.6,2.35,0.0526,0.0002,0.0
2025-09-15,Kochi,coastal,5.3,2.7,4.7,5.9,5.9,4.17,0.1528,0.0013,0.0002
2025-09-15,Mangaluru,coastal,17.6,2.1,3.7,5.2,5.2,3.26,0.1287,0.001,0.0001
2025-09-15,Panaji,coastal,6.7,14.2,18.8,20.7,20.7,13.53,0.4697,0.0139,0.0012
2025-09-15,Chennai,coastal,5.1,0.0,0.0,0.0,0.0,1.7,0.0397,0.0002,0.0
2025-09-15,Visakhapatnam,coastal,5.9,1.3,2.6,3.6,3.6,2.97,0.0955,0.0006,0.0001
2025-09-15,Puri,coastal,7.3,27.1,33.41,47.41,47.41,18.94,0.639,0.0378,0.0027
2025-09-15,Kolkata,coastal,23.2,9.3,12.9,14.97,14.97,11.77,0.3636,0.0073,0.0007
2025-09-15,Surat,coastal,0.4,1.2,2.4,3.3,3.3,3.5,0.0913,0.0006,0.0001
2025-09-15,Mahabaleshwar,orographic,23.3,68.9,80.2,89.21,89.21,51.74,0.799,0.3317,0.0647
2025-09-15,Munnar,orographic,3.4,2.8,4.8,3.1,3.1,5.06,0.1301,0.0039,0.0015
2025-09-15,Madikeri,orographic,7.0,3.9,6.0,4.2,4.2,5.82,0.1661,0.0059,0.002
2025-09-15,Ooty,orographic,2.5,17.9,23.1,24.33,24.33,22.36,0.4768,0.0532,0.0121
2025-09-15,Lonavala,orographic,23.1,65.8,76.7,86.11,86.11,51.74,0.7907,0.3151,0.0611
2025-09-15,Wayanad,orographic,2.6,1.7,3.2,1.9,1.9,3.61,0.0924,0.0022,0.0009
2025-09-15,Shimla,orographic,2.5,5.0,7.64,5.6,5.6,4.28,0.2001,0.0082,0.0027
2025-09-15,Dehradun,orographic,19.5,11.1,15.0,12.8,12.8,8.68,0.3554,0.026,0.0067
2025-09-15,Srinagar,orographic,0.0,0.1,0.5,0.1,0.1,0.33,0.0357,0.0005,0.0003
2025-09-15,Gangtok,orographic,14.1,3.3,5.4,3.6,3.6,3.45,0.1467,0.0047,0.0017
2025-09-15,Guwahati,orographic,14.4,29.7,36.2,44.61,44.61,16.72,0.6115,0.1119,0.0227
2025-09-15,Cherrapunji,orographic,3.8,5.4,8.2,6.2,6.2,5.54,0.212,0.0092,0.0029
2025-09-15,Imphal,orographic,22.2,1.9,3.4,2.1,2.1,3.82,0.0994,0.0025,0.001
2025-09-15,Agartala,orographic,10.2,6.5,9.5,7.4,7.4,6.06,0.2434,0.0119,0.0036
2025-09-15,Lucknow,active,1.4,9.9,13.6,13.6,13.6,11.24,0.4219,0.0082,0.005
2025-09-15,Patna,active,17.1,10.2,13.9,13.9,13.9,13.57,0.4293,0.0086,0.0052
2025-09-15,Varanasi,active,17.5,0.3,0.9,0.9,0.9,2.94,0.0624,0.0002,0.0003
2025-09-15,Delhi,active,0.0,0.0,0.0,0.0,0.0,1.31,0.0472,0.0002,0.0002
2025-09-15,Kanpur,active,2.7,0.9,1.9,1.9,1.9,3.49,0.0925,0.0005,0.0005
2025-09-15,Ranchi,active,28.4,9.1,12.8,12.8,12.8,14.09,0.4011,0.0073,0.0045
2025-09-15,Jodhpur,active,0.0,0.0,0.0,0.0,0.0,0.23,0.0472,0.0002,0.0002
2025-09-15,Bikaner,active,0.0,0.0,0.0,0.0,0.0,0.23,0.0472,0.0002,0.0002
2025-09-15,Jaisalmer,active,0.0,0.0,0.0,0.0,0.0,0.23,0.0472,0.0002,0.0002
2025-09-15,Hyderabad,active,4.5,15.2,19.6,19.6,19.6,13.0,0.5327,0.0158,0.0084
2025-09-15,Bengaluru,active,2.0,2.3,4.1,4.1,4.1,4.7,0.1596,0.0011,0.001
2025-09-15,Pune,active,17.8,86.3,88.8,88.8,88.8,43.14,0.8837,0.2098,0.073
2025-09-15,Kurnool,active,0.9,0.0,0.0,0.0,0.0,1.99,0.0472,0.0002,0.0002
2025-09-15,Madurai,active,0.0,0.2,0.7,0.7,0.7,2.13,0.0573,0.0002,0.0003
2025-09-16,Nagpur,depression,15.4,32.7,40.21,16.33,43.8,17.92,0.7225,0.0811,0.005
2025-09-16,Bhopal,active,13.7,16.7,21.47,21.47,23.12,10.08,0.5575,0.0183,0.0094
2025-09-16,Raipur,active,12.2,8.3,11.8,11.8,13.07,8.56,0.379,0.0063,0.004
2025-09-16,Jabalpur,active,8.6,13.2,17.3,17.3,19.4,10.08,0.4957,0.0127,0.007
2025-09-16,Akola,active,16.6,11.0,14.88,14.88,16.2,8.08,0.4485,0.0096,0.0056
2025-09-16,Amravati,active,14.5,18.0,23.2,23.2,25.06,10.75,0.5771,0.0205,0.0103
2025-09-16,Aurangabad,depression,20.8,171.6,157.61,112.57,100.81,22.36,0.9425,0.5729,0.0417
2025-09-16,Bhubaneswar,active,17.3,4.1,6.3,6.3,7.29,5.45,0.2367,0.0023,0.0018
2025-09-16,Mumbai,depression,5.2,24.7,30.1,5.28,37.21,11.08,0.6573,0.0532,0.0035
2025-09-16,Thiruvananthapuram,coastal,1.8,0.2,0.7,1.4,1.4,1.24,0.0483,0.0002,0.0
2025-09-16,Kochi,coastal,10.4,7.4,10.4,12.4,12.4,5.8,0.3123,0.0052,0.0005
2025-09-16,Mangaluru,coastal,14.1,10.2,13.9,15.64,15.64,6.09,0.3857,0.0084,0.0008
2025-09-16,Panaji,coastal,16.2,19.3,24.66,28.52,28.52,10.88,0.551,0.0224,0.0017
2025-09-16,Chennai,coastal,17.3,0.0,0.0,0.0,0.0,0.83,0.0397,0.0002,0.0
2025-09-16,Visakhapatnam,coastal,4.6,10.7,14.5,16.52,16.52,6.09,0.3974,0.009,0.0008
2025-09-16,Puri,depression,14.8,29.9,36.4,10.88,63.31,12.77,0.7025,0.0709,0.0044
2025-09-16,Kolkata,coastal,10.2,11.6,15.4,17.37,17.37,7.97,0.4176,0.0102,0.0009
2025-09-16,Surat,coastal,0.5,2.0,3.6,5.1,5.1,2.41,0.1247,0.0009,0.0001
2025-09-16,Mahabaleshwar,orographic,5.6,17.5,22.8,23.6,23.6,23.12,0.4708,0.0514,0.0117
2025-09-16,Munnar,orographic,4.5,4.4,6.8,4.8,4.8,6.29,0.1818,0.0069,0.0023
2025-09-16,Madikeri,orographic,7.4,11.4,15.3,13.4,13.4,11.3,0.3618,0.0271,0.0069
2025-09-16,Ooty,orographic,1.5,7.2,10.3,8.2,8.2,12.57,0.2624,0.0138,0.004
2025-09-16,Lonavala,orographic,18.5,40.3,50.91,63.26,63.26,39.64,0.6873,0.1712,0.0333
2025-09-16,Wayanad,orographic,5.6,6.0,8.8,6.8,6.8,7.49,0.2294,0.0106,0.0033
2025-09-16,Shimla,orographic,5.5,8.2,11.5,9.5,9.5,4.45,0.2882,0.0166,0.0047
2025-09-16,Dehradun,orographic,26.7,18.7,23.81,25.57,25.57,7.8,0.4884,0.0567,0.0127
2025-09-16,Srinagar,orographic,0.0,1.2,2.4,1.4,1.4,0.68,0.0748,0.0016,0.0007
2025-09-16,Gangtok,orographic,9.5,4.3,6.6,4.8,4.8,2.58,0.1787,0.0067,0.0023
2025-09-16,Guwahati,orographic,30.2,13.3,17.4,15.83,15.83,7.1,0.3996,0.0341,0.0084
2025-09-16,Cherrapunji,orographic,16.1,12.6,16.6,14.68,14.68,5.79,0.3861,0.0314,0.0078
2025-09-16,Imphal,orographic,24.9,1.5,2.9,1.7,1.7,1.26,0.0854,0.0019,0.0008
2025-09-16,Agartala,orographic,5.9,9.5,13.1,11.0,11.0,4.56,0.3197,0.0207,0.0056
2025-09-16,Lucknow,active,10.2,6.6,9.6,9.6,10.4,7.96,0.3271,0.0045,0.0031
2025-09-16,Patna,active,5.7,21.8,27.2,27.2,29.6,12.83,0.6262,0.0276,0.0131
2025-09-16,Varanasi,active,31.9,20.1,25.6,25.6,27.41,12.06,0.6056,0.0243,0.0118
2025-09-16,Delhi,active,0.1,0.0,0.0,0.0,0.0,0.89,0.0472,0.0002,0.0002
2025-09-16,Kanpur,active,6.5,7.1,10.2,10.2,11.13,6.86,0.3431,0.005,0.0034
2025-09-16,Ranchi,active,7.2,13.7,18.1,18.1,19.9,10.96,0.5054,0.0135,0.0074
2025-09-16,Jodhpur,active,0.0,0.0,0.0,0.0,0.0,0.0,0.0472,0.0002,0.0002
2025-09-16,Bikaner,active,0.0,0.0,0.0,0.0,0.0,0.0,0.0472,0.0002,0.0002
2025-09-16,Jaisalmer,active,0.0,0.0,0.0,0.0,0.0,0.0,0.0472,0.0002,0.0002
2025-09-16,Hyderabad,active,7.6,15.9,20.6,20.6,22.11,8.32,0.5446,0.0169,0.0089
2025-09-16,Bengaluru,active,4.7,6.4,9.4,9.4,10.2,4.14,0.3205,0.0043,0.003
2025-09-16,Pune,active,5.2,22.3,27.5,27.5,30.5,12.84,0.6319,0.0286,0.0135
2025-09-16,Kurnool,active,7.1,4.3,6.6,6.6,7.5,3.41,0.2446,0.0025,0.0019
2025-09-16,Madurai,active,12.0,0.3,0.9,0.9,1.0,1.4,0.0624,0.0002,0.0003
2025-09-17,Nagpur,normal,13.5,17.9,23.11,25.01,25.01,17.0,0.4878,0.0123,0.0014
2025-09-17,Bhopal,normal,6.9,7.7,10.8,12.12,12.12,11.24,0.2844,0.0034,0.0005
2025-09-17,Raipur,normal,1.3,14.8,19.37,20.8,20.8,13.68,0.4377,0.0091,0.0011
2025-09-17,Jabalpur,normal,11.8,20.5,26.26,28.0,28.0,17.51,0.5241,0.0152,0.0016
2025-09-17,Akola,normal,3.8,13.7,18.1,19.9,19.9,13.22,0.4178,0.0081,0.001
2025-09-17,Amravati,normal,2.2,21.4,27.0,28.9,28.9,17.44,0.5356,0.0162,0.0017
2025-09-17,Aurangabad,normal,13.5,10.0,13.7,15.2,15.2,16.92,0.3411,0.005,0.0007
2025-09-17,Bhubaneswar,normal,5.6,14.6,19.2,20.7,20.7,12.21,0.4342,0.0089,0.0011
2025-09-17,Mumbai,coastal,25.7,9.2,12.8,14.9,14.9,10.42,0.3611,0.0072,0.0007
2025-09-17,Thiruvananthapuram,coastal,2.2,0.3,0.9,1.6,1.6,2.24,0.0526,0.0002,0.0
2025-09-17,Kochi,coastal,38.5,6.6,9.6,11.68,11.68,9.08,0.2886,0.0044,0.0005
2025-09-17,Mangaluru,coastal,11.1,16.3,21.0,23.2,23.2,14.04,0.5061,0.0172,0.0014
2025-09-17,Panaji,coastal,24.0,14.0,18.6,20.6,20.6,13.63,0.466,0.0136,0.0012
2025-09-17,Chennai,coastal,15.9,1.6,3.0,4.46,4.46,3.6,0.1081,0.0007,0.0001
2025-09-17,Visakhapatnam,coastal,0.5,0.0,0.0,0.0,0.0,1.99,0.0397,0.0002,0.0
2025-09-17,Puri,coastal,0.5,0.4,1.1,1.7,1.7,3.41,0.0569,0.0003,0.0001
2025-09-17,Kolkata,coastal,17.3,20.3,25.86,29.86,29.86,15.47,0.5643,0.0242,0.0019
2025-09-17,Surat,coastal,6.1,13.9,18.4,20.35,20.35,12.04,0.4641,0.0135,0.0012
2025-09-17,Mahabaleshwar,orographic,10.9,9.9,13.6,11.4,11.4,16.87,0.329,0.0219,0.0059
2025-09-17,Munnar,orographic,6.5,28.7,35.3,43.76,43.76,25.57,0.6026,0.1065,0.0218
2025-09-17,Madikeri,orographic,9.5,14.7,19.3,18.7,18.7,18.78,0.4251,0.0396,0.0095
2025-09-17,Ooty,orographic,3.2,13.7,18.1,16.7,16.7,19.84,0.4071,0.0356,0.0087
2025-09-17,Lonavala,orographic,15.6,9.9,13.6,11.4,11.4,20.23,0.329,0.0219,0.0059
2025-09-17,Wayanad,orographic,9.8,10.0,13.7,11.5,11.5,15.2,0.3312,0.0223,0.0059
2025-09-17,Shimla,orographic,0.4,2.9,4.9,3.2,3.2,3.15,0.1335,0.004,0.0015
2025-09-17,Dehradun,orographic,6.6,10.7,14.5,12.5,12.5,7.69,0.3468,0.0246,0.0064
2025-09-17,Srinagar,orographic,0.0,0.1,0.5,0.1,0.1,0.64,0.0357,0.0005,0.0003
2025-09-17,Gangtok,orographic,18.3,5.4,8.2,6.2,6.2,4.35,0.212,0.0092,0.0029
2025-09-17,Guwahati,orographic,9.2,12.7,16.7,14.86,14.86,8.99,0.3881,0.0318,0.0079
2025-09-17,Cherrapunji,orographic,14.5,7.7,10.8,8.8,8.8,6.3,0.2755,0.0152,0.0043
2025-09-17,Imphal,orographic,2.1,3.9,6.0,4.2,4.2,2.77,0.1661,0.0059,0.002
2025-09-17,Agartala,orographic,0.6,5.5,8.3,6.4,6.4,5.0,0.215,0.0094,0.003
2025-09-17,Lucknow,normal,4.1,1.9,3.4,3.85,3.85,5.38,0.1034,0.0005,0.0001
2025-09-17,Patna,normal,15.2,3.6,5.8,6.5,6.5,8.4,0.1624,0.0012,0.0002
2025-09-17,Varanasi,normal,14.2,14.3,18.82,20.5,20.5,16.13,0.4288,0.0087,0.001
2025-09-17,Delhi,normal,0.2,0.3,0.9,1.0,1.0,2.68,0.0446,0.0001,0.0
2025-09-17,Kanpur,normal,3.0,0.5,1.2,1.3,1.3,4.29,0.052,0.0002,0.0
2025-09-17,Ranchi,normal,5.3,16.3,21.0,22.6,22.6,16.78,0.463,0.0106,0.0012
2025-09-17,Jodhpur,normal,0.0,0.0,0.0,0.0,0.0,0.27,0.0336,0.0001,0.0
2025-09-17,Bikaner,normal,0.0,0.0,0.0,0.0,0.0,0.27,0.0336,0.0001,0.0
2025-09-17,Jaisalmer,normal,0.0,0.0,0.0,0.0,0.0,0.27,0.0336,0.0001,0.0
2025-09-17,Hyderabad,normal,1.2,20.0,25.46,27.36,27.36,14.36,0.5175,0.0146,0.0016
2025-09-17,Bengaluru,normal,10.7,35.2,43.7,44.91,44.91,18.09,0.6645,0.0354,0.0032
2025-09-17,Pune,normal,13.8,6.4,9.4,10.2,10.2,7.35,0.2488,0.0026,0.0004
2025-09-17,Kurnool,normal,12.3,5.8,8.6,9.5,9.5,6.42,0.2315,0.0023,0.0004
2025-09-17,Madurai,normal,16.4,2.9,4.9,5.5,5.5,4.08,0.1387,0.0009,0.0002
2025-09-18,Nagpur,depression,3.1,26.7,33.1,7.99,35.71,18.89,0.6761,0.0598,0.0038
2025-09-18,Bhopal,normal,8.0,15.1,19.5,20.91,20.91,13.78,0.4429,0.0094,0.0011
2025-09-18,Raipur,normal,0.9,1.8,3.3,3.7,3.7,4.98,0.0998,0.0005,0.0001
2025-09-18,Jabalpur,depression,11.7,29.8,36.21,10.51,41.7,19.02,0.7017,0.0706,0.0044
2025-09-18,Akola,normal,3.8,15.2,19.6,21.01,21.01,15.09,0.4447,0.0095,0.0011
2025-09-18,Amravati,normal,2.5,16.0,20.7,22.2,22.2,15.13,0.4581,0.0103,0.0012
2025-09-18,Aurangabad,depression,13.4,30.0,36.51,11.07,41.7,17.19,0.7032,0.0713,0.0044
2025-09-18,Bhubaneswar,normal,0.3,0.0,0.0,0.0,0.0,2.56,0.0336,0.0001,0.0
2025-09-18,Mumbai,coastal,10.4,1.3,2.6,3.6,3.6,3.55,0.0955,0.0006,0.0001
2025-09-18,Thiruvananthapuram,coastal,1.5,0.1,0.5,1.1,1.1,1.58,0.044,0.0002,0.0
2025-09-18,Kochi,coastal,10.3,15.3,19.7,22.0,22.0,14.11,0.4893,0.0156,0.0013
2025-09-18,Mangaluru,depression,15.2,49.8,62.41,51.98,100.11,28.41,0.8052,0.1488,0.0085
2025-09-18,Panaji,coastal,11.1,19.0,24.4,28.1,28.1,16.38,0.5468,0.0218,0.0017
2025-09-18,Chennai,coastal,6.2,2.1,3.7,5.2,5.2,3.41,0.1287,0.001,0.0001
2025-09-18,Visakhapatnam,coastal,0.6,0.0,0.0,0.0,0.0,1.24,0.0397,0.0002,0.0
2025-09-18,Puri,coastal,0.0,0.0,0.0,0.0,0.0,1.33,0.0397,0.0002,0.0
2025-09-18,Kolkata,coastal,4.3,9.5,13.1,15.07,15.07,10.91,0.3687,0.0076,0.0007
2025-09-18,Surat,coastal,3.1,2.4,4.2,5.7,5.7,4.61,0.1409,0.0012,0.0002
2025-09-18,Mahabaleshwar,orographic,13.8,32.9,40.66,51.11,51.11,26.38,0.6376,0.1294,0.0258
2025-09-18,Munnar,orographic,2.8,6.3,9.1,7.1,7.1,13.15,0.2379,0.0114,0.0035
2025-09-18,Madikeri,orographic,10.3,6.9,9.9,7.9,7.9,15.18,0.2544,0.013,0.0038
2025-09-18,Ooty,orographic,3.1,10.0,13.7,11.5,11.5,17.46,0.3312,0.0223,0.0059
2025-09-18,Lonavala,orographic,21.2,7.6,10.6,8.6,8.6,14.36,0.2729,0.0149,0.0043
2025-09-18,Wayanad,orographic,7.4,2.9,5.0,3.3,3.3,6.43,0.1335,0.004,0.0015
2025-09-18,Shimla,orographic,5.3,0.7,1.62,0.9,0.9,1.5,0.057,0.001,0.0005
2025-09-18,Dehradun,orographic,2.7,12.7,16.7,14.86,14.86,8.99,0.3881,0.0318,0.0079
2025-09-18,Srinagar,orographic,0.0,0.2,0.7,0.2,0.2,0.5,0.0392,0.0006,0.0003
2025-09-18,Gangtok,orographic,3.4,4.2,6.5,4.7,4.7,3.84,0.1756,0.0065,0.0022
2025-09-18,Guwahati,orographic,7.3,24.4,29.91,35.5,35.5,12.05,0.5597,0.0841,0.0178
2025-09-18,Cherrapunji,orographic,4.2,17.3,22.6,23.4,23.4,10.68,0.4677,0.0505,0.0116
2025-09-18,Imphal,orographic,3.8,4.5,6.9,4.96,4.96,3.73,0.1849,0.0071,0.0024
2025-09-18,Agartala,orographic,6.2,11.5,15.4,13.43,13.43,6.97,0.3639,0.0274,0.007
2025-09-18,Lucknow,normal,13.3,10.4,14.2,15.5,15.5,10.1,0.3502,0.0053,0.0007
2025-09-18,Patna,normal,1.0,12.5,16.5,18.7,18.7,12.73,0.3947,0.007,0.0009
2025-09-18,Varanasi,normal,5.2,8.7,12.2,13.6,13.6,13.04,0.31,0.0041,0.0006
2025-09-18,Delhi,normal,1.6,0.3,0.9,1.0,1.0,2.72,0.0446,0.0001,0.0
2025-09-18,Kanpur,normal,2.8,10.6,14.3,15.72,15.72,10.15,0.3547,0.0055,0.0007
2025-09-18,Ranchi,normal,0.5,16.6,21.37,22.9,22.9,17.97,0.4678,0.0109,0.0012
2025-09-18,Jodhpur,normal,0.0,0.0,0.0,0.0,0.0,0.17,0.0336,0.0001,0.0
2025-09-18,Bikaner,normal,0.0,0.0,0.0,0.0,0.0,0.17,0.0336,0.0001,0.0
2025-09-18,Jaisalmer,normal,0.0,0.0,0.0,0.0,0.0,0.17,0.0336,0.0001,0.0
2025-09-18,Hyderabad,normal,6.3,4.0,6.2,7.2,7.2,5.7,0.1756,0.0014,0.0002
2025-09-18,Bengaluru,normal,16.5,2.9,4.9,5.5,5.5,5.14,0.1387,0.0009,0.0002
2025-09-18,Pune,normal,19.5,9.7,13.4,14.9,14.9,9.1,0.3341,0.0048,0.0006
2025-09-18,Kurnool,normal,24.2,16.2,20.9,22.4,22.4,11.96,0.4614,0.0105,0.0012
2025-09-18,Madurai,normal,10.6,1.7,3.2,3.5,3.5,3.68,0.0962,0.0005,0.0001
2025-09-19,Nagpur,normal,1.2,6.9,9.9,10.9,10.9,8.92,0.2628,0.0029,0.0004
2025-09-19,Bhopal,normal,12.9,14.4,18.9,20.5,20.5,11.07,0.4306,0.0088,0.001
2025-09-19,Raipur,normal,1.6,0.6,1.4,1.5,1.5,2.93,0.0557,0.0002,0.0001
2025-09-19,Jabalpur,normal,8.4,9.5,13.1,14.7,14.7,9.6,0.3294,0.0046,0.0006
2025-09-19,Akola,normal,22.4,10.0,13.7,15.2,15.2,8.99,0.3411,0.005,0.0007
2025-09-19,Amravati,normal,18.4,11.4,15.3,16.7,16.7,8.99,0.3721,0.0061,0.0008
2025-09-19,Aurangabad,depression,22.9,35.2,43.7,20.03,44.91,17.96,0.7383,0.0904,0.0055
2025-09-19,Bhubaneswar,normal,0.5,0.0,0.0,0.0,0.0,1.16,0.0336,0.0001,0.0
2025-09-19,Mumbai,coastal,8.2,3.3,5.45,7.2,7.2,5.1,0.176,0.0017,0.0002
2025-09-19,Thiruvananthapuram,coastal,4.3,0.0,0.0,0.0,0.0,1.38,0.0397,0.0002,0.0
2025-09-19,Kochi,coastal,7.5,2.7,4.7,5.9,5.9,5.14,0.1528,0.0013,0.0002
2025-09-19,Mangaluru,coastal,5.4,4.3,6.6,8.7,8.7,8.37,0.2128,0.0024,0.0003
2025-09-19,Panaji,coastal,6.7,14.8,19.37,21.59,21.59,12.44,0.4806,0.0148,0.0013
2025-09-19,Chennai,coastal,3.0,8.9,12.5,14.72,14.72,8.46,0.3534,0.0069,0.0007
2025-09-19,Visakhapatnam,coastal,2.2,0.3,0.9,1.6,1.6,2.67,0.0526,0.0002,0.0
2025-09-19,Puri,coastal,0.0,0.0,0.0,0.0,0.0,1.44,0.0397,0.0002,0.0
2025-09-19,Kolkata,coastal,7.0,9.5,13.1,15.07,15.07,9.91,0.3687,0.0076,0.0007
2025-09-19,Surat,coastal,4.8,0.6,1.5,2.2,2.2,3.84,0.0655,0.0003,0.0001
2025-09-19,Mahabaleshwar,orographic,12.8,17.2,22.4,23.37,23.37,19.78,0.4662,0.0501,0.0115
2025-09-19,Munnar,orographic,1.3,2.2,3.9,2.4,2.4,6.11,0.1097,0.0029,0.0012
2025-09-19,Madikeri,orographic,6.1,3.4,5.5,3.6,3.6,7.95,0.15,0.0049,0.0018
2025-09-19,Ooty,orographic,2.5,2.9,4.9,3.2,3.2,6.84,0.1335,0.004,0.0015
2025-09-19,Lonavala,orographic,9.3,16.1,20.8,21.12,21.12,17.73,0.4488,0.0454,0.0106
2025-09-19,Wayanad,orographic,2.3,1.1,2.3,1.4,1.4,5.21,0.0712,0.0014,0.0007
2025-09-19,Shimla,orographic,0.6,0.0,0.0,0.0,0.0,0.6,0.0322,0.0004,0.0002
2025-09-19,Dehradun,orographic,1.4,7.2,10.3,8.2,8.2,6.08,0.2624,0.0138,0.004
2025-09-19,Srinagar,orographic,0.0,0.0,0.0,0.0,0.0,0.23,0.0322,0.0004,0.0002
2025-09-19,Gangtok,orographic,14.0,4.4,6.8,4.8,4.8,3.96,0.1818,0.0069,0.0023
2025-09-19,Guwahati,orographic,8.9,10.3,14.0,12.1,12.1,6.88,0.338,0.0233,0.0061
2025-09-19,Cherrapunji,orographic,6.0,14.6,19.2,18.62,18.62,8.99,0.4233,0.0392,0.0094
2025-09-19,Imphal,orographic,3.4,0.8,1.8,1.0,1.0,2.74,0.0606,0.0011,0.0005
2025-09-19,Agartala,orographic,4.0,4.4,6.8,4.8,4.8,4.74,0.1818,0.0069,0.0023
2025-09-19,Lucknow,normal,9.6,5.4,8.2,9.0,9.0,8.85,0.2195,0.002,0.0003
2025-09-19,Patna,normal,0.7,5.8,8.6,9.5,9.5,9.41,0.2315,0.0023,0.0004
2025-09-19,Varanasi,normal,6.2,12.0,15.9,17.9,17.9,11.16,0.3846,0.0066,0.0008
2025-09-19,Delhi,normal,0.7,0.0,0.0,0.0,0.0,1.53,0.0336,0.0001,0.0
2025-09-19,Kanpur,normal,3.1,4.3,6.6,7.5,7.5,8.18,0.1853,0.0015,0.0003
2025-09-19,Ranchi,normal,7.9,2.0,3.6,4.1,4.1,5.5,0.107,0.0006,0.0001
2025-09-19,Jodhpur,normal,0.0,0.0,0.0,0.0,0.0,0.25,0.0336,0.0001,0.0
2025-09-19,Bikaner,normal,0.0,0.0,0.0,0.0,0.0,0.25,0.0336,0.0001,0.0
2025-09-19,Jaisalmer,normal,0.0,0.0,0.0,0.0,0.0,0.25,0.0336,0.0001,0.0
2025-09-19,Hyderabad,normal,16.2,4.7,7.2,8.0,8.0,5.5,0.198,0.0017,0.0003
2025-09-19,Bengaluru,normal,6.8,1.2,2.5,2.8,2.8,3.7,0.0779,0.0003,0.0001
2025-09-19,Pune,normal,12.4,14.6,19.2,20.7,20.7,10.19,0.4342,0.0089,0.0011
2025-09-19,Kurnool,normal,7.4,6.3,9.1,9.93,9.93,6.83,0.246,0.0025,0.0004
2025-09-19,Madurai,normal,1.3,2.9,4.9,5.5,5.5,4.01,0.1387,0.0009,0.0002
2025-09-20,Nagpur,normal,2.7,11.7,15.5,17.21,17.21,8.44,0.3784,0.0064,0.0008
2025-09-20,Bhopal,normal,8.3,7.1,10.1,11.1,11.1,7.68,0.2683,0.003,0.0004
2025-09-20,Raipur,normal,0.6,1.6,3.0,3.4,3.4,2.42,0.0925,0.0005,0.0001
2025-09-20,Jabalpur,normal,7.7,8.1,11.4,12.7,12.7,7.95,0.2949,0.0037,0.0005
2025-09-20,Akola,normal,2.3,2.7,4.7,5.3,5.3,4.32,0.1317,0.0008,0.0002
2025-09-20,Amravati,normal,3.6,3.3,5.45,6.1,6.1,4.86,0.1523,0.0011,0.0002
2025-09-20,Aurangabad,normal,8.3,27.0,33.4,36.35,36.35,16.86,0.5973,0.0234,0.0023
2025-09-20,Bhubaneswar,normal,8.1,2.7,4.7,5.3,5.3,2.88,0.1317,0.0008,0.0002
2025-09-20,Mumbai,coastal,12.3,7.9,11.1,13.2,13.2,8.68,0.3265,0.0058,0.0006
2025-09-20,Thiruvananthapuram,coastal,0.8,0.0,0.0,0.0,0.0,1.01,0.0397,0.0002,0.0
2025-09-20,Kochi,coastal,1.9,3.4,5.5,7.29,7.29,4.99,0.1798,0.0018,0.0002
2025-09-20,Mangaluru,coastal,2.5,2.7,4.7,5.9,5.9,4.83,0.1528,0.0013,0.0002
2025-09-20,Panaji,coastal,2.0,4.3,6.6,8.7,8.7,6.28,0.2128,0.0024,0.0003
2025-09-20,Chennai,coastal,5.5,13.1,17.2,19.22,19.22,11.91,0.4487,0.0123,0.0011
2025-09-20,Visakhapatnam,coastal,16.3,2.2,3.9,5.4,5.4,3.41,0.1328,0.0011,0.0002
2025-09-20,Puri,coastal,11.2,9.0,12.6,14.8,14.8,8.41,0.356,0.007,0.0007
2025-09-20,Kolkata,coastal,10.6,0.6,1.5,2.2,2.2,3.17,0.0655,0.0003,0.0001
2025-09-20,Surat,coastal,11.5,1.0,2.1,2.86,2.86,2.71,0.0827,0.0005,0.0001
2025-09-20,Mahabaleshwar,orographic,13.0,21.2,26.8,28.69,28.69,19.83,0.5221,0.0684,0.0149
2025-09-20,Munnar,orographic,2.1,0.1,0.5,0.1,0.1,2.13,0.0357,0.0005,0.0003
2025-09-20,Madikeri,orographic,8.3,3.8,5.95,4.11,4.11,6.94,0.1629,0.0057,0.002
2025-09-20,Ooty,orographic,2.4,0.3,0.9,0.3,0.3,2.92,0.0428,0.0006,0.0004
2025-09-20,Lonavala,orographic,11.5,10.4,14.2,12.2,12.2,12.93,0.3402,0.0236,0.0062
2025-09-20,Wayanad,orographic,4.7,2.7,4.7,3.1,3.1,4.85,0.1268,0.0037,0.0014
2025-09-20,Shimla,orographic,0.2,0.0,0.0,0.0,0.0,0.0,0.0322,0.0004,0.0002
2025-09-20,Dehradun,orographic,0.5,0.5,1.2,0.6,0.6,1.58,0.0499,0.0008,0.0004
2025-09-20,Srinagar,orographic,0.0,0.0,0.0,0.0,0.0,0.0,0.0322,0.0004,0.0002
2025-09-20,Gangtok,orographic,8.8,8.0,11.3,9.2,9.2,5.09,0.2832,0.016,0.0045
2025-09-20,Guwahati,orographic,1.2,19.2,24.6,26.3,26.3,9.53,0.4955,0.059,0.0132
2025-09-20,Cherrapunji,orographic,1.9,7.9,11.1,9.1,9.1,5.5,0.2806,0.0158,0.0045
2025-09-20,Imphal,orographic,2.6,1.4,2.8,1.63,1.63,1.63,0.0818,0.0018,0.0008
2025-09-20,Agartala,orographic,6.3,3.7,5.9,4.1,4.1,3.14,0.1597,0.0055,0.0019
2025-09-20,Lucknow,normal,1.3,0.4,1.1,1.1,1.1,3.39,0.0483,0.0002,0.0
2025-09-20,Patna,normal,2.3,1.3,2.6,2.9,2.9,3.84,0.0816,0.0004,0.0001
2025-09-20,Varanasi,normal,2.8,1.1,2.3,2.5,2.5,3.93,0.0742,0.0003,0.0001
2025-09-20,Delhi,normal,0.0,0.0,0.0,0.0,0.0,0.68,0.0336,0.0001,0.0
2025-09-20,Kanpur,normal,0.6,0.0,0.0,0.0,0.0,1.66,0.0336,0.0001,0.0
2025-09-20,Ranchi,normal,2.2,9.5,13.1,14.7,14.7,7.49,0.3294,0.0046,0.0006
2025-09-20,Jodhpur,normal,0.0,0.0,0.0,0.0,0.0,0.0,0.0336,0.0001,0.0
2025-09-20,Bikaner,normal,0.0,0.0,0.0,0.0,0.0,0.0,0.0336,0.0001,0.0
2025-09-20,Jaisalmer,normal,0.0,0.0,0.0,0.0,0.0,0.0,0.0336,0.0001,0.0
2025-09-20,Hyderabad,normal,2.2,4.5,6.9,7.8,7.8,4.87,0.1917,0.0016,0.0003
2025-09-20,Bengaluru,normal,16.2,10.8,14.7,16.0,16.0,5.58,0.3591,0.0056,0.0007
2025-09-20,Pune,normal,7.7,10.5,14.3,15.6,15.6,7.17,0.3525,0.0054,0.0007
2025-09-20,Kurnool,normal,2.2,2.2,3.9,4.5,4.5,3.93,0.1141,0.0006,0.0001
2025-09-20,Madurai,normal,0.1,0.0,0.0,0.0,0.0,1.42,0.0336,0.0001,0.0
2025-09-21,Nagpur,normal,8.9,0.8,1.8,2.0,2.0,2.32,0.0631,0.0002,0.0001
2025-09-21,Bhopal,normal,4.6,0.6,1.4,1.5,1.5,2.39,0.0557,0.0002,0.0001
2025-09-21,Raipur,normal,6.0,5.6,8.4,9.23,9.23,4.0,0.2255,0.0021,0.0003
2025-09-21,Jabalpur,normal,0.2,0.6,1.5,1.6,1.6,2.39,0.0557,0.0002,0.0001
2025-09-21,Akola,normal,7.7,5.2,8.0,8.73,8.73,4.04,0.2135,0.0019,0.0003
2025-09-21,Amravati,normal,17.7,8.1,11.4,12.7,12.7,6.03,0.2949,0.0037,0.0005
2025-09-21,Aurangabad,normal,6.0,6.4,9.4,10.2,10.2,5.94,0.2488,0.0026,0.0004
2025-09-21,Bhubaneswar,normal,9.7,0.7,1.6,1.7,1.7,2.03,0.0594,0.0002,0.0001
2025-09-21,Mumbai,coastal,15.7,3.7,5.9,8.0,8.0,5.07,0.191,0.002,0.0003
2025-09-21,Thiruvananthapuram,coastal,0.2,0.0,0.0,0.0,0.0,0.81,0.0397,0.0002,0.0
2025-09-21,Kochi,coastal,5.0,7.3,10.4,12.4,12.4,7.8,0.3094,0.0051,0.0005
2025-09-21,Mangaluru,coastal,2.3,0.1,0.5,1.1,1.1,1.56,0.044,0.0002,0.0
2025-09-21,Panaji,coastal,2.6,3.9,6.0,8.1,8.1,4.88,0.1984,0.0021,0.0003
2025-09-21,Chennai,coastal,0.7,5.7,8.6,10.5,10.5,6.69,0.2604,0.0036,0.0004
2025-09-21,Visakhapatnam,coastal,11.6,3.2,5.3,6.75,6.75,4.1,0.1722,0.0017,0.0002
2025-09-21,Puri,coastal,11.0,3.8,5.95,8.04,8.04,5.08,0.1947,0.0021,0.0003
2025-09-21,Kolkata,coastal,10.7,6.8,9.8,11.83,11.83,7.08,0.2947,0.0046,0.0005
2025-09-21,Surat,coastal,11.1,16.7,21.47,24.2,24.2,11.99,0.5125,0.0179,0.0015
2025-09-21,Mahabaleshwar,orographic,13.2,5.4,8.2,6.2,6.2,8.23,0.212,0.0092,0.0029
2025-09-21,Munnar,orographic,3.6,3.6,5.8,3.9,3.9,3.72,0.1565,0.0053,0.0019
2025-09-21,Madikeri,orographic,5.5,2.5,4.4,2.9,2.9,5.23,0.12,0.0034,0.0013
2025-09-21,Ooty,orographic,2.2,2.8,4.8,3.1,3.1,3.71,0.1301,0.0039,0.0015
2025-09-21,Lonavala,orographic,8.2,7.7,10.8,8.8,8.8,10.5,0.2755,0.0152,0.0043
2025-09-21,Wayanad,orographic,7.6,3.5,5.6,3.8,3.8,5.05,0.1532,0.0051,0.0018
2025-09-21,Shimla,orographic,0.2,0.0,0.0,0.0,0.0,0.0,0.0322,0.0004,0.0002
2025-09-21,Dehradun,orographic,0.0,0.0,0.0,0.0,0.0,0.16,0.0322,0.0004,0.0002
2025-09-21,Srinagar,orographic,0.0,0.0,0.0,0.0,0.0,0.0,0.0322,0.0004,0.0002
2025-09-21,Gangtok,orographic,3.9,5.2,8.0,5.8,5.8,4.45,0.2061,0.0087,0.0028
2025-09-21,Guwahati,orographic,1.6,12.3,16.3,14.3,14.3,6.32,0.3802,0.0303,0.0076
2025-09-21,Cherrapunji,orographic,4.6,7.5,10.5,8.5,8.5,4.97,0.2703,0.0146,0.0042
2025-09-21,Imphal,orographic,0.1,19.9,25.3,27.0,27.0,8.11,0.5051,0.0623,0.0138
2025-09-21,Agartala,orographic,23.3,2.3,4.2,2.7,2.7,2.3,0.1132,0.0031,0.0012
2025-09-21,Lucknow,normal,0.1,0.0,0.0,0.0,0.0,0.78,0.0336,0.0001,0.0
2025-09-21,Patna,normal,2.8,2.0,3.6,4.1,4.1,2.92,0.107,0.0006,0.0001
2025-09-21,Varanasi,normal,1.9,0.1,0.5,0.5,0.5,1.35,0.0373,0.0001,0.0
2025-09-21,Delhi,normal,0.0,0.0,0.0,0.0,0.0,0.47,0.0336,0.0001,0.0
2025-09-21,Kanpur,normal,0.0,0.0,0.0,0.0,0.0,0.47,0.0336,0.0001,0.0
2025-09-21,Ranchi,normal,0.4,4.6,7.1,7.9,7.9,6.02,0.1948,0.0016,0.0003
2025-09-21,Jodhpur,normal,0.0,0.0,0.0,0.0,0.0,0.0,0.0336,0.0001,0.0
2025-09-21,Bikaner,normal,0.0,0.0,0.0,0.0,0.0,0.0,0.0336,0.0001,0.0
2025-09-21,Jaisalmer,normal,0.0,0.0,0.0,0.0,0.0,0.0,0.0336,0.0001,0.0
2025-09-21,Hyderabad,normal,9.3,7.6,10.6,12.0,12.0,5.78,0.2818,0.0033,0.0005
2025-09-21,Bengaluru,normal,3.5,9.4,13.0,14.57,14.57,7.05,0.3271,0.0046,0.0006
2025-09-21,Pune,normal,3.2,0.3,0.9,1.0,1.0,2.04,0.0446,0.0001,0.0
2025-09-21,Kurnool,normal,2.2,10.5,14.3,15.6,15.6,5.35,0.3525,0.0054,0.0007
2025-09-21,Madurai,normal,3.4,0.0,0.0,0.0,0.0,0.38,0.0336,0.0001,0.0
2025-09-22,Nagpur,normal,5.6,0.6,1.4,1.5,1.5,2.19,0.0557,0.0002,0.0001
2025-09-22,Bhopal,normal,0.0,0.0,0.0,0.0,0.0,1.02,0.0336,0.0001,0.0
2025-09-22,Raipur,normal,9.4,0.0,0.0,0.0,0.0,1.71,0.0336,0.0001,0.0
2025-09-22,Jabalpur,normal,0.0,0.0,0.0,0.0,0.0,1.02,0.0336,0.0001,0.0
2025-09-22,Akola,normal,53.4,19.5,24.8,26.81,26.81,11.29,0.5107,0.014,0.0015
2025-09-22,Amravati,normal,18.2,5.3,8.0,8.9,8.9,6.47,0.2165,0.002,0.0003
2025-09-22,Aurangabad,normal,10.4,24.9,30.46,33.26,33.26,11.55,0.576,0.0206,0.0021
2025-09-22,Bhubaneswar,normal,7.4,15.2,19.6,21.01,21.01,7.83,0.4447,0.0095,0.0011
2025-09-22,Mumbai,coastal,17.0,23.0,28.4,35.11,35.11,14.3,0.597,0.0293,0.0022
2025-09-22,Thiruvananthapuram,coastal,1.2,1.4,2.8,3.9,3.9,2.77,0.0997,0.0007,0.0001
2025-09-22,Kochi,coastal,4.0,15.0,19.5,21.71,21.71,11.91,0.4841,0.0151,0.0013
2025-09-22,Mangaluru,coastal,22.4,4.0,6.2,8.3,8.3,4.7,0.202,0.0022,0.0003
2025-09-22,Panaji,coastal,3.7,2.0,3.6,5.1,5.1,4.18,0.1247,0.0009,0.0001
2025-09-22,Chennai,coastal,3.4,0.8,1.8,2.5,2.5,3.22,0.0742,0.0004,0.0001
2025-09-22,Visakhapatnam,coastal,11.8,3.1,5.2,6.7,6.7,5.29,0.1684,0.0016,0.0002
2025-09-22,Puri,coastal,12.2,5.7,8.6,10.5,10.5,7.31,0.2604,0.0036,0.0004
2025-09-22,Kolkata,coastal,11.1,10.8,14.7,16.7,16.7,9.2,0.3997,0.0092,0.0009
2025-09-22,Surat,coastal,13.1,20.8,26.4,30.31,30.31,13.17,0.5707,0.0251,0.0019
2025-09-22,Mahabaleshwar,orographic,8.8,8.7,12.3,10.2,10.2,12.69,0.3006,0.0181,0.005
2025-09-22,Munnar,orographic,0.8,5.7,8.6,6.5,6.5,9.47,0.2208,0.0099,0.0031
2025-09-22,Madikeri,orographic,13.4,5.8,8.6,6.6,6.6,8.44,0.2237,0.0101,0.0031
2025-09-22,Ooty,orographic,2.2,5.7,8.6,6.5,6.5,8.44,0.2208,0.0099,0.0031
2025-09-22,Lonavala,orographic,23.1,16.0,20.7,21.0,21.0,16.19,0.4471,0.0449,0.0105
2025-09-22,Wayanad,orographic,5.7,2.7,4.7,3.1,3.1,6.16,0.1268,0.0037,0.0014
2025-09-22,Shimla,orographic,0.1,0.0,0.0,0.0,0.0,0.0,0.0322,0.0004,0.0002
2025-09-22,Dehradun,orographic,0.0,0.0,0.0,0.0,0.0,0.0,0.0322,0.0004,0.0002
2025-09-22,Srinagar,orographic,0.0,0.0,0.0,0.0,0.0,0.0,0.0322,0.0004,0.0002
2025-09-22,Gangtok,orographic,0.0,2.4,4.2,2.8,2.8,2.43,0.1166,0.0032,0.0013
2025-09-22,Guwahati,orographic,1.8,7.6,10.6,8.6,8.6,5.47,0.2729,0.0149,0.0043
2025-09-22,Cherrapunji,orographic,4.0,10.0,13.7,11.5,11.5,5.83,0.3312,0.0223,0.0059
2025-09-22,Imphal,orographic,0.4,11.9,15.8,13.9,13.9,6.47,0.3721,0.0289,0.0073
2025-09-22,Agartala,orographic,20.0,13.2,17.3,15.7,15.7,6.51,0.3977,0.0337,0.0083
2025-09-22,Lucknow,normal,0.8,0.0,0.0,0.0,0.0,0.68,0.0336,0.0001,0.0
2025-09-22,Patna,normal,0.0,1.7,3.2,3.6,3.6,3.35,0.0962,0.0005,0.0001
2025-09-22,Varanasi,normal,0.0,0.0,0.0,0.0,0.0,0.64,0.0336,0.0001,0.0
2025-09-22,Delhi,normal,0.0,0.0,0.0,0.0,0.0,0.68,0.0336,0.0001,0.0
2025-09-22,Kanpur,normal,0.0,0.0,0.0,0.0,0.0,0.68,0.0336,0.0001,0.0
2025-09-22,Ranchi,normal,3.9,5.1,7.8,8.6,8.6,6.06,0.2104,0.0019,0.0003
2025-09-22,Jodhpur,normal,0.0,0.0,0.0,0.0,0.0,0.0,0.0336,0.0001,0.0
2025-09-22,Bikaner,normal,0.0,0.0,0.0,0.0,0.0,0.0,0.0336,0.0001,0.0
2025-09-22,Jaisalmer,normal,0.0,0.0,0.0,0.0,0.0,0.0,0.0336,0.0001,0.0
2025-09-22,Hyderabad,normal,6.8,33.5,41.51,44.46,44.46,13.71,0.6523,0.0327,0.003
2025-09-22,Bengaluru,normal,1.4,4.6,7.1,7.9,7.9,5.56,0.1948,0.0016,0.0003
2025-09-22,Pune,normal,7.3,7.3,10.3,11.6,11.6,5.47,0.2738,0.0031,0.0005
2025-09-22,Kurnool,normal,1.8,9.0,12.6,14.0,14.0,7.34,0.3174,0.0043,0.0006
2025-09-22,Madurai,normal,0.2,0.1,0.5,0.5,0.5,0.84,0.0373,0.0001,0.0
2025-09-23,Nagpur,normal,0.7,0.0,0.0,0.0,0.0,0.99,0.0336,0.0001,0.0
2025-09-23,Bhopal,normal,0.6,0.0,0.0,0.0,0.0,0.62,0.0336,0.0001,0.0
2025-09-23,Raipur,normal,0.0,0.0,0.0,0.0,0.0,0.62,0.0336,0.0001,0.0
2025-09-23,Jabalpur,normal,0.6,0.0,0.0,0.0,0.0,0.62,0.0336,0.0001,0.0
2025-09-23,Akola,normal,0.2,8.3,11.8,13.07,13.07,7.77,0.3,0.0038,0.0005
2025-09-23,Amravati,normal,0.3,3.7,5.9,6.7,6.7,5.24,0.1657,0.0012,0.0002
2025-09-23,Aurangabad,normal,5.3,22.2,27.5,30.36,30.36,11.8,0.5454,0.0172,0.0018
2025-09-23,Bhubaneswar,normal,22.6,22.5,27.8,30.65,30.65,11.21,0.549,0.0175,0.0018
2025-09-23,Mumbai,coastal,10.7,10.4,14.2,16.0,16.0,9.32,0.3905,0.0087,0.0008
2025-09-23,Thiruvananthapuram,coastal,7.6,0.3,0.9,1.6,1.6,2.26,0.0526,0.0002,0.0
2025-09-23,Kochi,coastal,17.4,5.4,8.2,10.1,10.1,7.16,0.2506,0.0033,0.0004
2025-09-23,Mangaluru,coastal,21.8,4.0,6.2,8.3,8.3,5.66,0.202,0.0022,0.0003
2025-09-23,Panaji,coastal,2.7,1.9,3.4,4.8,4.8,3.5,0.1205,0.0009,0.0001
2025-09-23,Chennai,coastal,5.4,0.2,0.7,1.4,1.4,2.09,0.0483,0.0002,0.0
2025-09-23,Visakhapatnam,coastal,15.7,4.5,6.9,8.94,8.94,6.38,0.2199,0.0026,0.0003
2025-09-23,Puri,coastal,13.9,9.2,12.8,14.9,14.9,9.44,0.3611,0.0072,0.0007
2025-09-23,Kolkata,coastal,24.8,12.7,16.7,18.82,18.82,11.48,0.4407,0.0117,0.001
2025-09-23,Surat,coastal,4.6,11.8,15.7,17.54,17.54,9.95,0.4219,0.0105,0.0009
2025-09-23,Mahabaleshwar,orographic,11.7,2.2,3.9,2.4,2.4,5.49,0.1097,0.0029,0.0012
2025-09-23,Munnar,orographic,8.1,3.3,5.4,3.6,3.6,7.42,0.1467,0.0047,0.0017
2025-09-23,Madikeri,orographic,4.3,3.7,5.9,4.1,4.1,7.95,0.1597,0.0055,0.0019
2025-09-23,Ooty,orographic,0.5,4.8,7.4,5.3,5.3,8.92,0.1941,0.0078,0.0025
2025-09-23,Lonavala,orographic,13.8,5.8,8.7,6.6,6.6,10.81,0.2237,0.0101,0.0031
2025-09-23,Wayanad,orographic,3.2,4.9,7.5,5.5,5.5,7.27,0.1971,0.008,0.0026
2025-09-23,Shimla,orographic,0.7,0.0,0.0,0.0,0.0,0.16,0.0322,0.0004,0.0002
2025-09-23,Dehradun,orographic,0.2,0.0,0.0,0.0,0.0,0.16,0.0322,0.0004,0.0002
2025-09-23,Srinagar,orographic,0.0,0.0,0.0,0.0,0.0,0.16,0.0322,0.0004,0.0002
2025-09-23,Gangtok,orographic,0.2,0.9,2.0,1.1,1.1,1.68,0.0641,0.0012,0.0006
2025-09-23,Guwahati,orographic,5.8,3.4,5.5,3.6,3.6,3.38,0.15,0.0049,0.0018
2025-09-23,Cherrapunji,orographic,3.8,12.2,16.1,14.2,14.2,6.48,0.3782,0.0299,0.0075
2025-09-23,Imphal,orographic,1.9,7.7,10.8,8.8,8.8,5.49,0.2755,0.0152,0.0043
2025-09-23,Agartala,orographic,0.2,1.5,2.9,1.7,1.7,2.52,0.0854,0.0019,0.0008
2025-09-23,Lucknow,normal,0.0,0.0,0.0,0.0,0.0,0.76,0.0336,0.0001,0.0
2025-09-23,Patna,normal,1.7,0.0,0.0,0.0,0.0,1.55,0.0336,0.0001,0.0
2025-09-23,Varanasi,normal,0.7,0.0,0.0,0.0,0.0,0.76,0.0336,0.0001,0.0
2025-09-23,Delhi,normal,0.0,0.0,0.0,0.0,0.0,0.76,0.0336,0.0001,0.0
2025-09-23,Kanpur,normal,0.3,0.0,0.0,0.0,0.0,0.76,0.0336,0.0001,0.0
2025-09-23,Ranchi,normal,8.9,8.9,12.5,13.8,13.8,9.71,0.315,0.0042,0.0006
2025-09-23,Jodhpur,normal,0.0,0.0,0.0,0.0,0.0,0.19,0.0336,0.0001,0.0
2025-09-23,Bikaner,normal,0.0,0.0,0.0,0.0,0.0,0.19,0.0336,0.0001,0.0
2025-09-23,Jaisalmer,normal,0.0,0.0,0.0,0.0,0.0,0.19,0.0336,0.0001,0.0
2025-09-23,Hyderabad,normal,10.2,7.6,10.6,12.0,12.0,8.1,0.2818,0.0033,0.0005
2025-09-23,Bengaluru,normal,8.4,1.1,2.3,2.5,2.5,3.5,0.0742,0.0003,0.0001
2025-09-23,Pune,normal,8.5,6.4,9.4,10.2,10.2,6.72,0.2488,0.0026,0.0004
2025-09-23,Kurnool,normal,11.0,6.0,8.8,9.73,9.73,6.73,0.2373,0.0024,0.0004
2025-09-23,Madurai,normal,0.0,0.0,0.0,0.0,0.0,0.66,0.0336,0.0001,0.0
2025-09-24,Nagpur,normal,0.7,0.0,0.0,0.0,0.0,0.52,0.0336,0.0001,0.0
2025-09-24,Bhopal,normal,1.0,0.4,1.0,1.02,1.02,1.41,0.0483,0.0002,0.0
2025-09-24,Raipur,normal,60.1,0.1,0.5,0.5,0.5,0.79,0.0373,0.0001,0.0
2025-09-24,Jabalpur,normal,0.9,0.0,0.0,0.0,0.0,0.52,0.0336,0.0001,0.0
2025-09-24,Akola,normal,0.7,2.3,4.1,4.7,4.7,3.74,0.1177,0.0007,0.0001
2025-09-24,Amravati,normal,0.4,2.1,3.7,4.3,4.3,3.13,0.1106,0.0006,0.0001
2025-09-24,Aurangabad,normal,0.0,26.9,33.21,36.25,36.25,11.94,0.5963,0.0232,0.0023
2025-09-24,Bhubaneswar,normal,5.8,9.4,13.0,14.57,14.57,7.66,0.3271,0.0046,0.0006
2025-09-24,Mumbai,coastal,2.5,3.8,5.95,8.04,8.04,5.62,0.1947,0.0021,0.0003
2025-09-24,Thiruvananthapuram,coastal,5.0,7.5,10.5,12.6,12.6,7.81,0.3152,0.0053,0.0006
2025-09-24,Kochi,coastal,14.6,9.4,13.0,15.0,15.0,9.37,0.3661,0.0074,0.0007
2025-09-24,Mangaluru,coastal,6.2,0.5,1.2,1.92,1.92,2.95,0.0612,0.0003,0.0001
2025-09-24,Panaji,coastal,8.9,1.8,3.3,4.7,4.7,3.33,0.1164,0.0008,0.0001
2025-09-24,Chennai,coastal,3.5,0.2,0.7,1.4,1.4,1.49,0.0483,0.0002,0.0
2025-09-24,Visakhapatnam,coastal,0.3,1.6,3.0,4.46,4.46,3.86,0.1081,0.0007,0.0001
2025-09-24,Puri,coastal,3.2,7.2,10.3,12.4,12.4,8.51,0.3065,0.005,0.0005
2025-09-24,Kolkata,coastal,18.1,1.3,2.6,3.6,3.6,3.18,0.0955,0.0006,0.0001
2025-09-24,Surat,coastal,0.6,0.9,2.0,2.7,2.7,3.18,0.0785,0.0004,0.0001
2025-09-24,Mahabaleshwar,orographic,5.1,3.2,5.3,3.5,3.5,5.11,0.1434,0.0046,0.0017
2025-09-24,Munnar,orographic,11.9,0.4,1.1,0.4,0.4,3.6,0.0463,0.0007,0.0004
2025-09-24,Madikeri,orographic,6.0,2.2,3.9,2.4,2.4,5.02,0.1097,0.0029,0.0012
2025-09-24,Ooty,orographic,1.2,1.6,3.0,1.8,1.8,4.7,0.0889,0.0021,0.0009
2025-09-24,Lonavala,orographic,8.2,6.7,9.7,7.6,7.6,11.1,0.2489,0.0124,0.0037
2025-09-24,Wayanad,orographic,0.9,0.0,0.0,0.0,0.0,2.14,0.0322,0.0004,0.0002
2025-09-24,Shimla,orographic,0.6,0.0,0.0,0.0,0.0,0.0,0.0322,0.0004,0.0002
2025-09-24,Dehradun,orographic,0.5,0.8,1.8,1.0,1.0,0.88,0.0606,0.0011,0.0005
2025-09-24,Srinagar,orographic,0.0,0.0,0.0,0.0,0.0,0.0,0.0322,0.0004,0.0002
2025-09-24,Gangtok,orographic,1.3,0.7,1.62,0.9,0.9,1.08,0.057,0.001,0.0005
2025-09-24,Guwahati,orographic,4.1,0.0,0.0,0.0,0.0,1.11,0.0322,0.0004,0.0002
2025-09-24,Cherrapunji,orographic,5.1,21.4,27.0,28.91,28.91,9.32,0.5246,0.0693,0.0151
2025-09-24,Imphal,orographic,0.3,4.0,6.2,4.4,4.4,3.5,0.1693,0.0061,0.0021
2025-09-24,Agartala,orographic,7.2,5.9,8.7,6.7,6.7,3.35,0.2265,0.0104,0.0032
2025-09-24,Lucknow,normal,0.0,0.0,0.0,0.0,0.0,0.6,0.0336,0.0001,0.0
2025-09-24,Patna,normal,2.2,0.1,0.5,0.5,0.5,0.96,0.0373,0.0001,0.0
2025-09-24,Varanasi,normal,10.4,0.0,0.0,0.0,0.0,0.6,0.0336,0.0001,0.0
2025-09-24,Delhi,normal,0.0,0.0,0.0,0.0,0.0,0.6,0.0336,0.0001,0.0
2025-09-24,Kanpur,normal,1.3,0.0,0.0,0.0,0.0,0.6,0.0336,0.0001,0.0
2025-09-24,Ranchi,normal,3.6,13.5,17.7,19.66,19.66,11.43,0.4141,0.0079,0.001
2025-09-24,Jodhpur,normal,0.0,0.0,0.0,0.0,0.0,0.11,0.0336,0.0001,0.0
2025-09-24,Bikaner,normal,0.0,0.0,0.0,0.0,0.0,0.11,0.0336,0.0001,0.0
2025-09-24,Jaisalmer,normal,0.0,0.0,0.0,0.0,0.0,0.11,0.0336,0.0001,0.0
2025-09-24,Hyderabad,normal,0.0,5.7,8.6,9.4,9.4,6.07,0.2285,0.0022,0.0003
2025-09-24,Bengaluru,normal,3.5,3.4,5.5,6.1,6.1,3.54,0.1557,0.0011,0.0002
2025-09-24,Pune,normal,1.3,1.2,2.4,2.7,2.7,3.23,0.0779,0.0003,0.0001
2025-09-24,Kurnool,normal,0.1,1.5,2.9,3.2,3.2,3.55,0.0889,0.0004,0.0001
2025-09-24,Madurai,normal,0.2,3.3,5.4,6.1,6.1,3.03,0.1523,0.0011,0.0002
2025-09-25,Nagpur,normal,12.7,3.4,5.5,6.1,6.1,2.72,0.1557,0.0011,0.0002
2025-09-25,Bhopal,normal,0.8,0.4,1.1,1.1,1.1,1.5,0.0483,0.0002,0.0
2025-09-25,Raipur,normal,11.1,16.3,21.0,22.6,22.6,7.68,0.463,0.0106,0.0012
2025-09-25,Jabalpur,normal,8.2,2.3,4.1,4.7,4.7,2.13,0.1177,0.0007,0.0001
2025-09-25,Akola,normal,0.5,2.1,3.7,4.3,4.3,2.39,0.1106,0.0006,0.0001
2025-09-25,Amravati,normal,1.8,1.3,2.6,2.9,2.9,1.78,0.0816,0.0004,0.0001
2025-09-25,Aurangabad,normal,0.0,1.5,2.9,3.2,3.2,2.8,0.0889,0.0004,0.0001
2025-09-25,Bhubaneswar,normal,12.4,7.7,10.8,12.12,12.12,6.82,0.2844,0.0034,0.0005
2025-09-25,Mumbai,coastal,3.1,2.3,4.1,5.6,5.6,4.17,0.1368,0.0011,0.0002
2025-09-25,Thiruvananthapuram,coastal,36.8,18.0,23.2,26.4,26.4,12.72,0.5325,0.0201,0.0016
2025-09-25,Kochi,coastal,23.8,14.4,18.9,20.7,20.7,11.97,0.4734,0.0142,0.0012
2025-09-25,Mangaluru,coastal,8.2,4.5,6.9,8.94,8.94,5.13,0.2199,0.0026,0.0003
2025-09-25,Panaji,coastal,17.4,2.4,4.2,5.7,5.7,3.44,0.1409,0.0012,0.0002
2025-09-25,Chennai,coastal,0.2,0.2,0.7,1.4,1.4,1.31,0.0483,0.0002,0.0
2025-09-25,Visakhapatnam,coastal,15.0,1.3,2.6,3.6,3.6,2.55,0.0955,0.0006,0.0001
2025-09-25,Puri,coastal,1.6,6.8,9.8,11.83,11.83,7.78,0.2947,0.0046,0.0005
2025-09-25,Kolkata,coastal,17.3,2.0,3.6,5.1,5.1,3.01,0.1247,0.0009,0.0001
2025-09-25,Surat,coastal,2.5,1.1,2.3,3.0,3.0,2.54,0.087,0.0005,0.0001
2025-09-25,Mahabaleshwar,orographic,3.3,0.6,1.5,0.7,0.7,3.63,0.0534,0.0009,0.0005
2025-09-25,Munnar,orographic,12.7,7.0,10.0,8.0,8.0,7.87,0.2571,0.0132,0.0039
2025-09-25,Madikeri,orographic,9.6,4.9,7.5,5.5,5.5,5.61,0.1971,0.008,0.0026
2025-09-25,Ooty,orographic,2.8,4.2,6.5,4.7,4.7,4.82,0.1756,0.0065,0.0022
2025-09-25,Lonavala,orographic,3.7,2.5,4.4,2.9,2.9,5.3,0.12,0.0034,0.0013
2025-09-25,Wayanad,orographic,3.0,1.1,2.3,1.4,1.4,2.06,0.0712,0.0014,0.0007
2025-09-25,Shimla,orographic,3.3,0.2,0.7,0.2,0.2,0.32,0.0392,0.0006,0.0003
2025-09-25,Dehradun,orographic,0.0,0.0,0.0,0.0,0.0,0.39,0.0322,0.0004,0.0002
2025-09-25,Srinagar,orographic,0.0,0.4,1.1,0.4,0.4,0.65,0.0463,0.0007,0.0004
2025-09-25,Gangtok,orographic,1.2,0.1,0.5,0.1,0.1,0.43,0.0357,0.0005,0.0003
2025-09-25,Guwahati,orographic,0.0,0.0,0.0,0.0,0.0,0.23,0.0322,0.0004,0.0002
2025-09-25,Cherrapunji,orographic,0.1,28.6,35.1,43.62,43.62,11.22,0.6017,0.106,0.0217
2025-09-25,Imphal,orographic,0.0,3.8,5.95,4.11,4.11,2.71,0.1629,0.0057,0.002
2025-09-25,Agartala,orographic,4.3,5.6,8.4,6.4,6.4,3.8,0.2179,0.0096,0.003
2025-09-25,Lucknow,normal,1.3,0.0,0.0,0.0,0.0,0.48,0.0336,0.0001,0.0
2025-09-25,Patna,normal,0.1,0.0,0.0,0.0,0.0,0.45,0.0336,0.0001,0.0
2025-09-25,Varanasi,normal,1.2,0.0,0.0,0.0,0.0,0.48,0.0336,0.0001,0.0
2025-09-25,Delhi,normal,0.0,0.0,0.0,0.0,0.0,0.48,0.0336,0.0001,0.0
2025-09-25,Kanpur,normal,0.9,0.0,0.0,0.0,0.0,0.48,0.0336,0.0001,0.0
2025-09-25,Ranchi,normal,3.5,6.3,9.1,9.93,9.93,7.11,0.246,0.0025,0.0004
2025-09-25,Jodhpur,normal,0.0,0.0,0.0,0.0,0.0,0.0,0.0336,0.0001,0.0
2025-09-25,Bikaner,normal,0.0,0.0,0.0,0.0,0.0,0.0,0.0336,0.0001,0.0
2025-09-25,Jaisalmer,normal,0.0,0.0,0.0,0.0,0.0,0.0,0.0336,0.0001,0.0
2025-09-25,Hyderabad,normal,6.0,4.2,6.5,7.4,7.4,4.58,0.1821,0.0014,0.0002
2025-09-25,Bengaluru,normal,8.5,7.1,10.1,11.1,11.1,5.63,0.2683,0.003,0.0004
2025-09-25,Pune,normal,1.0,0.2,0.7,0.7,0.7,1.43,0.0409,0.0001,0.0
2025-09-25,Kurnool,normal,0.6,0.6,1.4,1.5,1.5,2.06,0.0557,0.0002,0.0001
2025-09-25,Madurai,normal,3.5,1.9,3.4,3.85,3.85,3.29,0.1034,0.0005,0.0001
2025-09-26,Nagpur,normal,1.3,11.0,14.88,16.2,16.2,9.12,0.3635,0.0058,0.0008
2025-09-26,Bhopal,normal,0.0,0.0,0.0,0.0,0.0,1.59,0.0336,0.0001,0.0
2025-09-26,Raipur,depression,12.9,34.5,42.71,19.07,44.91,18.11,0.7341,0.0878,0.0053
2025-09-26,Jabalpur,normal,6.2,8.4,11.9,13.3,13.3,7.72,0.3025,0.0039,0.0005
2025-09-26,Akola,normal,4.1,7.5,10.5,11.9,11.9,7.54,0.2791,0.0033,0.0005
2025-09-26,Amravati,normal,14.4,1.3,2.6,2.9,2.9,3.14,0.0816,0.0004,0.0001
2025-09-26,Aurangabad,normal,5.2,12.9,17.0,19.2,19.2,9.68,0.4026,0.0074,0.0009
2025-09-26,Bhubaneswar,normal,21.5,15.9,20.6,22.11,22.11,12.96,0.4564,0.0102,0.0012
2025-09-26,Mumbai,coastal,3.0,2.9,4.9,6.3,6.3,4.88,0.1606,0.0015,0.0002
2025-09-26,Thiruvananthapuram,coastal,31.7,23.2,28.8,35.3,35.3,15.01,0.5993,0.0297,0.0022
2025-09-26,Kochi,depression,16.6,36.2,44.7,22.9,100.11,20.35,0.7442,0.0942,0.0057
2025-09-26,Mangaluru,coastal,7.3,6.6,9.6,11.68,11.68,8.61,0.2886,0.0044,0.0005
2025-09-26,Panaji,coastal,13.6,5.5,8.3,10.3,10.3,7.05,0.2538,0.0034,0.0004
2025-09-26,Chennai,coastal,0.1,0.3,0.9,1.6,1.6,2.28,0.0526,0.0002,0.0
2025-09-26,Visakhapatnam,coastal,22.2,10.7,14.5,16.52,16.52,8.8,0.3974,0.009,0.0008
2025-09-26,Puri,coastal,21.0,11.7,15.5,17.4,17.4,11.29,0.4198,0.0104,0.0009
2025-09-26,Kolkata,coastal,15.9,2.9,4.9,6.3,6.3,4.44,0.1606,0.0015,0.0002
2025-09-26,Surat,coastal,1.4,0.5,1.2,1.92,1.92,2.87,0.0612,0.0003,0.0001
2025-09-26,Mahabaleshwar,orographic,7.1,5.6,8.4,6.4,6.4,7.58,0.2179,0.0096,0.003
2025-09-26,Munnar,orographic,15.3,0.2,0.7,0.2,0.2,3.54,0.0392,0.0006,0.0003
2025-09-26,Madikeri,orographic,8.3,2.6,4.6,3.0,3.0,6.71,0.1234,0.0035,0.0014
2025-09-26,Ooty,orographic,0.0,0.2,0.7,0.2,0.2,3.41,0.0392,0.0006,0.0003
2025-09-26,Lonavala,orographic,4.1,4.6,7.0,5.1,5.1,7.64,0.188,0.0073,0.0024
2025-09-26,Wayanad,orographic,1.6,0.0,0.0,0.0,0.0,2.22,0.0322,0.0004,0.0002
2025-09-26,Shimla,orographic,0.0,0.0,0.0,0.0,0.0,0.22,0.0322,0.0004,0.0002
2025-09-26,Dehradun,orographic,0.0,0.0,0.0,0.0,0.0,0.2,0.0322,0.0004,0.0002
2025-09-26,Srinagar,orographic,0.0,0.0,0.0,0.0,0.0,0.32,0.0322,0.0004,0.0002
2025-09-26,Gangtok,orographic,1.2,4.3,6.6,4.8,4.8,3.34,0.1787,0.0067,0.0023
2025-09-26,Guwahati,orographic,0.0,0.0,0.0,0.0,0.0,0.69,0.0322,0.0004,0.0002
2025-09-26,Cherrapunji,orographic,0.2,6.8,9.8,7.8,7.8,6.53,0.2516,0.0127,0.0038
2025-09-26,Imphal,orographic,0.0,5.6,8.4,6.4,6.4,4.47,0.2179,0.0096,0.003
2025-09-26,Agartala,orographic,2.3,4.8,7.4,5.3,5.3,4.57,0.1941,0.0078,0.0025
2025-09-26,Lucknow,normal,0.0,0.0,0.0,0.0,0.0,1.21,0.0336,0.0001,0.0
2025-09-26,Patna,normal,1.4,0.0,0.0,0.0,0.0,1.21,0.0336,0.0001,0.0
2025-09-26,Varanasi,normal,3.5,0.1,0.5,0.5,0.5,1.71,0.0373,0.0001,0.0
2025-09-26,Delhi,normal,0.0,0.0,0.0,0.0,0.0,1.21,0.0336,0.0001,0.0
2025-09-26,Kanpur,normal,0.1,0.0,0.0,0.0,0.0,1.21,0.0336,0.0001,0.0
2025-09-26,Ranchi,normal,6.1,5.0,7.64,8.5,8.5,8.17,0.2073,0.0018,0.0003
2025-09-26,Jodhpur,normal,0.0,0.0,0.0,0.0,0.0,0.24,0.0336,0.0001,0.0
2025-09-26,Bikaner,normal,0.0,0.0,0.0,0.0,0.0,0.24,0.0336,0.0001,0.0
2025-09-26,Jaisalmer,normal,0.0,0.0,0.0,0.0,0.0,0.24,0.0336,0.0001,0.0
2025-09-26,Hyderabad,normal,16.9,26.0,32.0,34.0,34.0,13.16,0.5874,0.022,0.0022
2025-09-26,Bengaluru,normal,1.1,1.1,2.3,2.5,2.5,3.85,0.0742,0.0003,0.0001
2025-09-26,Pune,normal,5.3,2.0,3.6,4.1,4.1,2.99,0.107,0.0006,0.0001
2025-09-26,Kurnool,normal,77.9,34.3,42.21,44.91,44.91,14.68,0.6581,0.034,0.0031
2025-09-26,Madurai,normal,0.0,0.0,0.0,0.0,0.0,1.74,0.0336,0.0001,0.0
2025-09-27,Nagpur,active,23.3,24.2,29.6,29.6,29.6,16.78,0.6522,0.0324,0.0149
2025-09-27,Bhopal,active,20.5,11.5,15.4,15.4,15.4,9.17,0.4599,0.0103,0.006
2025-09-27,Raipur,depression,26.6,25.7,31.7,7.1,31.7,20.59,0.667,0.0565,0.0037
2025-09-27,Jabalpur,depression,18.5,31.5,37.56,14.13,37.56,18.35,0.7142,0.0767,0.0047
2025-09-27,Akola,active,32.2,16.1,20.8,20.8,20.8,14.85,0.5479,0.0173,0.009
2025-09-27,Amravati,active,29.4,20.3,25.86,25.86,25.86,15.47,0.6081,0.0247,0.012
2025-09-27,Aurangabad,depression,23.2,44.5,56.81,43.03,56.81,26.04,0.785,0.127,0.0074
2025-09-27,Bhubaneswar,active,8.4,20.0,25.46,25.46,25.46,18.79,0.6043,0.0241,0.0118
2025-09-27,Mumbai,coastal,14.1,10.9,14.7,17.02,17.02,9.69,0.402,0.0093,0.0009
2025-09-27,Thiruvananthapuram,coastal,7.4,18.2,23.4,26.8,26.8,16.35,0.5354,0.0204,0.0016
2025-09-27,Kochi,depression,16.7,30.8,37.4,13.8,65.83,25.48,0.7092,0.0741,0.0046
2025-09-27,Mangaluru,coastal,16.9,25.7,31.7,39.32,39.32,17.22,0.6256,0.0348,0.0025
2025-09-27,Panaji,coastal,32.9,18.5,23.6,27.01,27.01,17.15,0.5397,0.0209,0.0017
2025-09-27,Chennai,coastal,12.0,2.3,4.1,5.6,5.6,3.9,0.1368,0.0011,0.0002
2025-09-27,Visakhapatnam,coastal,8.3,12.7,16.7,18.82,18.82,13.93,0.4407,0.0117,0.001
2025-09-27,Puri,coastal,13.8,12.1,16.0,17.92,17.92,12.7,0.4283,0.0109,0.001
2025-09-27,Kolkata,coastal,7.9,4.4,6.8,8.8,8.8,5.89,0.2164,0.0025,0.0003
2025-09-27,Surat,coastal,0.2,0.6,1.4,2.1,2.1,2.81,0.0655,0.0003,0.0001
2025-09-27,Mahabaleshwar,orographic,37.4,36.8,46.3,59.61,59.61,32.7,0.6655,0.1512,0.0297
2025-09-27,Munnar,orographic,19.1,0.8,1.8,1.0,1.0,2.87,0.0606,0.0011,0.0005
2025-09-27,Madikeri,orographic,14.2,4.5,6.9,4.96,4.96,7.25,0.1849,0.0071,0.0024
2025-09-27,Ooty,orographic,0.9,0.2,0.7,0.2,0.2,1.81,0.0392,0.0006,0.0003
2025-09-27,Lonavala,orographic,26.7,17.4,22.6,23.4,23.4,22.33,0.4692,0.051,0.0117
2025-09-27,Wayanad,orographic,4.5,2.5,4.4,2.9,2.9,4.48,0.12,0.0034,0.0013
2025-09-27,Shimla,orographic,0.3,0.6,1.4,0.7,0.7,1.02,0.0534,0.0009,0.0005
2025-09-27,Dehradun,orographic,0.0,0.0,0.0,0.0,0.0,0.16,0.0322,0.0004,0.0002
2025-09-27,Srinagar,orographic,0.0,0.0,0.0,0.0,0.0,0.16,0.0322,0.0004,0.0002
2025-09-27,Gangtok,orographic,0.0,5.6,8.4,6.4,6.4,4.59,0.2179,0.0096,0.003
2025-09-27,Guwahati,orographic,4.4,6.4,9.4,7.3,7.3,4.39,0.2406,0.0116,0.0035
2025-09-27,Cherrapunji,orographic,6.2,18.8,24.0,25.67,25.67,12.51,0.4899,0.0572,0.0128
2025-09-27,Imphal,orographic,0.6,17.0,22.1,23.27,23.27,11.18,0.4631,0.0492,0.0113
2025-09-27,Agartala,orographic,12.4,4.0,6.2,4.4,4.4,3.52,0.1693,0.0061,0.0021
2025-09-27,Lucknow,active,1.1,1.6,3.0,3.0,3.0,3.94,0.1268,0.0008,0.0007
2025-09-27,Patna,active,1.7,3.0,5.1,5.1,5.1,5.34,0.1909,0.0016,0.0013
2025-09-27,Varanasi,active,0.9,6.2,9.0,9.0,9.0,8.89,0.3138,0.0041,0.0029
2025-09-27,Delhi,active,0.1,0.0,0.0,0.0,0.0,1.31,0.0472,0.0002,0.0002
2025-09-27,Kanpur,active,8.5,1.2,2.4,2.4,2.4,3.56,0.1074,0.0006,0.0006
2025-09-27,Ranchi,active,11.5,2.1,3.7,3.7,3.7,5.41,0.1504,0.001,0.0009
2025-09-27,Jodhpur,active,0.0,0.0,0.0,0.0,0.0,0.23,0.0472,0.0002,0.0002
2025-09-27,Bikaner,active,0.0,0.0,0.0,0.0,0.0,0.23,0.0472,0.0002,0.0002
2025-09-27,Jaisalmer,active,0.0,0.0,0.0,0.0,0.0,0.23,0.0472,0.0002,0.0002
2025-09-27,Hyderabad,active,10.5,77.5,83.2,83.2,83.2,29.84,0.8709,0.182,0.064
2025-09-27,Bengaluru,active,2.8,1.1,2.3,2.3,2.3,3.05,0.1025,0.0005,0.0006
2025-09-27,Pune,active,27.8,13.7,18.1,18.1,18.1,10.65,0.5054,0.0135,0.0074
2025-09-27,Kurnool,active,12.4,39.2,49.2,49.2,49.2,24.15,0.7604,0.068,0.0274
2025-09-27,Madurai,active,0.0,0.0,0.0,0.0,0.0,0.94,0.0472,0.0002,0.0002
2025-09-28,Nagpur,normal,10.1,7.8,10.9,12.2,12.2,10.04,0.2871,0.0035,0.0005
2025-09-28,Bhopal,normal,8.8,14.1,18.7,20.26,20.26,11.96,0.4252,0.0085,0.001
2025-09-28,Raipur,normal,1.5,9.2,12.8,14.3,14.3,10.27,0.3223,0.0044,0.0006
2025-09-28,Jabalpur,normal,2.4,6.2,9.0,9.88,9.88,8.66,0.2431,0.0025,0.0004
2025-09-28,Akola,normal,1.7,15.4,19.9,21.3,21.3,12.57,0.4481,0.0097,0.0011
2025-09-28,Amravati,normal,2.1,10.2,13.9,15.4,15.4,10.08,0.3457,0.0052,0.0007
2025-09-28,Aurangabad,depression,20.7,29.8,36.21,10.51,41.7,22.27,0.7017,0.0706,0.0044
2025-09-28,Bhubaneswar,normal,8.9,9.9,13.6,15.07,15.07,10.08,0.3388,0.0049,0.0007
2025-09-28,Mumbai,depression,125.7,75.9,81.91,72.33,162.86,28.72,0.8683,0.2586,0.0147
2025-09-28,Thiruvananthapuram,coastal,6.1,10.3,14.0,15.84,15.84,9.78,0.3881,0.0085,0.0008
2025-09-28,Kochi,coastal,10.9,20.7,26.4,30.26,30.26,14.86,0.5695,0.0249,0.0019
2025-09-28,Mangaluru,coastal,18.0,17.6,22.9,25.7,25.7,13.89,0.5265,0.0194,0.0016
2025-09-28,Panaji,coastal,35.0,26.3,32.4,43.61,43.61,14.56,0.6314,0.0361,0.0026
2025-09-28,Chennai,coastal,23.6,1.3,2.6,3.6,3.6,3.53,0.0955,0.0006,0.0001
2025-09-28,Visakhapatnam,coastal,0.0,0.1,0.5,1.1,1.1,2.04,0.044,0.0002,0.0
2025-09-28,Puri,coastal,6.4,13.2,17.3,19.3,19.3,13.04,0.4507,0.0125,0.0011
2025-09-28,Kolkata,coastal,4.9,4.4,6.8,8.8,8.8,6.33,0.2164,0.0025,0.0003
2025-09-28,Surat,coastal,66.9,6.4,9.4,11.4,11.4,7.21,0.2825,0.0042,0.0005
2025-09-28,Mahabaleshwar,orographic,59.1,83.1,87.0,93.71,93.71,59.62,0.8304,0.4031,0.0812
2025-09-28,Munnar,orographic,22.0,0.7,1.62,0.9,0.9,3.4,0.057,0.001,0.0005
2025-09-28,Madikeri,orographic,12.1,4.9,7.5,5.5,5.5,8.19,0.1971,0.008,0.0026
2025-09-28,Ooty,orographic,0.9,0.0,0.0,0.0,0.0,1.12,0.0322,0.0004,0.0002
2025-09-28,Lonavala,orographic,117.6,64.6,75.8,83.43,83.43,40.94,0.7873,0.3086,0.0598
2025-09-28,Wayanad,orographic,8.3,0.7,1.62,0.9,0.9,4.5,0.057,0.001,0.0005
2025-09-28,Shimla,orographic,0.0,0.0,0.0,0.0,0.0,0.25,0.0322,0.0004,0.0002
2025-09-28,Dehradun,orographic,1.4,0.1,0.5,0.1,0.1,0.3,0.0357,0.0005,0.0003
2025-09-28,Srinagar,orographic,0.0,0.0,0.0,0.0,0.0,0.13,0.0322,0.0004,0.0002
2025-09-28,Gangtok,orographic,0.7,0.0,0.0,0.0,0.0,0.78,0.0322,0.0004,0.0002
2025-09-28,Guwahati,orographic,0.5,13.2,17.3,15.7,15.7,8.96,0.3977,0.0337,0.0083
2025-09-28,Cherrapunji,orographic,6.1,23.4,28.9,34.05,34.05,10.79,0.5485,0.0791,0.0168
2025-09-28,Imphal,orographic,0.0,13.6,17.9,16.6,16.6,9.22,0.4052,0.0352,0.0086
2025-09-28,Agartala,orographic,8.1,8.0,11.3,9.2,9.2,5.53,0.2832,0.016,0.0045
2025-09-28,Lucknow,normal,0.2,0.0,0.0,0.0,0.0,1.93,0.0336,0.0001,0.0
2025-09-28,Patna,normal,0.0,0.0,0.0,0.0,0.0,2.12,0.0336,0.0001,0.0
2025-09-28,Varanasi,normal,0.2,0.0,0.0,0.0,0.0,2.22,0.0336,0.0001,0.0
2025-09-28,Delhi,normal,0.0,0.0,0.0,0.0,0.0,1.12,0.0336,0.0001,0.0
2025-09-28,Kanpur,normal,0.1,0.0,0.0,0.0,0.0,1.94,0.0336,0.0001,0.0
2025-09-28,Ranchi,normal,1.7,0.3,0.9,1.0,1.0,2.99,0.0446,0.0001,0.0
2025-09-28,Jodhpur,normal,0.0,0.0,0.0,0.0,0.0,0.17,0.0336,0.0001,0.0
2025-09-28,Bikaner,normal,0.0,0.0,0.0,0.0,0.0,0.17,0.0336,0.0001,0.0
2025-09-28,Jaisalmer,normal,0.0,0.0,0.0,0.0,0.0,0.17,0.0336,0.0001,0.0
2025-09-28,Hyderabad,normal,3.3,1.7,3.2,3.5,3.5,4.68,0.0962,0.0005,0.0001
2025-09-28,Bengaluru,normal,1.4,0.1,0.5,0.5,0.5,1.78,0.0373,0.0001,0.0
2025-09-28,Pune,normal,67.9,25.9,31.81,34.0,34.0,12.73,0.5864,0.0219,0.0022
2025-09-28,Kurnool,normal,0.4,0.4,1.0,1.02,1.02,3.46,0.0483,0.0002,0.0
2025-09-28,Madurai,normal,0.8,0.0,0.0,0.0,0.0,0.81,0.0336,0.0001,0.0
2025-09-29,Nagpur,normal,1.1,2.0,3.6,4.1,4.1,2.71,0.107,0.0006,0.0001
2025-09-29,Bhopal,normal,2.9,3.5,5.6,6.3,6.3,3.82,0.1591,0.0011,0.0002
2025-09-29,Raipur,normal,2.6,1.8,3.3,3.7,3.7,2.68,0.0998,0.0005,0.0001
2025-09-29,Jabalpur,normal,4.2,2.1,3.7,4.3,4.3,2.71,0.1106,0.0006,0.0001
2025-09-29,Akola,normal,0.9,6.9,9.9,10.9,10.9,5.95,0.2628,0.0029,0.0004
2025-09-29,Amravati,normal,0.9,1.5,2.9,3.2,3.2,2.48,0.0889,0.0004,0.0001
2025-09-29,Aurangabad,normal,1.1,1.8,3.3,3.7,3.7,2.76,0.0998,0.0005,0.0001
2025-09-29,Bhubaneswar,normal,8.1,0.7,1.6,1.7,1.7,2.15,0.0594,0.0002,0.0001
2025-09-29,Mumbai,coastal,15.8,15.6,20.27,22.6,22.6,15.06,0.4945,0.0161,0.0013
2025-09-29,Thiruvananthapuram,coastal,6.2,7.3,10.3,12.4,12.4,7.63,0.3094,0.0051,0.0005
2025-09-29,Kochi,coastal,7.1,10.7,14.5,16.52,16.52,8.48,0.3974,0.009,0.0008
2025-09-29,Mangaluru,coastal,6.7,19.6,24.9,28.8,28.8,12.52,0.5551,0.0229,0.0018
2025-09-29,Panaji,coastal,30.1,9.7,13.4,15.2,15.2,8.67,0.3736,0.0078,0.0007
2025-09-29,Chennai,coastal,4.2,0.0,0.0,0.0,0.0,1.24,0.0397,0.0002,0.0
2025-09-29,Visakhapatnam,coastal,7.8,1.5,2.9,4.1,4.1,2.51,0.1039,0.0007,0.0001
2025-09-29,Puri,coastal,10.7,5.3,8.0,10.1,10.1,5.82,0.2472,0.0032,0.0004
2025-09-29,Kolkata,coastal,0.5,3.7,5.9,8.0,8.0,4.65,0.191,0.002,0.0003
2025-09-29,Surat,coastal,5.2,8.0,11.3,13.4,13.4,8.33,0.3292,0.0059,0.0006
2025-09-29,Mahabaleshwar,orographic,14.4,4.7,7.2,5.2,5.2,8.23,0.1911,0.0076,0.0025
2025-09-29,Munnar,orographic,12.1,0.4,1.1,0.4,0.4,1.87,0.0463,0.0007,0.0004
2025-09-29,Madikeri,orographic,10.2,3.5,5.6,3.8,3.8,5.09,0.1532,0.0051,0.0018
2025-09-29,Ooty,orographic,0.0,0.0,0.0,0.0,0.0,0.43,0.0322,0.0004,0.0002
2025-09-29,Lonavala,orographic,18.1,15.8,20.5,20.72,20.72,19.92,0.4438,0.0441,0.0103
2025-09-29,Wayanad,orographic,2.7,0.0,0.0,0.0,0.0,1.09,0.0322,0.0004,0.0002
2025-09-29,Shimla,orographic,0.0,0.0,0.0,0.0,0.0,0.0,0.0322,0.0004,0.0002
2025-09-29,Dehradun,orographic,1.6,4.2,6.5,4.7,4.7,2.24,0.1756,0.0065,0.0022
2025-09-29,Srinagar,orographic,0.0,0.0,0.0,0.0,0.0,0.0,0.0322,0.0004,0.0002
2025-09-29,Gangtok,orographic,0.4,1.3,2.6,1.6,1.6,0.81,0.0783,0.0017,0.0007
2025-09-29,Guwahati,orographic,0.2,0.0,0.0,0.0,0.0,1.09,0.0322,0.0004,0.0002
2025-09-29,Cherrapunji,orographic,4.0,10.6,14.3,12.33,12.33,6.21,0.3446,0.0243,0.0064
2025-09-29,Imphal,orographic,0.0,0.0,0.0,0.0,0.0,1.09,0.0322,0.0004,0.0002
2025-09-29,Agartala,orographic,0.4,3.0,5.1,3.4,3.4,2.72,0.1368,0.0042,0.0016
2025-09-29,Lucknow,normal,1.0,0.0,0.0,0.0,0.0,0.38,0.0336,0.0001,0.0
2025-09-29,Patna,normal,0.0,0.0,0.0,0.0,0.0,0.38,0.0336,0.0001,0.0
2025-09-29,Varanasi,normal,0.5,0.0,0.0,0.0,0.0,0.38,0.0336,0.0001,0.0
2025-09-29,Delhi,normal,0.2,0.0,0.0,0.0,0.0,0.38,0.0336,0.0001,0.0
2025-09-29,Kanpur,normal,2.7,0.0,0.0,0.0,0.0,0.38,0.0336,0.0001,0.0
2025-09-29,Ranchi,normal,0.4,0.0,0.0,0.0,0.0,0.66,0.0336,0.0001,0.0
2025-09-29,Jodhpur,normal,0.0,0.4,1.1,1.1,1.1,0.67,0.0483,0.0002,0.0
2025-09-29,Bikaner,normal,0.3,0.0,0.0,0.0,0.0,0.0,0.0336,0.0001,0.0
2025-09-29,Jaisalmer,normal,0.2,0.0,0.0,0.0,0.0,0.0,0.0336,0.0001,0.0
2025-09-29,Hyderabad,normal,0.0,0.0,0.0,0.0,0.0,1.0,0.0336,0.0001,0.0
2025-09-29,Bengaluru,normal,0.4,0.0,0.0,0.0,0.0,0.3,0.0336,0.0001,0.0
2025-09-29,Pune,normal,1.9,0.8,1.8,2.0,2.0,2.44,0.0631,0.0002,0.0001
2025-09-29,Kurnool,normal,12.7,9.5,13.1,14.7,14.7,4.95,0.3294,0.0046,0.0006
2025-09-29,Madurai,normal,0.0,0.0,0.0,0.0,0.0,0.3,0.0336,0.0001,0.0
2025-09-30,Nagpur,normal,7.8,8.9,12.5,13.8,12.5,5.2,0.315,0.0042,0.0006
2025-09-30,Bhopal,normal,2.3,0.8,1.8,2.0,1.8,2.26,0.0631,0.0002,0.0001
2025-09-30,Raipur,normal,1.3,13.3,17.4,19.41,17.4,7.11,0.4103,0.0077,0.0009
2025-09-30,Jabalpur,normal,6.3,8.0,11.3,12.6,11.3,5.2,0.2923,0.0036,0.0005
2025-09-30,Akola,normal,1.1,0.0,0.0,0.0,0.0,1.29,0.0336,0.0001,0.0
2025-09-30,Amravati,normal,0.3,0.1,0.5,0.5,0.5,1.13,0.0373,0.0001,0.0
2025-09-30,Aurangabad,normal,0.8,0.0,0.0,0.0,0.0,1.02,0.0336,0.0001,0.0
2025-09-30,Bhubaneswar,normal,0.7,0.0,0.0,0.0,0.0,1.03,0.0336,0.0001,0.0
2025-09-30,Mumbai,coastal,11.2,13.8,18.3,20.13,20.13,11.65,0.4622,0.0133,0.0011
2025-09-30,Thiruvananthapuram,coastal,0.6,0.7,1.62,2.4,2.4,2.79,0.0699,0.0004,0.0001
2025-09-30,Kochi,coastal,1.3,0.0,0.0,0.0,0.0,1.41,0.0397,0.0002,0.0
2025-09-30,Mangaluru,coastal,4.8,9.7,13.4,15.2,15.2,8.88,0.3736,0.0078,0.0007
2025-09-30,Panaji,coastal,9.5,15.0,19.5,21.71,21.71,11.72,0.4841,0.0151,0.0013
2025-09-30,Chennai,coastal,0.0,0.0,0.0,0.0,0.0,0.81,0.0397,0.0002,0.0
2025-09-30,Visakhapatnam,coastal,12.0,12.6,16.6,18.8,18.8,9.91,0.4387,0.0116,0.001
2025-09-30,Puri,coastal,0.9,0.9,2.0,2.7,2.7,2.96,0.0785,0.0004,0.0001
2025-09-30,Kolkata,coastal,6.1,0.1,0.5,1.1,1.1,1.62,0.044,0.0002,0.0
2025-09-30,Surat,coastal,3.8,4.8,7.4,9.5,9.5,5.72,0.2303,0.0028,0.0003
2025-09-30,Mahabaleshwar,orographic,14.1,3.1,5.2,3.4,3.4,5.71,0.1401,0.0044,0.0016
2025-09-30,Munnar,orographic,1.1,0.0,0.0,0.0,0.0,0.96,0.0322,0.0004,0.0002
2025-09-30,Madikeri,orographic,5.8,4.3,6.6,4.8,4.8,6.65,0.1787,0.0067,0.0023
2025-09-30,Ooty,orographic,0.0,0.1,0.5,0.1,0.1,0.94,0.0357,0.0005,0.0003
2025-09-30,Lonavala,orographic,4.4,5.3,8.0,6.0,6.0,7.98,0.2091,0.0089,0.0028
2025-09-30,Wayanad,orographic,0.8,0.0,0.0,0.0,0.0,0.58,0.0322,0.0004,0.0002
2025-09-30,Shimla,orographic,0.7,0.0,0.0,0.0,0.0,0.0,0.0322,0.0004,0.0002
2025-09-30,Dehradun,orographic,0.3,0.0,0.0,0.0,0.0,0.61,0.0322,0.0004,0.0002
2025-09-30,Srinagar,orographic,0.0,0.0,0.0,0.0,0.0,0.0,0.0322,0.0004,0.0002
2025-09-30,Gangtok,orographic,0.6,5.0,7.64,5.6,5.6,2.8,0.2001,0.0082,0.0027
2025-09-30,Guwahati,orographic,0.0,1.2,2.4,1.4,1.4,1.01,0.0748,0.0016,0.0007
2025-09-30,Cherrapunji,orographic,2.9,10.5,14.3,12.3,12.3,5.77,0.3424,0.0239,0.0063
2025-09-30,Imphal,orographic,0.2,1.0,2.1,1.23,1.23,0.98,0.0677,0.0013,0.0006
2025-09-30,Agartala,orographic,6.5,0.1,0.5,0.1,0.1,1.09,0.0357,0.0005,0.0003
2025-09-30,Lucknow,normal,0.8,0.0,0.0,0.0,0.0,0.47,0.0336,0.0001,0.0
2025-09-30,Patna,normal,0.0,0.0,0.0,0.0,0.0,0.47,0.0336,0.0001,0.0
2025-09-30,Varanasi,normal,0.2,0.0,0.0,0.0,0.0,0.47,0.0336,0.0001,0.0
2025-09-30,Delhi,normal,8.0,1.3,2.6,2.9,2.6,2.01,0.0816,0.0004,0.0001
2025-09-30,Kanpur,normal,10.0,1.6,3.0,3.4,3.0,2.35,0.0925,0.0005,0.0001
2025-09-30,Ranchi,normal,2.2,1.3,2.6,2.9,2.6,2.01,0.0816,0.0004,0.0001
2025-09-30,Jodhpur,normal,12.6,1.8,3.3,3.7,3.3,1.48,0.0998,0.0005,0.0001
2025-09-30,Bikaner,normal,4.7,1.1,2.3,2.5,2.3,0.88,0.0742,0.0003,0.0001
2025-09-30,Jaisalmer,normal,25.1,0.9,1.9,2.1,1.9,0.83,0.0668,0.0003,0.0001
2025-09-30,Hyderabad,normal,0.1,0.0,0.0,0.0,0.0,0.38,0.0336,0.0001,0.0
2025-09-30,Bengaluru,normal,0.1,0.0,0.0,0.0,0.0,0.38,0.0336,0.0001,0.0
2025-09-30,Pune,normal,1.4,0.0,0.0,0.0,0.0,1.13,0.0336,0.0001,0.0
2025-09-30,Kurnool,normal,3.2,0.0,0.0,0.0,0.0,1.38,0.0336,0.0001,0.0
2025-09-30,Madurai,normal,0.0,0.0,0.0,0.0,0.0,0.38,0.0336,0.0001,0.0
