date,district,regime,obs,raw,global_qm,regime_qm,regime_qm_oracle,regime_gbm,p_ge_15.6,p_ge_64.5,p_ge_115.6
2025-06-01,Nagpur,normal,0.0,0.0,0.0,0.0,0.0,0.52,0.0558,0.0005,0.0001
2025-06-01,Bhopal,normal,0.0,0.0,0.0,0.0,0.0,0.52,0.0558,0.0005,0.0001
2025-06-01,Raipur,normal,0.0,0.0,0.0,0.0,0.0,0.52,0.0558,0.0005,0.0001
2025-06-01,Jabalpur,normal,0.3,0.0,0.0,0.0,0.0,0.52,0.0558,0.0005,0.0001
2025-06-01,Akola,normal,0.0,0.0,0.0,0.0,0.0,0.52,0.0558,0.0005,0.0001
2025-06-01,Amravati,normal,0.0,0.0,0.0,0.0,0.0,0.52,0.0558,0.0005,0.0001
2025-06-01,Aurangabad,normal,0.1,0.0,0.0,0.0,0.0,0.52,0.0558,0.0005,0.0001
2025-06-01,Bhubaneswar,normal,0.0,0.0,0.0,0.0,0.0,1.76,0.0558,0.0005,0.0001
2025-06-01,Mumbai,coastal,11.1,2.4,4.5,6.4,6.4,3.8,0.1859,0.0035,0.0004
2025-06-01,Thiruvananthapuram,coastal,2.4,0.1,0.6,1.1,1.1,3.43,0.0842,0.0009,0.0001
2025-06-01,Kochi,coastal,3.7,10.4,14.2,16.7,16.7,12.22,0.3771,0.0141,0.0016
2025-06-01,Mangaluru,coastal,8.8,37.1,46.4,61.72,61.72,17.42,0.6155,0.0549,0.0062
2025-06-01,Panaji,depression,17.1,33.1,41.5,41.5,53.65,17.67,0.7248,0.0844,0.0032
2025-06-01,Chennai,coastal,0.0,0.3,1.0,1.82,1.82,2.86,0.0952,0.0011,0.0001
2025-06-01,Visakhapatnam,coastal,0.0,0.2,0.8,1.5,1.5,3.29,0.0898,0.001,0.0001
2025-06-01,Puri,coastal,0.0,0.0,0.0,0.0,0.0,1.99,0.0785,0.0008,0.0001
2025-06-01,Kolkata,coastal,15.9,0.0,0.0,0.0,0.0,0.89,0.0785,0.0008,0.0001
2025-06-01,Surat,coastal,0.2,0.0,0.0,0.0,0.0,0.89,0.0785,0.0008,0.0001
2025-06-01,Mahabaleshwar,orographic,9.9,2.7,4.9,3.2,3.2,6.2,0.1732,0.01,0.0023
2025-06-01,Munnar,orographic,1.4,0.0,0.0,0.0,0.0,2.0,0.068,0.0022,0.0005
2025-06-01,Madikeri,orographic,5.7,9.8,13.6,12.3,12.3,9.7,0.3318,0.0341,0.0075
2025-06-01,Ooty,orographic,1.3,0.0,0.0,0.0,0.0,1.66,0.068,0.0022,0.0005
2025-06-01,Lonavala,orographic,5.6,1.7,3.4,1.9,1.9,4.59,0.1398,0.007,0.0016
2025-06-01,Wayanad,orographic,1.6,1.7,3.3,1.9,1.9,3.41,0.1398,0.007,0.0016
2025-06-01,Shimla,orographic,0.3,4.4,7.2,5.4,5.4,4.44,0.2212,0.0155,0.0035
2025-06-01,Dehradun,orographic,0.0,0.4,1.1,0.34,0.34,0.73,0.0873,0.0033,0.0008
2025-06-01,Srinagar,orographic,5.6,4.7,7.54,5.7,5.7,4.36,0.2288,0.0165,0.0037
2025-06-01,Gangtok,orographic,11.4,19.0,23.6,25.8,25.8,6.82,0.4493,0.0675,0.0148
2025-06-01,Guwahati,orographic,3.7,36.4,45.3,60.11,60.11,12.04,0.5747,0.1306,0.0293
2025-06-01,Cherrapunji,orographic,31.0,136.7,146.5,146.51,146.51,15.94,0.7944,0.4068,0.1147
2025-06-01,Imphal,orographic,14.0,16.6,21.1,22.6,22.6,8.0,0.424,0.0587,0.0128
2025-06-01,Agartala,orographic,9.9,17.0,21.6,23.4,23.4,7.32,0.4284,0.0602,0.0132
2025-06-01,Lucknow,normal,0.0,0.0,0.0,0.0,0.0,0.0,0.0558,0.0005,0.0001
2025-06-01,Patna,normal,0.0,3.7,6.2,6.39,10.93,3.64,0.1706,0.0028,0.0004
2025-06-01,Varanasi,normal,0.7,0.0,0.0,0.0,0.0,0.0,0.0558,0.0005,0.0001
2025-06-01,Delhi,normal,4.2,0.0,0.0,0.0,0.0,0.0,0.0558,0.0005,0.0001
2025-06-01,Kanpur,normal,0.0,0.0,0.0,0.0,0.0,0.0,0.0558,0.0005,0.0001
2025-06-01,Ranchi,normal,0.1,0.0,0.0,0.0,0.0,0.32,0.0558,0.0005,0.0001
2025-06-01,Jodhpur,normal,0.0,0.0,0.0,0.0,0.0,0.0,0.0558,0.0005,0.0001
2025-06-01,Bikaner,normal,0.0,0.0,0.0,0.0,0.0,0.0,0.0558,0.0005,0.0001
2025-06-01,Jaisalmer,normal,0.0,0.0,0.0,0.0,0.0,0.0,0.0558,0.0005,0.0001
2025-06-01,Hyderabad,normal,0.2,0.0,0.0,0.0,0.0,1.58,0.0558,0.0005,0.0001
2025-06-01,Bengaluru,normal,0.0,0.0,0.0,0.0,0.0,1.07,0.0558,0.0005,0.0001
2025-06-01,Pune,normal,2.0,0.0,0.0,0.0,0.0,0.5,0.0558,0.0005,0.0001
2025-06-01,Kurnool,normal,0.0,0.0,0.0,0.0,0.0,1.3,0.0558,0.0005,0.0001
2025-06-01,Madurai,normal,0.4,0.1,0.6,0.6,0.82,1.16,0.06,0.0005,0.0001
2025-06-02,Nagpur,normal,1.0,0.0,0.0,0.0,0.0,0.52,0.0558,0.0005,0.0001
2025-06-02,Bhopal,normal,0.0,0.0,0.0,0.0,0.0,0.52,0.0558,0.0005,0.0001
2025-06-02,Raipur,normal,0.2,0.0,0.0,0.0,0.0,0.52,0.0558,0.0005,0.0001
2025-06-02,Jabalpur,normal,2.5,0.0,0.0,0.0,0.0,0.52,0.0558,0.0005,0.0001
2025-06-02,Akola,normal,0.0,0.0,0.0,0.0,0.0,0.52,0.0558,0.0005,0.0001
2025-06-02,Amravati,normal,0.1,0.0,0.0,0.0,0.0,0.52,0.0558,0.0005,0.0001
2025-06-02,Aurangabad,normal,0.3,0.0,0.0,0.0,0.0,0.52,0.0558,0.0005,0.0001
2025-06-02,Bhubaneswar,normal,0.0,0.0,0.0,0.0,0.0,0.52,0.0558,0.0005,0.0001
2025-06-02,Mumbai,coastal,8.8,1.8,3.5,5.5,5.5,4.85,0.1634,0.0028,0.0003
2025-06-02,Thiruvananthapuram,coastal,1.7,11.2,15.2,17.66,17.66,7.1,0.39,0.0152,0.0017
2025-06-02,Kochi,coastal,4.6,22.8,27.3,32.16,32.16,14.32,0.5228,0.0325,0.0037
2025-06-02,Mangaluru,coastal,12.6,25.6,30.61,37.31,37.31,15.21,0.5451,0.0368,0.0041
2025-06-02,Panaji,coastal,19.0,28.3,35.1,48.3,48.3,15.43,0.5643,0.041,0.0046
2025-06-02,Chennai,coastal,0.3,0.2,0.8,1.5,1.5,2.63,0.0898,0.001,0.0001
2025-06-02,Visakhapatnam,coastal,0.0,0.0,0.0,0.0,0.0,1.32,0.0785,0.0008,0.0001
2025-06-02,Puri,coastal,0.0,0.0,0.0,0.0,0.0,0.89,0.0785,0.0008,0.0001
2025-06-02,Kolkata,coastal,0.6,0.0,0.0,0.0,0.0,0.89,0.0785,0.0008,0.0001
2025-06-02,Surat,coastal,8.1,2.6,4.8,6.89,6.89,3.99,0.193,0.0037,0.0004
2025-06-02,Mahabaleshwar,orographic,5.2,2.3,4.4,2.8,2.8,5.97,0.1604,0.0088,0.002
2025-06-02,Munnar,orographic,3.8,1.0,2.3,1.1,1.1,2.66,0.1131,0.0049,0.0011
2025-06-02,Madikeri,orographic,6.5,5.9,9.04,7.6,7.6,11.42,0.2571,0.0205,0.0045
2025-06-02,Ooty,orographic,0.9,0.0,0.0,0.0,0.0,0.76,0.068,0.0022,0.0005
2025-06-02,Lonavala,orographic,3.5,2.2,4.2,2.6,2.6,4.98,0.1571,0.0085,0.0019
2025-06-02,Wayanad,orographic,7.0,1.3,2.8,1.4,1.4,4.2,0.1249,0.0058,0.0013
2025-06-02,Shimla,orographic,6.6,0.3,1.0,0.2,0.2,1.1,0.0827,0.003,0.0007
2025-06-02,Dehradun,orographic,0.0,0.6,1.7,0.7,0.7,1.07,0.0963,0.0038,0.0009
2025-06-02,Srinagar,orographic,1.7,0.4,1.1,0.34,0.34,1.1,0.0873,0.0033,0.0008
2025-06-02,Gangtok,orographic,14.0,13.7,17.82,17.72,17.72,6.58,0.389,0.0482,0.0105
2025-06-02,Guwahati,orographic,0.4,11.1,15.1,14.0,14.0,8.51,0.3524,0.0388,0.0085
2025-06-02,Cherrapunji,orographic,9.9,39.5,50.01,64.75,64.75,16.02,0.5903,0.1415,0.0319
2025-06-02,Imphal,orographic,9.7,24.3,29.1,35.5,35.5,9.29,0.4965,0.087,0.0191
2025-06-02,Agartala,orographic,3.6,8.8,12.4,11.1,11.1,6.77,0.3147,0.0306,0.0067
2025-06-02,Lucknow,normal,0.1,0.0,0.0,0.0,0.0,0.0,0.0558,0.0005,0.0001
2025-06-02,Patna,normal,0.0,0.0,0.0,0.0,0.0,0.84,0.0558,0.0005,0.0001
2025-06-02,Varanasi,normal,0.0,0.0,0.0,0.0,0.0,0.0,0.0558,0.0005,0.0001
2025-06-02,Delhi,normal,0.3,3.9,6.5,6.69,6.69,2.83,0.1754,0.0029,0.0004
2025-06-02,Kanpur,normal,0.0,0.2,0.8,0.8,0.8,0.42,0.0641,0.0006,0.0001
2025-06-02,Ranchi,normal,0.1,0.0,0.0,0.0,0.0,0.0,0.0558,0.0005,0.0001
2025-06-02,Jodhpur,normal,0.0,0.0,0.0,0.0,0.0,0.0,0.0558,0.0005,0.0001
2025-06-02,Bikaner,normal,0.0,2.3,4.3,4.6,4.6,1.71,0.134,0.0019,0.0002
2025-06-02,Jaisalmer,normal,0.0,0.0,0.0,0.0,0.0,0.0,0.0558,0.0005,0.0001
2025-06-02,Hyderabad,normal,1.1,0.0,0.0,0.0,0.0,0.5,0.0558,0.0005,0.0001
2025-06-02,Bengaluru,normal,1.5,0.0,0.0,0.0,0.0,0.5,0.0558,0.0005,0.0001
2025-06-02,Pune,normal,0.0,0.0,0.0,0.0,0.0,0.5,0.0558,0.0005,0.0001
2025-06-02,Kurnool,normal,0.7,0.1,0.6,0.6,0.6,1.16,0.06,0.0005,0.0001
2025-06-02,Madurai,normal,0.0,0.0,0.0,0.0,0.0,1.07,0.0558,0.0005,0.0001
2025-06-03,Nagpur,normal,0.0,0.0,0.0,0.0,0.0,0.52,0.0558,0.0005,0.0001
2025-06-03,Bhopal,normal,8.6,0.4,1.1,1.1,1.1,1.22,0.0719,0.0007,0.0001
2025-06-03,Raipur,normal,0.0,0.0,0.0,0.0,0.0,0.52,0.0558,0.0005,0.0001
2025-06-03,Jabalpur,normal,1.7,0.0,0.0,0.0,0.0,0.52,0.0558,0.0005,0.0001
2025-06-03,Akola,normal,0.0,0.0,0.0,0.0,0.0,0.52,0.0558,0.0005,0.0001
2025-06-03,Amravati,normal,0.0,0.0,0.0,0.0,0.0,0.52,0.0558,0.0005,0.0001
2025-06-03,Aurangabad,normal,0.0,0.0,0.0,0.0,0.0,0.52,0.0558,0.0005,0.0001
2025-06-03,Bhubaneswar,normal,2.8,0.2,0.8,0.8,0.8,1.21,0.0641,0.0006,0.0001
2025-06-03,Mumbai,coastal,12.8,0.9,2.2,3.56,3.56,3.96,0.125,0.0018,0.0002
2025-06-03,Thiruvananthapuram,coastal,6.8,8.0,11.6,14.3,14.3,9.51,0.3335,0.0107,0.0012
2025-06-03,Kochi,coastal,9.6,25.6,30.61,37.31,37.31,13.56,0.5451,0.0368,0.0041
2025-06-03,Mangaluru,depression,25.1,33.6,42.2,42.2,56.71,17.67,0.7271,0.0857,0.0033
2025-06-03,Panaji,depression,11.7,40.4,50.8,50.8,68.73,19.42,0.7549,0.1035,0.004
2025-06-03,Chennai,coastal,1.4,0.0,0.0,0.0,0.0,1.32,0.0785,0.0008,0.0001
2025-06-03,Visakhapatnam,coastal,0.1,0.0,0.0,0.0,0.0,0.89,0.0785,0.0008,0.0001
2025-06-03,Puri,coastal,0.3,0.0,0.0,0.0,0.0,0.89,0.0785,0.0008,0.0001
2025-06-03,Kolkata,coastal,0.2,0.0,0.0,0.0,0.0,0.89,0.0785,0.0008,0.0001
2025-06-03,Surat,coastal,3.0,0.8,2.0,3.21,3.21,4.22,0.1203,0.0017,0.0002
2025-06-03,Mahabaleshwar,orographic,6.5,1.9,3.6,2.12,2.12,5.19,0.1468,0.0076,0.0017
2025-06-03,Munnar,orographic,9.0,0.0,0.0,0.0,0.0,2.0,0.068,0.0022,0.0005
2025-06-03,Madikeri,orographic,11.5,3.7,6.2,4.5,4.5,9.03,0.2025,0.0132,0.003
2025-06-03,Ooty,orographic,1.1,0.0,0.0,0.0,0.0,0.76,0.068,0.0022,0.0005
2025-06-03,Lonavala,orographic,3.1,0.7,1.9,0.8,0.8,4.1,0.1007,0.0041,0.001
2025-06-03,Wayanad,orographic,7.9,0.4,1.2,0.4,0.4,3.21,0.0873,0.0033,0.0008
2025-06-03,Shimla,orographic,19.1,10.9,14.9,13.8,13.8,3.58,0.3494,0.038,0.0083
2025-06-03,Dehradun,orographic,0.0,1.2,2.6,1.3,1.3,1.25,0.1211,0.0055,0.0013
2025-06-03,Srinagar,orographic,14.4,4.4,7.2,5.4,5.4,2.29,0.2212,0.0155,0.0035
2025-06-03,Gangtok,orographic,44.4,9.1,12.8,11.4,11.4,5.96,0.32,0.0316,0.0069
2025-06-03,Guwahati,orographic,0.6,16.5,20.92,22.4,22.4,8.43,0.4229,0.0584,0.0128
2025-06-03,Cherrapunji,orographic,5.7,44.9,57.9,74.74,74.74,17.03,0.6145,0.1601,0.0366
2025-06-03,Imphal,orographic,0.6,3.0,5.3,3.5,3.5,5.39,0.1824,0.011,0.0025
2025-06-03,Agartala,orographic,7.0,3.4,5.9,4.1,4.1,5.61,0.1941,0.0123,0.0028
2025-06-03,Lucknow,normal,0.4,0.7,1.8,1.8,1.8,0.92,0.0831,0.0009,0.0001
2025-06-03,Patna,normal,0.0,0.1,0.6,0.6,0.6,0.4,0.06,0.0005,0.0001
2025-06-03,Varanasi,normal,7.0,0.0,0.0,0.0,0.0,0.0,0.0558,0.0005,0.0001
2025-06-03,Delhi,normal,0.0,0.6,1.6,1.6,1.6,2.09,0.0795,0.0008,0.0001
2025-06-03,Kanpur,normal,1.4,0.8,2.0,2.1,2.1,1.7,0.0867,0.0009,0.0001
2025-06-03,Ranchi,normal,13.1,0.0,0.0,0.0,0.0,0.0,0.0558,0.0005,0.0001
2025-06-03,Jodhpur,normal,0.0,1.7,3.4,3.5,3.5,1.06,0.1163,0.0015,0.0002
2025-06-03,Bikaner,normal,2.8,1.3,2.8,3.0,3.0,2.03,0.1037,0.0012,0.0002
2025-06-03,Jaisalmer,normal,0.0,0.0,0.0,0.0,0.0,0.0,0.0558,0.0005,0.0001
2025-06-03,Hyderabad,normal,0.2,0.0,0.0,0.0,0.0,0.5,0.0558,0.0005,0.0001
2025-06-03,Bengaluru,normal,1.8,0.0,0.0,0.0,0.0,0.5,0.0558,0.0005,0.0001
2025-06-03,Pune,normal,0.7,0.0,0.0,0.0,0.0,0.5,0.0558,0.0005,0.0001
2025-06-03,Kurnool,normal,0.3,0.6,1.6,1.6,1.6,2.35,0.0795,0.0008,0.0001
2025-06-03,Madurai,normal,0.2,0.0,0.0,0.0,0.0,0.5,0.0558,0.0005,0.0001
2025-06-04,Nagpur,normal,0.1,0.5,1.5,1.5,1.5,1.56,0.0757,0.0007,0.0001
2025-06-04,Bhopal,normal,0.1,0.1,0.6,0.6,0.6,2.33,0.06,0.0005,0.0001
2025-06-04,Raipur,normal,0.0,0.1,0.6,0.6,0.6,1.19,0.06,0.0005,0.0001
2025-06-04,Jabalpur,normal,2.8,0.5,1.5,1.5,1.5,1.56,0.0757,0.0007,0.0001
2025-06-04,Akola,normal,0.0,0.3,1.0,1.0,1.0,1.21,0.0681,0.0006,0.0001
2025-06-04,Amravati,normal,0.1,0.0,0.0,0.0,0.0,0.52,0.0558,0.0005,0.0001
2025-06-04,Aurangabad,normal,0.2,0.0,0.0,0.0,0.0,0.52,0.0558,0.0005,0.0001
2025-06-04,Bhubaneswar,normal,0.2,0.0,0.0,0.0,0.0,1.16,0.0558,0.0005,0.0001
2025-06-04,Mumbai,coastal,4.5,0.0,0.0,0.0,0.0,1.87,0.0785,0.0008,0.0001
2025-06-04,Thiruvananthapuram,coastal,8.8,0.1,0.6,1.1,1.1,3.47,0.0842,0.0009,0.0001
2025-06-04,Kochi,coastal,17.1,2.6,4.8,6.89,6.89,7.38,0.193,0.0037,0.0004
2025-06-04,Mangaluru,depression,3.1,39.3,49.4,49.4,68.73,23.16,0.7508,0.1007,0.0039
2025-06-04,Panaji,coastal,10.7,9.6,13.4,15.7,15.7,11.96,0.3634,0.0129,0.0015
2025-06-04,Chennai,coastal,2.3,2.2,4.2,5.9,5.9,3.37,0.1786,0.0032,0.0004
2025-06-04,Visakhapatnam,coastal,0.2,0.0,0.0,0.0,0.0,0.89,0.0785,0.0008,0.0001
2025-06-04,Puri,coastal,0.0,0.0,0.0,0.0,0.0,0.89,0.0785,0.0008,0.0001
2025-06-04,Kolkata,coastal,3.9,1.1,2.5,4.1,4.1,2.62,0.1341,0.002,0.0002
2025-06-04,Surat,coastal,0.3,0.4,1.2,2.1,2.1,2.99,0.1005,0.0012,0.0002
2025-06-04,Mahabaleshwar,orographic,10.5,1.2,2.7,1.3,1.3,4.33,0.1211,0.0055,0.0013
2025-06-04,Munnar,orographic,10.9,1.5,3.1,1.7,1.7,2.66,0.1325,0.0064,0.0015
2025-06-04,Madikeri,orographic,2.1,1.8,3.5,2.0,2.0,5.76,0.1433,0.0073,0.0017
2025-06-04,Ooty,orographic,1.8,4.8,7.7,5.85,5.85,4.53,0.2313,0.0168,0.0037
2025-06-04,Lonavala,orographic,6.8,0.8,2.0,0.9,0.9,3.95,0.1049,0.0044,0.001
2025-06-04,Wayanad,orographic,1.2,3.5,5.9,4.2,4.2,5.3,0.1969,0.0126,0.0028
2025-06-04,Shimla,orographic,9.5,11.3,15.27,14.2,14.2,6.68,0.3555,0.0395,0.0086
2025-06-04,Dehradun,orographic,1.2,0.0,0.0,0.0,0.0,0.38,0.068,0.0022,0.0005
2025-06-04,Srinagar,orographic,4.5,1.7,3.4,1.9,1.9,1.92,0.1398,0.007,0.0016
2025-06-04,Gangtok,orographic,28.8,11.7,15.67,14.86,14.86,6.72,0.3614,0.0409,0.009
2025-06-04,Guwahati,orographic,13.8,6.6,9.9,8.6,8.6,6.2,0.2723,0.0229,0.0051
2025-06-04,Cherrapunji,orographic,9.7,12.6,16.62,16.2,16.2,9.31,0.3742,0.0442,0.0097
2025-06-04,Imphal,orographic,10.4,1.2,2.6,1.3,1.3,3.31,0.1211,0.0055,0.0013
2025-06-04,Agartala,orographic,5.6,31.6,39.0,51.16,51.16,10.44,0.5474,0.1134,0.0252
2025-06-04,Lucknow,normal,0.0,0.2,0.8,0.8,0.8,1.1,0.0641,0.0006,0.0001
2025-06-04,Patna,normal,1.2,0.6,1.6,1.6,1.6,1.33,0.0795,0.0008,0.0001
2025-06-04,Varanasi,normal,4.3,0.9,2.1,2.2,2.2,1.35,0.0902,0.001,0.0001
2025-06-04,Delhi,normal,0.3,1.0,2.3,2.5,2.5,2.05,0.0937,0.001,0.0001
2025-06-04,Kanpur,normal,0.0,0.9,2.2,2.3,2.3,2.25,0.0902,0.001,0.0001
2025-06-04,Ranchi,normal,1.4,1.2,2.6,2.9,2.9,1.35,0.1004,0.0012,0.0002
2025-06-04,Jodhpur,normal,0.0,0.7,1.8,1.8,1.8,1.6,0.0831,0.0009,0.0001
2025-06-04,Bikaner,normal,0.0,3.7,6.2,6.39,6.39,3.3,0.1706,0.0028,0.0004
2025-06-04,Jaisalmer,normal,0.0,0.0,0.0,0.0,0.0,0.0,0.0558,0.0005,0.0001
2025-06-04,Hyderabad,normal,0.1,0.4,1.2,1.2,1.2,1.19,0.0719,0.0007,0.0001
2025-06-04,Bengaluru,normal,0.5,9.2,12.8,13.1,13.1,4.66,0.2775,0.0069,0.0008
2025-06-04,Pune,normal,2.1,0.0,0.0,0.0,0.0,0.5,0.0558,0.0005,0.0001
2025-06-04,Kurnool,normal,0.0,0.8,2.0,2.1,2.1,2.98,0.0867,0.0009,0.0001
2025-06-04,Madurai,normal,0.8,0.0,0.0,0.0,0.0,0.5,0.0558,0.0005,0.0001
2025-06-05,Nagpur,normal,0.1,0.1,0.6,0.6,0.6,2.8,0.06,0.0005,0.0001
2025-06-05,Bhopal,normal,0.0,0.6,1.7,1.7,1.7,2.81,0.0795,0.0008,0.0001
2025-06-05,Raipur,normal,0.6,0.8,2.0,2.1,2.1,2.95,0.0867,0.0009,0.0001
2025-06-05,Jabalpur,normal,0.0,0.2,0.8,0.8,0.8,2.85,0.0641,0.0006,0.0001
2025-06-05,Akola,normal,0.0,0.1,0.6,0.6,0.6,2.8,0.06,0.0005,0.0001
2025-06-05,Amravati,normal,0.0,2.4,4.5,4.8,4.8,3.21,0.1368,0.0019,0.0002
2025-06-05,Aurangabad,normal,1.0,1.4,2.9,3.1,3.1,2.53,0.1069,0.0013,0.0002
2025-06-05,Bhubaneswar,normal,4.3,0.1,0.6,0.6,0.6,1.48,0.06,0.0005,0.0001
2025-06-05,Mumbai,coastal,1.6,0.0,0.0,0.0,0.0,1.23,0.0785,0.0008,0.0001
2025-06-05,Thiruvananthapuram,coastal,0.3,0.0,0.0,0.0,0.0,1.67,0.0785,0.0008,0.0001
2025-06-05,Kochi,coastal,1.1,0.4,1.2,2.1,2.1,4.05,0.1005,0.0012,0.0002
2025-06-05,Mangaluru,coastal,0.4,0.0,0.0,0.0,0.0,3.32,0.0785,0.0008,0.0001
2025-06-05,Panaji,coastal,3.0,0.8,2.0,3.21,3.21,5.73,0.1203,0.0017,0.0002
2025-06-05,Chennai,coastal,0.3,0.0,0.0,0.0,0.0,2.55,0.0785,0.0008,0.0001
2025-06-05,Visakhapatnam,coastal,1.2,0.0,0.0,0.0,0.0,1.23,0.0785,0.0008,0.0001
2025-06-05,Puri,coastal,6.2,0.0,0.0,0.0,0.0,1.23,0.0785,0.0008,0.0001
2025-06-05,Kolkata,coastal,5.3,5.1,8.1,10.7,10.7,7.44,0.2678,0.0068,0.0008
2025-06-05,Surat,coastal,0.0,0.1,0.6,1.1,1.1,3.25,0.0842,0.0009,0.0001
2025-06-05,Mahabaleshwar,orographic,1.4,0.7,1.9,0.8,0.8,4.71,0.1007,0.0041,0.001
2025-06-05,Munnar,orographic,0.0,2.8,5.0,3.3,3.3,6.68,0.1763,0.0104,0.0023
2025-06-05,Madikeri,orographic,0.3,0.0,0.0,0.0,0.0,2.52,0.068,0.0022,0.0005
2025-06-05,Ooty,orographic,2.6,0.2,0.8,0.1,0.1,4.6,0.0779,0.0027,0.0006
2025-06-05,Lonavala,orographic,6.2,1.6,3.2,1.8,1.8,4.96,0.1362,0.0067,0.0015
2025-06-05,Wayanad,orographic,0.6,0.0,0.0,0.0,0.0,3.01,0.068,0.0022,0.0005
2025-06-05,Shimla,orographic,1.7,1.5,3.1,1.7,1.7,2.91,0.1325,0.0064,0.0015
2025-06-05,Dehradun,orographic,0.0,0.2,0.8,0.1,0.1,0.45,0.0779,0.0027,0.0006
2025-06-05,Srinagar,orographic,0.0,1.0,2.3,1.1,1.1,1.54,0.1131,0.0049,0.0011
2025-06-05,Gangtok,orographic,6.6,18.7,23.3,25.6,25.6,7.34,0.4463,0.0664,0.0145
2025-06-05,Guwahati,orographic,32.7,4.2,7.0,5.2,5.2,6.75,0.216,0.0149,0.0033
2025-06-05,Cherrapunji,orographic,5.0,12.3,16.2,15.7,15.7,9.1,0.37,0.0431,0.0094
2025-06-05,Imphal,orographic,4.9,6.6,9.9,8.6,8.6,4.73,0.2723,0.0229,0.0051
2025-06-05,Agartala,orographic,36.6,16.3,20.7,21.7,21.7,10.31,0.4206,0.0576,0.0126
2025-06-05,Lucknow,normal,0.0,0.0,0.0,0.0,0.0,0.56,0.0558,0.0005,0.0001
2025-06-05,Patna,normal,0.0,0.3,1.0,1.0,1.0,1.32,0.0681,0.0006,0.0001
2025-06-05,Varanasi,normal,0.9,0.0,0.0,0.0,0.0,0.84,0.0558,0.0005,0.0001
2025-06-05,Delhi,normal,0.0,0.0,0.0,0.0,0.0,0.84,0.0558,0.0005,0.0001
2025-06-05,Kanpur,normal,0.9,0.1,0.6,0.6,0.6,1.47,0.06,0.0005,0.0001
2025-06-05,Ranchi,normal,0.0,0.8,1.9,2.0,2.0,2.41,0.0867,0.0009,0.0001
2025-06-05,Jodhpur,normal,0.0,0.0,0.0,0.0,0.0,0.64,0.0558,0.0005,0.0001
2025-06-05,Bikaner,normal,0.0,0.0,0.0,0.0,0.0,0.95,0.0558,0.0005,0.0001
2025-06-05,Jaisalmer,normal,0.0,0.0,0.0,0.0,0.0,0.0,0.0558,0.0005,0.0001
2025-06-05,Hyderabad,normal,0.7,0.0,0.0,0.0,0.0,1.73,0.0558,0.0005,0.0001
2025-06-05,Bengaluru,normal,0.0,0.0,0.0,0.0,0.0,2.42,0.0558,0.0005,0.0001
2025-06-05,Pune,normal,1.1,0.0,0.0,0.0,0.0,0.77,0.0558,0.0005,0.0001
2025-06-05,Kurnool,normal,0.0,0.0,0.0,0.0,0.0,2.05,0.0558,0.0005,0.0001
2025-06-05,Madurai,normal,0.1,0.0,0.0,0.0,0.0,0.77,0.0558,0.0005,0.0001
2025-06-06,Nagpur,normal,0.0,0.5,1.5,1.5,1.5,2.74,0.0757,0.0007,0.0001
2025-06-06,Bhopal,normal,0.0,0.2,0.8,0.8,0.8,2.88,0.0641,0.0006,0.0001
2025-06-06,Raipur,normal,0.0,0.1,0.6,0.6,0.6,3.14,0.06,0.0005,0.0001
2025-06-06,Jabalpur,normal,0.0,0.0,0.0,0.0,0.0,1.42,0.0558,0.0005,0.0001
2025-06-06,Akola,normal,0.0,0.0,0.0,0.0,0.0,1.34,0.0558,0.0005,0.0001
2025-06-06,Amravati,normal,0.0,0.2,0.8,0.8,0.8,3.21,0.0641,0.0006,0.0001
2025-06-06,Aurangabad,normal,0.3,3.6,6.0,6.2,6.2,5.72,0.1682,0.0027,0.0003
2025-06-06,Bhubaneswar,normal,3.5,7.5,11.0,11.12,11.12,5.55,0.249,0.0056,0.0007
2025-06-06,Mumbai,coastal,4.7,0.0,0.0,0.0,0.0,1.23,0.0785,0.0008,0.0001
2025-06-06,Thiruvananthapuram,coastal,0.6,0.0,0.0,0.0,0.0,1.23,0.0785,0.0008,0.0001
2025-06-06,Kochi,coastal,0.9,1.3,2.8,4.6,4.6,4.23,0.1428,0.0022,0.0003
2025-06-06,Mangaluru,coastal,0.8,0.0,0.0,0.0,0.0,1.23,0.0785,0.0008,0.0001
2025-06-06,Panaji,coastal,0.0,0.0,0.0,0.0,0.0,2.4,0.0785,0.0008,0.0001
2025-06-06,Chennai,coastal,1.6,0.0,0.0,0.0,0.0,1.23,0.0785,0.0008,0.0001
2025-06-06,Visakhapatnam,coastal,0.1,5.0,8.0,10.6,10.6,4.98,0.2652,0.0067,0.0008
2025-06-06,Puri,coastal,5.0,0.0,0.0,0.0,0.0,1.23,0.0785,0.0008,0.0001
2025-06-06,Kolkata,coastal,9.7,3.9,6.5,9.4,9.4,9.52,0.2346,0.0053,0.0006
2025-06-06,Surat,coastal,0.0,0.0,0.0,0.0,0.0,1.67,0.0785,0.0008,0.0001
2025-06-06,Mahabaleshwar,orographic,4.0,10.0,13.8,12.68,12.68,10.35,0.3351,0.0348,0.0076
2025-06-06,Munnar,orographic,1.6,6.6,9.9,8.6,8.6,10.48,0.2723,0.0229,0.0051
2025-06-06,Madikeri,orographic,0.1,0.0,0.0,0.0,0.0,1.17,0.068,0.0022,0.0005
2025-06-06,Ooty,orographic,5.5,5.7,8.9,7.3,7.3,7.53,0.2526,0.0199,0.0044
2025-06-06,Lonavala,orographic,12.9,0.1,0.6,0.1,0.1,4.16,0.073,0.0025,0.0006
2025-06-06,Wayanad,orographic,0.2,0.0,0.0,0.0,0.0,1.17,0.068,0.0022,0.0005
2025-06-06,Shimla,orographic,0.0,0.0,0.0,0.0,0.0,0.58,0.068,0.0022,0.0005
2025-06-06,Dehradun,orographic,0.0,0.0,0.0,0.0,0.0,0.42,0.068,0.0022,0.0005
2025-06-06,Srinagar,orographic,0.0,0.0,0.0,0.0,0.0,0.57,0.068,0.0022,0.0005
2025-06-06,Gangtok,orographic,6.2,7.3,10.7,9.5,9.5,6.72,0.2866,0.0253,0.0056
2025-06-06,Guwahati,orographic,4.8,5.4,8.5,6.9,6.9,6.16,0.2457,0.0188,0.0042
2025-06-06,Cherrapunji,orographic,3.4,11.5,15.4,14.48,14.48,9.27,0.3584,0.0402,0.0088
2025-06-06,Imphal,orographic,5.9,0.3,1.0,0.2,0.2,3.8,0.0827,0.003,0.0007
2025-06-06,Agartala,orographic,7.0,12.3,16.2,15.7,15.7,8.91,0.37,0.0431,0.0094
2025-06-06,Lucknow,normal,0.0,0.0,0.0,0.0,0.0,0.11,0.0558,0.0005,0.0001
2025-06-06,Patna,normal,1.1,0.7,1.8,1.8,1.8,2.03,0.0831,0.0009,0.0001
2025-06-06,Varanasi,normal,0.0,0.0,0.0,0.0,0.0,0.11,0.0558,0.0005,0.0001
2025-06-06,Delhi,normal,0.0,0.3,1.0,1.0,1.0,0.56,0.0681,0.0006,0.0001
2025-06-06,Kanpur,normal,0.0,0.0,0.0,0.0,0.0,0.47,0.0558,0.0005,0.0001
2025-06-06,Ranchi,normal,0.3,0.8,2.0,2.1,2.1,2.31,0.0867,0.0009,0.0001
2025-06-06,Jodhpur,normal,0.0,0.0,0.0,0.0,0.0,0.11,0.0558,0.0005,0.0001
2025-06-06,Bikaner,normal,0.0,0.0,0.0,0.0,0.0,0.11,0.0558,0.0005,0.0001
2025-06-06,Jaisalmer,normal,0.0,0.0,0.0,0.0,0.0,0.11,0.0558,0.0005,0.0001
2025-06-06,Hyderabad,normal,0.2,0.0,0.0,0.0,0.0,0.71,0.0558,0.0005,0.0001
2025-06-06,Bengaluru,normal,0.2,0.0,0.0,0.0,0.0,0.71,0.0558,0.0005,0.0001
2025-06-06,Pune,normal,1.9,0.1,0.6,0.6,0.6,1.47,0.06,0.0005,0.0001
2025-06-06,Kurnool,normal,0.3,0.0,0.0,0.0,0.0,0.71,0.0558,0.0005,0.0001
2025-06-06,Madurai,normal,0.5,0.7,1.8,1.8,1.8,1.84,0.0831,0.0009,0.0001
2025-06-07,Nagpur,normal,0.0,0.0,0.0,0.0,0.0,1.67,0.0558,0.0005,0.0001
2025-06-07,Bhopal,normal,0.0,0.0,0.0,0.0,0.0,1.44,0.0558,0.0005,0.0001
2025-06-07,Raipur,normal,0.0,0.1,0.6,0.6,0.82,2.25,0.06,0.0005,0.0001
2025-06-07,Jabalpur,normal,0.0,0.0,0.0,0.0,0.0,0.71,0.0558,0.0005,0.0001
2025-06-07,Akola,normal,0.4,0.9,2.1,2.2,3.6,2.5,0.0902,0.001,0.0001
2025-06-07,Amravati,normal,0.0,0.3,1.0,1.0,1.3,2.54,0.0681,0.0006,0.0001
2025-06-07,Aurangabad,normal,0.2,5.7,8.9,8.93,12.1,7.75,0.2149,0.0042,0.0005
2025-06-07,Bhubaneswar,normal,0.0,0.0,0.0,0.0,0.0,2.36,0.0558,0.0005,0.0001
2025-06-07,Mumbai,coastal,8.1,0.4,1.2,2.1,2.1,2.33,0.1005,0.0012,0.0002
2025-06-07,Thiruvananthapuram,coastal,0.5,0.0,0.0,0.0,0.0,1.28,0.0785,0.0008,0.0001
2025-06-07,Kochi,coastal,2.8,0.4,1.2,2.1,2.1,3.87,0.1005,0.0012,0.0002
2025-06-07,Mangaluru,coastal,1.2,0.1,0.6,1.1,1.1,2.28,0.0842,0.0009,0.0001
2025-06-07,Panaji,coastal,1.2,0.5,1.5,2.4,2.4,2.76,0.1056,0.0013,0.0002
2025-06-07,Chennai,coastal,1.0,0.0,0.0,0.0,0.0,1.28,0.0785,0.0008,0.0001
2025-06-07,Visakhapatnam,coastal,0.3,1.5,3.1,5.0,5.0,6.03,0.1513,0.0024,0.0003
2025-06-07,Puri,coastal,0.0,0.0,0.0,0.0,0.0,1.28,0.0785,0.0008,0.0001
2025-06-07,Kolkata,coastal,0.0,0.9,2.2,3.56,3.56,5.65,0.125,0.0018,0.0002
2025-06-07,Surat,coastal,0.0,3.1,5.4,8.1,8.1,4.89,0.2098,0.0043,0.0005
2025-06-07,Mahabaleshwar,orographic,22.0,6.6,9.9,8.6,8.6,12.34,0.2723,0.0229,0.0051
2025-06-07,Munnar,orographic,0.6,0.2,0.8,0.1,0.1,4.9,0.0779,0.0027,0.0006
2025-06-07,Madikeri,orographic,2.9,0.0,0.0,0.0,0.0,1.1,0.068,0.0022,0.0005
2025-06-07,Ooty,orographic,2.1,0.5,1.5,0.5,0.5,6.37,0.0919,0.0035,0.0008
2025-06-07,Lonavala,orographic,21.9,16.6,21.1,22.6,22.6,10.89,0.424,0.0587,0.0128
2025-06-07,Wayanad,orographic,0.2,0.0,0.0,0.0,0.0,1.1,0.068,0.0022,0.0005
2025-06-07,Shimla,orographic,0.3,0.0,0.0,0.0,0.0,0.1,0.068,0.0022,0.0005
2025-06-07,Dehradun,orographic,0.0,0.0,0.0,0.0,0.0,0.1,0.068,0.0022,0.0005
2025-06-07,Srinagar,orographic,0.0,0.0,0.0,0.0,0.0,0.1,0.068,0.0022,0.0005
2025-06-07,Gangtok,orographic,1.4,1.1,2.5,1.2,1.2,2.49,0.1172,0.0052,0.0012
2025-06-07,Guwahati,orographic,0.8,0.4,1.2,0.4,0.4,3.64,0.0873,0.0033,0.0008
2025-06-07,Cherrapunji,orographic,3.0,11.3,15.27,14.2,14.2,8.86,0.3555,0.0395,0.0086
2025-06-07,Imphal,orographic,0.6,0.5,1.5,0.5,0.5,2.49,0.0919,0.0035,0.0008
2025-06-07,Agartala,orographic,0.2,3.7,6.2,4.5,4.5,6.47,0.2025,0.0132,0.003
2025-06-07,Lucknow,normal,0.0,0.0,0.0,0.0,0.0,0.13,0.0558,0.0005,0.0001
2025-06-07,Patna,normal,0.0,0.0,0.0,0.0,0.0,0.74,0.0558,0.0005,0.0001
2025-06-07,Varanasi,normal,0.0,0.0,0.0,0.0,0.0,0.13,0.0558,0.0005,0.0001
2025-06-07,Delhi,normal,0.0,0.0,0.0,0.0,0.0,0.67,0.0558,0.0005,0.0001
2025-06-07,Kanpur,normal,0.0,0.0,0.0,0.0,0.0,0.13,0.0558,0.0005,0.0001
2025-06-07,Ranchi,normal,0.1,0.0,0.0,0.0,0.0,0.83,0.0558,0.0005,0.0001
2025-06-07,Jodhpur,normal,0.0,0.0,0.0,0.0,0.0,0.0,0.0558,0.0005,0.0001
2025-06-07,Bikaner,normal,0.0,0.0,0.0,0.0,0.0,0.0,0.0558,0.0005,0.0001
2025-06-07,Jaisalmer,normal,0.0,0.0,0.0,0.0,0.0,0.0,0.0558,0.0005,0.0001
2025-06-07,Hyderabad,normal,0.0,0.8,2.0,2.1,3.4,2.12,0.0867,0.0009,0.0001
2025-06-07,Bengaluru,normal,0.3,0.0,0.0,0.0,0.0,0.75,0.0558,0.0005,0.0001
2025-06-07,Pune,normal,9.3,18.5,23.1,23.21,25.57,7.06,0.393,0.0145,0.0017
2025-06-07,Kurnool,normal,0.3,0.0,0.0,0.0,0.0,0.75,0.0558,0.0005,0.0001
2025-06-07,Madurai,normal,0.1,0.6,1.7,1.7,2.9,3.64,0.0795,0.0008,0.0001
2025-06-08,Nagpur,normal,0.1,0.0,0.0,0.0,0.0,0.7,0.0558,0.0005,0.0001
2025-06-08,Bhopal,normal,0.0,0.0,0.0,0.0,0.0,0.7,0.0558,0.0005,0.0001
2025-06-08,Raipur,normal,0.0,0.0,0.0,0.0,0.0,1.35,0.0558,0.0005,0.0001
2025-06-08,Jabalpur,normal,0.0,0.0,0.0,0.0,0.0,0.7,0.0558,0.0005,0.0001
2025-06-08,Akola,normal,0.0,3.4,5.9,6.1,10.4,5.76,0.1632,0.0026,0.0003
2025-06-08,Amravati,normal,0.0,5.0,8.0,8.2,11.9,5.23,0.2003,0.0037,0.0005
2025-06-08,Aurangabad,normal,0.0,5.3,8.3,8.53,11.9,7.83,0.2067,0.0039,0.0005
2025-06-08,Bhubaneswar,normal,0.0,0.0,0.0,0.0,0.0,0.7,0.0558,0.0005,0.0001
2025-06-08,Mumbai,coastal,4.4,0.0,0.0,0.0,0.0,2.01,0.0785,0.0008,0.0001
2025-06-08,Thiruvananthapuram,coastal,0.7,0.0,0.0,0.0,0.0,1.23,0.0785,0.0008,0.0001
2025-06-08,Kochi,coastal,5.2,1.4,2.9,4.7,4.7,4.23,0.1471,0.0023,0.0003
2025-06-08,Mangaluru,coastal,2.8,1.6,3.2,5.1,5.1,3.51,0.1554,0.0025,0.0003
2025-06-08,Panaji,coastal,4.5,2.1,4.0,5.9,5.9,5.01,0.1749,0.0031,0.0004
2025-06-08,Chennai,coastal,2.3,0.6,1.7,2.7,2.7,2.68,0.1106,0.0014,0.0002
2025-06-08,Visakhapatnam,coastal,0.2,0.6,1.7,2.7,2.7,4.45,0.1106,0.0014,0.0002
2025-06-08,Puri,coastal,0.0,0.0,0.0,0.0,0.0,1.23,0.0785,0.0008,0.0001
2025-06-08,Kolkata,coastal,1.6,0.0,0.0,0.0,0.0,2.4,0.0785,0.0008,0.0001
2025-06-08,Surat,coastal,0.0,0.3,1.0,1.82,1.82,4.08,0.0952,0.0011,0.0001
2025-06-08,Mahabaleshwar,orographic,4.6,0.5,1.5,0.5,0.5,6.63,0.0919,0.0035,0.0008
2025-06-08,Munnar,orographic,1.8,0.0,0.0,0.0,0.0,2.02,0.068,0.0022,0.0005
2025-06-08,Madikeri,orographic,1.7,0.8,2.0,0.9,0.9,2.88,0.1049,0.0044,0.001
2025-06-08,Ooty,orographic,3.5,0.0,0.0,0.0,0.0,2.3,0.068,0.0022,0.0005
2025-06-08,Lonavala,orographic,7.5,3.5,5.9,4.2,4.2,10.13,0.1969,0.0126,0.0028
2025-06-08,Wayanad,orographic,1.0,0.0,0.0,0.0,0.0,1.17,0.068,0.0022,0.0005
2025-06-08,Shimla,orographic,0.0,0.0,0.0,0.0,0.0,0.14,0.068,0.0022,0.0005
2025-06-08,Dehradun,orographic,0.1,0.0,0.0,0.0,0.0,0.14,0.068,0.0022,0.0005
2025-06-08,Srinagar,orographic,0.0,0.2,0.8,0.1,0.1,0.49,0.0779,0.0027,0.0006
2025-06-08,Gangtok,orographic,1.3,2.1,4.0,2.4,2.4,2.33,0.1537,0.0082,0.0019
2025-06-08,Guwahati,orographic,0.4,3.2,5.6,3.8,3.8,3.66,0.1883,0.0116,0.0026
2025-06-08,Cherrapunji,orographic,2.0,14.0,18.2,18.1,18.1,9.38,0.3929,0.0492,0.0108
2025-06-08,Imphal,orographic,0.1,0.0,0.0,0.0,0.0,1.53,0.068,0.0022,0.0005
2025-06-08,Agartala,orographic,5.7,2.8,5.0,3.3,3.3,5.04,0.1763,0.0104,0.0023
2025-06-08,Lucknow,normal,0.0,0.0,0.0,0.0,0.0,0.11,0.0558,0.0005,0.0001
2025-06-08,Patna,normal,0.0,0.0,0.0,0.0,0.0,0.11,0.0558,0.0005,0.0001
2025-06-08,Varanasi,normal,0.0,0.0,0.0,0.0,0.0,0.11,0.0558,0.0005,0.0001
2025-06-08,Delhi,normal,0.0,0.0,0.0,0.0,0.0,0.11,0.0558,0.0005,0.0001
2025-06-08,Kanpur,normal,0.0,0.0,0.0,0.0,0.0,0.11,0.0558,0.0005,0.0001
2025-06-08,Ranchi,normal,0.2,0.0,0.0,0.0,0.0,0.11,0.0558,0.0005,0.0001
2025-06-08,Jodhpur,normal,0.0,0.0,0.0,0.0,0.0,0.12,0.0558,0.0005,0.0001
2025-06-08,Bikaner,normal,0.0,0.0,0.0,0.0,0.0,0.12,0.0558,0.0005,0.0001
2025-06-08,Jaisalmer,normal,0.0,0.0,0.0,0.0,0.0,0.12,0.0558,0.0005,0.0001
2025-06-08,Hyderabad,normal,0.6,0.1,0.6,0.6,0.82,3.1,0.06,0.0005,0.0001
2025-06-08,Bengaluru,normal,2.9,0.0,0.0,0.0,0.0,0.71,0.0558,0.0005,0.0001
2025-06-08,Pune,normal,0.4,0.1,0.6,0.6,0.82,3.61,0.06,0.0005,0.0001
2025-06-08,Kurnool,normal,9.0,2.0,3.8,4.05,6.98,2.98,0.1253,0.0017,0.0002
2025-06-08,Madurai,normal,1.6,0.0,0.0,0.0,0.0,1.72,0.0558,0.0005,0.0001
2025-06-09,Nagpur,normal,0.0,0.0,0.0,0.0,0.0,0.72,0.0558,0.0005,0.0001
2025-06-09,Bhopal,normal,0.0,0.0,0.0,0.0,0.0,0.72,0.0558,0.0005,0.0001
2025-06-09,Raipur,normal,0.0,0.0,0.0,0.0,0.0,0.72,0.0558,0.0005,0.0001
2025-06-09,Jabalpur,normal,0.0,0.0,0.0,0.0,0.0,0.72,0.0558,0.0005,0.0001
2025-06-09,Akola,normal,0.0,4.7,7.54,7.9,7.9,6.72,0.1938,0.0035,0.0004
2025-06-09,Amravati,normal,0.0,1.0,2.3,2.5,2.5,4.74,0.0937,0.001,0.0001
2025-06-09,Aurangabad,normal,1.0,0.2,0.8,0.8,0.8,3.5,0.0641,0.0006,0.0001
2025-06-09,Bhubaneswar,normal,10.1,0.0,0.0,0.0,0.0,0.72,0.0558,0.0005,0.0001
2025-06-09,Mumbai,coastal,2.0,0.2,0.8,1.5,1.5,2.25,0.0898,0.001,0.0001
2025-06-09,Thiruvananthapuram,coastal,0.0,0.0,0.0,0.0,0.0,1.23,0.0785,0.0008,0.0001
2025-06-09,Kochi,coastal,2.9,8.8,12.4,14.82,14.82,8.6,0.3489,0.0118,0.0014
2025-06-09,Mangaluru,coastal,14.1,2.8,5.0,7.5,7.5,6.42,0.1998,0.0039,0.0005
2025-06-09,Panaji,coastal,0.6,1.1,2.5,4.1,4.1,5.13,0.1341,0.002,0.0002
2025-06-09,Chennai,coastal,6.2,2.5,4.7,6.7,6.7,5.9,0.1894,0.0036,0.0004
2025-06-09,Visakhapatnam,coastal,0.0,0.0,0.0,0.0,0.0,2.09,0.0785,0.0008,0.0001
2025-06-09,Puri,coastal,1.1,0.0,0.0,0.0,0.0,1.23,0.0785,0.0008,0.0001
2025-06-09,Kolkata,coastal,0.8,0.0,0.0,0.0,0.0,1.23,0.0785,0.0008,0.0001
2025-06-09,Surat,coastal,0.0,0.0,0.0,0.0,0.0,2.01,0.0785,0.0008,0.0001
2025-06-09,Mahabaleshwar,orographic,5.2,1.0,2.3,1.1,1.1,4.44,0.1131,0.0049,0.0011
2025-06-09,Munnar,orographic,3.2,0.2,0.8,0.1,0.1,1.98,0.0779,0.0027,0.0006
2025-06-09,Madikeri,orographic,5.0,1.1,2.5,1.2,1.2,4.96,0.1172,0.0052,0.0012
2025-06-09,Ooty,orographic,18.2,0.6,1.6,0.6,0.6,2.4,0.0963,0.0038,0.0009
2025-06-09,Lonavala,orographic,6.4,2.1,4.0,2.4,2.4,6.96,0.1537,0.0082,0.0019
2025-06-09,Wayanad,orographic,0.5,1.0,2.3,1.1,1.1,3.17,0.1131,0.0049,0.0011
2025-06-09,Shimla,orographic,0.0,0.0,0.0,0.0,0.0,0.11,0.068,0.0022,0.0005
2025-06-09,Dehradun,orographic,0.0,0.0,0.0,0.0,0.0,0.11,0.068,0.0022,0.0005
2025-06-09,Srinagar,orographic,0.0,0.0,0.0,0.0,0.0,0.39,0.068,0.0022,0.0005
2025-06-09,Gangtok,orographic,0.0,1.5,3.1,1.7,1.7,1.72,0.1325,0.0064,0.0015
2025-06-09,Guwahati,orographic,0.0,0.0,0.0,0.0,0.0,2.12,0.068,0.0022,0.0005
2025-06-09,Cherrapunji,orographic,6.9,9.9,13.7,12.48,12.48,7.75,0.3335,0.0345,0.0076
2025-06-09,Imphal,orographic,2.7,0.5,1.5,0.5,0.5,1.26,0.0919,0.0035,0.0008
2025-06-09,Agartala,orographic,0.9,0.1,0.6,0.1,0.1,3.02,0.073,0.0025,0.0006
2025-06-09,Lucknow,normal,0.1,0.0,0.0,0.0,0.0,0.14,0.0558,0.0005,0.0001
2025-06-09,Patna,normal,0.0,0.0,0.0,0.0,0.0,0.14,0.0558,0.0005,0.0001
2025-06-09,Varanasi,normal,0.0,0.0,0.0,0.0,0.0,0.14,0.0558,0.0005,0.0001
2025-06-09,Delhi,normal,0.0,0.0,0.0,0.0,0.0,0.14,0.0558,0.0005,0.0001
2025-06-09,Kanpur,normal,0.0,0.0,0.0,0.0,0.0,0.14,0.0558,0.0005,0.0001
2025-06-09,Ranchi,normal,0.3,0.0,0.0,0.0,0.0,0.14,0.0558,0.0005,0.0001
2025-06-09,Jodhpur,normal,0.0,0.0,0.0,0.0,0.0,0.0,0.0558,0.0005,0.0001
2025-06-09,Bikaner,normal,0.0,0.0,0.0,0.0,0.0,0.0,0.0558,0.0005,0.0001
2025-06-09,Jaisalmer,normal,0.0,0.0,0.0,0.0,0.0,0.0,0.0558,0.0005,0.0001
2025-06-09,Hyderabad,normal,6.2,0.9,2.2,2.3,2.3,3.13,0.0902,0.001,0.0001
2025-06-09,Bengaluru,normal,11.9,17.1,21.7,21.8,21.8,6.51,0.3788,0.0133,0.0016
2025-06-09,Pune,normal,2.5,0.0,0.0,0.0,0.0,1.46,0.0558,0.0005,0.0001
2025-06-09,Kurnool,normal,0.0,3.9,6.5,6.69,6.69,5.41,0.1754,0.0029,0.0004
2025-06-09,Madurai,normal,2.3,0.0,0.0,0.0,0.0,0.77,0.0558,0.0005,0.0001
2025-06-10,Nagpur,normal,0.1,0.0,0.0,0.0,0.0,0.51,0.0558,0.0005,0.0001
2025-06-10,Bhopal,normal,0.0,0.0,0.0,0.0,0.0,0.51,0.0558,0.0005,0.0001
2025-06-10,Raipur,normal,0.0,0.0,0.0,0.0,0.0,0.51,0.0558,0.0005,0.0001
2025-06-10,Jabalpur,normal,0.0,0.0,0.0,0.0,0.0,0.51,0.0558,0.0005,0.0001
2025-06-10,Akola,normal,0.0,2.4,4.6,4.9,4.9,5.79,0.1368,0.0019,0.0002
2025-06-10,Amravati,normal,0.0,0.6,1.6,1.6,1.6,3.3,0.0795,0.0008,0.0001
2025-06-10,Aurangabad,normal,2.8,0.0,0.0,0.0,0.0,1.14,0.0558,0.0005,0.0001
2025-06-10,Bhubaneswar,normal,7.4,0.1,0.6,0.6,0.6,1.17,0.06,0.0005,0.0001
2025-06-10,Mumbai,coastal,0.8,1.0,2.3,3.8,3.8,3.25,0.1296,0.0019,0.0002
2025-06-10,Thiruvananthapuram,coastal,11.4,0.4,1.2,2.1,2.1,1.81,0.1005,0.0012,0.0002
2025-06-10,Kochi,coastal,17.2,45.4,58.6,72.23,72.23,22.35,0.6523,0.0681,0.0077
2025-06-10,Mangaluru,coastal,16.0,28.2,35.0,48.3,48.3,12.91,0.5637,0.0409,0.0046
2025-06-10,Panaji,coastal,1.6,3.5,5.9,8.79,8.79,5.69,0.2225,0.0048,0.0006
2025-06-10,Chennai,coastal,0.3,1.2,2.6,4.2,4.2,4.67,0.1385,0.0021,0.0003
2025-06-10,Visakhapatnam,coastal,13.5,0.0,0.0,0.0,0.0,0.92,0.0785,0.0008,0.0001
2025-06-10,Puri,coastal,1.5,0.0,0.0,0.0,0.0,0.92,0.0785,0.0008,0.0001
2025-06-10,Kolkata,coastal,1.4,0.0,0.0,0.0,0.0,0.92,0.0785,0.0008,0.0001
2025-06-10,Surat,coastal,0.0,0.0,0.0,0.0,0.0,0.92,0.0785,0.0008,0.0001
2025-06-10,Mahabaleshwar,orographic,1.6,0.4,1.2,0.4,0.4,3.29,0.0873,0.0033,0.0008
2025-06-10,Munnar,orographic,8.3,0.3,1.0,0.2,0.2,2.59,0.0827,0.003,0.0007
2025-06-10,Madikeri,orographic,4.3,3.0,5.3,3.5,3.5,5.82,0.1824,0.011,0.0025
2025-06-10,Ooty,orographic,3.9,4.9,7.9,6.1,6.1,5.42,0.2338,0.0172,0.0038
2025-06-10,Lonavala,orographic,3.3,1.8,3.5,2.0,2.0,5.3,0.1433,0.0073,0.0017
2025-06-10,Wayanad,orographic,12.3,2.0,3.8,2.3,2.3,4.87,0.1503,0.0079,0.0018
2025-06-10,Shimla,orographic,0.0,0.0,0.0,0.0,0.0,0.0,0.068,0.0022,0.0005
2025-06-10,Dehradun,orographic,0.2,0.0,0.0,0.0,0.0,0.0,0.068,0.0022,0.0005
2025-06-10,Srinagar,orographic,0.0,0.0,0.0,0.0,0.0,0.0,0.068,0.0022,0.0005
2025-06-10,Gangtok,orographic,1.4,1.0,2.3,1.1,1.1,1.31,0.1131,0.0049,0.0011
2025-06-10,Guwahati,orographic,0.4,0.6,1.6,0.6,0.6,1.05,0.0963,0.0038,0.0009
2025-06-10,Cherrapunji,orographic,5.8,9.8,13.6,12.3,12.3,7.41,0.3318,0.0341,0.0075
2025-06-10,Imphal,orographic,0.7,10.9,14.9,13.8,13.8,4.26,0.3494,0.038,0.0083
2025-06-10,Agartala,orographic,13.4,0.3,1.0,0.2,0.2,1.44,0.0827,0.003,0.0007
2025-06-10,Lucknow,normal,0.0,0.0,0.0,0.0,0.0,0.0,0.0558,0.0005,0.0001
2025-06-10,Patna,normal,0.0,0.0,0.0,0.0,0.0,0.0,0.0558,0.0005,0.0001
2025-06-10,Varanasi,normal,0.0,0.0,0.0,0.0,0.0,0.0,0.0558,0.0005,0.0001
2025-06-10,Delhi,normal,0.0,0.0,0.0,0.0,0.0,0.0,0.0558,0.0005,0.0001
2025-06-10,Kanpur,normal,0.0,0.0,0.0,0.0,0.0,0.0,0.0558,0.0005,0.0001
2025-06-10,Ranchi,normal,0.0,0.0,0.0,0.0,0.0,0.0,0.0558,0.0005,0.0001
2025-06-10,Jodhpur,normal,0.0,0.0,0.0,0.0,0.0,0.0,0.0558,0.0005,0.0001
2025-06-10,Bikaner,normal,0.0,0.0,0.0,0.0,0.0,0.0,0.0558,0.0005,0.0001
2025-06-10,Jaisalmer,normal,0.0,0.0,0.0,0.0,0.0,0.0,0.0558,0.0005,0.0001
2025-06-10,Hyderabad,normal,1.6,0.5,1.5,1.5,1.5,3.22,0.0757,0.0007,0.0001
2025-06-10,Bengaluru,normal,5.0,5.1,8.1,8.3,8.3,6.23,0.2024,0.0038,0.0005
2025-06-10,Pune,normal,1.6,0.0,0.0,0.0,0.0,0.53,0.0558,0.0005,0.0001
2025-06-10,Kurnool,normal,0.0,4.0,6.7,6.9,6.9,5.42,0.1778,0.003,0.0004
2025-06-10,Madurai,normal,0.5,4.4,7.2,7.53,7.53,3.43,0.187,0.0033,0.0004
2025-06-11,Nagpur,normal,0.0,0.0,0.0,0.0,0.0,0.52,0.0558,0.0005,0.0001
2025-06-11,Bhopal,normal,0.2,0.0,0.0,0.0,0.0,0.52,0.0558,0.0005,0.0001
2025-06-11,Raipur,normal,0.0,0.4,1.2,1.2,1.2,1.22,0.0719,0.0007,0.0001
2025-06-11,Jabalpur,normal,0.0,0.0,0.0,0.0,0.0,0.52,0.0558,0.0005,0.0001
2025-06-11,Akola,normal,0.4,0.7,1.8,1.8,1.8,3.58,0.0831,0.0009,0.0001
2025-06-11,Amravati,normal,0.4,0.0,0.0,0.0,0.0,1.36,0.0558,0.0005,0.0001
2025-06-11,Aurangabad,normal,2.4,0.0,0.0,0.0,0.0,0.52,0.0558,0.0005,0.0001
2025-06-11,Bhubaneswar,normal,3.2,0.6,1.7,1.7,1.7,2.4,0.0795,0.0008,0.0001
2025-06-11,Mumbai,coastal,0.8,0.9,2.2,3.56,3.56,3.92,0.125,0.0018,0.0002
2025-06-11,Thiruvananthapuram,coastal,21.4,5.8,9.0,11.3,11.3,5.58,0.2853,0.0077,0.0009
2025-06-11,Kochi,depression,44.4,32.3,40.36,40.36,53.6,22.51,0.721,0.0822,0.0031
2025-06-11,Mangaluru,coastal,10.7,19.6,24.3,27.11,27.11,11.66,0.4937,0.0276,0.0031
2025-06-11,Panaji,coastal,20.0,12.0,15.9,19.14,19.14,11.26,0.4022,0.0163,0.0019
2025-06-11,Chennai,coastal,7.8,5.1,8.1,10.7,10.7,6.31,0.2678,0.0068,0.0008
2025-06-11,Visakhapatnam,coastal,14.1,0.4,1.2,2.1,2.1,1.76,0.1005,0.0012,0.0002
2025-06-11,Puri,coastal,1.7,0.3,1.0,1.82,1.82,1.75,0.0952,0.0011,0.0001
2025-06-11,Kolkata,coastal,0.7,0.0,0.0,0.0,0.0,0.89,0.0785,0.0008,0.0001
2025-06-11,Surat,coastal,0.0,0.0,0.0,0.0,0.0,0.89,0.0785,0.0008,0.0001
2025-06-11,Mahabaleshwar,orographic,4.7,1.0,2.3,1.1,1.1,3.75,0.1131,0.0049,0.0011
2025-06-11,Munnar,orographic,26.2,4.7,7.54,5.7,5.7,5.3,0.2288,0.0165,0.0037
2025-06-11,Madikeri,orographic,7.8,2.4,4.6,3.0,3.0,6.96,0.1636,0.0091,0.0021
2025-06-11,Ooty,orographic,7.0,8.6,12.2,10.7,10.7,10.95,0.3111,0.0299,0.0066
2025-06-11,Lonavala,orographic,2.7,2.7,4.9,3.2,3.2,5.7,0.1732,0.01,0.0023
2025-06-11,Wayanad,orographic,3.3,6.0,9.2,7.7,7.7,7.91,0.2593,0.0209,0.0046
2025-06-11,Shimla,orographic,1.0,0.0,0.0,0.0,0.0,0.0,0.068,0.0022,0.0005
2025-06-11,Dehradun,orographic,4.7,0.0,0.0,0.0,0.0,0.0,0.068,0.0022,0.0005
2025-06-11,Srinagar,orographic,0.0,0.0,0.0,0.0,0.0,0.0,0.068,0.0022,0.0005
2025-06-11,Gangtok,orographic,1.2,17.6,22.2,24.13,24.13,4.63,0.4349,0.0624,0.0136
2025-06-11,Guwahati,orographic,2.8,1.0,2.3,1.1,1.1,2.28,0.1131,0.0049,0.0011
2025-06-11,Cherrapunji,orographic,2.5,16.9,21.4,23.1,23.1,8.43,0.4273,0.0598,0.0131
2025-06-11,Imphal,orographic,0.2,7.0,10.4,9.1,9.1,6.32,0.2805,0.0243,0.0054
2025-06-11,Agartala,orographic,10.9,1.4,2.9,1.6,1.6,2.28,0.1287,0.0061,0.0014
2025-06-11,Lucknow,normal,0.1,0.0,0.0,0.0,0.0,0.0,0.0558,0.0005,0.0001
2025-06-11,Patna,normal,0.0,0.0,0.0,0.0,0.0,0.0,0.0558,0.0005,0.0001
2025-06-11,Varanasi,normal,0.0,0.0,0.0,0.0,0.0,0.0,0.0558,0.0005,0.0001
2025-06-11,Delhi,normal,0.0,0.0,0.0,0.0,0.0,0.0,0.0558,0.0005,0.0001
2025-06-11,Kanpur,normal,0.4,0.0,0.0,0.0,0.0,0.0,0.0558,0.0005,0.0001
2025-06-11,Ranchi,normal,1.1,0.0,0.0,0.0,0.0,0.0,0.0558,0.0005,0.0001
2025-06-11,Jodhpur,normal,0.0,0.0,0.0,0.0,0.0,0.0,0.0558,0.0005,0.0001
2025-06-11,Bikaner,normal,0.0,0.0,0.0,0.0,0.0,0.0,0.0558,0.0005,0.0001
2025-06-11,Jaisalmer,normal,0.0,0.0,0.0,0.0,0.0,0.0,0.0558,0.0005,0.0001
2025-06-11,Hyderabad,normal,2.6,0.0,0.0,0.0,0.0,1.3,0.0558,0.0005,0.0001
2025-06-11,Bengaluru,normal,7.0,2.3,4.3,4.6,4.6,5.01,0.134,0.0019,0.0002
2025-06-11,Pune,normal,2.4,0.0,0.0,0.0,0.0,0.5,0.0558,0.0005,0.0001
2025-06-11,Kurnool,normal,15.3,1.4,2.9,3.1,3.1,3.95,0.1069,0.0013,0.0002
2025-06-11,Madurai,normal,3.3,1.4,2.9,3.1,3.1,4.08,0.1069,0.0013,0.0002
2025-06-12,Nagpur,normal,0.5,0.5,1.5,1.5,1.5,1.84,0.0757,0.0007,0.0001
2025-06-12,Bhopal,normal,0.0,0.0,0.0,0.0,0.0,0.72,0.0558,0.0005,0.0001
2025-06-12,Raipur,normal,0.3,1.3,2.7,2.9,2.9,3.68,0.1037,0.0012,0.0002
2025-06-12,Jabalpur,normal,0.0,0.6,1.6,1.6,1.6,1.84,0.0795,0.0008,0.0001
2025-06-12,Akola,normal,1.2,0.0,0.0,0.0,0.0,1.9,0.0558,0.0005,0.0001
2025-06-12,Amravati,normal,6.9,2.6,4.8,5.0,5.0,3.81,0.1423,0.0021,0.0003
2025-06-12,Aurangabad,normal,0.0,0.0,0.0,0.0,0.0,0.72,0.0558,0.0005,0.0001
2025-06-12,Bhubaneswar,normal,10.9,0.0,0.0,0.0,0.0,1.76,0.0558,0.0005,0.0001
2025-06-12,Mumbai,coastal,2.8,1.1,2.5,4.1,4.1,4.72,0.1341,0.002,0.0002
2025-06-12,Thiruvananthapuram,coastal,8.4,8.0,11.6,14.3,14.3,11.54,0.3335,0.0107,0.0012
2025-06-12,Kochi,depression,23.1,44.0,57.21,57.21,72.23,25.4,0.7671,0.1129,0.0044
2025-06-12,Mangaluru,depression,112.1,113.1,112.11,112.11,112.11,29.23,0.8745,0.2734,0.0123
2025-06-12,Panaji,coastal,87.7,11.7,15.67,18.8,18.8,14.19,0.3977,0.0159,0.0018
2025-06-12,Chennai,coastal,3.0,10.3,14.1,16.52,16.52,14.02,0.3754,0.0139,0.0016
2025-06-12,Visakhapatnam,coastal,1.2,1.4,2.9,4.7,4.7,4.22,0.1471,0.0023,0.0003
2025-06-12,Puri,coastal,5.7,0.0,0.0,0.0,0.0,2.01,0.0785,0.0008,0.0001
2025-06-12,Kolkata,coastal,1.2,0.1,0.6,1.1,1.1,2.21,0.0842,0.0009,0.0001
2025-06-12,Surat,coastal,0.0,0.0,0.0,0.0,0.0,1.23,0.0785,0.0008,0.0001
2025-06-12,Mahabaleshwar,orographic,25.7,1.9,3.6,2.12,2.12,5.61,0.1468,0.0076,0.0017
2025-06-12,Munnar,orographic,25.1,40.8,51.0,68.02,68.02,22.13,0.5965,0.146,0.0331
2025-06-12,Madikeri,orographic,22.8,27.4,34.0,43.2,43.2,15.97,0.5198,0.0983,0.0217
2025-06-12,Ooty,orographic,4.3,13.7,17.82,17.72,17.72,17.68,0.389,0.0482,0.0105
2025-06-12,Lonavala,orographic,18.3,2.6,4.8,3.1,3.1,7.7,0.17,0.0097,0.0022
2025-06-12,Wayanad,orographic,14.8,9.1,12.8,11.4,11.4,15.12,0.32,0.0316,0.0069
2025-06-12,Shimla,orographic,2.1,0.0,0.0,0.0,0.0,0.11,0.068,0.0022,0.0005
2025-06-12,Dehradun,orographic,2.0,0.0,0.0,0.0,0.0,0.11,0.068,0.0022,0.0005
2025-06-12,Srinagar,orographic,0.0,0.0,0.0,0.0,0.0,0.11,0.068,0.0022,0.0005
2025-06-12,Gangtok,orographic,1.5,26.5,32.4,40.42,40.42,7.6,0.5133,0.095,0.021
2025-06-12,Guwahati,orographic,0.1,5.7,8.9,7.3,7.3,4.95,0.2526,0.0199,0.0044
2025-06-12,Cherrapunji,orographic,1.4,20.4,25.01,27.99,27.99,8.92,0.4629,0.0727,0.0159
2025-06-12,Imphal,orographic,0.0,0.0,0.0,0.0,0.0,2.33,0.068,0.0022,0.0005
2025-06-12,Agartala,orographic,0.6,5.1,8.1,6.55,6.55,4.56,0.2386,0.0178,0.004
2025-06-12,Lucknow,normal,2.6,0.1,0.6,0.6,0.6,0.59,0.06,0.0005,0.0001
2025-06-12,Patna,normal,0.4,0.6,1.6,1.6,1.6,1.04,0.0795,0.0008,0.0001
2025-06-12,Varanasi,normal,0.0,1.3,2.8,3.0,3.0,1.62,0.1037,0.0012,0.0002
2025-06-12,Delhi,normal,0.5,0.0,0.0,0.0,0.0,0.14,0.0558,0.0005,0.0001
2025-06-12,Kanpur,normal,1.8,0.0,0.0,0.0,0.0,0.14,0.0558,0.0005,0.0001
2025-06-12,Ranchi,normal,0.0,0.0,0.0,0.0,0.0,0.14,0.0558,0.0005,0.0001
2025-06-12,Jodhpur,normal,0.0,0.0,0.0,0.0,0.0,0.0,0.0558,0.0005,0.0001
2025-06-12,Bikaner,normal,0.0,0.0,0.0,0.0,0.0,0.0,0.0558,0.0005,0.0001
2025-06-12,Jaisalmer,normal,0.0,0.0,0.0,0.0,0.0,0.0,0.0558,0.0005,0.0001
2025-06-12,Hyderabad,normal,10.0,3.3,5.8,5.94,5.94,4.02,0.1607,0.0025,0.0003
2025-06-12,Bengaluru,normal,2.3,27.9,34.6,33.26,33.26,8.96,0.4707,0.0227,0.0027
2025-06-12,Pune,normal,28.0,0.5,1.5,1.5,1.5,1.9,0.0757,0.0007,0.0001
2025-06-12,Kurnool,normal,1.8,15.8,20.17,20.51,20.51,8.06,0.3648,0.0122,0.0015
2025-06-12,Madurai,normal,1.4,1.7,3.3,3.4,3.4,4.13,0.1163,0.0015,0.0002
2025-06-13,Nagpur,normal,0.8,0.4,1.2,1.2,1.2,2.74,0.0719,0.0007,0.0001
2025-06-13,Bhopal,normal,0.0,0.0,0.0,0.0,0.0,0.67,0.0558,0.0005,0.0001
2025-06-13,Raipur,normal,0.1,3.6,6.0,6.2,6.2,5.62,0.1682,0.0027,0.0003
2025-06-13,Jabalpur,normal,0.3,0.0,0.0,0.0,0.0,1.61,0.0558,0.0005,0.0001
2025-06-13,Akola,normal,4.0,0.4,1.2,1.2,1.2,1.44,0.0719,0.0007,0.0001
2025-06-13,Amravati,normal,0.5,7.2,10.6,10.6,10.6,6.85,0.2437,0.0053,0.0007
2025-06-13,Aurangabad,normal,4.5,0.0,0.0,0.0,0.0,0.67,0.0558,0.0005,0.0001
2025-06-13,Bhubaneswar,normal,2.1,0.0,0.0,0.0,0.0,0.67,0.0558,0.0005,0.0001
2025-06-13,Mumbai,coastal,29.6,0.8,2.0,3.21,3.21,4.53,0.1203,0.0017,0.0002
2025-06-13,Thiruvananthapuram,coastal,34.1,21.0,25.6,28.8,25.6,13.89,0.507,0.0297,0.0034
2025-06-13,Kochi,depression,29.6,37.9,48.3,48.3,48.3,23.79,0.7455,0.097,0.0037
2025-06-13,Mangaluru,depression,64.1,52.4,65.81,65.81,65.81,34.06,0.7908,0.1345,0.0053
2025-06-13,Panaji,coastal,49.6,46.3,59.81,80.21,59.81,23.84,0.6558,0.0696,0.0078
2025-06-13,Chennai,coastal,3.6,1.7,3.3,5.3,5.3,6.27,0.1594,0.0027,0.0003
2025-06-13,Visakhapatnam,coastal,3.6,2.1,4.0,5.9,5.9,5.53,0.1749,0.0031,0.0004
2025-06-13,Puri,coastal,7.8,0.0,0.0,0.0,0.0,1.2,0.0785,0.0008,0.0001
2025-06-13,Kolkata,coastal,2.1,0.5,1.5,2.4,2.4,3.2,0.1056,0.0013,0.0002
2025-06-13,Surat,coastal,3.1,0.0,0.0,0.0,0.0,1.2,0.0785,0.0008,0.0001
2025-06-13,Mahabaleshwar,orographic,30.5,1.5,3.1,1.7,1.7,5.38,0.1325,0.0064,0.0015
2025-06-13,Munnar,orographic,37.1,12.5,16.5,16.1,16.1,17.62,0.3728,0.0438,0.0096
2025-06-13,Madikeri,orographic,12.3,33.9,42.61,55.47,55.47,21.55,0.561,0.1217,0.0272
2025-06-13,Ooty,orographic,14.0,5.1,8.1,6.55,6.55,12.13,0.2386,0.0178,0.004
2025-06-13,Lonavala,orographic,31.2,3.0,5.3,3.5,3.5,8.0,0.1824,0.011,0.0025
2025-06-13,Wayanad,orographic,18.4,12.5,16.5,16.1,16.1,17.75,0.3728,0.0438,0.0096
2025-06-13,Shimla,orographic,4.7,0.0,0.0,0.0,0.0,0.12,0.068,0.0022,0.0005
2025-06-13,Dehradun,orographic,2.0,0.0,0.0,0.0,0.0,0.12,0.068,0.0022,0.0005
2025-06-13,Srinagar,orographic,0.0,0.0,0.0,0.0,0.0,0.12,0.068,0.0022,0.0005
2025-06-13,Gangtok,orographic,2.2,11.0,15.0,13.9,13.9,7.08,0.3509,0.0384,0.0084
2025-06-13,Guwahati,orographic,0.5,4.4,7.2,5.4,5.4,6.88,0.2212,0.0155,0.0035
2025-06-13,Cherrapunji,orographic,3.1,10.3,14.1,13.0,13.0,8.35,0.34,0.0359,0.0079
2025-06-13,Imphal,orographic,0.0,0.0,0.0,0.0,0.0,0.6,0.068,0.0022,0.0005
2025-06-13,Agartala,orographic,1.9,3.5,5.9,4.2,4.2,6.88,0.1969,0.0126,0.0028
2025-06-13,Lucknow,normal,0.0,0.0,0.0,0.0,0.0,0.45,0.0558,0.0005,0.0001
2025-06-13,Patna,normal,0.5,0.7,1.8,1.8,1.8,1.98,0.0831,0.0009,0.0001
2025-06-13,Varanasi,normal,0.3,1.8,3.5,3.7,3.7,2.99,0.1193,0.0015,0.0002
2025-06-13,Delhi,normal,0.0,0.0,0.0,0.0,0.0,0.0,0.0558,0.0005,0.0001
2025-06-13,Kanpur,normal,0.0,0.0,0.0,0.0,0.0,0.0,0.0558,0.0005,0.0001
2025-06-13,Ranchi,normal,0.0,0.0,0.0,0.0,0.0,0.0,0.0558,0.0005,0.0001
2025-06-13,Jodhpur,normal,0.0,0.0,0.0,0.0,0.0,0.0,0.0558,0.0005,0.0001
2025-06-13,Bikaner,normal,0.0,0.0,0.0,0.0,0.0,0.0,0.0558,0.0005,0.0001
2025-06-13,Jaisalmer,normal,0.0,0.0,0.0,0.0,0.0,0.0,0.0558,0.0005,0.0001
2025-06-13,Hyderabad,normal,0.9,4.5,7.3,7.68,7.68,5.76,0.1893,0.0034,0.0004
2025-06-13,Bengaluru,normal,3.9,4.5,7.3,7.68,7.68,6.09,0.1893,0.0034,0.0004
2025-06-13,Pune,normal,6.2,0.3,1.0,1.0,1.0,2.73,0.0681,0.0006,0.0001
2025-06-13,Kurnool,normal,0.5,17.1,21.7,21.8,21.8,8.64,0.3788,0.0133,0.0016
2025-06-13,Madurai,normal,0.7,0.0,0.0,0.0,0.0,1.93,0.0558,0.0005,0.0001
2025-06-14,Nagpur,normal,4.4,3.0,5.3,5.5,5.5,6.8,0.153,0.0023,0.0003
2025-06-14,Bhopal,normal,0.9,1.4,2.9,3.1,3.1,4.01,0.1069,0.0013,0.0002
2025-06-14,Raipur,normal,0.6,0.5,1.5,1.5,1.5,5.37,0.0757,0.0007,0.0001
2025-06-14,Jabalpur,normal,1.0,3.5,5.9,6.1,6.1,6.38,0.1657,0.0027,0.0003
2025-06-14,Akola,normal,15.8,12.7,16.7,16.8,16.8,9.3,0.3276,0.0097,0.0012
2025-06-14,Amravati,normal,13.2,13.0,17.1,17.11,17.11,12.52,0.3315,0.0099,0.0012
2025-06-14,Aurangabad,normal,9.2,36.0,44.9,42.72,42.72,13.1,0.5204,0.0301,0.0035
2025-06-14,Bhubaneswar,normal,0.8,0.0,0.0,0.0,0.0,1.76,0.0558,0.0005,0.0001
2025-06-14,Mumbai,coastal,58.0,4.0,6.7,9.6,9.6,6.23,0.2375,0.0054,0.0006
2025-06-14,Thiruvananthapuram,depression,52.6,45.5,58.6,58.6,58.6,32.06,0.7718,0.1168,0.0046
2025-06-14,Kochi,depression,59.5,52.7,66.1,66.1,66.1,41.65,0.7916,0.1352,0.0053
2025-06-14,Mangaluru,depression,76.0,102.6,98.0,98.0,98.0,44.51,0.8658,0.2516,0.0111
2025-06-14,Panaji,depression,82.3,84.2,88.21,88.21,88.21,44.51,0.8464,0.2112,0.0089
2025-06-14,Chennai,coastal,2.5,0.1,0.6,1.1,1.1,3.65,0.0842,0.0009,0.0001
2025-06-14,Visakhapatnam,coastal,8.0,0.0,0.0,0.0,0.0,2.65,0.0785,0.0008,0.0001
2025-06-14,Puri,coastal,0.2,0.0,0.0,0.0,0.0,1.83,0.0785,0.0008,0.0001
2025-06-14,Kolkata,coastal,1.5,0.0,0.0,0.0,0.0,2.45,0.0785,0.0008,0.0001
2025-06-14,Surat,coastal,21.5,0.0,0.0,0.0,0.0,1.83,0.0785,0.0008,0.0001
2025-06-14,Mahabaleshwar,orographic,23.1,3.9,6.5,4.8,4.8,7.93,0.208,0.0139,0.0031
2025-06-14,Munnar,orographic,64.5,12.6,16.62,16.2,16.2,23.21,0.3742,0.0442,0.0097
2025-06-14,Madikeri,orographic,39.1,121.2,127.82,145.6,145.6,54.8,0.7782,0.3737,0.1018
2025-06-14,Ooty,orographic,12.5,6.8,10.2,8.9,8.9,15.68,0.2764,0.0236,0.0052
2025-06-14,Lonavala,orographic,35.4,12.4,16.4,15.78,15.78,16.02,0.3714,0.0434,0.0095
2025-06-14,Wayanad,orographic,16.1,26.6,32.6,40.65,40.65,30.68,0.514,0.0954,0.021
2025-06-14,Shimla,orographic,0.0,0.0,0.0,0.0,0.0,0.79,0.068,0.0022,0.0005
2025-06-14,Dehradun,orographic,0.0,0.1,0.6,0.1,0.1,1.15,0.073,0.0025,0.0006
2025-06-14,Srinagar,orographic,0.0,0.0,0.0,0.0,0.0,0.79,0.068,0.0022,0.0005
2025-06-14,Gangtok,orographic,4.8,13.8,18.0,18.0,18.0,7.77,0.3903,0.0485,0.0106
2025-06-14,Guwahati,orographic,2.2,8.3,11.9,10.5,10.5,8.6,0.3057,0.0288,0.0063
2025-06-14,Cherrapunji,orographic,3.3,8.2,11.9,10.5,10.5,9.44,0.3038,0.0285,0.0063
2025-06-14,Imphal,orographic,1.9,6.2,9.5,8.1,8.1,4.97,0.2637,0.0216,0.0048
2025-06-14,Agartala,orographic,2.3,1.6,3.2,1.8,1.8,4.73,0.1362,0.0067,0.0015
2025-06-14,Lucknow,normal,0.2,0.0,0.0,0.0,0.0,1.08,0.0558,0.0005,0.0001
2025-06-14,Patna,normal,0.0,0.0,0.0,0.0,0.0,1.72,0.0558,0.0005,0.0001
2025-06-14,Varanasi,normal,0.0,0.2,0.8,0.8,0.8,2.47,0.0641,0.0006,0.0001
2025-06-14,Delhi,normal,0.3,0.0,0.0,0.0,0.0,1.08,0.0558,0.0005,0.0001
2025-06-14,Kanpur,normal,0.4,0.0,0.0,0.0,0.0,1.08,0.0558,0.0005,0.0001
2025-06-14,Ranchi,normal,0.2,2.0,3.8,4.05,4.05,3.26,0.1253,0.0017,0.0002
2025-06-14,Jodhpur,normal,0.1,0.0,0.0,0.0,0.0,0.74,0.0558,0.0005,0.0001
2025-06-14,Bikaner,normal,0.0,0.0,0.0,0.0,0.0,0.74,0.0558,0.0005,0.0001
2025-06-14,Jaisalmer,normal,0.4,0.0,0.0,0.0,0.0,0.74,0.0558,0.0005,0.0001
2025-06-14,Hyderabad,normal,1.6,14.5,18.9,19.4,19.4,9.32,0.3499,0.0111,0.0013
2025-06-14,Bengaluru,normal,5.7,1.2,2.6,2.9,2.9,5.24,0.1004,0.0012,0.0002
2025-06-14,Pune,normal,31.3,3.7,6.2,6.39,6.39,5.23,0.1706,0.0028,0.0004
2025-06-14,Kurnool,normal,0.4,5.6,8.7,8.8,8.8,8.82,0.2129,0.0041,0.0005
2025-06-14,Madurai,normal,2.7,0.0,0.0,0.0,0.0,1.34,0.0558,0.0005,0.0001
2025-06-15,Nagpur,normal,0.9,0.5,1.5,1.5,1.5,5.33,0.0757,0.0007,0.0001
2025-06-15,Bhopal,normal,5.4,1.5,3.1,3.3,3.3,5.27,0.1101,0.0013,0.0002
2025-06-15,Raipur,normal,0.1,29.9,36.9,34.82,34.82,11.84,0.4841,0.0245,0.0029
2025-06-15,Jabalpur,normal,0.4,1.5,3.1,3.3,3.3,6.15,0.1101,0.0013,0.0002
2025-06-15,Akola,normal,12.7,3.6,6.0,6.2,6.2,9.99,0.1682,0.0027,0.0003
2025-06-15,Amravati,normal,1.1,5.0,8.0,8.2,8.2,9.74,0.2003,0.0037,0.0005
2025-06-15,Aurangabad,depression,5.0,25.2,30.1,30.1,29.4,17.35,0.6805,0.0635,0.0024
2025-06-15,Bhubaneswar,normal,7.1,2.5,4.7,4.9,4.9,5.7,0.1396,0.002,0.0003
2025-06-15,Mumbai,coastal,55.5,12.9,17.07,19.93,17.07,11.99,0.4153,0.0176,0.002
2025-06-15,Thiruvananthapuram,depression,30.8,39.3,49.4,49.4,49.4,34.33,0.7508,0.1007,0.0039
2025-06-15,Kochi,depression,69.2,66.9,80.0,80.0,80.0,44.51,0.821,0.1705,0.0069
2025-06-15,Mangaluru,depression,79.8,60.3,72.61,72.61,72.61,44.51,0.8086,0.1543,0.0062
2025-06-15,Panaji,depression,93.5,68.5,80.2,80.2,80.2,44.51,0.8238,0.1744,0.0071
2025-06-15,Chennai,coastal,0.0,0.0,0.0,0.0,0.0,2.17,0.0785,0.0008,0.0001
2025-06-15,Visakhapatnam,coastal,0.2,4.3,7.1,9.94,9.94,5.4,0.2462,0.0058,0.0007
2025-06-15,Puri,coastal,22.4,5.1,8.1,10.7,10.7,6.01,0.2678,0.0068,0.0008
2025-06-15,Kolkata,coastal,16.0,0.0,0.0,0.0,0.0,1.83,0.0785,0.0008,0.0001
2025-06-15,Surat,coastal,3.9,2.1,4.0,5.9,5.9,4.49,0.1749,0.0031,0.0004
2025-06-15,Mahabaleshwar,orographic,32.6,8.0,11.6,10.3,10.3,12.51,0.3001,0.0278,0.0061
2025-06-15,Munnar,orographic,122.7,18.7,23.3,25.6,25.6,24.96,0.4463,0.0664,0.0145
2025-06-15,Madikeri,orographic,41.4,51.9,64.91,89.21,89.21,52.18,0.6412,0.1836,0.0426
2025-06-15,Ooty,orographic,35.8,5.1,8.1,6.55,6.55,16.09,0.2386,0.0178,0.004
2025-06-15,Lonavala,orographic,23.4,5.1,8.1,6.55,6.55,17.53,0.2386,0.0178,0.004
2025-06-15,Wayanad,orographic,40.6,17.8,22.4,24.72,24.72,25.13,0.437,0.0631,0.0138
2025-06-15,Shimla,orographic,0.2,0.0,0.0,0.0,0.0,0.79,0.068,0.0022,0.0005
2025-06-15,Dehradun,orographic,6.7,0.2,0.8,0.1,0.1,1.45,0.0779,0.0027,0.0006
2025-06-15,Srinagar,orographic,0.2,0.1,0.6,0.1,0.1,1.15,0.073,0.0025,0.0006
2025-06-15,Gangtok,orographic,17.1,12.4,16.4,15.78,15.78,7.7,0.3714,0.0434,0.0095
2025-06-15,Guwahati,orographic,19.0,18.8,23.4,25.7,25.7,11.56,0.4473,0.0668,0.0146
2025-06-15,Cherrapunji,orographic,3.2,7.7,11.2,10.0,10.0,9.5,0.2944,0.0267,0.0059
2025-06-15,Imphal,orographic,7.3,5.5,8.64,7.0,7.0,9.26,0.248,0.0192,0.0043
2025-06-15,Agartala,orographic,8.4,0.4,1.2,0.4,0.4,3.37,0.0873,0.0033,0.0008
2025-06-15,Lucknow,normal,0.0,0.0,0.0,0.0,0.0,1.08,0.0558,0.0005,0.0001
2025-06-15,Patna,normal,1.7,0.5,1.5,1.5,1.5,1.96,0.0757,0.0007,0.0001
2025-06-15,Varanasi,normal,1.0,1.9,3.6,3.9,3.9,3.75,0.1224,0.0016,0.0002
2025-06-15,Delhi,normal,1.3,0.0,0.0,0.0,0.0,1.08,0.0558,0.0005,0.0001
2025-06-15,Kanpur,normal,0.3,0.0,0.0,0.0,0.0,1.08,0.0558,0.0005,0.0001
2025-06-15,Ranchi,normal,0.1,9.1,12.8,13.0,13.0,6.93,0.2759,0.0068,0.0008
2025-06-15,Jodhpur,normal,9.0,0.0,0.0,0.0,0.0,0.74,0.0558,0.0005,0.0001
2025-06-15,Bikaner,normal,7.5,0.0,0.0,0.0,0.0,0.74,0.0558,0.0005,0.0001
2025-06-15,Jaisalmer,normal,2.7,0.0,0.0,0.0,0.0,0.74,0.0558,0.0005,0.0001
2025-06-15,Hyderabad,normal,5.4,3.7,6.2,6.39,6.39,7.78,0.1706,0.0028,0.0004
2025-06-15,Bengaluru,normal,4.0,1.8,3.5,3.7,3.7,4.76,0.1193,0.0015,0.0002
2025-06-15,Pune,normal,3.7,0.0,0.0,0.0,0.0,2.72,0.0558,0.0005,0.0001
2025-06-15,Kurnool,normal,6.3,0.2,0.8,0.8,0.8,3.95,0.0641,0.0006,0.0001
2025-06-15,Madurai,normal,6.0,0.0,0.0,0.0,0.0,1.34,0.0558,0.0005,0.0001
2025-06-16,Nagpur,active,3.2,13.0,17.1,17.1,17.11,9.69,0.4399,0.0271,0.0064
2025-06-16,Bhopal,active,1.0,19.6,24.3,23.3,24.6,11.58,0.5174,0.0419,0.0098
2025-06-16,Raipur,depression,0.2,76.0,86.5,86.5,80.0,28.09,0.8355,0.1922,0.008
2025-06-16,Jabalpur,active,1.1,4.7,7.54,7.98,7.9,7.39,0.2757,0.0097,0.0024
2025-06-16,Akola,active,12.7,7.8,11.4,11.97,11.5,10.87,0.3507,0.016,0.0038
2025-06-16,Amravati,active,6.7,6.2,9.5,10.29,9.5,11.75,0.3148,0.0127,0.0031
2025-06-16,Aurangabad,active,9.0,14.2,18.6,18.3,18.96,16.03,0.4562,0.0297,0.007
2025-06-16,Bhubaneswar,active,18.9,6.1,9.3,10.24,9.3,10.25,0.3124,0.0125,0.003
2025-06-16,Mumbai,coastal,100.9,4.2,7.0,9.9,7.0,10.8,0.2433,0.0057,0.0007
2025-06-16,Thiruvananthapuram,depression,16.6,33.2,41.61,41.61,53.74,36.33,0.7253,0.0846,0.0032
2025-06-16,Kochi,depression,33.8,43.0,55.31,55.31,55.31,41.14,0.7638,0.1103,0.0043
2025-06-16,Mangaluru,depression,50.9,58.5,71.8,71.8,83.43,50.28,0.8049,0.1498,0.006
2025-06-16,Panaji,depression,52.3,61.8,73.71,73.71,92.32,50.28,0.8116,0.158,0.0064
2025-06-16,Chennai,coastal,0.0,0.4,1.2,2.1,2.1,3.39,0.1005,0.0012,0.0002
2025-06-16,Visakhapatnam,coastal,0.1,6.7,10.1,12.6,12.6,10.36,0.3061,0.0089,0.001
2025-06-16,Puri,coastal,17.3,7.4,10.9,13.6,13.6,13.15,0.3212,0.0099,0.0011
2025-06-16,Kolkata,coastal,26.6,2.8,5.0,7.5,7.5,6.15,0.1998,0.0039,0.0005
2025-06-16,Surat,coastal,58.5,8.1,11.7,14.3,14.3,9.64,0.3355,0.0108,0.0013
2025-06-16,Mahabaleshwar,orographic,112.3,9.3,12.9,11.5,11.5,25.83,0.3234,0.0323,0.0071
2025-06-16,Munnar,orographic,70.4,12.2,16.1,15.63,15.63,32.43,0.3686,0.0427,0.0093
2025-06-16,Madikeri,orographic,28.4,46.2,59.71,81.8,81.8,63.85,0.6198,0.1645,0.0377
2025-06-16,Ooty,orographic,31.6,5.5,8.64,7.0,7.0,19.75,0.248,0.0192,0.0043
2025-06-16,Lonavala,orographic,110.8,4.2,7.0,5.2,5.2,15.77,0.216,0.0149,0.0033
2025-06-16,Wayanad,orographic,27.9,20.4,25.01,27.99,27.99,34.44,0.4629,0.0727,0.0159
2025-06-16,Shimla,orographic,10.4,0.0,0.0,0.0,0.0,1.03,0.068,0.0022,0.0005
2025-06-16,Dehradun,orographic,0.8,0.8,2.0,0.9,0.9,1.91,0.1049,0.0044,0.001
2025-06-16,Srinagar,orographic,3.5,1.1,2.5,1.2,1.2,2.11,0.1172,0.0052,0.0012
2025-06-16,Gangtok,orographic,5.9,4.4,7.2,5.4,5.4,6.41,0.2212,0.0155,0.0035
2025-06-16,Guwahati,orographic,19.0,9.9,13.7,12.48,12.48,16.27,0.3335,0.0345,0.0076
2025-06-16,Cherrapunji,orographic,28.0,19.4,24.0,26.6,26.6,15.41,0.4533,0.069,0.0151
2025-06-16,Imphal,orographic,7.1,7.4,10.9,9.6,9.6,12.88,0.2885,0.0257,0.0057
2025-06-16,Agartala,orographic,18.7,11.9,15.8,15.28,15.28,8.41,0.3643,0.0416,0.0091
2025-06-16,Lucknow,active,10.9,7.3,10.8,11.7,10.9,5.32,0.3401,0.0149,0.0036
2025-06-16,Patna,active,0.1,3.6,6.0,6.35,6.2,4.92,0.2426,0.0076,0.0019
2025-06-16,Varanasi,active,9.0,3.7,6.2,6.35,6.39,5.07,0.2458,0.0077,0.0019
2025-06-16,Delhi,active,25.6,0.0,0.0,0.0,0.0,1.37,0.0856,0.0013,0.0003
2025-06-16,Kanpur,active,12.9,6.2,9.5,10.29,9.5,5.61,0.3148,0.0127,0.0031
2025-06-16,Ranchi,active,8.5,1.2,2.6,3.4,2.9,4.35,0.1502,0.0032,0.0008
2025-06-16,Jodhpur,active,1.6,0.3,1.0,2.2,1.0,1.71,0.1037,0.0017,0.0005
2025-06-16,Bikaner,active,6.1,2.1,4.0,5.06,4.3,3.32,0.189,0.0048,0.0012
2025-06-16,Jaisalmer,active,0.0,0.0,0.0,0.0,0.0,1.26,0.0856,0.0013,0.0003
2025-06-16,Hyderabad,active,1.6,17.6,22.2,19.47,22.16,11.99,0.4968,0.0373,0.0088
2025-06-16,Bengaluru,active,8.8,1.3,2.8,3.7,3.0,5.4,0.1548,0.0034,0.0009
2025-06-16,Pune,active,25.8,0.2,0.8,1.87,0.8,3.25,0.0978,0.0016,0.0004
2025-06-16,Kurnool,active,0.2,1.1,2.5,3.31,2.7,4.76,0.1455,0.003,0.0008
2025-06-16,Madurai,active,0.2,0.0,0.0,0.0,0.0,2.19,0.0856,0.0013,0.0003
2025-06-17,Nagpur,active,3.3,21.5,26.26,25.79,26.3,17.4,0.5351,0.0462,0.0108
2025-06-17,Bhopal,active,1.8,3.8,6.3,6.4,6.5,11.62,0.2489,0.0079,0.0019
2025-06-17,Raipur,active,6.9,6.3,9.6,10.3,9.6,13.67,0.3172,0.0129,0.0031
2025-06-17,Jabalpur,active,1.6,14.1,18.4,18.3,18.86,13.32,0.4549,0.0295,0.007
2025-06-17,Akola,depression,0.0,69.1,80.2,80.2,71.91,26.82,0.8248,0.1758,0.0072
2025-06-17,Amravati,active,0.1,31.8,39.3,51.25,37.26,19.78,0.6093,0.0699,0.0164
2025-06-17,Aurangabad,active,1.4,3.3,5.7,6.25,5.9,10.37,0.2327,0.007,0.0017
2025-06-17,Bhubaneswar,active,10.4,14.2,18.6,18.3,18.96,13.92,0.4562,0.0297,0.007
2025-06-17,Mumbai,coastal,17.5,19.3,23.8,26.92,23.8,14.91,0.4908,0.0272,0.0031
2025-06-17,Thiruvananthapuram,coastal,16.1,3.2,5.6,8.3,8.3,13.24,0.213,0.0044,0.0005
2025-06-17,Kochi,coastal,23.5,11.0,15.0,17.27,17.27,18.81,0.3868,0.0149,0.0017
2025-06-17,Mangaluru,depression,51.8,65.0,76.7,76.7,98.7,49.11,0.8177,0.1659,0.0067
2025-06-17,Panaji,depression,32.1,48.8,61.81,61.81,80.21,44.9,0.7814,0.1253,0.0049
2025-06-17,Chennai,coastal,0.2,0.0,0.0,0.0,0.0,2.9,0.0785,0.0008,0.0001
2025-06-17,Visakhapatnam,coastal,1.6,0.3,1.0,1.82,1.82,4.89,0.0952,0.0011,0.0001
2025-06-17,Puri,coastal,7.4,2.3,4.4,6.3,6.3,8.33,0.1823,0.0034,0.0004
2025-06-17,Kolkata,coastal,30.4,8.7,12.3,14.8,14.8,10.93,0.347,0.0117,0.0013
2025-06-17,Surat,coastal,14.4,3.6,6.0,8.89,8.89,10.35,0.2256,0.0049,0.0006
2025-06-17,Mahabaleshwar,orographic,35.3,5.5,8.64,7.0,7.0,20.51,0.248,0.0192,0.0043
2025-06-17,Munnar,orographic,39.5,5.3,8.3,6.8,6.8,21.46,0.2434,0.0185,0.0041
2025-06-17,Madikeri,orographic,19.7,14.7,19.1,19.24,19.24,35.96,0.4017,0.0518,0.0113
2025-06-17,Ooty,orographic,4.0,2.0,3.8,2.3,2.3,11.8,0.1503,0.0079,0.0018
2025-06-17,Lonavala,orographic,19.0,3.7,6.2,4.5,4.5,11.64,0.2025,0.0132,0.003
2025-06-17,Wayanad,orographic,17.2,6.7,10.1,8.74,8.74,23.85,0.2744,0.0233,0.0051
2025-06-17,Shimla,orographic,2.8,0.2,0.8,0.1,0.1,1.38,0.0779,0.0027,0.0006
2025-06-17,Dehradun,orographic,0.0,0.8,2.0,0.9,0.9,1.83,0.1049,0.0044,0.001
2025-06-17,Srinagar,orographic,0.0,2.4,4.5,2.9,2.9,2.87,0.1636,0.0091,0.0021
2025-06-17,Gangtok,orographic,3.7,7.6,11.1,9.8,9.8,7.23,0.2924,0.0264,0.0058
2025-06-17,Guwahati,orographic,12.4,11.3,15.27,14.2,14.2,14.34,0.3555,0.0395,0.0086
2025-06-17,Cherrapunji,orographic,73.3,28.3,35.1,44.7,44.7,21.71,0.5261,0.1015,0.0225
2025-06-17,Imphal,orographic,35.8,16.5,20.92,22.4,22.4,15.27,0.4229,0.0584,0.0128
2025-06-17,Agartala,orographic,13.0,5.4,8.5,6.9,6.9,12.54,0.2457,0.0188,0.0042
2025-06-17,Lucknow,active,16.4,58.0,71.8,275.85,63.81,17.25,0.7145,0.1296,0.0311
2025-06-17,Patna,active,20.3,0.9,2.2,3.0,2.3,3.68,0.1357,0.0027,0.0007
2025-06-17,Varanasi,active,6.0,7.9,11.5,12.07,11.67,7.19,0.3528,0.0162,0.0039
2025-06-17,Delhi,active,16.9,0.3,1.0,2.2,1.0,1.99,0.1037,0.0017,0.0005
2025-06-17,Kanpur,active,1.8,1.2,2.6,3.4,2.9,4.51,0.1502,0.0032,0.0008
2025-06-17,Ranchi,active,21.1,19.5,24.0,22.26,24.6,7.67,0.5164,0.0416,0.0098
2025-06-17,Jodhpur,active,9.6,0.9,2.2,3.0,2.3,2.74,0.1357,0.0027,0.0007
2025-06-17,Bikaner,active,2.3,2.2,4.2,5.2,4.5,4.54,0.1929,0.005,0.0012
2025-06-17,Jaisalmer,active,1.5,0.0,0.0,0.0,0.0,1.26,0.0856,0.0013,0.0003
2025-06-17,Hyderabad,active,0.1,2.3,4.4,5.25,4.7,10.42,0.1968,0.0051,0.0013
2025-06-17,Bengaluru,active,6.6,0.2,0.8,1.87,0.8,4.16,0.0978,0.0016,0.0004
2025-06-17,Pune,active,6.6,0.2,0.8,1.87,0.8,3.72,0.0978,0.0016,0.0004
2025-06-17,Kurnool,active,0.1,0.1,0.6,1.43,0.6,4.13,0.0918,0.0014,0.0004
2025-06-17,Madurai,active,0.0,0.0,0.0,0.0,0.0,2.11,0.0856,0.0013,0.0003
2025-06-18,Nagpur,normal,1.5,2.6,4.8,5.0,5.0,10.55,0.1423,0.0021,0.0003
2025-06-18,Bhopal,normal,2.0,0.0,0.0,0.0,0.0,3.37,0.0558,0.0005,0.0001
2025-06-18,Raipur,depression,2.2,65.9,78.45,78.45,71.91,26.22,0.8193,0.1681,0.0068
2025-06-18,Jabalpur,normal,0.0,4.8,7.7,7.9,7.9,9.3,0.196,0.0036,0.0004
2025-06-18,Akola,normal,10.2,1.5,3.1,3.3,3.3,8.03,0.1101,0.0013,0.0002
2025-06-18,Amravati,normal,18.7,1.1,2.5,2.7,2.7,7.7,0.097,0.0011,0.0001
2025-06-18,Aurangabad,normal,4.0,0.0,0.0,0.0,0.0,3.35,0.0558,0.0005,0.0001
2025-06-18,Bhubaneswar,normal,11.9,15.1,19.4,19.7,19.7,13.64,0.3569,0.0116,0.0014
2025-06-18,Mumbai,coastal,86.1,17.2,21.8,24.4,21.8,17.72,0.4688,0.024,0.0027
2025-06-18,Thiruvananthapuram,coastal,2.8,1.1,2.5,4.1,4.1,5.86,0.1341,0.002,0.0002
2025-06-18,Kochi,coastal,9.4,12.4,16.4,19.5,19.5,15.47,0.4081,0.0169,0.0019
2025-06-18,Mangaluru,depression,35.6,37.3,47.0,47.0,61.72,36.32,0.7431,0.0954,0.0037
2025-06-18,Panaji,depression,20.8,28.8,35.61,35.61,49.31,27.33,0.7026,0.073,0.0028
2025-06-18,Chennai,coastal,0.3,3.6,6.0,8.89,8.89,5.96,0.2256,0.0049,0.0006
2025-06-18,Visakhapatnam,coastal,0.0,0.1,0.6,1.1,1.1,3.99,0.0842,0.0009,0.0001
2025-06-18,Puri,coastal,6.2,4.8,7.7,10.4,10.4,7.43,0.2599,0.0064,0.0008
2025-06-18,Kolkata,coastal,25.3,5.9,9.04,11.4,11.4,11.8,0.2877,0.0079,0.0009
2025-06-18,Surat,coastal,21.0,7.6,11.1,13.68,13.68,10.05,0.3254,0.0102,0.0012
2025-06-18,Mahabaleshwar,orographic,43.4,6.8,10.2,8.9,8.9,17.86,0.2764,0.0236,0.0052
2025-06-18,Munnar,orographic,14.4,0.3,1.0,0.2,0.2,7.36,0.0827,0.003,0.0007
2025-06-18,Madikeri,orographic,11.5,11.2,15.2,14.1,14.1,26.16,0.3539,0.0391,0.0086
2025-06-18,Ooty,orographic,1.9,1.4,2.9,1.6,1.6,6.56,0.1287,0.0061,0.0014
2025-06-18,Lonavala,orographic,79.9,16.7,21.2,22.77,22.77,19.83,0.4251,0.0591,0.0129
2025-06-18,Wayanad,orographic,5.6,0.2,0.8,0.1,0.1,7.13,0.0779,0.0027,0.0006
2025-06-18,Shimla,orographic,0.1,1.2,2.6,1.3,1.3,1.86,0.1211,0.0055,0.0013
2025-06-18,Dehradun,orographic,4.6,1.9,3.6,2.12,2.12,2.34,0.1468,0.0076,0.0017
2025-06-18,Srinagar,orographic,0.0,0.1,0.6,0.1,0.1,1.6,0.073,0.0025,0.0006
2025-06-18,Gangtok,orographic,24.0,11.7,15.67,14.86,14.86,8.24,0.3614,0.0409,0.009
2025-06-18,Guwahati,orographic,8.1,19.6,24.3,26.92,26.92,13.02,0.4552,0.0697,0.0153
2025-06-18,Cherrapunji,orographic,114.0,44.3,57.45,74.35,74.35,21.55,0.6119,0.1581,0.0361
2025-06-18,Imphal,orographic,23.9,17.4,22.0,23.8,23.8,14.63,0.4328,0.0617,0.0135
2025-06-18,Agartala,orographic,22.2,10.2,14.0,12.88,12.88,11.87,0.3384,0.0355,0.0078
2025-06-18,Lucknow,normal,2.5,28.3,35.1,33.55,33.55,11.36,0.4734,0.0231,0.0027
2025-06-18,Patna,normal,22.6,0.5,1.5,1.5,1.5,2.84,0.0757,0.0007,0.0001
2025-06-18,Varanasi,normal,7.6,8.9,12.58,12.8,12.8,7.98,0.2727,0.0066,0.0008
2025-06-18,Delhi,normal,5.3,0.0,0.0,0.0,0.0,1.72,0.0558,0.0005,0.0001
2025-06-18,Kanpur,normal,0.3,10.9,14.9,15.2,15.2,6.71,0.3031,0.0082,0.001
2025-06-18,Ranchi,normal,87.3,32.7,41.2,40.31,40.31,13.52,0.5016,0.0271,0.0032
2025-06-18,Jodhpur,normal,7.2,0.4,1.2,1.2,1.2,2.03,0.0719,0.0007,0.0001
2025-06-18,Bikaner,normal,0.0,0.0,0.0,0.0,0.0,1.56,0.0558,0.0005,0.0001
2025-06-18,Jaisalmer,normal,0.0,0.0,0.0,0.0,0.0,0.84,0.0558,0.0005,0.0001
2025-06-18,Hyderabad,normal,0.2,0.0,0.0,0.0,0.0,2.9,0.0558,0.0005,0.0001
2025-06-18,Bengaluru,normal,1.0,0.0,0.0,0.0,0.0,2.42,0.0558,0.0005,0.0001
2025-06-18,Pune,normal,9.0,0.2,0.8,0.8,0.8,3.54,0.0641,0.0006,0.0001
2025-06-18,Kurnool,normal,0.1,0.0,0.0,0.0,0.0,2.38,0.0558,0.0005,0.0001
2025-06-18,Madurai,normal,0.8,0.0,0.0,0.0,0.0,1.61,0.0558,0.0005,0.0001
2025-06-19,Nagpur,normal,4.3,12.9,17.07,17.1,17.1,10.66,0.3302,0.0098,0.0012
2025-06-19,Bhopal,normal,5.9,2.7,4.9,5.1,5.1,5.43,0.145,0.0021,0.0003
2025-06-19,Raipur,normal,14.4,14.2,18.6,18.96,18.96,11.53,0.3463,0.0109,0.0013
2025-06-19,Jabalpur,normal,10.3,18.5,23.1,23.21,23.21,12.04,0.393,0.0145,0.0017
2025-06-19,Akola,normal,9.3,1.0,2.3,2.5,2.5,5.12,0.0937,0.001,0.0001
2025-06-19,Amravati,normal,16.6,1.0,2.3,2.5,2.5,5.02,0.0937,0.001,0.0001
2025-06-19,Aurangabad,normal,10.3,0.2,0.8,0.8,0.8,2.54,0.0641,0.0006,0.0001
2025-06-19,Bhubaneswar,normal,1.3,0.0,0.0,0.0,0.0,3.54,0.0558,0.0005,0.0001
2025-06-19,Mumbai,coastal,65.8,25.1,29.91,36.01,36.01,19.32,0.5413,0.0361,0.0041
2025-06-19,Thiruvananthapuram,coastal,3.1,0.0,0.0,0.0,0.0,2.91,0.0785,0.0008,0.0001
2025-06-19,Kochi,coastal,7.5,3.6,6.0,8.89,8.89,10.26,0.2256,0.0049,0.0006
2025-06-19,Mangaluru,depression,14.9,46.2,59.71,59.71,80.21,36.01,0.7739,0.1186,0.0046
2025-06-19,Panaji,depression,16.1,29.9,36.9,36.9,50.84,21.52,0.7087,0.0759,0.0029
2025-06-19,Chennai,coastal,0.5,0.7,1.9,2.9,2.9,5.36,0.1155,0.0015,0.0002
2025-06-19,Visakhapatnam,coastal,0.4,0.4,1.2,2.1,2.1,3.47,0.1005,0.0012,0.0002
2025-06-19,Puri,coastal,4.2,0.7,1.8,2.8,2.8,5.64,0.1155,0.0015,0.0002
2025-06-19,Kolkata,coastal,23.5,5.2,8.2,10.8,10.8,11.48,0.2704,0.007,0.0008
2025-06-19,Surat,coastal,15.0,20.9,25.5,28.53,28.53,15.96,0.506,0.0296,0.0033
2025-06-19,Mahabaleshwar,orographic,94.0,7.9,11.5,10.2,10.2,18.55,0.2982,0.0274,0.006
2025-06-19,Munnar,orographic,9.2,0.2,0.8,0.1,0.1,5.06,0.0779,0.0027,0.0006
2025-06-19,Madikeri,orographic,11.3,7.6,11.1,9.8,9.8,19.2,0.2924,0.0264,0.0058
2025-06-19,Ooty,orographic,0.5,2.9,5.2,3.4,3.4,8.55,0.1793,0.0107,0.0024
2025-06-19,Lonavala,orographic,71.9,20.7,25.4,28.31,28.31,24.23,0.4656,0.0738,0.0162
2025-06-19,Wayanad,orographic,6.3,0.4,1.2,0.4,0.4,4.76,0.0873,0.0033,0.0008
2025-06-19,Shimla,orographic,7.9,0.1,0.6,0.1,0.1,1.23,0.073,0.0025,0.0006
2025-06-19,Dehradun,orographic,5.9,32.4,40.41,52.82,52.82,7.69,0.5523,0.1163,0.0259
2025-06-19,Srinagar,orographic,0.0,0.0,0.0,0.0,0.0,0.95,0.068,0.0022,0.0005
2025-06-19,Gangtok,orographic,51.7,14.0,18.2,18.1,18.1,7.14,0.3929,0.0492,0.0108
2025-06-19,Guwahati,orographic,18.2,20.6,25.3,28.3,28.3,11.05,0.4647,0.0734,0.0161
2025-06-19,Cherrapunji,orographic,59.7,102.4,97.5,114.91,114.91,28.34,0.7541,0.3293,0.086
2025-06-19,Imphal,orographic,22.8,21.9,26.41,29.9,29.9,13.69,0.4765,0.0782,0.0172
2025-06-19,Agartala,orographic,4.2,10.4,14.2,13.2,13.2,10.53,0.3416,0.0363,0.0079
2025-06-19,Lucknow,normal,31.9,28.0,34.71,33.45,33.45,9.66,0.4714,0.0228,0.0027
2025-06-19,Patna,normal,25.8,67.1,80.0,71.91,71.91,12.86,0.6395,0.0594,0.0069
2025-06-19,Varanasi,normal,0.0,18.7,23.3,23.6,23.6,8.52,0.395,0.0147,0.0017
2025-06-19,Delhi,normal,0.1,4.1,6.8,7.04,7.04,4.32,0.1801,0.0031,0.0004
2025-06-19,Kanpur,normal,22.8,12.3,16.2,16.4,16.4,8.32,0.3224,0.0093,0.0011
2025-06-19,Ranchi,normal,227.5,18.0,22.6,22.4,22.4,7.85,0.3881,0.0141,0.0017
2025-06-19,Jodhpur,normal,0.4,0.0,0.0,0.0,0.0,1.03,0.0558,0.0005,0.0001
2025-06-19,Bikaner,normal,0.0,0.0,0.0,0.0,0.0,0.57,0.0558,0.0005,0.0001
2025-06-19,Jaisalmer,normal,0.0,0.0,0.0,0.0,0.0,0.57,0.0558,0.0005,0.0001
2025-06-19,Hyderabad,normal,2.3,0.0,0.0,0.0,0.0,1.56,0.0558,0.0005,0.0001
2025-06-19,Bengaluru,normal,0.0,0.0,0.0,0.0,0.0,1.56,0.0558,0.0005,0.0001
2025-06-19,Pune,normal,35.3,0.2,0.8,0.8,0.8,3.45,0.0641,0.0006,0.0001
2025-06-19,Kurnool,normal,0.0,0.0,0.0,0.0,0.0,1.56,0.0558,0.0005,0.0001
2025-06-19,Madurai,normal,1.9,0.0,0.0,0.0,0.0,1.56,0.0558,0.0005,0.0001
2025-06-20,Nagpur,active,1.8,15.6,19.9,18.72,20.36,14.86,0.4739,0.0329,0.0077
2025-06-20,Bhopal,active,14.8,37.1,46.4,72.26,44.21,17.56,0.6376,0.0821,0.0193
2025-06-20,Raipur,active,5.4,3.1,5.4,6.2,5.69,10.35,0.2259,0.0066,0.0016
2025-06-20,Jabalpur,depression,10.4,44.6,57.6,57.6,57.7,22.53,0.769,0.1145,0.0045
2025-06-20,Akola,active,0.2,5.5,8.64,9.49,8.8,8.18,0.2973,0.0113,0.0027
2025-06-20,Amravati,active,0.5,6.1,9.3,10.24,9.3,8.55,0.3124,0.0125,0.003
2025-06-20,Aurangabad,active,0.9,5.3,8.3,8.58,8.53,7.32,0.2921,0.0109,0.0026
2025-06-20,Bhubaneswar,active,0.5,0.0,0.0,0.0,0.0,2.17,0.0856,0.0013,0.0003
2025-06-20,Mumbai,depression,11.3,44.9,57.9,57.9,72.23,37.37,0.7699,0.1152,0.0045
2025-06-20,Thiruvananthapuram,coastal,4.1,0.0,0.0,0.0,0.0,2.28,0.0785,0.0008,0.0001
2025-06-20,Kochi,coastal,6.2,1.7,3.3,5.3,5.3,6.18,0.1594,0.0027,0.0003
2025-06-20,Mangaluru,depression,12.8,35.7,44.7,44.7,60.71,36.81,0.7365,0.0912,0.0035
2025-06-20,Panaji,depression,32.0,33.5,42.11,42.11,56.71,30.61,0.7267,0.0854,0.0033
2025-06-20,Chennai,coastal,0.6,0.2,0.8,1.5,1.5,4.3,0.0898,0.001,0.0001
2025-06-20,Visakhapatnam,coastal,0.0,0.6,1.7,2.7,2.7,4.86,0.1106,0.0014,0.0002
2025-06-20,Puri,coastal,1.3,2.0,3.8,5.75,5.75,5.84,0.1711,0.003,0.0004
2025-06-20,Kolkata,coastal,3.9,0.0,0.0,0.0,0.0,4.15,0.0785,0.0008,0.0001
2025-06-20,Surat,coastal,2.3,14.6,19.1,22.43,22.43,18.48,0.438,0.0201,0.0023
2025-06-20,Mahabaleshwar,orographic,15.7,8.7,12.4,11.0,11.0,23.16,0.3129,0.0302,0.0066
2025-06-20,Munnar,orographic,3.5,0.5,1.5,0.5,0.5,5.68,0.0919,0.0035,0.0008
2025-06-20,Madikeri,orographic,7.8,7.3,10.7,9.5,9.5,20.21,0.2866,0.0253,0.0056
2025-06-20,Ooty,orographic,0.7,0.6,1.7,0.7,0.7,7.1,0.0963,0.0038,0.0009
2025-06-20,Lonavala,orographic,10.9,18.0,22.6,24.8,24.8,32.99,0.4391,0.0639,0.014
2025-06-20,Wayanad,orographic,2.8,0.7,1.8,0.7,0.7,6.19,0.1007,0.0041,0.001
2025-06-20,Shimla,orographic,6.9,7.6,11.1,9.8,9.8,4.8,0.2924,0.0264,0.0058
2025-06-20,Dehradun,orographic,11.5,23.8,28.4,34.41,34.41,12.17,0.4925,0.0851,0.0187
2025-06-20,Srinagar,orographic,0.0,0.0,0.0,0.0,0.0,1.03,0.068,0.0022,0.0005
2025-06-20,Gangtok,orographic,15.1,3.1,5.4,3.6,3.6,5.98,0.1854,0.0113,0.0025
2025-06-20,Guwahati,orographic,3.5,44.5,57.5,74.41,74.41,25.28,0.6128,0.1588,0.0362
2025-06-20,Cherrapunji,orographic,32.5,65.6,78.3,97.51,97.51,37.87,0.6827,0.2273,0.0544
2025-06-20,Imphal,orographic,4.4,12.2,16.1,15.63,15.63,16.42,0.3686,0.0427,0.0093
2025-06-20,Agartala,orographic,5.9,8.1,11.7,10.4,10.4,12.11,0.302,0.0281,0.0062
2025-06-20,Lucknow,active,8.7,4.0,6.7,6.69,6.9,8.33,0.2551,0.0083,0.002
2025-06-20,Patna,active,14.6,8.3,11.9,12.66,12.0,9.11,0.3609,0.017,0.0041
2025-06-20,Varanasi,active,19.7,51.1,64.5,243.03,61.3,17.24,0.6937,0.1141,0.0272
2025-06-20,Delhi,active,1.2,1.6,3.2,4.7,3.4,3.79,0.1682,0.0039,0.001
2025-06-20,Kanpur,active,20.5,6.2,9.5,10.29,9.5,8.62,0.3148,0.0127,0.0031
2025-06-20,Ranchi,active,39.0,3.9,6.5,6.54,6.69,8.42,0.252,0.0081,0.002
2025-06-20,Jodhpur,active,9.2,0.2,0.8,1.87,0.8,1.71,0.0978,0.0016,0.0004
2025-06-20,Bikaner,active,0.0,2.9,5.2,6.1,5.4,4.01,0.219,0.0062,0.0015
2025-06-20,Jaisalmer,active,0.4,0.0,0.0,0.0,0.0,1.26,0.0856,0.0013,0.0003
2025-06-20,Hyderabad,active,0.2,0.1,0.6,1.43,0.6,3.25,0.0918,0.0014,0.0004
2025-06-20,Bengaluru,active,0.5,0.0,0.0,0.0,0.0,2.19,0.0856,0.0013,0.0003
2025-06-20,Pune,active,2.5,1.1,2.5,3.31,2.7,4.76,0.1455,0.003,0.0008
2025-06-20,Kurnool,active,3.3,0.3,1.0,2.2,1.0,3.25,0.1037,0.0017,0.0005
2025-06-20,Madurai,active,1.3,0.3,1.0,2.2,1.0,3.25,0.1037,0.0017,0.0005
2025-06-21,Nagpur,normal,15.8,0.1,0.6,0.6,0.6,3.07,0.06,0.0005,0.0001
2025-06-21,Bhopal,normal,16.0,1.9,3.6,3.9,3.9,4.99,0.1224,0.0016,0.0002
2025-06-21,Raipur,normal,0.0,0.0,0.0,0.0,0.0,1.94,0.0558,0.0005,0.0001
2025-06-21,Jabalpur,normal,7.2,0.5,1.5,1.5,1.5,3.99,0.0757,0.0007,0.0001
2025-06-21,Akola,normal,0.7,0.6,1.6,1.6,1.6,3.84,0.0795,0.0008,0.0001
2025-06-21,Amravati,normal,1.4,0.2,0.8,0.8,0.8,3.0,0.0641,0.0006,0.0001
2025-06-21,Aurangabad,normal,1.9,0.4,1.2,1.2,1.2,3.04,0.0719,0.0007,0.0001
2025-06-21,Bhubaneswar,normal,1.0,0.0,0.0,0.0,0.0,0.51,0.0558,0.0005,0.0001
2025-06-21,Mumbai,coastal,10.0,11.7,15.67,18.8,18.8,14.01,0.3977,0.0159,0.0018
2025-06-21,Thiruvananthapuram,coastal,2.3,0.0,0.0,0.0,0.0,0.92,0.0785,0.0008,0.0001
2025-06-21,Kochi,coastal,5.5,2.0,3.8,5.75,5.75,4.59,0.1711,0.003,0.0004
2025-06-21,Mangaluru,depression,20.2,31.1,38.6,38.6,53.31,19.08,0.715,0.0791,0.003
2025-06-21,Panaji,depression,14.8,34.1,42.81,42.81,56.71,21.67,0.7294,0.087,0.0033
2025-06-21,Chennai,coastal,0.5,0.0,0.0,0.0,0.0,1.37,0.0785,0.0008,0.0001
2025-06-21,Visakhapatnam,coastal,3.1,0.0,0.0,0.0,0.0,1.65,0.0785,0.0008,0.0001
2025-06-21,Puri,coastal,2.8,1.5,3.1,5.0,5.0,4.13,0.1513,0.0024,0.0003
2025-06-21,Kolkata,coastal,3.0,0.0,0.0,0.0,0.0,0.92,0.0785,0.0008,0.0001
2025-06-21,Surat,coastal,8.5,4.7,7.54,10.4,10.4,7.81,0.2572,0.0063,0.0007
2025-06-21,Mahabaleshwar,orographic,16.6,5.9,9.04,7.6,7.6,11.76,0.2571,0.0205,0.0045
2025-06-21,Munnar,orographic,2.9,0.3,1.0,0.2,0.2,2.87,0.0827,0.003,0.0007
2025-06-21,Madikeri,orographic,10.1,3.2,5.6,3.8,3.8,9.24,0.1883,0.0116,0.0026
2025-06-21,Ooty,orographic,0.7,2.2,4.2,2.6,2.6,4.7,0.1571,0.0085,0.0019
2025-06-21,Lonavala,orographic,12.2,5.1,8.2,6.6,6.6,10.56,0.2386,0.0178,0.004
2025-06-21,Wayanad,orographic,4.9,0.7,1.9,0.8,0.8,3.92,0.1007,0.0041,0.001
2025-06-21,Shimla,orographic,7.2,8.1,11.7,10.4,10.4,6.08,0.302,0.0281,0.0062
2025-06-21,Dehradun,orographic,0.8,8.5,12.13,10.6,10.6,5.79,0.3093,0.0295,0.0065
2025-06-21,Srinagar,orographic,0.0,0.8,2.0,0.9,0.9,0.67,0.1049,0.0044,0.001
2025-06-21,Gangtok,orographic,9.4,6.1,9.3,7.9,7.9,5.02,0.2615,0.0212,0.0047
2025-06-21,Guwahati,orographic,43.3,26.7,32.8,40.95,40.95,11.15,0.5148,0.0957,0.0211
2025-06-21,Cherrapunji,orographic,19.0,7.7,11.2,10.0,10.0,8.18,0.2944,0.0267,0.0059
2025-06-21,Imphal,orographic,13.5,9.7,13.5,12.2,12.2,7.43,0.3302,0.0338,0.0074
2025-06-21,Agartala,orographic,19.7,0.3,1.0,0.2,0.2,2.87,0.0827,0.003,0.0007
2025-06-21,Lucknow,normal,2.4,1.1,2.5,2.7,2.7,2.68,0.097,0.0011,0.0001
2025-06-21,Patna,normal,8.3,0.6,1.6,1.6,1.6,2.2,0.0795,0.0008,0.0001
2025-06-21,Varanasi,normal,7.0,15.3,19.6,20.0,20.0,7.05,0.3592,0.0118,0.0014
2025-06-21,Delhi,normal,1.6,7.4,10.9,11.03,11.03,4.33,0.2473,0.0055,0.0007
2025-06-21,Kanpur,normal,0.2,7.9,11.5,11.67,11.67,6.11,0.256,0.0059,0.0007
2025-06-21,Ranchi,normal,6.7,7.5,11.0,11.12,11.12,5.53,0.249,0.0056,0.0007
2025-06-21,Jodhpur,normal,28.1,1.8,3.5,3.7,3.7,1.83,0.1193,0.0015,0.0002
2025-06-21,Bikaner,normal,18.7,4.1,6.8,7.04,7.04,4.2,0.1801,0.0031,0.0004
2025-06-21,Jaisalmer,normal,0.3,0.9,2.2,2.3,2.3,1.05,0.0902,0.001,0.0001
2025-06-21,Hyderabad,normal,0.3,0.0,0.0,0.0,0.0,1.11,0.0558,0.0005,0.0001
2025-06-21,Bengaluru,normal,0.2,0.1,0.6,0.6,0.6,1.2,0.06,0.0005,0.0001
2025-06-21,Pune,normal,3.6,0.1,0.6,0.6,0.6,2.63,0.06,0.0005,0.0001
2025-06-21,Kurnool,normal,0.5,0.0,0.0,0.0,0.0,1.34,0.0558,0.0005,0.0001
2025-06-21,Madurai,normal,0.4,0.1,0.6,0.6,0.6,2.31,0.06,0.0005,0.0001
2025-06-22,Nagpur,normal,11.5,0.1,0.6,0.6,0.6,2.25,0.06,0.0005,0.0001
2025-06-22,Bhopal,normal,26.1,1.1,2.5,2.7,2.7,4.16,0.097,0.0011,0.0001
2025-06-22,Raipur,normal,15.6,0.4,1.2,1.2,1.2,1.5,0.0719,0.0007,0.0001
2025-06-22,Jabalpur,normal,7.7,3.1,5.4,5.69,5.69,4.91,0.1556,0.0024,0.0003
2025-06-22,Akola,normal,0.7,1.0,2.3,2.5,2.5,3.64,0.0937,0.001,0.0001
2025-06-22,Amravati,normal,7.2,0.4,1.2,1.2,1.2,2.55,0.0719,0.0007,0.0001
2025-06-22,Aurangabad,normal,0.2,0.0,0.0,0.0,0.0,1.67,0.0558,0.0005,0.0001
2025-06-22,Bhubaneswar,normal,3.5,0.0,0.0,0.0,0.0,0.71,0.0558,0.0005,0.0001
2025-06-22,Mumbai,coastal,15.8,3.3,5.7,8.6,8.6,9.3,0.2162,0.0046,0.0005
2025-06-22,Thiruvananthapuram,coastal,7.3,2.8,5.0,7.5,7.5,4.71,0.1998,0.0039,0.0005
2025-06-22,Kochi,coastal,12.6,5.9,9.04,11.4,11.4,8.05,0.2877,0.0079,0.0009
2025-06-22,Mangaluru,depression,40.2,44.2,57.31,57.31,72.23,25.19,0.7677,0.1134,0.0044
2025-06-22,Panaji,depression,14.8,40.9,51.1,51.1,68.73,25.19,0.7567,0.1048,0.0041
2025-06-22,Chennai,coastal,1.6,2.3,4.4,6.3,6.3,4.0,0.1823,0.0034,0.0004
2025-06-22,Visakhapatnam,coastal,2.0,0.7,1.9,2.9,2.9,2.69,0.1155,0.0015,0.0002
2025-06-22,Puri,coastal,1.5,0.0,0.0,0.0,0.0,2.39,0.0785,0.0008,0.0001
2025-06-22,Kolkata,coastal,28.2,3.6,6.0,8.89,8.89,4.89,0.2256,0.0049,0.0006
2025-06-22,Surat,coastal,12.6,3.1,5.4,8.1,8.1,7.77,0.2098,0.0043,0.0005
2025-06-22,Mahabaleshwar,orographic,19.4,6.4,9.7,8.3,8.3,12.71,0.268,0.0222,0.0049
2025-06-22,Munnar,orographic,11.4,1.1,2.5,1.2,1.2,4.4,0.1172,0.0052,0.0012
2025-06-22,Madikeri,orographic,14.7,8.2,11.8,10.5,10.5,10.65,0.3038,0.0285,0.0063
2025-06-22,Ooty,orographic,1.0,3.3,5.7,3.9,3.9,7.64,0.1912,0.0119,0.0027
2025-06-22,Lonavala,orographic,15.7,5.1,8.2,6.6,6.6,12.37,0.2386,0.0178,0.004
2025-06-22,Wayanad,orographic,9.6,2.7,4.9,3.2,3.2,6.4,0.1732,0.01,0.0023
2025-06-22,Shimla,orographic,2.9,19.1,23.7,26.0,26.0,7.25,0.4503,0.0679,0.0149
2025-06-22,Dehradun,orographic,3.1,43.6,56.81,74.3,74.3,9.75,0.609,0.1557,0.0355
2025-06-22,Srinagar,orographic,0.5,2.8,5.0,3.3,3.3,2.6,0.1763,0.0104,0.0023
2025-06-22,Gangtok,orographic,6.5,11.4,15.3,14.33,14.33,7.73,0.357,0.0398,0.0087
2025-06-22,Guwahati,orographic,13.8,19.2,23.7,26.23,26.23,8.74,0.4513,0.0683,0.0149
2025-06-22,Cherrapunji,orographic,21.9,4.5,7.3,5.5,5.5,6.43,0.2238,0.0158,0.0035
2025-06-22,Imphal,orographic,13.2,23.2,27.6,32.94,32.94,11.06,0.4876,0.0829,0.0182
2025-06-22,Agartala,orographic,0.9,2.0,3.8,2.3,2.3,3.02,0.1503,0.0079,0.0018
2025-06-22,Lucknow,normal,4.9,6.8,10.2,10.0,10.0,4.67,0.2363,0.005,0.0006
2025-06-22,Patna,normal,5.3,2.4,4.5,4.8,4.8,3.2,0.1368,0.0019,0.0002
2025-06-22,Varanasi,normal,3.1,3.9,6.5,6.69,6.69,5.49,0.1754,0.0029,0.0004
2025-06-22,Delhi,normal,0.8,4.1,6.8,7.04,7.04,5.51,0.1801,0.0031,0.0004
2025-06-22,Kanpur,normal,14.6,5.4,8.5,8.7,8.7,6.27,0.2088,0.004,0.0005
2025-06-22,Ranchi,normal,4.0,21.8,26.4,26.3,26.3,8.73,0.4235,0.0173,0.0021
2025-06-22,Jodhpur,normal,0.6,0.0,0.0,0.0,0.0,0.72,0.0558,0.0005,0.0001
2025-06-22,Bikaner,normal,0.0,9.1,12.8,13.0,13.0,6.18,0.2759,0.0068,0.0008
2025-06-22,Jaisalmer,normal,0.0,0.0,0.0,0.0,0.0,0.71,0.0558,0.0005,0.0001
2025-06-22,Hyderabad,normal,1.0,0.0,0.0,0.0,0.0,0.75,0.0558,0.0005,0.0001
2025-06-22,Bengaluru,normal,1.5,0.1,0.6,0.6,0.6,2.35,0.06,0.0005,0.0001
2025-06-22,Pune,normal,2.4,0.7,1.9,2.0,2.0,2.91,0.0831,0.0009,0.0001
2025-06-22,Kurnool,normal,0.1,0.1,0.6,0.6,0.6,1.52,0.06,0.0005,0.0001
2025-06-22,Madurai,normal,0.2,0.7,1.8,1.8,1.8,2.91,0.0831,0.0009,0.0001
2025-06-23,Nagpur,normal,11.5,0.2,0.8,0.8,1.87,2.32,0.0641,0.0006,0.0001
2025-06-23,Bhopal,normal,27.5,0.0,0.0,0.0,0.0,2.04,0.0558,0.0005,0.0001
2025-06-23,Raipur,normal,5.4,0.7,1.8,1.8,2.7,3.47,0.0831,0.0009,0.0001
2025-06-23,Jabalpur,normal,8.4,3.8,6.3,6.5,6.4,6.67,0.173,0.0029,0.0004
2025-06-23,Akola,normal,17.0,0.0,0.0,0.0,0.0,2.04,0.0558,0.0005,0.0001
2025-06-23,Amravati,normal,18.7,0.0,0.0,0.0,0.0,1.69,0.0558,0.0005,0.0001
2025-06-23,Aurangabad,normal,3.4,0.0,0.0,0.0,0.0,0.72,0.0558,0.0005,0.0001
2025-06-23,Bhubaneswar,normal,19.3,0.4,1.2,1.2,2.4,1.52,0.0719,0.0007,0.0001
2025-06-23,Mumbai,coastal,51.2,19.4,24.0,27.01,27.01,12.54,0.4917,0.0273,0.0031
2025-06-23,Thiruvananthapuram,coastal,3.0,0.0,0.0,0.0,0.0,2.84,0.0785,0.0008,0.0001
2025-06-23,Kochi,coastal,6.5,2.9,5.1,7.7,7.7,9.1,0.2032,0.0041,0.0005
2025-06-23,Mangaluru,depression,25.4,42.8,55.2,55.2,68.73,25.93,0.7632,0.1098,0.0043
2025-06-23,Panaji,coastal,41.8,25.1,29.91,36.01,36.01,16.69,0.5413,0.0361,0.0041
2025-06-23,Chennai,coastal,0.0,1.4,2.9,4.7,4.7,5.13,0.1471,0.0023,0.0003
2025-06-23,Visakhapatnam,coastal,22.3,0.2,0.8,1.5,1.5,3.58,0.0898,0.001,0.0001
2025-06-23,Puri,coastal,5.9,0.1,0.6,1.1,1.1,2.21,0.0842,0.0009,0.0001
2025-06-23,Kolkata,coastal,14.2,2.4,4.5,6.4,6.4,6.62,0.1859,0.0035,0.0004
2025-06-23,Surat,coastal,53.0,6.9,10.3,12.98,12.98,8.98,0.3106,0.0092,0.0011
2025-06-23,Mahabaleshwar,orographic,36.5,7.5,11.0,9.7,9.7,12.88,0.2905,0.026,0.0057
2025-06-23,Munnar,orographic,7.1,0.2,0.8,0.1,0.1,3.87,0.0779,0.0027,0.0006
2025-06-23,Madikeri,orographic,9.0,13.3,17.3,17.1,17.1,17.53,0.3837,0.0467,0.0102
2025-06-23,Ooty,orographic,1.1,0.0,0.0,0.0,0.0,2.98,0.068,0.0022,0.0005
2025-06-23,Lonavala,orographic,35.3,13.3,17.3,17.1,17.1,17.21,0.3837,0.0467,0.0102
2025-06-23,Wayanad,orographic,6.2,0.2,0.8,0.1,0.1,4.27,0.0779,0.0027,0.0006
2025-06-23,Shimla,orographic,3.9,15.7,20.1,21.1,21.1,7.67,0.4137,0.0554,0.0121
2025-06-23,Dehradun,orographic,6.2,56.9,69.11,93.71,93.71,13.41,0.6577,0.1999,0.0469
2025-06-23,Srinagar,orographic,0.7,0.0,0.0,0.0,0.0,0.73,0.068,0.0022,0.0005
2025-06-23,Gangtok,orographic,20.5,17.6,22.2,24.13,24.13,7.9,0.4349,0.0624,0.0136
2025-06-23,Guwahati,orographic,31.9,38.1,48.3,61.18,61.18,13.07,0.5834,0.1366,0.0308
2025-06-23,Cherrapunji,orographic,20.1,20.0,24.8,27.5,27.5,8.54,0.4591,0.0712,0.0156
2025-06-23,Imphal,orographic,16.7,23.5,28.1,33.82,33.82,10.61,0.49,0.084,0.0185
2025-06-23,Agartala,orographic,9.7,2.3,4.3,2.8,2.8,3.79,0.1604,0.0088,0.002
2025-06-23,Lucknow,normal,3.0,23.4,28.0,27.71,28.93,8.69,0.4369,0.0187,0.0022
2025-06-23,Patna,normal,17.5,6.6,9.9,9.8,10.98,5.23,0.2326,0.0049,0.0006
2025-06-23,Varanasi,normal,10.0,22.3,26.81,26.86,27.82,8.27,0.4277,0.0178,0.0021
2025-06-23,Delhi,normal,0.1,21.5,26.26,26.3,25.79,8.27,0.4209,0.0171,0.002
2025-06-23,Kanpur,normal,1.7,15.0,19.4,19.7,18.47,8.4,0.3557,0.0115,0.0014
2025-06-23,Ranchi,normal,4.8,10.0,13.8,13.9,14.63,6.92,0.2899,0.0075,0.0009
2025-06-23,Jodhpur,normal,3.4,0.1,0.6,0.6,1.43,0.41,0.06,0.0005,0.0001
2025-06-23,Bikaner,normal,0.0,0.0,0.0,0.0,0.0,1.12,0.0558,0.0005,0.0001
2025-06-23,Jaisalmer,normal,0.0,0.0,0.0,0.0,0.0,0.0,0.0558,0.0005,0.0001
2025-06-23,Hyderabad,normal,0.5,0.0,0.0,0.0,0.0,0.77,0.0558,0.0005,0.0001
2025-06-23,Bengaluru,normal,1.1,0.0,0.0,0.0,0.0,1.46,0.0558,0.0005,0.0001
2025-06-23,Pune,normal,7.8,0.5,1.5,1.5,2.4,3.68,0.0757,0.0007,0.0001
2025-06-23,Kurnool,normal,1.4,0.1,0.6,0.6,1.43,2.38,0.06,0.0005,0.0001
2025-06-23,Madurai,normal,0.0,0.3,1.0,1.0,2.2,3.1,0.0681,0.0006,0.0001
2025-06-24,Nagpur,normal,17.3,0.1,0.6,0.6,1.43,2.47,0.06,0.0005,0.0001
2025-06-24,Bhopal,normal,15.1,0.5,1.5,1.5,2.4,1.8,0.0757,0.0007,0.0001
2025-06-24,Raipur,normal,26.6,5.1,8.1,8.3,8.24,6.1,0.2024,0.0038,0.0005
2025-06-24,Jabalpur,normal,22.5,6.6,9.9,9.8,10.98,7.3,0.2326,0.0049,0.0006
2025-06-24,Akola,normal,17.3,1.1,2.5,2.7,3.31,2.47,0.097,0.0011,0.0001
2025-06-24,Amravati,normal,5.0,0.7,1.8,1.8,2.7,1.83,0.0831,0.0009,0.0001
2025-06-24,Aurangabad,normal,3.2,0.0,0.0,0.0,0.0,0.72,0.0558,0.0005,0.0001
2025-06-24,Bhubaneswar,normal,18.0,6.2,9.5,9.48,10.24,5.76,0.2249,0.0046,0.0006
2025-06-24,Mumbai,coastal,26.7,9.7,13.5,15.8,15.8,11.7,0.3652,0.0131,0.0015
2025-06-24,Thiruvananthapuram,coastal,11.7,3.9,6.5,9.4,9.4,4.82,0.2346,0.0053,0.0006
2025-06-24,Kochi,coastal,7.6,12.9,17.07,19.93,19.93,12.2,0.4153,0.0176,0.002
2025-06-24,Mangaluru,coastal,23.9,23.1,27.5,32.54,32.54,16.37,0.5253,0.033,0.0037
2025-06-24,Panaji,coastal,31.3,26.2,31.7,39.21,39.21,14.68,0.5495,0.0378,0.0042
2025-06-24,Chennai,coastal,0.1,0.8,2.0,3.21,3.21,4.6,0.1203,0.0017,0.0002
2025-06-24,Visakhapatnam,coastal,17.4,1.7,3.3,5.3,5.3,3.81,0.1594,0.0027,0.0003
2025-06-24,Puri,coastal,17.3,4.5,7.3,10.1,10.1,5.16,0.2517,0.0061,0.0007
2025-06-24,Kolkata,coastal,1.8,10.6,14.5,17.07,17.07,9.9,0.3804,0.0143,0.0016
2025-06-24,Surat,coastal,33.1,9.0,12.7,14.92,14.92,12.2,0.3526,0.0121,0.0014
2025-06-24,Mahabaleshwar,orographic,52.2,6.7,10.1,8.74,8.74,11.95,0.2744,0.0233,0.0051
2025-06-24,Munnar,orographic,28.6,0.0,0.0,0.0,0.0,1.94,0.068,0.0022,0.0005
2025-06-24,Madikeri,orographic,19.0,10.4,14.2,13.2,13.2,14.11,0.3416,0.0363,0.0079
2025-06-24,Ooty,orographic,1.9,0.0,0.0,0.0,0.0,1.11,0.068,0.0022,0.0005
2025-06-24,Lonavala,orographic,39.7,15.6,19.9,20.97,20.97,16.91,0.4125,0.0551,0.012
2025-06-24,Wayanad,orographic,11.5,0.7,1.9,0.8,0.8,3.92,0.1007,0.0041,0.001
2025-06-24,Shimla,orographic,5.6,7.3,10.7,9.5,9.5,6.39,0.2866,0.0253,0.0056
2025-06-24,Dehradun,orographic,5.4,23.8,28.4,34.41,34.41,7.98,0.4925,0.0851,0.0187
2025-06-24,Srinagar,orographic,0.0,0.0,0.0,0.0,0.0,0.0,0.068,0.0022,0.0005
2025-06-24,Gangtok,orographic,14.4,12.7,16.7,16.3,16.3,7.21,0.3756,0.0445,0.0097
2025-06-24,Guwahati,orographic,19.7,59.9,72.45,93.71,93.71,21.09,0.6669,0.2095,0.0495
2025-06-24,Cherrapunji,orographic,11.1,21.4,26.1,29.1,29.1,10.3,0.472,0.0763,0.0167
2025-06-24,Imphal,orographic,16.4,10.4,14.2,13.2,13.2,7.97,0.3416,0.0363,0.0079
2025-06-24,Agartala,orographic,3.0,12.6,16.62,16.2,16.2,6.55,0.3742,0.0442,0.0097
2025-06-24,Lucknow,normal,0.9,10.4,14.2,14.7,14.98,6.8,0.2958,0.0078,0.0009
2025-06-24,Patna,normal,3.8,21.7,26.3,26.3,26.19,8.78,0.4226,0.0173,0.002
2025-06-24,Varanasi,normal,4.7,22.0,26.6,26.61,27.32,8.02,0.4252,0.0175,0.0021
2025-06-24,Delhi,normal,1.1,6.5,9.8,9.7,10.79,6.24,0.2307,0.0048,0.0006
2025-06-24,Kanpur,normal,5.3,31.9,39.36,38.31,51.25,9.5,0.4967,0.0263,0.0031
2025-06-24,Ranchi,normal,15.3,39.2,49.4,49.42,103.89,10.51,0.5371,0.033,0.0039
2025-06-24,Jodhpur,normal,0.0,0.0,0.0,0.0,0.0,0.4,0.0558,0.0005,0.0001
2025-06-24,Bikaner,normal,1.2,0.0,0.0,0.0,0.0,0.0,0.0558,0.0005,0.0001
2025-06-24,Jaisalmer,normal,0.0,0.0,0.0,0.0,0.0,0.0,0.0558,0.0005,0.0001
2025-06-24,Hyderabad,normal,12.4,0.0,0.0,0.0,0.0,0.71,0.0558,0.0005,0.0001
2025-06-24,Bengaluru,normal,0.9,0.0,0.0,0.0,0.0,0.71,0.0558,0.0005,0.0001
2025-06-24,Pune,normal,15.7,1.5,3.1,3.3,4.3,3.49,0.1101,0.0013,0.0002
2025-06-24,Kurnool,normal,1.1,0.0,0.0,0.0,0.0,1.37,0.0558,0.0005,0.0001
2025-06-24,Madurai,normal,0.1,0.0,0.0,0.0,0.0,1.64,0.0558,0.0005,0.0001
2025-06-25,Nagpur,active,20.5,22.5,27.0,27.82,27.82,11.71,0.5438,0.0485,0.0113
2025-06-25,Bhopal,active,23.2,15.5,19.7,18.62,18.62,10.02,0.4727,0.0326,0.0077
2025-06-25,Raipur,depression,12.5,83.0,87.5,87.5,394.75,26.07,0.8449,0.2085,0.0088
2025-06-25,Jabalpur,active,4.6,35.7,44.7,72.26,72.26,19.78,0.6306,0.0789,0.0185
2025-06-25,Akola,active,11.1,1.7,3.3,4.72,3.3,5.11,0.1725,0.0041,0.001
2025-06-25,Amravati,active,12.5,1.2,2.7,3.52,3.52,5.09,0.1502,0.0032,0.0008
2025-06-25,Aurangabad,active,13.3,0.0,0.0,0.0,0.0,2.1,0.0856,0.0013,0.0003
2025-06-25,Bhubaneswar,active,31.3,16.9,21.4,19.4,19.4,14.74,0.4891,0.0358,0.0084
2025-06-25,Mumbai,coastal,10.0,1.6,3.2,5.1,5.1,7.03,0.1554,0.0025,0.0003
2025-06-25,Thiruvananthapuram,coastal,24.0,12.8,16.9,19.9,19.9,14.08,0.4139,0.0175,0.002
2025-06-25,Kochi,coastal,26.7,33.0,41.41,53.6,53.6,25.91,0.5935,0.0484,0.0054
2025-06-25,Mangaluru,depression,39.9,40.1,50.31,50.31,68.73,33.9,0.7538,0.1028,0.004
2025-06-25,Panaji,depression,9.2,39.9,50.2,50.2,68.73,33.42,0.753,0.1022,0.0039
2025-06-25,Chennai,coastal,0.5,0.5,1.5,2.4,2.4,4.87,0.1056,0.0013,0.0002
2025-06-25,Visakhapatnam,coastal,44.9,1.5,3.1,5.0,5.0,5.13,0.1513,0.0024,0.0003
2025-06-25,Puri,coastal,38.9,1.8,3.5,5.5,3.5,7.13,0.1634,0.0028,0.0003
2025-06-25,Kolkata,coastal,17.0,13.2,17.3,20.6,20.6,16.55,0.4195,0.0181,0.0021
2025-06-25,Surat,coastal,25.1,1.0,2.3,3.8,3.8,7.16,0.1296,0.0019,0.0002
2025-06-25,Mahabaleshwar,orographic,35.3,4.4,7.2,5.4,5.4,15.58,0.2212,0.0155,0.0035
2025-06-25,Munnar,orographic,42.7,1.5,3.1,1.7,1.7,5.06,0.1325,0.0064,0.0015
2025-06-25,Madikeri,orographic,18.5,23.0,27.4,32.31,32.31,36.43,0.4859,0.0822,0.0181
2025-06-25,Ooty,orographic,1.6,0.4,1.2,0.4,0.4,3.62,0.0873,0.0033,0.0008
2025-06-25,Lonavala,orographic,20.3,8.0,11.6,10.3,10.3,24.63,0.3001,0.0278,0.0061
2025-06-25,Wayanad,orographic,9.7,1.7,3.4,1.9,1.9,6.4,0.1398,0.007,0.0016
2025-06-25,Shimla,orographic,16.8,39.3,49.4,64.11,64.11,13.16,0.5893,0.1408,0.0318
2025-06-25,Dehradun,orographic,13.8,67.7,80.0,97.51,97.51,17.26,0.6881,0.2337,0.0562
2025-06-25,Srinagar,orographic,2.8,7.1,10.5,9.2,9.2,4.63,0.2826,0.0246,0.0054
2025-06-25,Gangtok,orographic,17.9,7.2,10.6,9.3,9.3,8.56,0.2846,0.025,0.0055
2025-06-25,Guwahati,orographic,14.3,7.0,10.4,9.1,9.1,16.8,0.2805,0.0243,0.0054
2025-06-25,Cherrapunji,orographic,17.5,10.1,13.8,12.8,12.8,16.27,0.3367,0.0352,0.0077
2025-06-25,Imphal,orographic,13.3,9.3,12.9,11.5,11.5,13.56,0.3234,0.0323,0.0071
2025-06-25,Agartala,orographic,4.9,19.1,23.7,26.0,26.0,15.95,0.4503,0.0679,0.0149
2025-06-25,Lucknow,active,1.4,123.9,145.0,397.6,397.6,17.62,0.8208,0.2629,0.069
2025-06-25,Patna,active,1.4,0.3,1.0,2.2,2.2,3.96,0.1037,0.0017,0.0005
2025-06-25,Varanasi,active,10.7,28.3,35.1,39.17,39.17,12.94,0.5875,0.0618,0.0145
2025-06-25,Delhi,active,12.9,8.4,12.0,12.89,12.89,8.51,0.3629,0.0172,0.0041
2025-06-25,Kanpur,active,2.4,57.5,70.54,273.47,273.47,19.0,0.7131,0.1285,0.0308
2025-06-25,Ranchi,active,7.0,23.3,27.8,28.53,28.53,11.94,0.5505,0.0503,0.0118
2025-06-25,Jodhpur,active,18.0,1.1,2.5,3.31,3.31,2.34,0.1455,0.003,0.0008
2025-06-25,Bikaner,active,12.4,0.0,0.0,0.0,0.0,1.26,0.0856,0.0013,0.0003
2025-06-25,Jaisalmer,active,1.1,0.0,0.0,0.0,0.0,1.26,0.0856,0.0013,0.0003
2025-06-25,Hyderabad,active,7.2,0.4,1.2,2.4,2.4,3.17,0.1094,0.0019,0.0005
2025-06-25,Bengaluru,active,8.6,0.0,0.0,0.0,0.0,2.11,0.0856,0.0013,0.0003
2025-06-25,Pune,active,3.4,0.8,2.0,2.8,2.8,5.2,0.1307,0.0025,0.0006
2025-06-25,Kurnool,active,3.2,0.2,0.8,1.87,1.87,3.16,0.0978,0.0016,0.0004
2025-06-25,Madurai,active,1.6,0.0,0.0,0.0,0.0,2.11,0.0856,0.0013,0.0003
2025-06-26,Nagpur,normal,15.8,2.1,4.0,4.3,5.06,9.43,0.1282,0.0017,0.0002
2025-06-26,Bhopal,depression,17.6,70.9,80.61,80.61,337.2,27.06,0.8277,0.1801,0.0074
2025-06-26,Raipur,normal,20.1,4.8,7.7,7.9,8.09,10.77,0.196,0.0036,0.0004
2025-06-26,Jabalpur,normal,32.2,2.8,5.0,5.2,5.9,9.94,0.1477,0.0022,0.0003
2025-06-26,Akola,normal,66.7,0.7,1.8,1.8,1.8,4.95,0.0831,0.0009,0.0001
2025-06-26,Amravati,normal,19.0,4.7,7.54,7.9,7.98,7.05,0.1938,0.0035,0.0004
2025-06-26,Aurangabad,normal,23.0,2.4,4.5,4.8,5.25,4.7,0.1368,0.0019,0.0002
2025-06-26,Bhubaneswar,normal,18.4,2.8,5.0,5.2,5.9,10.55,0.1477,0.0022,0.0003
2025-06-26,Mumbai,coastal,25.0,1.7,3.4,5.4,5.4,5.0,0.1594,0.0027,0.0003
2025-06-26,Thiruvananthapuram,coastal,13.2,0.2,0.8,1.5,1.5,5.31,0.0898,0.001,0.0001
2025-06-26,Kochi,coastal,41.1,6.1,9.3,11.7,11.7,14.64,0.2924,0.0081,0.0009
2025-06-26,Mangaluru,depression,34.1,41.4,52.3,52.3,68.73,35.24,0.7584,0.1061,0.0041
2025-06-26,Panaji,depression,7.9,37.6,48.0,48.0,63.84,33.98,0.7443,0.0962,0.0037
2025-06-26,Chennai,coastal,0.5,0.0,0.0,0.0,0.0,2.81,0.0785,0.0008,0.0001
2025-06-26,Visakhapatnam,coastal,22.3,3.2,5.6,8.3,8.3,6.92,0.213,0.0044,0.0005
2025-06-26,Puri,coastal,10.2,1.6,3.2,5.1,5.1,5.0,0.1554,0.0025,0.0003
2025-06-26,Kolkata,coastal,7.7,7.5,11.0,13.6,13.6,11.57,0.3233,0.01,0.0012
2025-06-26,Surat,coastal,33.1,1.7,3.4,5.4,5.4,4.96,0.1594,0.0027,0.0003
2025-06-26,Mahabaleshwar,orographic,33.8,4.8,7.7,5.85,5.85,12.51,0.2313,0.0168,0.0037
2025-06-26,Munnar,orographic,44.6,1.7,3.4,1.9,1.9,6.38,0.1398,0.007,0.0016
2025-06-26,Madikeri,orographic,15.2,8.0,11.6,10.3,10.3,21.67,0.3001,0.0278,0.0061
2025-06-26,Ooty,orographic,2.9,4.4,7.2,5.4,5.4,8.29,0.2212,0.0155,0.0035
2025-06-26,Lonavala,orographic,23.7,5.1,8.2,6.6,6.6,19.17,0.2386,0.0178,0.004
2025-06-26,Wayanad,orographic,16.0,0.9,2.2,1.0,1.0,6.42,0.1091,0.0046,0.0011
2025-06-26,Shimla,orographic,3.5,42.3,54.25,72.62,72.62,14.13,0.6033,0.1512,0.0343
2025-06-26,Dehradun,orographic,0.4,59.1,71.9,93.71,93.71,19.07,0.6645,0.207,0.0488
2025-06-26,Srinagar,orographic,3.8,4.3,7.1,5.3,5.3,5.28,0.2186,0.0152,0.0034
2025-06-26,Gangtok,orographic,14.4,10.1,13.8,12.8,12.8,7.72,0.3367,0.0352,0.0077
2025-06-26,Guwahati,orographic,3.4,25.0,29.81,36.7,36.7,16.12,0.502,0.0895,0.0197
2025-06-26,Cherrapunji,orographic,8.0,11.4,15.3,14.33,14.33,12.14,0.357,0.0398,0.0087
2025-06-26,Imphal,orographic,6.6,20.4,25.01,27.99,27.99,13.09,0.4629,0.0727,0.0159
2025-06-26,Agartala,orographic,15.4,37.0,46.4,60.11,60.11,21.13,0.5778,0.1327,0.0298
2025-06-26,Lucknow,normal,0.5,8.5,12.13,12.2,12.89,8.46,0.2662,0.0063,0.0008
2025-06-26,Patna,normal,1.6,2.4,4.5,4.8,5.25,4.22,0.1368,0.0019,0.0002
2025-06-26,Varanasi,normal,4.0,4.1,6.8,7.04,6.9,7.53,0.1801,0.0031,0.0004
2025-06-26,Delhi,normal,11.5,76.5,86.5,80.0,363.83,16.97,0.6632,0.0684,0.008
2025-06-26,Kanpur,normal,0.4,7.1,10.5,10.5,11.5,8.26,0.2419,0.0053,0.0006
2025-06-26,Ranchi,normal,18.5,30.2,37.36,35.56,39.17,11.54,0.4861,0.0248,0.0029
2025-06-26,Jodhpur,normal,21.6,0.2,0.8,0.8,1.87,1.99,0.0641,0.0006,0.0001
2025-06-26,Bikaner,normal,4.6,0.5,1.5,1.5,2.4,1.41,0.0757,0.0007,0.0001
2025-06-26,Jaisalmer,normal,24.4,2.3,4.4,4.7,5.25,2.78,0.134,0.0019,0.0002
2025-06-26,Hyderabad,normal,9.8,0.1,0.6,0.6,1.43,3.75,0.06,0.0005,0.0001
2025-06-26,Bengaluru,normal,2.6,0.0,0.0,0.0,0.0,1.61,0.0558,0.0005,0.0001
2025-06-26,Pune,normal,4.2,0.4,1.2,1.2,2.4,3.88,0.0719,0.0007,0.0001
2025-06-26,Kurnool,normal,0.4,0.0,0.0,0.0,0.0,2.42,0.0558,0.0005,0.0001
2025-06-26,Madurai,normal,0.0,0.0,0.0,0.0,0.0,1.61,0.0558,0.0005,0.0001
2025-06-27,Nagpur,normal,3.1,2.7,4.9,5.1,5.1,7.36,0.145,0.0021,0.0003
2025-06-27,Bhopal,normal,2.8,3.5,5.9,6.1,6.1,9.01,0.1657,0.0027,0.0003
2025-06-27,Raipur,normal,3.1,12.7,16.7,16.8,16.8,11.43,0.3276,0.0097,0.0012
2025-06-27,Jabalpur,normal,13.3,8.2,11.9,11.92,11.92,9.55,0.2612,0.0061,0.0007
2025-06-27,Akola,normal,9.1,1.5,3.1,3.3,3.3,5.01,0.1101,0.0013,0.0002
2025-06-27,Amravati,normal,6.1,0.6,1.7,1.7,1.7,5.43,0.0795,0.0008,0.0001
2025-06-27,Aurangabad,normal,4.0,0.3,1.0,1.0,1.0,4.59,0.0681,0.0006,0.0001
2025-06-27,Bhubaneswar,normal,21.0,5.3,8.3,8.53,8.53,9.05,0.2067,0.0039,0.0005
2025-06-27,Mumbai,coastal,13.9,8.5,12.13,14.7,14.7,8.32,0.3432,0.0114,0.0013
2025-06-27,Thiruvananthapuram,coastal,2.3,0.0,0.0,0.0,0.0,2.86,0.0785,0.0008,0.0001
2025-06-27,Kochi,coastal,13.8,0.7,1.8,2.8,2.8,6.96,0.1155,0.0015,0.0002
2025-06-27,Mangaluru,depression,15.9,41.2,51.91,51.91,68.73,32.74,0.7577,0.1056,0.0041
2025-06-27,Panaji,depression,11.2,28.3,35.1,35.1,48.3,22.7,0.6998,0.0717,0.0027
2025-06-27,Chennai,coastal,0.3,2.6,4.8,6.89,6.89,6.07,0.193,0.0037,0.0004
2025-06-27,Visakhapatnam,coastal,1.7,2.0,3.8,5.75,5.75,6.82,0.1711,0.003,0.0004
2025-06-27,Puri,coastal,6.8,6.3,9.6,12.13,12.13,8.23,0.2971,0.0084,0.001
2025-06-27,Kolkata,coastal,19.4,7.5,11.0,13.6,13.6,11.82,0.3233,0.01,0.0012
2025-06-27,Surat,coastal,13.9,12.6,16.62,19.62,19.62,11.29,0.411,0.0172,0.002
2025-06-27,Mahabaleshwar,orographic,32.1,5.9,9.04,7.6,7.6,15.79,0.2571,0.0205,0.0045
2025-06-27,Munnar,orographic,13.6,2.6,4.8,3.1,3.1,8.91,0.17,0.0097,0.0022
2025-06-27,Madikeri,orographic,5.2,9.9,13.7,12.48,12.48,22.69,0.3335,0.0345,0.0076
2025-06-27,Ooty,orographic,2.0,4.5,7.3,5.5,5.5,12.57,0.2238,0.0158,0.0035
2025-06-27,Lonavala,orographic,21.1,9.7,13.5,12.2,12.2,21.69,0.3302,0.0338,0.0074
2025-06-27,Wayanad,orographic,2.7,1.6,3.2,1.8,1.8,6.57,0.1362,0.0067,0.0015
2025-06-27,Shimla,orographic,5.3,6.4,9.7,8.3,8.3,6.82,0.268,0.0222,0.0049
2025-06-27,Dehradun,orographic,12.7,23.6,28.2,34.05,34.05,8.52,0.4909,0.0844,0.0186
2025-06-27,Srinagar,orographic,24.6,4.9,7.9,6.1,6.1,3.45,0.2338,0.0172,0.0038
2025-06-27,Gangtok,orographic,3.7,14.7,19.1,19.24,19.24,7.12,0.4017,0.0518,0.0113
2025-06-27,Guwahati,orographic,9.0,12.2,16.1,15.63,15.63,10.37,0.3686,0.0427,0.0093
2025-06-27,Cherrapunji,orographic,10.5,14.1,18.4,18.32,18.32,10.95,0.3942,0.0496,0.0108
2025-06-27,Imphal,orographic,4.9,22.2,26.8,30.3,30.3,13.57,0.4791,0.0793,0.0174
2025-06-27,Agartala,orographic,7.2,3.0,5.3,3.5,3.5,8.94,0.1824,0.011,0.0025
2025-06-27,Lucknow,normal,2.0,23.9,28.6,28.35,28.35,10.07,0.4409,0.0192,0.0023
2025-06-27,Patna,normal,6.1,3.0,5.3,5.5,5.5,4.91,0.153,0.0023,0.0003
2025-06-27,Varanasi,normal,12.1,13.4,17.4,17.81,17.81,7.85,0.3365,0.0102,0.0012
2025-06-27,Delhi,normal,0.5,10.5,14.3,14.7,14.7,7.29,0.2973,0.0079,0.001
2025-06-27,Kanpur,normal,8.2,5.2,8.2,8.5,8.5,6.67,0.2046,0.0039,0.0005
2025-06-27,Ranchi,normal,8.5,14.6,19.1,19.41,19.41,7.87,0.3511,0.0112,0.0013
2025-06-27,Jodhpur,normal,11.6,3.0,5.3,5.5,5.5,3.0,0.153,0.0023,0.0003
2025-06-27,Bikaner,normal,0.3,2.4,4.5,4.8,4.8,2.81,0.1368,0.0019,0.0002
2025-06-27,Jaisalmer,normal,7.5,1.9,3.6,3.9,3.9,3.02,0.1224,0.0016,0.0002
2025-06-27,Hyderabad,normal,1.6,0.0,0.0,0.0,0.0,2.64,0.0558,0.0005,0.0001
2025-06-27,Bengaluru,normal,0.6,0.0,0.0,0.0,0.0,1.8,0.0558,0.0005,0.0001
2025-06-27,Pune,normal,4.3,0.5,1.5,1.5,1.5,4.59,0.0757,0.0007,0.0001
2025-06-27,Kurnool,normal,0.5,0.1,0.6,0.6,0.6,2.74,0.06,0.0005,0.0001
2025-06-27,Madurai,normal,1.9,2.0,3.8,4.05,4.05,4.32,0.1253,0.0017,0.0002
2025-06-28,Nagpur,normal,8.9,3.5,5.9,6.1,6.1,6.4,0.1657,0.0027,0.0003
2025-06-28,Bhopal,normal,7.5,1.7,3.3,3.4,3.4,4.49,0.1163,0.0015,0.0002
2025-06-28,Raipur,normal,1.6,5.3,8.3,8.53,8.53,7.86,0.2067,0.0039,0.0005
2025-06-28,Jabalpur,normal,8.3,9.7,13.5,13.77,13.77,9.16,0.2853,0.0073,0.0009
2025-06-28,Akola,normal,3.7,0.0,0.0,0.0,0.0,2.37,0.0558,0.0005,0.0001
2025-06-28,Amravati,normal,1.6,0.3,1.0,1.0,1.0,3.32,0.0681,0.0006,0.0001
2025-06-28,Aurangabad,normal,1.6,0.0,0.0,0.0,0.0,2.28,0.0558,0.0005,0.0001
2025-06-28,Bhubaneswar,normal,7.5,5.7,8.9,8.93,8.93,8.06,0.2149,0.0042,0.0005
2025-06-28,Mumbai,coastal,21.5,13.0,17.1,20.12,20.12,14.04,0.4167,0.0178,0.002
2025-06-28,Thiruvananthapuram,coastal,9.2,0.0,0.0,0.0,0.0,1.92,0.0785,0.0008,0.0001
2025-06-28,Kochi,coastal,17.0,1.2,2.6,4.2,4.2,4.62,0.1385,0.0021,0.0003
2025-06-28,Mangaluru,coastal,17.2,19.5,24.0,27.1,27.1,14.31,0.4927,0.0275,0.0031
2025-06-28,Panaji,coastal,18.0,12.4,16.4,19.5,19.5,13.03,0.4081,0.0169,0.0019
2025-06-28,Chennai,coastal,0.5,0.1,0.6,1.1,1.1,4.36,0.0842,0.0009,0.0001
2025-06-28,Visakhapatnam,coastal,0.0,0.1,0.6,1.1,1.1,4.13,0.0842,0.0009,0.0001
2025-06-28,Puri,coastal,4.7,29.9,36.9,50.84,50.84,16.47,0.5748,0.0436,0.0049
2025-06-28,Kolkata,coastal,17.5,7.2,10.6,13.4,13.4,9.93,0.317,0.0096,0.0011
2025-06-28,Surat,coastal,17.9,8.6,12.2,14.78,14.78,10.99,0.3451,0.0115,0.0013
2025-06-28,Mahabaleshwar,orographic,34.9,6.8,10.3,9.0,9.0,11.73,0.2764,0.0236,0.0052
2025-06-28,Munnar,orographic,9.8,0.5,1.5,0.5,0.5,5.14,0.0919,0.0035,0.0008
2025-06-28,Madikeri,orographic,9.5,3.6,6.0,4.3,4.3,10.24,0.1998,0.0129,0.0029
2025-06-28,Ooty,orographic,3.7,2.2,4.2,2.6,2.6,7.36,0.1571,0.0085,0.0019
2025-06-28,Lonavala,orographic,22.5,16.6,21.1,22.6,22.6,17.96,0.424,0.0587,0.0128
2025-06-28,Wayanad,orographic,11.6,0.0,0.0,0.0,0.0,3.03,0.068,0.0022,0.0005
2025-06-28,Shimla,orographic,3.9,15.6,19.9,20.97,20.97,8.11,0.4125,0.0551,0.012
2025-06-28,Dehradun,orographic,53.4,39.8,50.2,66.1,66.1,9.2,0.5917,0.1425,0.0322
2025-06-28,Srinagar,orographic,3.4,3.4,5.8,4.1,4.1,4.14,0.1941,0.0123,0.0028
2025-06-28,Gangtok,orographic,5.1,11.7,15.67,14.86,14.86,7.1,0.3614,0.0409,0.009
2025-06-28,Guwahati,orographic,3.4,22.0,26.6,30.13,30.13,10.87,0.4773,0.0785,0.0172
2025-06-28,Cherrapunji,orographic,15.9,10.9,14.9,13.8,13.8,7.87,0.3494,0.038,0.0083
2025-06-28,Imphal,orographic,1.9,11.9,15.8,15.28,15.28,8.38,0.3643,0.0416,0.0091
2025-06-28,Agartala,orographic,1.1,1.7,3.3,1.9,1.9,3.68,0.1398,0.007,0.0016
2025-06-28,Lucknow,normal,3.8,72.0,80.61,74.51,74.51,13.23,0.6523,0.0641,0.0075
2025-06-28,Patna,normal,4.8,8.5,12.13,12.2,12.2,5.99,0.2662,0.0063,0.0008
2025-06-28,Varanasi,normal,7.6,14.4,18.8,19.2,19.2,7.22,0.3487,0.0111,0.0013
2025-06-28,Delhi,normal,8.3,33.8,42.46,41.2,41.2,9.94,0.5081,0.0281,0.0033
2025-06-28,Kanpur,normal,4.7,67.3,80.0,71.91,71.91,13.89,0.6401,0.0596,0.007
2025-06-28,Ranchi,normal,8.4,24.9,29.76,29.2,29.2,8.07,0.4487,0.0201,0.0024
2025-06-28,Jodhpur,normal,0.0,1.5,3.1,3.3,3.3,2.49,0.1101,0.0013,0.0002
2025-06-28,Bikaner,normal,0.1,1.5,3.1,3.3,3.3,2.23,0.1101,0.0013,0.0002
2025-06-28,Jaisalmer,normal,0.1,0.0,0.0,0.0,0.0,1.12,0.0558,0.0005,0.0001
2025-06-28,Hyderabad,normal,0.3,0.0,0.0,0.0,0.0,1.16,0.0558,0.0005,0.0001
2025-06-28,Bengaluru,normal,5.0,0.0,0.0,0.0,0.0,1.16,0.0558,0.0005,0.0001
2025-06-28,Pune,normal,7.3,1.6,3.2,3.4,3.4,3.75,0.1132,0.0014,0.0002
2025-06-28,Kurnool,normal,0.3,0.0,0.0,0.0,0.0,1.93,0.0558,0.0005,0.0001
2025-06-28,Madurai,normal,1.1,0.3,1.0,1.0,1.0,3.32,0.0681,0.0006,0.0001
2025-06-29,Nagpur,normal,16.9,0.3,1.0,1.0,1.0,3.34,0.0681,0.0006,0.0001
2025-06-29,Bhopal,normal,35.4,2.1,4.0,4.3,4.3,4.84,0.1282,0.0017,0.0002
2025-06-29,Raipur,normal,1.6,1.1,2.5,2.7,2.7,4.83,0.097,0.0011,0.0001
2025-06-29,Jabalpur,normal,2.0,1.3,2.8,3.0,3.0,4.66,0.1037,0.0012,0.0002
2025-06-29,Akola,normal,14.5,0.1,0.6,0.6,0.6,1.46,0.06,0.0005,0.0001
2025-06-29,Amravati,normal,27.4,1.6,3.2,3.4,3.4,3.64,0.1132,0.0014,0.0002
2025-06-29,Aurangabad,normal,3.1,0.1,0.6,0.6,0.6,1.46,0.06,0.0005,0.0001
2025-06-29,Bhubaneswar,normal,5.7,0.4,1.2,1.2,1.2,3.48,0.0719,0.0007,0.0001
2025-06-29,Mumbai,coastal,18.1,17.7,22.22,24.61,24.61,15.12,0.4742,0.0247,0.0028
2025-06-29,Thiruvananthapuram,coastal,1.9,0.0,0.0,0.0,0.0,1.28,0.0785,0.0008,0.0001
2025-06-29,Kochi,coastal,5.6,0.5,1.5,2.4,2.4,4.57,0.1056,0.0013,0.0002
2025-06-29,Mangaluru,coastal,9.2,24.1,28.81,34.62,34.62,15.57,0.5335,0.0345,0.0039
2025-06-29,Panaji,coastal,15.6,13.2,17.3,20.6,20.6,14.73,0.4195,0.0181,0.0021
2025-06-29,Chennai,coastal,0.9,0.1,0.6,1.1,1.1,2.76,0.0842,0.0009,0.0001
2025-06-29,Visakhapatnam,coastal,6.8,0.0,0.0,0.0,0.0,1.73,0.0785,0.0008,0.0001
2025-06-29,Puri,coastal,1.9,0.7,1.8,2.8,2.8,5.87,0.1155,0.0015,0.0002
2025-06-29,Kolkata,coastal,44.8,4.7,7.54,10.4,10.4,9.24,0.2572,0.0063,0.0007
2025-06-29,Surat,coastal,15.9,9.9,13.7,16.0,16.0,12.96,0.3686,0.0133,0.0015
2025-06-29,Mahabaleshwar,orographic,34.6,13.9,18.1,18.1,18.1,16.99,0.3916,0.0489,0.0107
2025-06-29,Munnar,orographic,1.6,0.4,1.1,0.34,0.34,3.61,0.0873,0.0033,0.0008
2025-06-29,Madikeri,orographic,9.2,3.9,6.5,4.8,4.8,8.69,0.208,0.0139,0.0031
2025-06-29,Ooty,orographic,0.0,1.3,2.8,1.4,1.4,5.56,0.1249,0.0058,0.0013
2025-06-29,Lonavala,orographic,23.8,23.9,28.6,34.76,34.76,18.15,0.4933,0.0855,0.0188
2025-06-29,Wayanad,orographic,1.9,0.0,0.0,0.0,0.0,1.1,0.068,0.0022,0.0005
2025-06-29,Shimla,orographic,14.5,15.6,19.9,20.97,20.97,7.6,0.4125,0.0551,0.012
2025-06-29,Dehradun,orographic,36.0,37.3,47.0,60.41,60.41,9.83,0.5794,0.1337,0.0301
2025-06-29,Srinagar,orographic,1.0,3.0,5.3,3.5,3.5,3.29,0.1824,0.011,0.0025
2025-06-29,Gangtok,orographic,0.9,8.5,12.13,10.6,10.6,6.48,0.3093,0.0295,0.0065
2025-06-29,Guwahati,orographic,5.9,22.9,27.4,32.21,32.21,10.52,0.4851,0.0818,0.018
2025-06-29,Cherrapunji,orographic,16.6,4.8,7.7,5.85,5.85,6.43,0.2313,0.0168,0.0037
2025-06-29,Imphal,orographic,7.0,10.5,14.3,13.3,13.3,8.58,0.3431,0.0366,0.008
2025-06-29,Agartala,orographic,2.3,2.8,5.1,3.4,3.4,3.9,0.1763,0.0104,0.0023
2025-06-29,Lucknow,normal,10.4,15.9,20.3,20.6,20.6,7.86,0.3659,0.0123,0.0015
2025-06-29,Patna,normal,14.8,35.2,44.2,42.72,42.72,10.47,0.516,0.0294,0.0034
2025-06-29,Varanasi,normal,18.2,17.2,21.8,21.9,21.9,7.89,0.3799,0.0134,0.0016
2025-06-29,Delhi,normal,16.2,48.5,61.7,61.3,61.3,12.32,0.5784,0.0417,0.0049
2025-06-29,Kanpur,normal,3.7,14.7,19.1,19.5,19.5,7.54,0.3522,0.0113,0.0014
2025-06-29,Ranchi,normal,29.9,8.5,12.13,12.2,12.2,6.28,0.2662,0.0063,0.0008
2025-06-29,Jodhpur,normal,4.4,0.4,1.2,1.2,1.2,1.2,0.0719,0.0007,0.0001
2025-06-29,Bikaner,normal,0.0,0.1,0.6,0.6,0.6,1.17,0.06,0.0005,0.0001
2025-06-29,Jaisalmer,normal,0.4,0.0,0.0,0.0,0.0,0.0,0.0558,0.0005,0.0001
2025-06-29,Hyderabad,normal,1.5,0.0,0.0,0.0,0.0,0.75,0.0558,0.0005,0.0001
2025-06-29,Bengaluru,normal,0.2,0.0,0.0,0.0,0.0,0.75,0.0558,0.0005,0.0001
2025-06-29,Pune,normal,5.9,1.9,3.6,3.9,3.9,4.55,0.1224,0.0016,0.0002
2025-06-29,Kurnool,normal,0.4,0.0,0.0,0.0,0.0,0.75,0.0558,0.0005,0.0001
2025-06-29,Madurai,normal,0.0,0.4,1.2,1.2,1.2,2.88,0.0719,0.0007,0.0001
2025-06-30,Nagpur,normal,34.5,0.0,0.0,0.0,0.0,1.53,0.0558,0.0005,0.0001
2025-06-30,Bhopal,normal,13.3,0.4,1.2,1.2,2.4,3.04,0.0719,0.0007,0.0001
2025-06-30,Raipur,normal,12.5,1.8,3.4,3.5,4.82,4.34,0.1193,0.0015,0.0002
2025-06-30,Jabalpur,normal,16.4,9.9,13.7,13.8,14.63,7.14,0.2884,0.0074,0.0009
2025-06-30,Akola,normal,12.9,0.0,0.0,0.0,0.0,1.24,0.0558,0.0005,0.0001
2025-06-30,Amravati,normal,6.7,0.8,2.0,2.1,2.8,3.72,0.0867,0.0009,0.0001
2025-06-30,Aurangabad,normal,8.3,0.1,0.6,0.6,1.43,2.08,0.06,0.0005,0.0001
2025-06-30,Bhubaneswar,normal,13.2,3.0,5.3,5.5,6.1,4.6,0.153,0.0023,0.0003
2025-06-30,Mumbai,coastal,22.2,19.6,24.3,27.11,27.11,12.45,0.4937,0.0276,0.0031
2025-06-30,Thiruvananthapuram,coastal,0.5,0.0,0.0,0.0,0.0,1.11,0.0785,0.0008,0.0001
2025-06-30,Kochi,coastal,3.8,0.0,0.0,0.0,0.0,1.85,0.0785,0.0008,0.0001
2025-06-30,Mangaluru,coastal,17.3,11.9,15.8,18.97,18.97,12.65,0.4007,0.0162,0.0018
2025-06-30,Panaji,coastal,15.8,19.8,24.6,27.26,27.26,12.49,0.4957,0.0279,0.0031
2025-06-30,Chennai,coastal,0.3,0.0,0.0,0.0,0.0,1.52,0.0785,0.0008,0.0001
2025-06-30,Visakhapatnam,coastal,4.6,0.2,0.8,1.5,1.5,2.07,0.0898,0.001,0.0001
2025-06-30,Puri,coastal,7.2,0.3,1.0,1.82,1.82,3.33,0.0952,0.0011,0.0001
2025-06-30,Kolkata,coastal,12.7,18.5,23.1,25.56,25.56,12.92,0.4827,0.0259,0.0029
2025-06-30,Surat,coastal,9.2,12.9,17.07,19.93,19.93,13.42,0.4153,0.0176,0.002
2025-06-30,Mahabaleshwar,orographic,38.6,9.8,13.6,12.3,12.3,13.31,0.3318,0.0341,0.0075
2025-06-30,Munnar,orographic,5.0,0.0,0.0,0.0,0.0,1.98,0.068,0.0022,0.0005
2025-06-30,Madikeri,orographic,6.9,3.2,5.6,3.8,3.8,8.07,0.1883,0.0116,0.0026
2025-06-30,Ooty,orographic,0.4,0.3,1.0,0.2,0.2,3.67,0.0827,0.003,0.0007
2025-06-30,Lonavala,orographic,22.1,24.6,29.41,36.6,36.6,16.92,0.4989,0.0881,0.0194
2025-06-30,Wayanad,orographic,3.3,0.0,0.0,0.0,0.0,0.96,0.068,0.0022,0.0005
2025-06-30,Shimla,orographic,11.7,20.8,25.5,28.31,28.31,6.64,0.4666,0.0741,0.0163
2025-06-30,Dehradun,orographic,10.8,30.7,38.11,50.2,50.2,8.19,0.5419,0.1102,0.0245
2025-06-30,Srinagar,orographic,0.2,0.0,0.0,0.0,0.0,0.61,0.068,0.0022,0.0005
2025-06-30,Gangtok,orographic,12.4,17.3,21.9,23.67,23.67,7.48,0.4317,0.0613,0.0134
2025-06-30,Guwahati,orographic,45.8,13.3,17.3,17.1,17.1,8.04,0.3837,0.0467,0.0102
2025-06-30,Cherrapunji,orographic,17.7,9.6,13.4,12.1,12.1,6.99,0.3285,0.0334,0.0073
2025-06-30,Imphal,orographic,6.4,13.9,18.1,18.1,18.1,8.47,0.3916,0.0489,0.0107
2025-06-30,Agartala,orographic,1.6,0.7,1.9,0.8,0.8,3.12,0.1007,0.0041,0.001
2025-06-30,Lucknow,normal,38.7,21.7,26.3,26.3,26.19,7.69,0.4226,0.0173,0.002
2025-06-30,Patna,normal,18.8,0.3,1.0,1.0,2.2,1.63,0.0681,0.0006,0.0001
2025-06-30,Varanasi,normal,17.5,44.0,57.21,57.7,209.26,9.64,0.5596,0.0375,0.0044
2025-06-30,Delhi,normal,17.3,17.7,22.22,22.2,19.57,7.38,0.385,0.0138,0.0016
2025-06-30,Kanpur,normal,10.7,12.9,17.07,17.1,17.1,7.0,0.3302,0.0098,0.0012
2025-06-30,Ranchi,normal,6.3,10.5,14.3,14.7,15.14,6.87,0.2973,0.0079,0.001
2025-06-30,Jodhpur,normal,0.4,0.1,0.6,0.6,1.43,0.86,0.06,0.0005,0.0001
2025-06-30,Bikaner,normal,0.0,0.0,0.0,0.0,0.0,0.33,0.0558,0.0005,0.0001
2025-06-30,Jaisalmer,normal,0.0,0.0,0.0,0.0,0.0,0.0,0.0558,0.0005,0.0001
2025-06-30,Hyderabad,normal,8.7,0.0,0.0,0.0,0.0,0.61,0.0558,0.0005,0.0001
2025-06-30,Bengaluru,normal,1.0,0.1,0.6,0.6,1.43,1.32,0.06,0.0005,0.0001
2025-06-30,Pune,normal,4.3,1.1,2.5,2.7,3.31,3.74,0.097,0.0011,0.0001
2025-06-30,Kurnool,normal,0.1,0.0,0.0,0.0,0.0,0.61,0.0558,0.0005,0.0001
2025-06-30,Madurai,normal,0.0,0.0,0.0,0.0,0.0,1.49,0.0558,0.0005,0.0001
2025-07-01,Nagpur,normal,19.3,12.4,16.4,16.4,16.38,8.04,0.3237,0.0094,0.0011
2025-07-01,Bhopal,normal,12.3,7.9,11.5,11.67,12.07,6.78,0.256,0.0059,0.0007
2025-07-01,Raipur,normal,43.9,6.3,9.6,9.6,10.3,7.57,0.2268,0.0047,0.0006
2025-07-01,Jabalpur,normal,17.0,8.8,12.4,12.7,12.89,10.22,0.2711,0.0066,0.0008
2025-07-01,Akola,normal,23.7,1.3,2.8,3.0,3.7,3.29,0.1037,0.0012,0.0002
2025-07-01,Amravati,normal,22.3,5.4,8.5,8.7,9.3,7.17,0.2088,0.004,0.0005
2025-07-01,Aurangabad,normal,12.2,1.3,2.8,3.0,3.7,3.66,0.1037,0.0012,0.0002
2025-07-01,Bhubaneswar,normal,29.0,0.9,2.2,2.3,3.0,5.21,0.0902,0.001,0.0001
2025-07-01,Mumbai,coastal,34.3,25.4,30.31,36.79,36.79,16.11,0.5436,0.0365,0.0041
2025-07-01,Thiruvananthapuram,coastal,1.7,0.0,0.0,0.0,0.0,1.64,0.0785,0.0008,0.0001
2025-07-01,Kochi,coastal,6.4,0.1,0.6,1.1,1.1,2.8,0.0842,0.0009,0.0001
2025-07-01,Mangaluru,coastal,10.1,13.2,17.3,20.6,20.6,14.3,0.4195,0.0181,0.0021
2025-07-01,Panaji,coastal,20.6,27.3,33.6,44.68,44.68,16.11,0.5574,0.0395,0.0044
2025-07-01,Chennai,coastal,1.1,0.0,0.0,0.0,0.0,1.64,0.0785,0.0008,0.0001
2025-07-01,Visakhapatnam,coastal,39.7,0.9,2.2,3.56,3.56,4.21,0.125,0.0018,0.0002
2025-07-01,Puri,coastal,11.2,2.4,4.5,6.4,6.4,5.35,0.1859,0.0035,0.0004
2025-07-01,Kolkata,coastal,6.5,8.7,12.3,14.8,14.8,11.22,0.347,0.0117,0.0013
2025-07-01,Surat,coastal,9.2,11.3,15.27,17.9,17.9,13.66,0.3916,0.0153,0.0018
2025-07-01,Mahabaleshwar,orographic,31.9,7.7,11.2,10.0,10.0,14.98,0.2944,0.0267,0.0059
2025-07-01,Munnar,orographic,6.4,0.0,0.0,0.0,0.0,1.76,0.068,0.0022,0.0005
2025-07-01,Madikeri,orographic,10.7,4.4,7.2,5.4,5.4,9.73,0.2212,0.0155,0.0035
2025-07-01,Ooty,orographic,0.3,0.0,0.0,0.0,0.0,2.9,0.068,0.0022,0.0005
2025-07-01,Lonavala,orographic,19.3,14.4,18.8,18.87,18.87,19.49,0.398,0.0507,0.0111
2025-07-01,Wayanad,orographic,4.9,0.0,0.0,0.0,0.0,1.76,0.068,0.0022,0.0005
2025-07-01,Shimla,orographic,14.6,12.9,17.07,16.75,16.75,6.77,0.3783,0.0453,0.0099
2025-07-01,Dehradun,orographic,2.2,27.0,33.26,42.2,42.2,7.5,0.5169,0.0968,0.0214
2025-07-01,Srinagar,orographic,0.0,0.0,0.0,0.0,0.0,0.2,0.068,0.0022,0.0005
2025-07-01,Gangtok,orographic,5.2,15.9,20.3,21.2,21.2,7.07,0.416,0.0562,0.0123
2025-07-01,Guwahati,orographic,17.8,28.5,35.4,44.81,44.81,10.77,0.5274,0.1023,0.0226
2025-07-01,Cherrapunji,orographic,10.2,6.2,9.5,8.1,8.1,7.4,0.2637,0.0216,0.0048
2025-07-01,Imphal,orographic,3.5,30.6,37.91,49.26,49.26,11.85,0.5412,0.1098,0.0244
2025-07-01,Agartala,orographic,3.6,0.0,0.0,0.0,0.0,1.85,0.068,0.0022,0.0005
2025-07-01,Lucknow,normal,15.5,30.8,38.3,36.1,42.09,10.95,0.4899,0.0254,0.003
2025-07-01,Patna,normal,3.3,8.9,12.58,12.8,12.89,5.91,0.2727,0.0066,0.0008
2025-07-01,Varanasi,normal,13.3,5.5,8.64,8.8,9.49,7.4,0.2108,0.0041,0.0005
2025-07-01,Delhi,normal,9.1,53.3,66.3,61.3,253.49,16.21,0.5965,0.0463,0.0054
2025-07-01,Kanpur,normal,8.6,8.7,12.3,12.52,12.89,7.71,0.2695,0.0065,0.0008
2025-07-01,Ranchi,normal,6.0,23.4,28.0,27.71,28.93,9.86,0.4369,0.0187,0.0022
2025-07-01,Jodhpur,normal,0.2,0.0,0.0,0.0,0.0,0.71,0.0558,0.0005,0.0001
2025-07-01,Bikaner,normal,0.1,0.0,0.0,0.0,0.0,0.39,0.0558,0.0005,0.0001
2025-07-01,Jaisalmer,normal,0.0,0.0,0.0,0.0,0.0,0.39,0.0558,0.0005,0.0001
2025-07-01,Hyderabad,normal,9.6,0.7,1.8,1.8,2.7,2.19,0.0831,0.0009,0.0001
2025-07-01,Bengaluru,normal,0.1,0.0,0.0,0.0,0.0,1.6,0.0558,0.0005,0.0001
2025-07-01,Pune,normal,2.1,0.7,1.9,2.0,2.77,3.87,0.0831,0.0009,0.0001
2025-07-01,Kurnool,normal,8.5,0.5,1.5,1.5,2.4,2.16,0.0757,0.0007,0.0001
2025-07-01,Madurai,normal,0.0,0.0,0.0,0.0,0.0,0.98,0.0558,0.0005,0.0001
2025-07-02,Nagpur,break,5.7,2.5,4.7,9.43,4.9,9.37,0.1817,0.0022,0.0002
2025-07-02,Bhopal,break,14.1,17.7,22.22,25.57,22.2,14.32,0.4614,0.0153,0.0012
2025-07-02,Raipur,break,6.8,0.3,1.0,1.3,1.0,4.55,0.0909,0.0007,0.0001
2025-07-02,Jabalpur,break,3.5,1.5,3.1,5.49,3.3,5.85,0.1448,0.0015,0.0001
2025-07-02,Akola,break,20.2,2.8,5.1,9.93,5.2,6.93,0.1917,0.0024,0.0002
2025-07-02,Amravati,break,13.9,7.2,10.6,14.18,10.7,10.51,0.306,0.0059,0.0005
2025-07-02,Aurangabad,break,11.3,0.2,0.8,1.1,0.8,4.2,0.0857,0.0006,0.0001
2025-07-02,Bhubaneswar,break,13.0,0.2,0.8,1.1,0.8,4.2,0.0857,0.0006,0.0001
2025-07-02,Mumbai,coastal,40.8,14.4,18.8,22.26,22.26,18.09,0.4355,0.0198,0.0023
2025-07-02,Thiruvananthapuram,coastal,3.1,0.0,0.0,0.0,0.0,1.87,0.0785,0.0008,0.0001
2025-07-02,Kochi,coastal,15.2,0.2,0.8,1.5,1.5,3.42,0.0898,0.001,0.0001
2025-07-02,Mangaluru,coastal,41.6,30.3,37.46,52.09,52.09,21.62,0.5774,0.0442,0.005
2025-07-02,Panaji,coastal,59.0,29.8,36.81,50.84,50.84,20.5,0.5742,0.0434,0.0049
2025-07-02,Chennai,coastal,1.3,0.3,1.0,1.82,1.82,3.09,0.0952,0.0011,0.0001
2025-07-02,Visakhapatnam,coastal,17.5,0.1,0.6,1.1,1.1,4.39,0.0842,0.0009,0.0001
2025-07-02,Puri,coastal,15.0,1.2,2.6,4.2,4.2,5.48,0.1385,0.0021,0.0003
2025-07-02,Kolkata,coastal,34.6,2.9,5.1,7.7,7.7,9.21,0.2032,0.0041,0.0005
2025-07-02,Surat,coastal,17.5,19.9,24.7,27.36,27.36,16.09,0.4966,0.0281,0.0032
2025-07-02,Mahabaleshwar,orographic,39.6,7.8,11.4,10.1,10.1,19.17,0.2963,0.0271,0.006
2025-07-02,Munnar,orographic,14.2,0.5,1.5,0.5,0.5,3.97,0.0919,0.0035,0.0008
2025-07-02,Madikeri,orographic,30.3,9.3,12.9,11.5,11.5,18.45,0.3234,0.0323,0.0071
2025-07-02,Ooty,orographic,7.9,0.7,1.8,0.7,0.7,4.03,0.1007,0.0041,0.001
2025-07-02,Lonavala,orographic,32.4,18.0,22.6,24.8,24.8,30.0,0.4391,0.0639,0.014
2025-07-02,Wayanad,orographic,23.3,0.3,1.0,0.2,0.2,3.53,0.0827,0.003,0.0007
2025-07-02,Shimla,orographic,6.8,15.3,19.6,20.4,20.4,9.24,0.409,0.054,0.0118
2025-07-02,Dehradun,orographic,7.7,26.4,32.2,40.31,40.31,10.14,0.5126,0.0946,0.0209
2025-07-02,Srinagar,orographic,0.0,1.6,3.2,1.8,1.8,1.55,0.1362,0.0067,0.0015
2025-07-02,Gangtok,orographic,11.4,12.9,17.07,16.75,16.75,9.92,0.3783,0.0453,0.0099
2025-07-02,Guwahati,orographic,60.7,16.7,21.2,22.77,22.77,13.69,0.4251,0.0591,0.0129
2025-07-02,Cherrapunji,orographic,23.8,13.1,17.2,16.98,16.98,11.45,0.3811,0.046,0.0101
2025-07-02,Imphal,orographic,32.0,56.3,68.81,93.22,93.22,30.32,0.6559,0.198,0.0464
2025-07-02,Agartala,orographic,4.2,1.4,2.9,1.6,1.6,2.69,0.1287,0.0061,0.0014
2025-07-02,Lucknow,break,7.6,9.0,12.7,15.84,12.87,12.71,0.341,0.0075,0.0006
2025-07-02,Patna,break,1.3,8.6,12.2,15.74,12.4,10.17,0.3336,0.0071,0.0006
2025-07-02,Varanasi,break,19.7,8.6,12.2,15.74,12.4,9.86,0.3336,0.0071,0.0006
2025-07-02,Delhi,break,1.1,13.8,18.0,22.46,18.3,14.07,0.4151,0.0117,0.0009
2025-07-02,Kanpur,break,25.4,14.9,19.4,22.94,19.61,11.82,0.4292,0.0127,0.001
2025-07-02,Ranchi,break,4.5,8.2,11.8,15.74,11.82,11.78,0.326,0.0068,0.0005
2025-07-02,Jodhpur,break,19.8,0.0,0.0,0.0,0.0,0.56,0.0748,0.0005,0.0
2025-07-02,Bikaner,break,5.6,0.7,1.8,3.0,1.8,1.55,0.1104,0.001,0.0001
2025-07-02,Jaisalmer,break,0.3,0.0,0.0,0.0,0.0,0.56,0.0748,0.0005,0.0
2025-07-02,Hyderabad,break,4.9,0.0,0.0,0.0,0.0,2.29,0.0748,0.0005,0.0
2025-07-02,Bengaluru,break,8.9,2.4,4.5,8.48,4.8,4.16,0.1782,0.0021,0.0002
2025-07-02,Pune,break,21.5,5.7,8.9,12.1,8.93,6.37,0.2725,0.0047,0.0004
2025-07-02,Kurnool,break,15.6,0.1,0.6,0.82,0.6,3.45,0.0803,0.0006,0.0
2025-07-02,Madurai,break,0.7,0.2,0.8,1.1,0.8,2.16,0.0857,0.0006,0.0001
2025-07-03,Nagpur,break,7.1,0.8,2.0,3.4,3.4,5.54,0.115,0.001,0.0001
2025-07-03,Bhopal,break,6.5,2.9,5.1,9.93,9.93,10.77,0.195,0.0025,0.0002
2025-07-03,Raipur,break,15.9,0.7,1.8,3.0,3.0,4.83,0.1104,0.001,0.0001
2025-07-03,Jabalpur,break,10.5,9.4,13.1,15.97,15.97,11.01,0.3481,0.0078,0.0006
2025-07-03,Akola,break,0.8,0.7,1.9,3.2,3.2,5.4,0.1104,0.001,0.0001
2025-07-03,Amravati,break,4.0,0.0,0.0,0.0,0.0,3.38,0.0748,0.0005,0.0
2025-07-03,Aurangabad,break,1.4,0.1,0.6,0.82,0.82,3.91,0.0803,0.0006,0.0
2025-07-03,Bhubaneswar,break,17.6,4.2,7.0,11.48,11.48,6.78,0.234,0.0035,0.0003
2025-07-03,Mumbai,coastal,26.3,13.8,18.0,21.7,21.7,20.51,0.4276,0.019,0.0022
2025-07-03,Thiruvananthapuram,coastal,0.8,0.0,0.0,0.0,0.0,2.25,0.0785,0.0008,0.0001
2025-07-03,Kochi,coastal,4.4,0.1,0.6,1.1,1.1,4.41,0.0842,0.0009,0.0001
2025-07-03,Mangaluru,depression,21.4,38.9,49.35,49.35,68.73,37.14,0.7493,0.0996,0.0038
2025-07-03,Panaji,coastal,39.7,30.4,37.5,53.31,53.31,25.28,0.578,0.0443,0.005
2025-07-03,Chennai,coastal,0.0,1.0,2.3,3.8,3.8,5.61,0.1296,0.0019,0.0002
2025-07-03,Visakhapatnam,coastal,3.2,0.0,0.0,0.0,0.0,2.67,0.0785,0.0008,0.0001
2025-07-03,Puri,coastal,7.2,2.2,4.2,5.9,5.9,7.23,0.1786,0.0032,0.0004
2025-07-03,Kolkata,coastal,10.9,20.1,24.8,27.92,27.92,15.28,0.4985,0.0284,0.0032
2025-07-03,Surat,coastal,19.1,8.5,12.13,14.7,14.7,15.78,0.3432,0.0114,0.0013
2025-07-03,Mahabaleshwar,orographic,29.8,9.7,13.5,12.2,12.2,24.58,0.3302,0.0338,0.0074
2025-07-03,Munnar,orographic,2.9,2.8,5.0,3.3,3.3,9.78,0.1763,0.0104,0.0023
2025-07-03,Madikeri,orographic,11.4,5.9,9.04,7.6,7.6,21.39,0.2571,0.0205,0.0045
2025-07-03,Ooty,orographic,1.2,5.9,9.04,7.6,7.6,13.14,0.2571,0.0205,0.0045
2025-07-03,Lonavala,orographic,21.7,9.6,13.4,12.1,12.1,27.37,0.3285,0.0334,0.0073
2025-07-03,Wayanad,orographic,5.7,1.1,2.5,1.2,1.2,7.17,0.1172,0.0052,0.0012
2025-07-03,Shimla,orographic,4.2,19.3,23.8,26.4,26.4,10.52,0.4523,0.0686,0.015
2025-07-03,Dehradun,orographic,13.8,47.1,61.0,84.73,84.73,15.09,0.6234,0.1676,0.0385
2025-07-03,Srinagar,orographic,0.6,1.2,2.6,1.3,1.3,1.95,0.1211,0.0055,0.0013
2025-07-03,Gangtok,orographic,14.4,26.9,33.2,41.93,41.93,10.48,0.5162,0.0964,0.0213
2025-07-03,Guwahati,orographic,11.0,20.1,24.8,27.6,27.6,14.4,0.46,0.0716,0.0157
2025-07-03,Cherrapunji,orographic,39.2,25.1,29.91,36.7,36.7,15.9,0.5028,0.0899,0.0198
2025-07-03,Imphal,orographic,22.7,27.1,33.41,42.42,42.42,19.43,0.5177,0.0972,0.0215
2025-07-03,Agartala,orographic,2.0,3.0,5.3,3.5,3.5,5.21,0.1824,0.011,0.0025
2025-07-03,Lucknow,break,9.4,29.9,36.9,38.61,38.61,13.31,0.5622,0.0272,0.0021
2025-07-03,Patna,break,4.3,13.4,17.4,21.18,21.18,12.11,0.4097,0.0114,0.0009
2025-07-03,Varanasi,break,6.2,16.5,20.92,23.61,23.61,12.61,0.4482,0.0142,0.0011
2025-07-03,Delhi,break,0.9,8.7,12.3,15.74,15.74,11.3,0.3355,0.0072,0.0006
2025-07-03,Kanpur,break,2.0,17.8,22.4,25.57,25.57,14.64,0.4625,0.0154,0.0012
2025-07-03,Ranchi,break,9.0,36.6,46.11,40.74,40.74,15.74,0.6007,0.0339,0.0026
2025-07-03,Jodhpur,break,18.8,0.6,1.7,2.9,2.9,1.45,0.1057,0.0009,0.0001
2025-07-03,Bikaner,break,2.4,0.0,0.0,0.0,0.0,1.12,0.0748,0.0005,0.0
2025-07-03,Jaisalmer,break,1.7,0.0,0.0,0.0,0.0,0.57,0.0748,0.0005,0.0
2025-07-03,Hyderabad,break,1.8,0.0,0.0,0.0,0.0,1.43,0.0748,0.0005,0.0
2025-07-03,Bengaluru,break,5.5,0.0,0.0,0.0,0.0,2.83,0.0748,0.0005,0.0
2025-07-03,Pune,break,5.1,0.2,0.8,1.1,1.1,4.26,0.0857,0.0006,0.0001
2025-07-03,Kurnool,break,1.0,1.2,2.6,4.2,4.2,3.99,0.1325,0.0013,0.0001
2025-07-03,Madurai,break,0.0,0.3,1.0,1.3,1.3,3.55,0.0909,0.0007,0.0001
2025-07-04,Nagpur,normal,9.0,0.4,1.2,1.2,1.2,3.75,0.0719,0.0007,0.0001
2025-07-04,Bhopal,normal,15.9,17.2,21.8,21.9,21.9,11.05,0.3799,0.0134,0.0016
2025-07-04,Raipur,normal,22.1,0.9,2.2,2.3,2.3,4.43,0.0902,0.001,0.0001
2025-07-04,Jabalpur,normal,44.6,47.9,61.1,61.3,61.3,17.85,0.576,0.0412,0.0048
2025-07-04,Akola,normal,3.9,1.2,2.7,2.9,2.9,4.43,0.1004,0.0012,0.0002
2025-07-04,Amravati,normal,5.2,0.6,1.6,1.6,1.6,2.33,0.0795,0.0008,0.0001
2025-07-04,Aurangabad,normal,2.3,0.5,1.5,1.5,1.5,3.26,0.0757,0.0007,0.0001
2025-07-04,Bhubaneswar,normal,17.1,15.2,19.5,19.9,19.9,10.65,0.358,0.0117,0.0014
2025-07-04,Mumbai,coastal,20.2,10.6,14.5,17.07,17.07,13.77,0.3804,0.0143,0.0016
2025-07-04,Thiruvananthapuram,coastal,1.7,0.0,0.0,0.0,0.0,1.8,0.0785,0.0008,0.0001
2025-07-04,Kochi,coastal,2.9,0.3,1.0,1.82,1.82,3.43,0.0952,0.0011,0.0001
2025-07-04,Mangaluru,depression,18.9,45.1,58.25,58.25,72.23,31.65,0.7705,0.1158,0.0045
2025-07-04,Panaji,coastal,33.8,23.9,28.6,34.11,34.11,18.99,0.5319,0.0342,0.0038
2025-07-04,Chennai,coastal,0.1,0.0,0.0,0.0,0.0,2.84,0.0785,0.0008,0.0001
2025-07-04,Visakhapatnam,coastal,1.3,0.1,0.6,1.1,1.1,3.03,0.0842,0.0009,0.0001
2025-07-04,Puri,coastal,12.8,1.0,2.3,3.8,3.8,5.53,0.1296,0.0019,0.0002
2025-07-04,Kolkata,coastal,16.4,12.9,17.07,19.93,19.93,15.05,0.4153,0.0176,0.002
2025-07-04,Surat,coastal,24.0,4.8,7.7,10.4,10.4,9.72,0.2599,0.0064,0.0008
2025-07-04,Mahabaleshwar,orographic,43.4,7.7,11.2,10.0,10.0,15.93,0.2944,0.0267,0.0059
2025-07-04,Munnar,orographic,4.5,1.1,2.5,1.2,1.2,7.32,0.1172,0.0052,0.0012
2025-07-04,Madikeri,orographic,15.7,4.7,7.54,5.7,5.7,12.62,0.2288,0.0165,0.0037
2025-07-04,Ooty,orographic,0.4,0.7,1.9,0.8,0.8,7.93,0.1007,0.0041,0.001
2025-07-04,Lonavala,orographic,23.3,11.1,15.1,14.0,14.0,19.89,0.3524,0.0388,0.0085
2025-07-04,Wayanad,orographic,7.3,0.5,1.5,0.5,0.5,6.03,0.0919,0.0035,0.0008
2025-07-04,Shimla,orographic,1.1,9.5,13.3,12.0,12.0,6.59,0.3268,0.0331,0.0073
2025-07-04,Dehradun,orographic,7.6,24.1,28.81,35.22,35.22,7.92,0.4949,0.0862,0.019
2025-07-04,Srinagar,orographic,0.0,0.0,0.0,0.0,0.0,0.51,0.068,0.0022,0.0005
2025-07-04,Gangtok,orographic,14.9,8.0,11.6,10.3,10.3,6.24,0.3001,0.0278,0.0061
2025-07-04,Guwahati,orographic,43.6,10.0,13.8,12.68,12.68,8.86,0.3351,0.0348,0.0076
2025-07-04,Cherrapunji,orographic,56.3,56.2,68.7,91.25,91.25,19.09,0.6555,0.1977,0.0463
2025-07-04,Imphal,orographic,15.9,2.4,4.5,2.9,2.9,6.63,0.1636,0.0091,0.0021
2025-07-04,Agartala,orographic,7.0,1.6,3.2,1.8,1.8,4.05,0.1362,0.0067,0.0015
2025-07-04,Lucknow,normal,4.2,35.5,44.55,42.72,42.72,11.38,0.5177,0.0296,0.0035
2025-07-04,Patna,normal,2.3,15.0,19.4,19.7,19.7,8.7,0.3557,0.0115,0.0014
2025-07-04,Varanasi,normal,13.9,44.8,57.7,57.8,57.8,12.2,0.5631,0.0383,0.0045
2025-07-04,Delhi,normal,0.3,41.4,52.3,53.52,53.52,12.02,0.5477,0.0351,0.0041
2025-07-04,Kanpur,normal,1.1,21.4,26.1,26.21,26.21,9.6,0.42,0.017,0.002
2025-07-04,Ranchi,normal,5.5,23.5,28.1,27.8,27.8,9.39,0.4377,0.0188,0.0022
2025-07-04,Jodhpur,normal,10.6,0.0,0.0,0.0,0.0,0.78,0.0558,0.0005,0.0001
2025-07-04,Bikaner,normal,0.3,0.0,0.0,0.0,0.0,0.3,0.0558,0.0005,0.0001
2025-07-04,Jaisalmer,normal,5.4,0.0,0.0,0.0,0.0,0.3,0.0558,0.0005,0.0001
2025-07-04,Hyderabad,normal,11.5,0.1,0.6,0.6,0.6,1.95,0.06,0.0005,0.0001
2025-07-04,Bengaluru,normal,1.6,0.0,0.0,0.0,0.0,1.05,0.0558,0.0005,0.0001
2025-07-04,Pune,normal,6.0,1.3,2.8,3.0,3.0,3.76,0.1037,0.0012,0.0002
2025-07-04,Kurnool,normal,2.2,0.8,2.0,2.1,2.1,4.2,0.0867,0.0009,0.0001
2025-07-04,Madurai,normal,0.0,0.0,0.0,0.0,0.0,2.01,0.0558,0.0005,0.0001
2025-07-05,Nagpur,normal,2.8,8.2,11.9,11.92,11.92,8.4,0.2612,0.0061,0.0007
2025-07-05,Bhopal,normal,9.0,32.3,40.36,38.7,38.7,21.66,0.4992,0.0267,0.0031
2025-07-05,Raipur,normal,3.4,3.2,5.6,5.8,5.8,7.8,0.1582,0.0025,0.0003
2025-07-05,Jabalpur,depression,25.5,87.0,88.8,88.8,80.0,33.04,0.8497,0.2175,0.0092
2025-07-05,Akola,normal,6.2,2.8,5.1,5.2,5.2,7.49,0.1477,0.0022,0.0003
2025-07-05,Amravati,normal,7.6,2.3,4.3,4.6,4.6,6.39,0.134,0.0019,0.0002
2025-07-05,Aurangabad,normal,7.9,0.9,2.1,2.2,2.2,5.43,0.0902,0.001,0.0001
2025-07-05,Bhubaneswar,normal,16.5,5.0,8.0,8.2,8.2,11.69,0.2003,0.0037,0.0005
2025-07-05,Mumbai,coastal,37.9,25.4,30.31,36.79,36.79,18.52,0.5436,0.0365,0.0041
2025-07-05,Thiruvananthapuram,coastal,1.2,0.0,0.0,0.0,0.0,2.1,0.0785,0.0008,0.0001
2025-07-05,Kochi,coastal,1.8,0.3,1.0,1.82,1.82,3.83,0.0952,0.0011,0.0001
2025-07-05,Mangaluru,depression,36.3,32.6,40.76,40.76,53.6,33.7,0.7224,0.083,0.0032
2025-07-05,Panaji,coastal,40.6,23.1,27.5,32.54,32.54,19.88,0.5253,0.033,0.0037
2025-07-05,Chennai,coastal,2.7,1.1,2.5,4.1,4.1,3.95,0.1341,0.002,0.0002
2025-07-05,Visakhapatnam,coastal,0.0,0.0,0.0,0.0,0.0,2.45,0.0785,0.0008,0.0001
2025-07-05,Puri,coastal,15.1,5.7,8.9,11.2,8.9,7.42,0.2829,0.0076,0.0009
2025-07-05,Kolkata,coastal,7.6,16.9,21.4,24.2,24.2,15.24,0.4655,0.0235,0.0027
2025-07-05,Surat,coastal,25.5,23.6,28.2,33.6,33.6,15.85,0.5294,0.0337,0.0038
2025-07-05,Mahabaleshwar,orographic,55.9,12.6,16.62,16.2,16.2,25.35,0.3742,0.0442,0.0097
2025-07-05,Munnar,orographic,10.8,1.9,3.6,2.12,2.12,7.12,0.1468,0.0076,0.0017
2025-07-05,Madikeri,orographic,12.9,7.9,11.4,10.2,10.2,15.92,0.2982,0.0274,0.006
2025-07-05,Ooty,orographic,0.7,1.6,3.2,1.8,1.8,6.26,0.1362,0.0067,0.0015
2025-07-05,Lonavala,orographic,39.5,25.3,30.21,37.46,37.46,33.3,0.5043,0.0906,0.02
2025-07-05,Wayanad,orographic,8.7,0.4,1.2,0.4,0.4,5.21,0.0873,0.0033,0.0008
2025-07-05,Shimla,orographic,1.6,4.6,7.5,5.6,5.6,4.57,0.2263,0.0162,0.0036
2025-07-05,Dehradun,orographic,5.0,16.6,21.1,22.6,22.6,8.16,0.424,0.0587,0.0128
2025-07-05,Srinagar,orographic,0.0,0.5,1.5,0.5,0.5,1.18,0.0919,0.0035,0.0008
2025-07-05,Gangtok,orographic,30.0,4.1,6.8,5.1,5.1,4.59,0.2134,0.0145,0.0032
2025-07-05,Guwahati,orographic,31.3,6.3,9.6,8.2,8.2,9.55,0.2659,0.0219,0.0048
2025-07-05,Cherrapunji,orographic,32.4,15.1,19.4,20.37,20.37,15.94,0.4066,0.0533,0.0116
2025-07-05,Imphal,orographic,29.1,11.6,15.52,14.68,14.68,7.77,0.3599,0.0406,0.0089
2025-07-05,Agartala,orographic,5.5,10.8,14.7,13.7,13.7,7.13,0.3478,0.0377,0.0083
2025-07-05,Lucknow,normal,3.2,27.7,34.46,33.05,33.05,12.47,0.4693,0.0226,0.0027
2025-07-05,Patna,normal,1.0,20.0,24.8,25.0,25.0,10.82,0.4074,0.0158,0.0019
2025-07-05,Varanasi,normal,5.0,22.9,27.4,27.4,27.4,11.87,0.4328,0.0183,0.0022
2025-07-05,Delhi,normal,3.4,12.6,16.62,16.7,16.7,10.3,0.3263,0.0096,0.0012
2025-07-05,Kanpur,normal,16.8,19.5,24.0,24.6,24.6,11.01,0.4027,0.0154,0.0018
2025-07-05,Ranchi,normal,8.0,22.1,26.6,26.71,26.71,12.47,0.426,0.0176,0.0021
2025-07-05,Jodhpur,normal,2.4,0.6,1.6,1.6,1.6,1.37,0.0795,0.0008,0.0001
2025-07-05,Bikaner,normal,1.0,0.8,2.0,2.1,2.1,1.53,0.0867,0.0009,0.0001
2025-07-05,Jaisalmer,normal,0.1,0.0,0.0,0.0,0.0,0.84,0.0558,0.0005,0.0001
2025-07-05,Hyderabad,normal,2.9,0.0,0.0,0.0,0.0,2.2,0.0558,0.0005,0.0001
2025-07-05,Bengaluru,normal,2.8,0.0,0.0,0.0,0.0,1.47,0.0558,0.0005,0.0001
2025-07-05,Pune,normal,7.5,3.7,6.2,6.39,6.39,5.64,0.1706,0.0028,0.0004
2025-07-05,Kurnool,normal,2.3,0.0,0.0,0.0,0.0,2.53,0.0558,0.0005,0.0001
2025-07-05,Madurai,normal,0.3,0.0,0.0,0.0,0.0,1.47,0.0558,0.0005,0.0001
2025-07-06,Nagpur,normal,18.4,6.5,9.8,9.7,9.8,9.39,0.2307,0.0048,0.0006
2025-07-06,Bhopal,normal,11.0,13.9,18.1,18.5,18.5,11.2,0.3427,0.0106,0.0013
2025-07-06,Raipur,normal,29.3,19.7,24.4,24.71,24.71,10.92,0.4046,0.0155,0.0018
2025-07-06,Jabalpur,depression,56.1,18.6,23.11,23.11,23.42,13.26,0.6276,0.0461,0.0017
2025-07-06,Akola,normal,7.2,5.1,8.1,8.3,8.3,8.38,0.2024,0.0038,0.0005
2025-07-06,Amravati,normal,12.6,10.5,14.3,14.7,14.7,9.49,0.2973,0.0079,0.001
2025-07-06,Aurangabad,normal,10.3,1.1,2.5,2.7,2.7,4.62,0.097,0.0011,0.0001
2025-07-06,Bhubaneswar,normal,24.7,15.7,20.1,20.41,20.41,11.59,0.3637,0.0121,0.0015
2025-07-06,Mumbai,coastal,31.3,9.8,13.6,16.0,16.0,12.58,0.3669,0.0132,0.0015
2025-07-06,Thiruvananthapuram,coastal,2.7,0.0,0.0,0.0,0.0,1.68,0.0785,0.0008,0.0001
2025-07-06,Kochi,coastal,8.3,0.1,0.6,1.1,1.1,3.78,0.0842,0.0009,0.0001
2025-07-06,Mangaluru,depression,40.7,29.7,36.7,36.7,50.84,19.22,0.7076,0.0754,0.0029
2025-07-06,Panaji,coastal,12.5,19.1,23.7,26.8,26.8,14.12,0.4888,0.0269,0.003
2025-07-06,Chennai,coastal,2.2,0.3,1.0,1.82,1.82,4.09,0.0952,0.0011,0.0001
2025-07-06,Visakhapatnam,coastal,0.5,0.0,0.0,0.0,0.0,1.68,0.0785,0.0008,0.0001
2025-07-06,Puri,coastal,36.8,10.7,14.7,17.1,17.1,13.59,0.382,0.0145,0.0017
2025-07-06,Kolkata,coastal,15.0,31.3,38.96,53.31,53.31,17.94,0.5835,0.0458,0.0051
2025-07-06,Surat,coastal,30.1,21.7,26.3,29.92,29.92,16.34,0.5133,0.0308,0.0035
2025-07-06,Mahabaleshwar,orographic,55.6,9.7,13.5,12.2,12.2,17.7,0.3302,0.0338,0.0074
2025-07-06,Munnar,orographic,14.1,1.1,2.5,1.2,1.2,6.15,0.1172,0.0052,0.0012
2025-07-06,Madikeri,orographic,20.6,9.0,12.7,11.3,11.3,17.75,0.3182,0.0313,0.0069
2025-07-06,Ooty,orographic,1.6,0.5,1.5,0.5,0.5,5.67,0.0919,0.0035,0.0008
2025-07-06,Lonavala,orographic,38.8,24.4,29.16,35.66,35.66,22.11,0.4973,0.0873,0.0192
2025-07-06,Wayanad,orographic,11.3,1.6,3.2,1.8,1.8,5.68,0.1362,0.0067,0.0015
2025-07-06,Shimla,orographic,7.8,14.6,19.1,19.1,19.1,5.97,0.4004,0.0514,0.0112
2025-07-06,Dehradun,orographic,14.1,60.4,72.91,93.71,93.71,11.01,0.6683,0.2111,0.0499
2025-07-06,Srinagar,orographic,7.1,7.5,10.9,9.64,9.64,3.18,0.2905,0.026,0.0057
2025-07-06,Gangtok,orographic,18.1,13.3,17.3,17.1,17.1,5.59,0.3837,0.0467,0.0102
2025-07-06,Guwahati,orographic,12.1,2.1,4.0,2.4,2.4,5.91,0.1537,0.0082,0.0019
2025-07-06,Cherrapunji,orographic,12.7,37.3,47.0,60.41,60.41,13.59,0.5794,0.1337,0.0301
2025-07-06,Imphal,orographic,19.4,13.3,17.3,17.1,17.1,8.96,0.3837,0.0467,0.0102
2025-07-06,Agartala,orographic,9.0,34.3,43.2,56.43,56.43,13.17,0.5633,0.1231,0.0275
2025-07-06,Lucknow,normal,1.6,38.7,49.3,49.42,49.42,12.02,0.5345,0.0326,0.0038
2025-07-06,Patna,normal,0.5,0.0,0.0,0.0,0.0,1.7,0.0558,0.0005,0.0001
2025-07-06,Varanasi,normal,2.2,16.4,20.8,21.16,21.16,9.31,0.3714,0.0127,0.0015
2025-07-06,Delhi,normal,7.4,11.0,15.0,15.4,15.4,8.22,0.3045,0.0083,0.001
2025-07-06,Kanpur,normal,2.5,18.6,23.11,23.42,23.42,9.03,0.394,0.0146,0.0017
2025-07-06,Ranchi,normal,23.3,32.5,40.66,38.86,38.86,11.55,0.5004,0.0269,0.0032
2025-07-06,Jodhpur,normal,0.2,0.1,0.6,0.6,0.6,1.28,0.06,0.0005,0.0001
2025-07-06,Bikaner,normal,5.9,0.0,0.0,0.0,0.0,0.91,0.0558,0.0005,0.0001
2025-07-06,Jaisalmer,normal,0.0,0.0,0.0,0.0,0.0,0.32,0.0558,0.0005,0.0001
2025-07-06,Hyderabad,normal,2.4,0.0,0.0,0.0,0.0,0.94,0.0558,0.0005,0.0001
2025-07-06,Bengaluru,normal,2.0,0.0,0.0,0.0,0.0,0.94,0.0558,0.0005,0.0001
2025-07-06,Pune,normal,6.3,2.0,3.8,4.05,4.05,4.86,0.1253,0.0017,0.0002
2025-07-06,Kurnool,normal,0.3,0.0,0.0,0.0,0.0,0.94,0.0558,0.0005,0.0001
2025-07-06,Madurai,normal,0.5,0.0,0.0,0.0,0.0,0.94,0.0558,0.0005,0.0001
2025-07-07,Nagpur,normal,79.5,4.9,7.9,8.0,7.9,8.33,0.1981,0.0036,0.0005
2025-07-07,Bhopal,normal,10.7,8.9,12.58,12.8,12.89,10.84,0.2727,0.0066,0.0008
2025-07-07,Raipur,depression,51.3,58.0,71.8,71.8,275.85,22.4,0.8038,0.1486,0.0059
2025-07-07,Jabalpur,normal,37.4,14.3,18.72,19.1,18.3,11.77,0.3475,0.011,0.0013
2025-07-07,Akola,normal,19.2,0.9,2.2,2.3,3.0,5.67,0.0902,0.001,0.0001
2025-07-07,Amravati,normal,40.7,2.0,3.8,4.05,3.8,6.77,0.1253,0.0017,0.0002
2025-07-07,Aurangabad,normal,17.9,0.0,0.0,0.0,0.0,2.65,0.0558,0.0005,0.0001
2025-07-07,Bhubaneswar,normal,10.3,0.1,0.6,0.6,1.43,4.74,0.06,0.0005,0.0001
2025-07-07,Mumbai,coastal,7.6,16.4,20.8,23.7,23.7,16.11,0.4598,0.0228,0.0026
2025-07-07,Thiruvananthapuram,coastal,1.5,0.0,0.0,0.0,0.0,1.83,0.0785,0.0008,0.0001
2025-07-07,Kochi,coastal,2.2,1.9,3.6,5.6,5.6,5.08,0.1673,0.0029,0.0003
2025-07-07,Mangaluru,coastal,23.1,10.5,14.3,17.0,17.0,13.75,0.3787,0.0142,0.0016
2025-07-07,Panaji,coastal,11.6,16.5,20.92,23.71,23.71,16.19,0.4609,0.0229,0.0026
2025-07-07,Chennai,coastal,0.1,0.5,1.5,2.4,2.4,4.64,0.1056,0.0013,0.0002
2025-07-07,Visakhapatnam,coastal,0.4,0.0,0.0,0.0,0.0,1.83,0.0785,0.0008,0.0001
2025-07-07,Puri,coastal,4.0,1.0,2.3,3.8,3.8,7.32,0.1296,0.0019,0.0002
2025-07-07,Kolkata,coastal,21.5,10.9,14.9,17.2,17.2,15.54,0.3852,0.0148,0.0017
2025-07-07,Surat,coastal,4.7,21.4,26.1,29.52,29.52,17.33,0.5106,0.0304,0.0034
2025-07-07,Mahabaleshwar,orographic,40.3,7.6,11.1,9.8,9.8,16.76,0.2924,0.0264,0.0058
2025-07-07,Munnar,orographic,13.5,0.1,0.6,0.1,0.1,5.63,0.073,0.0025,0.0006
2025-07-07,Madikeri,orographic,12.9,4.2,7.0,5.2,5.2,13.54,0.216,0.0149,0.0033
2025-07-07,Ooty,orographic,0.7,0.3,1.0,0.2,0.2,5.25,0.0827,0.003,0.0007
2025-07-07,Lonavala,orographic,27.1,18.6,23.11,25.6,25.6,21.43,0.4453,0.0661,0.0145
2025-07-07,Wayanad,orographic,8.0,0.0,0.0,0.0,0.0,3.78,0.068,0.0022,0.0005
2025-07-07,Shimla,orographic,1.9,34.5,43.31,57.21,57.21,9.2,0.5644,0.1238,0.0277
2025-07-07,Dehradun,orographic,9.9,27.0,33.26,42.2,42.2,8.57,0.5169,0.0968,0.0214
2025-07-07,Srinagar,orographic,4.9,9.1,12.8,11.4,11.4,6.9,0.32,0.0316,0.0069
2025-07-07,Gangtok,orographic,1.1,5.6,8.7,7.1,7.1,6.29,0.2503,0.0195,0.0043
2025-07-07,Guwahati,orographic,0.3,28.6,35.46,44.96,44.96,9.43,0.5281,0.1026,0.0227
2025-07-07,Cherrapunji,orographic,10.9,33.0,41.41,53.22,53.22,17.97,0.5558,0.1185,0.0264
2025-07-07,Imphal,orographic,19.5,21.4,26.1,29.1,29.1,12.19,0.472,0.0763,0.0167
2025-07-07,Agartala,orographic,13.1,44.2,57.31,74.3,74.3,18.95,0.6115,0.1577,0.036
2025-07-07,Lucknow,normal,5.3,6.5,9.8,9.7,10.79,7.88,0.2307,0.0048,0.0006
2025-07-07,Patna,normal,2.7,0.0,0.0,0.0,0.0,0.44,0.0558,0.0005,0.0001
2025-07-07,Varanasi,normal,0.3,3.0,5.3,5.5,6.1,6.71,0.153,0.0023,0.0003
2025-07-07,Delhi,normal,13.5,105.1,98.7,80.0,397.6,15.79,0.7172,0.0957,0.0113
2025-07-07,Kanpur,normal,9.3,13.0,17.1,17.11,17.1,9.44,0.3315,0.0099,0.0012
2025-07-07,Ranchi,normal,19.8,20.9,25.5,25.9,24.99,9.59,0.4156,0.0166,0.002
2025-07-07,Jodhpur,normal,0.0,0.0,0.0,0.0,0.0,0.79,0.0558,0.0005,0.0001
2025-07-07,Bikaner,normal,0.6,5.5,8.64,8.8,9.49,4.44,0.2108,0.0041,0.0005
2025-07-07,Jaisalmer,normal,0.0,0.0,0.0,0.0,0.0,0.45,0.0558,0.0005,0.0001
2025-07-07,Hyderabad,normal,3.0,0.0,0.0,0.0,0.0,1.07,0.0558,0.0005,0.0001
2025-07-07,Bengaluru,normal,0.8,0.0,0.0,0.0,0.0,1.07,0.0558,0.0005,0.0001
2025-07-07,Pune,normal,3.1,1.2,2.7,2.9,3.52,4.39,0.1004,0.0012,0.0002
2025-07-07,Kurnool,normal,0.9,0.0,0.0,0.0,0.0,1.07,0.0558,0.0005,0.0001
2025-07-07,Madurai,normal,0.8,0.0,0.0,0.0,0.0,1.07,0.0558,0.0005,0.0001
2025-07-08,Nagpur,normal,50.4,13.3,17.3,17.7,17.3,13.0,0.3353,0.0101,0.0012
2025-07-08,Bhopal,depression,1.3,101.6,97.5,97.5,80.0,28.07,0.8648,0.2495,0.011
2025-07-08,Raipur,depression,10.2,24.0,28.8,28.8,28.6,20.95,0.6722,0.0603,0.0023
2025-07-08,Jabalpur,normal,12.7,16.7,21.2,21.4,21.4,15.47,0.3746,0.013,0.0015
2025-07-08,Akola,normal,10.8,3.0,5.3,5.5,5.5,7.25,0.153,0.0023,0.0003
2025-07-08,Amravati,normal,19.1,2.3,4.3,4.6,4.3,6.52,0.134,0.0019,0.0002
2025-07-08,Aurangabad,normal,13.4,3.2,5.6,5.8,5.8,6.66,0.1582,0.0025,0.0003
2025-07-08,Bhubaneswar,normal,4.9,0.7,1.8,1.8,1.8,4.39,0.0831,0.0009,0.0001
2025-07-08,Mumbai,coastal,3.7,19.6,24.3,27.11,27.11,18.85,0.4937,0.0276,0.0031
2025-07-08,Thiruvananthapuram,coastal,1.6,0.0,0.0,0.0,0.0,2.43,0.0785,0.0008,0.0001
2025-07-08,Kochi,coastal,5.8,3.4,5.8,8.69,8.69,7.2,0.2194,0.0047,0.0006
2025-07-08,Mangaluru,coastal,20.0,15.2,19.5,22.91,22.91,16.41,0.4455,0.021,0.0024
2025-07-08,Panaji,coastal,16.1,30.1,37.11,50.84,50.84,23.15,0.5761,0.0439,0.0049
2025-07-08,Chennai,coastal,1.3,0.3,1.0,1.82,1.82,4.31,0.0952,0.0011,0.0001
2025-07-08,Visakhapatnam,coastal,0.0,0.0,0.0,0.0,0.0,2.43,0.0785,0.0008,0.0001
2025-07-08,Puri,coastal,1.7,0.3,1.0,1.82,1.82,4.45,0.0952,0.0011,0.0001
2025-07-08,Kolkata,coastal,27.2,19.1,23.7,26.8,26.8,16.36,0.4888,0.0269,0.003
2025-07-08,Surat,coastal,6.2,10.0,13.8,16.32,16.32,16.47,0.3703,0.0135,0.0015
2025-07-08,Mahabaleshwar,orographic,29.1,7.9,11.5,10.2,10.2,22.23,0.2982,0.0274,0.006
2025-07-08,Munnar,orographic,7.1,0.5,1.5,0.5,0.5,5.92,0.0919,0.0035,0.0008
2025-07-08,Madikeri,orographic,16.4,8.2,11.8,10.5,10.5,16.08,0.3038,0.0285,0.0063
2025-07-08,Ooty,orographic,0.4,0.4,1.2,0.4,0.4,5.97,0.0873,0.0033,0.0008
2025-07-08,Lonavala,orographic,11.7,16.0,20.4,21.37,21.37,35.37,0.4172,0.0565,0.0124
2025-07-08,Wayanad,orographic,4.9,0.1,0.6,0.1,0.1,4.24,0.073,0.0025,0.0006
2025-07-08,Shimla,orographic,6.8,21.7,26.3,29.8,29.8,10.24,0.4747,0.0774,0.017
2025-07-08,Dehradun,orographic,4.5,14.4,18.8,18.87,18.87,8.65,0.398,0.0507,0.0111
2025-07-08,Srinagar,orographic,9.3,2.0,3.8,2.3,2.3,3.27,0.1503,0.0079,0.0018
2025-07-08,Gangtok,orographic,21.7,13.4,17.4,17.28,17.28,7.77,0.3851,0.0471,0.0103
2025-07-08,Guwahati,orographic,0.9,25.5,30.51,37.56,37.56,18.93,0.5059,0.0913,0.0201
2025-07-08,Cherrapunji,orographic,33.7,20.7,25.4,28.31,28.31,17.41,0.4656,0.0738,0.0162
2025-07-08,Imphal,orographic,8.9,3.1,5.4,3.6,3.6,11.75,0.1854,0.0113,0.0025
2025-07-08,Agartala,orographic,39.1,123.7,145.0,145.6,145.6,36.42,0.781,0.3792,0.1039
2025-07-08,Lucknow,normal,0.6,4.9,7.9,8.0,8.0,6.92,0.1981,0.0036,0.0005
2025-07-08,Patna,normal,0.1,0.1,0.6,0.6,0.6,1.79,0.06,0.0005,0.0001
2025-07-08,Varanasi,normal,2.5,0.4,1.2,1.2,1.2,2.73,0.0719,0.0007,0.0001
2025-07-08,Delhi,normal,0.0,7.3,10.7,10.8,10.8,9.45,0.2455,0.0054,0.0007
2025-07-08,Kanpur,normal,20.0,6.0,9.2,9.13,9.13,8.48,0.2209,0.0044,0.0006
2025-07-08,Ranchi,normal,1.7,10.1,13.8,14.02,14.02,10.21,0.2914,0.0076,0.0009
2025-07-08,Jodhpur,normal,0.0,0.0,0.0,0.0,0.0,0.93,0.0558,0.0005,0.0001
2025-07-08,Bikaner,normal,0.2,0.1,0.6,0.6,0.6,3.12,0.06,0.0005,0.0001
2025-07-08,Jaisalmer,normal,0.3,0.0,0.0,0.0,0.0,0.93,0.0558,0.0005,0.0001
2025-07-08,Hyderabad,normal,1.7,0.2,0.8,0.8,0.8,2.68,0.0641,0.0006,0.0001
2025-07-08,Bengaluru,normal,0.4,0.0,0.0,0.0,0.0,1.76,0.0558,0.0005,0.0001
2025-07-08,Pune,normal,1.4,2.0,3.8,4.05,4.05,5.54,0.1253,0.0017,0.0002
2025-07-08,Kurnool,normal,2.2,0.0,0.0,0.0,0.0,1.76,0.0558,0.0005,0.0001
2025-07-08,Madurai,normal,0.3,0.1,0.6,0.6,0.6,2.68,0.06,0.0005,0.0001
2025-07-09,Nagpur,normal,42.8,7.4,10.9,11.03,10.9,11.29,0.2473,0.0055,0.0007
2025-07-09,Bhopal,depression,4.1,96.2,92.71,92.71,80.0,29.86,0.8597,0.2379,0.0103
2025-07-09,Raipur,normal,29.7,0.9,2.2,2.3,2.3,7.61,0.0902,0.001,0.0001
2025-07-09,Jabalpur,normal,19.8,8.0,11.6,11.77,11.77,11.68,0.2578,0.0059,0.0007
2025-07-09,Akola,normal,21.5,12.4,16.4,16.4,16.4,12.24,0.3237,0.0094,0.0011
2025-07-09,Amravati,normal,35.8,3.4,5.8,6.0,6.0,8.3,0.1632,0.0026,0.0003
2025-07-09,Aurangabad,normal,11.1,0.4,1.2,1.2,1.2,4.86,0.0719,0.0007,0.0001
2025-07-09,Bhubaneswar,normal,0.6,0.0,0.0,0.0,0.0,3.2,0.0558,0.0005,0.0001
2025-07-09,Mumbai,coastal,15.4,22.5,27.0,31.23,31.23,20.25,0.5202,0.032,0.0036
2025-07-09,Thiruvananthapuram,coastal,0.5,0.0,0.0,0.0,0.0,2.52,0.0785,0.0008,0.0001
2025-07-09,Kochi,coastal,4.4,8.4,12.0,14.6,14.6,10.34,0.3413,0.0113,0.0013
2025-07-09,Mangaluru,coastal,20.4,14.1,18.4,22.0,22.0,15.86,0.4316,0.0194,0.0022
2025-07-09,Panaji,depression,15.8,30.9,38.36,38.36,53.31,26.12,0.714,0.0785,0.003
2025-07-09,Chennai,coastal,2.5,0.1,0.6,1.1,1.1,4.49,0.0842,0.0009,0.0001
2025-07-09,Visakhapatnam,coastal,0.0,0.5,1.5,2.4,2.4,4.07,0.1056,0.0013,0.0002
2025-07-09,Puri,coastal,2.0,0.5,1.5,2.4,2.4,5.0,0.1056,0.0013,0.0002
2025-07-09,Kolkata,coastal,11.2,0.3,1.0,1.82,1.82,6.07,0.0952,0.0011,0.0001
2025-07-09,Surat,coastal,9.4,5.3,8.3,10.8,10.8,11.63,0.2729,0.0071,0.0008
2025-07-09,Mahabaleshwar,orographic,24.9,4.7,7.54,5.7,5.7,17.51,0.2288,0.0165,0.0037
2025-07-09,Munnar,orographic,4.8,0.7,1.9,0.8,0.8,6.99,0.1007,0.0041,0.001
2025-07-09,Madikeri,orographic,10.6,9.9,13.7,12.48,12.48,26.12,0.3335,0.0345,0.0076
2025-07-09,Ooty,orographic,1.7,1.2,2.7,1.3,1.3,7.38,0.1211,0.0055,0.0013
2025-07-09,Lonavala,orographic,21.5,7.5,11.0,9.7,9.7,22.13,0.2905,0.026,0.0057
2025-07-09,Wayanad,orographic,3.7,0.3,1.0,0.2,0.2,5.56,0.0827,0.003,0.0007
2025-07-09,Shimla,orographic,14.1,7.0,10.4,9.1,9.1,6.64,0.2805,0.0243,0.0054
2025-07-09,Dehradun,orographic,38.3,14.1,18.4,18.32,18.32,7.06,0.3942,0.0496,0.0108
2025-07-09,Srinagar,orographic,9.5,9.9,13.7,12.48,12.48,4.84,0.3335,0.0345,0.0076
2025-07-09,Gangtok,orographic,68.8,5.3,8.3,6.8,6.8,6.03,0.2434,0.0185,0.0041
2025-07-09,Guwahati,orographic,14.8,25.3,30.21,37.46,37.46,15.25,0.5043,0.0906,0.02
2025-07-09,Cherrapunji,orographic,92.3,11.0,15.0,13.9,13.9,11.21,0.3509,0.0384,0.0084
2025-07-09,Imphal,orographic,34.3,4.2,7.0,5.2,5.2,6.83,0.216,0.0149,0.0033
2025-07-09,Agartala,orographic,24.2,1.8,3.5,2.0,2.0,9.94,0.1433,0.0073,0.0017
2025-07-09,Lucknow,normal,8.4,3.7,6.2,6.39,6.39,6.42,0.1706,0.0028,0.0004
2025-07-09,Patna,normal,0.9,1.0,2.3,2.5,2.5,3.05,0.0937,0.001,0.0001
2025-07-09,Varanasi,normal,0.7,0.0,0.0,0.0,0.0,1.86,0.0558,0.0005,0.0001
2025-07-09,Delhi,normal,14.9,10.3,14.1,14.42,14.42,8.41,0.2944,0.0077,0.0009
2025-07-09,Kanpur,normal,0.8,1.3,2.8,3.0,3.0,4.33,0.1037,0.0012,0.0002
2025-07-09,Ranchi,normal,21.4,0.1,0.6,0.6,0.6,2.77,0.06,0.0005,0.0001
2025-07-09,Jodhpur,normal,0.6,0.2,0.8,0.8,0.8,1.2,0.0641,0.0006,0.0001
2025-07-09,Bikaner,normal,0.8,1.5,3.2,3.3,3.3,2.09,0.1101,0.0013,0.0002
2025-07-09,Jaisalmer,normal,0.0,0.0,0.0,0.0,0.0,0.83,0.0558,0.0005,0.0001
2025-07-09,Hyderabad,normal,0.6,0.0,0.0,0.0,0.0,2.63,0.0558,0.0005,0.0001
2025-07-09,Bengaluru,normal,1.5,0.0,0.0,0.0,0.0,1.79,0.0558,0.0005,0.0001
2025-07-09,Pune,normal,2.4,1.1,2.5,2.7,2.7,5.29,0.097,0.0011,0.0001
2025-07-09,Kurnool,normal,0.0,0.4,1.2,1.2,1.2,2.73,0.0719,0.0007,0.0001
2025-07-09,Madurai,normal,0.1,0.0,0.0,0.0,0.0,2.6,0.0558,0.0005,0.0001
2025-07-10,Nagpur,normal,4.6,24.3,29.1,28.71,29.37,17.04,0.4441,0.0195,0.0023
2025-07-10,Bhopal,normal,12.6,6.0,9.2,9.13,12.15,14.14,0.2209,0.0044,0.0006
2025-07-10,Raipur,normal,7.7,49.9,63.1,61.3,40.74,18.44,0.5839,0.0431,0.005
2025-07-10,Jabalpur,depression,25.7,80.6,87.3,87.3,62.78,28.07,0.8418,0.2029,0.0085
2025-07-10,Akola,normal,0.8,0.3,1.0,1.0,1.3,5.7,0.0681,0.0006,0.0001
2025-07-10,Amravati,normal,10.3,2.2,4.2,4.5,7.57,7.41,0.1311,0.0018,0.0002
2025-07-10,Aurangabad,normal,0.9,0.3,1.0,1.0,1.3,4.45,0.0681,0.0006,0.0001
2025-07-10,Bhubaneswar,normal,5.6,0.8,2.0,2.1,3.4,3.58,0.0867,0.0009,0.0001
2025-07-10,Mumbai,coastal,6.5,14.9,19.4,22.79,22.79,18.91,0.4418,0.0206,0.0023
2025-07-10,Thiruvananthapuram,coastal,0.8,0.0,0.0,0.0,0.0,2.43,0.0785,0.0008,0.0001
2025-07-10,Kochi,coastal,5.1,0.7,1.9,2.9,2.9,6.32,0.1155,0.0015,0.0002
2025-07-10,Mangaluru,coastal,8.6,29.4,36.6,50.51,50.51,21.57,0.5716,0.0428,0.0048
2025-07-10,Panaji,depression,20.4,35.6,44.65,44.65,60.71,35.4,0.736,0.0909,0.0035
2025-07-10,Chennai,coastal,1.2,0.2,0.8,1.5,1.5,3.87,0.0898,0.001,0.0001
2025-07-10,Visakhapatnam,coastal,1.1,0.2,0.8,1.5,1.5,4.31,0.0898,0.001,0.0001
2025-07-10,Puri,coastal,2.8,1.4,2.9,4.7,4.7,5.03,0.1471,0.0023,0.0003
2025-07-10,Kolkata,coastal,20.1,2.2,4.2,5.9,5.9,5.99,0.1786,0.0032,0.0004
2025-07-10,Surat,coastal,3.3,5.5,8.64,10.9,10.9,11.7,0.2779,0.0074,0.0009
2025-07-10,Mahabaleshwar,orographic,10.6,6.3,9.6,8.2,8.2,18.19,0.2659,0.0219,0.0048
2025-07-10,Munnar,orographic,5.5,3.5,5.9,4.2,4.2,9.58,0.1969,0.0126,0.0028
2025-07-10,Madikeri,orographic,15.8,8.4,12.0,10.5,10.5,22.11,0.3075,0.0292,0.0064
2025-07-10,Ooty,orographic,4.7,4.2,7.0,5.2,5.2,9.94,0.216,0.0149,0.0033
2025-07-10,Lonavala,orographic,5.2,8.0,11.6,10.3,10.3,22.23,0.3001,0.0278,0.0061
2025-07-10,Wayanad,orographic,2.8,1.4,2.9,1.6,1.6,6.98,0.1287,0.0061,0.0014
2025-07-10,Shimla,orographic,18.3,12.0,15.9,15.3,15.3,7.35,0.3657,0.042,0.0092
2025-07-10,Dehradun,orographic,5.6,26.1,31.7,39.01,39.01,9.39,0.5104,0.0935,0.0206
2025-07-10,Srinagar,orographic,2.4,11.5,15.4,14.48,14.48,7.31,0.3584,0.0402,0.0088
2025-07-10,Gangtok,orographic,25.7,16.9,21.4,23.1,23.1,8.07,0.4273,0.0598,0.0131
2025-07-10,Guwahati,orographic,6.3,15.8,20.17,21.17,21.17,15.47,0.4149,0.0558,0.0122
2025-07-10,Cherrapunji,orographic,24.1,2.0,3.8,2.3,2.3,8.13,0.1503,0.0079,0.0018
2025-07-10,Imphal,orographic,1.4,0.1,0.6,0.1,0.1,4.66,0.073,0.0025,0.0006
2025-07-10,Agartala,orographic,20.2,1.0,2.3,1.1,1.1,4.6,0.1131,0.0049,0.0011
2025-07-10,Lucknow,normal,1.5,8.6,12.2,12.4,15.74,7.56,0.2678,0.0064,0.0008
2025-07-10,Patna,normal,5.5,0.8,2.0,2.1,3.4,3.15,0.0867,0.0009,0.0001
2025-07-10,Varanasi,normal,19.0,0.1,0.6,0.6,0.82,1.79,0.06,0.0005,0.0001
2025-07-10,Delhi,normal,3.6,14.2,18.6,18.96,22.9,9.38,0.3463,0.0109,0.0013
2025-07-10,Kanpur,normal,0.7,4.9,7.9,8.0,11.9,5.22,0.1981,0.0036,0.0005
2025-07-10,Ranchi,normal,13.1,7.1,10.5,10.5,13.87,5.84,0.2419,0.0053,0.0006
2025-07-10,Jodhpur,normal,0.0,0.0,0.0,0.0,0.0,1.31,0.0558,0.0005,0.0001
2025-07-10,Bikaner,normal,0.1,0.0,0.0,0.0,0.0,1.65,0.0558,0.0005,0.0001
2025-07-10,Jaisalmer,normal,0.0,0.0,0.0,0.0,0.0,0.93,0.0558,0.0005,0.0001
2025-07-10,Hyderabad,normal,0.7,0.0,0.0,0.0,0.0,1.76,0.0558,0.0005,0.0001
2025-07-10,Bengaluru,normal,5.3,0.2,0.8,0.8,1.1,2.68,0.0641,0.0006,0.0001
2025-07-10,Pune,normal,0.1,0.1,0.6,0.6,0.82,4.13,0.06,0.0005,0.0001
2025-07-10,Kurnool,normal,1.4,0.0,0.0,0.0,0.0,2.82,0.0558,0.0005,0.0001
2025-07-10,Madurai,normal,1.0,0.1,0.6,0.6,0.82,2.68,0.06,0.0005,0.0001
2025-07-11,Nagpur,depression,19.0,41.6,52.96,52.96,54.8,21.64,0.7591,0.1067,0.0041
2025-07-11,Bhopal,normal,1.1,26.2,31.7,30.45,30.45,15.8,0.4585,0.0212,0.0025
2025-07-11,Raipur,normal,11.4,1.9,3.6,3.9,3.9,8.51,0.1224,0.0016,0.0002
2025-07-11,Jabalpur,depression,31.7,34.7,43.55,43.55,41.4,22.36,0.7321,0.0886,0.0034
2025-07-11,Akola,normal,0.7,3.4,5.8,6.0,6.0,7.27,0.1632,0.0026,0.0003
2025-07-11,Amravati,normal,0.1,13.1,17.2,17.46,17.46,10.84,0.3327,0.01,0.0012
2025-07-11,Aurangabad,normal,2.6,0.6,1.7,1.7,1.7,4.78,0.0795,0.0008,0.0001
2025-07-11,Bhubaneswar,normal,9.0,0.4,1.2,1.2,1.2,4.41,0.0719,0.0007,0.0001
2025-07-11,Mumbai,coastal,6.1,12.7,16.7,19.9,19.9,15.39,0.4124,0.0173,0.002
2025-07-11,Thiruvananthapuram,coastal,2.1,0.0,0.0,0.0,0.0,2.42,0.0785,0.0008,0.0001
2025-07-11,Kochi,coastal,11.3,1.6,3.2,5.1,5.1,5.21,0.1554,0.0025,0.0003
2025-07-11,Mangaluru,depression,22.9,33.6,42.2,42.2,56.71,26.78,0.7271,0.0857,0.0033
2025-07-11,Panaji,depression,15.8,36.9,46.35,46.35,61.72,31.18,0.7415,0.0944,0.0036
2025-07-11,Chennai,coastal,5.9,0.6,1.7,2.7,2.7,4.58,0.1106,0.0014,0.0002
2025-07-11,Visakhapatnam,coastal,0.2,0.0,0.0,0.0,0.0,2.84,0.0785,0.0008,0.0001
2025-07-11,Puri,coastal,5.6,0.1,0.6,1.1,1.1,4.43,0.0842,0.0009,0.0001
2025-07-11,Kolkata,coastal,2.7,2.4,4.6,6.6,6.6,7.5,0.1859,0.0035,0.0004
2025-07-11,Surat,coastal,13.7,6.7,10.1,12.6,12.6,11.54,0.3061,0.0089,0.001
2025-07-11,Mahabaleshwar,orographic,10.0,5.9,9.04,7.6,7.6,21.19,0.2571,0.0205,0.0045
2025-07-11,Munnar,orographic,7.0,2.7,4.9,3.2,3.2,11.59,0.1732,0.01,0.0023
2025-07-11,Madikeri,orographic,17.0,6.0,9.2,7.7,7.7,21.77,0.2593,0.0209,0.0046
2025-07-11,Ooty,orographic,1.1,3.1,5.4,3.6,3.6,11.79,0.1854,0.0113,0.0025
2025-07-11,Lonavala,orographic,12.1,7.0,10.4,9.1,9.1,20.78,0.2805,0.0243,0.0054
2025-07-11,Wayanad,orographic,4.1,0.9,2.2,1.0,1.0,7.31,0.1091,0.0046,0.0011
2025-07-11,Shimla,orographic,13.1,6.7,10.1,8.74,8.74,5.7,0.2744,0.0233,0.0051
2025-07-11,Dehradun,orographic,0.2,11.0,15.0,13.9,13.9,6.09,0.3509,0.0384,0.0084
2025-07-11,Srinagar,orographic,3.5,8.7,12.3,10.94,10.94,5.62,0.3129,0.0302,0.0066
2025-07-11,Gangtok,orographic,3.1,4.1,6.8,5.1,5.1,4.55,0.2134,0.0145,0.0032
2025-07-11,Guwahati,orographic,0.4,3.0,5.3,3.5,3.5,9.03,0.1824,0.011,0.0025
2025-07-11,Cherrapunji,orographic,4.0,3.2,5.6,3.8,3.8,5.59,0.1883,0.0116,0.0026
2025-07-11,Imphal,orographic,0.1,4.0,6.7,5.0,5.0,4.67,0.2107,0.0142,0.0032
2025-07-11,Agartala,orographic,2.2,0.3,1.0,0.2,0.2,3.74,0.0827,0.003,0.0007
2025-07-11,Lucknow,normal,11.0,3.8,6.3,6.5,6.5,6.21,0.173,0.0029,0.0004
2025-07-11,Patna,normal,2.0,0.2,0.8,0.8,0.8,2.4,0.0641,0.0006,0.0001
2025-07-11,Varanasi,normal,30.2,1.7,3.4,3.5,3.5,2.83,0.1163,0.0015,0.0002
2025-07-11,Delhi,normal,0.4,1.4,2.9,3.1,3.1,4.42,0.1069,0.0013,0.0002
2025-07-11,Kanpur,normal,9.9,0.9,2.2,2.3,2.3,3.74,0.0902,0.001,0.0001
2025-07-11,Ranchi,normal,17.0,3.4,5.8,6.0,6.0,6.11,0.1632,0.0026,0.0003
2025-07-11,Jodhpur,normal,4.2,0.2,0.8,0.8,0.8,0.98,0.0641,0.0006,0.0001
2025-07-11,Bikaner,normal,13.4,0.4,1.2,1.2,1.2,1.01,0.0719,0.0007,0.0001
2025-07-11,Jaisalmer,normal,10.1,0.0,0.0,0.0,0.0,0.66,0.0558,0.0005,0.0001
2025-07-11,Hyderabad,normal,0.3,0.3,1.0,1.0,1.0,2.62,0.0681,0.0006,0.0001
2025-07-11,Bengaluru,normal,5.0,0.0,0.0,0.0,0.0,2.53,0.0558,0.0005,0.0001
2025-07-11,Pune,normal,1.8,0.3,1.0,1.0,1.0,3.46,0.0681,0.0006,0.0001
2025-07-11,Kurnool,normal,4.1,0.7,1.8,1.8,1.8,3.01,0.0831,0.0009,0.0001
2025-07-11,Madurai,normal,1.8,0.0,0.0,0.0,0.0,2.5,0.0558,0.0005,0.0001
2025-07-12,Nagpur,depression,2.4,39.3,49.4,49.4,49.42,23.26,0.7508,0.1007,0.0039
2025-07-12,Bhopal,depression,18.6,34.2,43.01,43.01,41.25,20.84,0.7299,0.0873,0.0033
2025-07-12,Raipur,normal,4.0,3.8,6.3,6.5,6.5,7.87,0.173,0.0029,0.0004
2025-07-12,Jabalpur,depression,47.6,49.9,63.1,63.1,61.3,25.62,0.7844,0.1281,0.005
2025-07-12,Akola,normal,0.4,4.0,6.7,6.9,6.9,8.92,0.1778,0.003,0.0004
2025-07-12,Amravati,normal,1.1,6.1,9.3,9.3,9.3,11.47,0.2229,0.0045,0.0006
2025-07-12,Aurangabad,normal,2.0,1.5,3.1,3.3,3.3,5.39,0.1101,0.0013,0.0002
2025-07-12,Bhubaneswar,normal,11.4,0.4,1.2,1.2,1.2,4.46,0.0719,0.0007,0.0001
2025-07-12,Mumbai,coastal,4.9,7.8,11.4,13.88,13.88,10.47,0.3295,0.0104,0.0012
2025-07-12,Thiruvananthapuram,coastal,2.6,0.0,0.0,0.0,0.0,2.06,0.0785,0.0008,0.0001
2025-07-12,Kochi,coastal,27.0,4.9,7.9,10.5,10.5,6.37,0.2625,0.0066,0.0008
2025-07-12,Mangaluru,depression,37.0,28.6,35.46,35.46,48.96,22.0,0.7015,0.0725,0.0028
2025-07-12,Panaji,depression,23.9,31.2,38.7,38.7,53.31,25.18,0.7155,0.0793,0.003
2025-07-12,Chennai,coastal,22.1,0.1,0.6,1.1,1.1,3.77,0.0842,0.0009,0.0001
2025-07-12,Visakhapatnam,coastal,4.1,0.1,0.6,1.1,1.1,3.09,0.0842,0.0009,0.0001
2025-07-12,Puri,coastal,3.7,0.6,1.6,2.6,2.6,3.75,0.1106,0.0014,0.0002
2025-07-12,Kolkata,coastal,9.3,3.6,6.0,8.89,8.89,7.24,0.2256,0.0049,0.0006
2025-07-12,Surat,coastal,9.1,7.5,11.0,13.6,13.6,10.18,0.3233,0.01,0.0012
2025-07-12,Mahabaleshwar,orographic,14.0,5.1,8.2,6.6,6.6,17.42,0.2386,0.0178,0.004
2025-07-12,Munnar,orographic,7.6,0.8,2.0,0.9,0.9,6.81,0.1049,0.0044,0.001
2025-07-12,Madikeri,orographic,6.2,4.3,7.1,5.3,5.3,14.25,0.2186,0.0152,0.0034
2025-07-12,Ooty,orographic,0.9,2.3,4.4,2.8,2.8,8.77,0.1604,0.0088,0.002
2025-07-12,Lonavala,orographic,11.1,7.4,10.9,9.6,9.6,18.02,0.2885,0.0257,0.0057
2025-07-12,Wayanad,orographic,3.0,0.3,1.0,0.2,0.2,5.21,0.0827,0.003,0.0007
2025-07-12,Shimla,orographic,5.3,2.2,4.2,2.6,2.6,3.35,0.1571,0.0085,0.0019
2025-07-12,Dehradun,orographic,0.2,4.5,7.3,5.5,5.5,4.44,0.2238,0.0158,0.0035
2025-07-12,Srinagar,orographic,4.7,4.1,6.8,5.1,5.1,4.41,0.2134,0.0145,0.0032
2025-07-12,Gangtok,orographic,4.6,6.3,9.6,8.2,8.2,4.98,0.2659,0.0219,0.0048
2025-07-12,Guwahati,orographic,0.6,4.9,7.9,6.1,6.1,6.2,0.2338,0.0172,0.0038
2025-07-12,Cherrapunji,orographic,10.3,16.0,20.4,21.37,21.37,9.11,0.4172,0.0565,0.0124
2025-07-12,Imphal,orographic,4.2,7.2,10.6,9.3,9.3,7.29,0.2846,0.025,0.0055
2025-07-12,Agartala,orographic,11.9,0.0,0.0,0.0,0.0,2.54,0.068,0.0022,0.0005
2025-07-12,Lucknow,normal,27.7,0.7,1.8,1.8,1.8,3.13,0.0831,0.0009,0.0001
2025-07-12,Patna,normal,0.7,0.1,0.6,0.6,0.6,2.46,0.06,0.0005,0.0001
2025-07-12,Varanasi,normal,12.8,1.1,2.5,2.7,2.7,3.41,0.097,0.0011,0.0001
2025-07-12,Delhi,normal,2.7,11.6,15.52,15.9,15.9,7.43,0.3129,0.0088,0.0011
2025-07-12,Kanpur,normal,19.7,9.1,12.8,13.0,13.0,7.0,0.2759,0.0068,0.0008
2025-07-12,Ranchi,normal,6.5,11.4,15.3,15.57,15.57,8.23,0.3102,0.0086,0.001
2025-07-12,Jodhpur,normal,0.9,0.0,0.0,0.0,0.0,1.16,0.0558,0.0005,0.0001
2025-07-12,Bikaner,normal,0.1,0.4,1.2,1.2,1.2,1.77,0.0719,0.0007,0.0001
2025-07-12,Jaisalmer,normal,0.0,0.0,0.0,0.0,0.0,0.81,0.0558,0.0005,0.0001
2025-07-12,Hyderabad,normal,1.3,0.0,0.0,0.0,0.0,2.38,0.0558,0.0005,0.0001
2025-07-12,Bengaluru,normal,0.8,0.0,0.0,0.0,0.0,1.44,0.0558,0.0005,0.0001
2025-07-12,Pune,normal,0.8,0.0,0.0,0.0,0.0,2.38,0.0558,0.0005,0.0001
2025-07-12,Kurnool,normal,13.8,0.0,0.0,0.0,0.0,2.43,0.0558,0.0005,0.0001
2025-07-12,Madurai,normal,0.0,0.6,1.6,1.6,1.6,2.57,0.0795,0.0008,0.0001
2025-07-13,Nagpur,break,1.9,4.8,7.7,11.88,11.88,10.98,0.2501,0.004,0.0003
2025-07-13,Bhopal,break,14.2,14.9,19.4,22.94,22.94,15.63,0.4292,0.0127,0.001
2025-07-13,Raipur,break,1.5,2.1,4.0,7.44,7.44,7.11,0.1676,0.0019,0.0002
2025-07-13,Jabalpur,break,3.1,1.7,3.4,5.88,5.88,8.22,0.1526,0.0016,0.0001
2025-07-13,Akola,break,1.9,0.1,0.6,0.82,0.82,4.62,0.0803,0.0006,0.0
2025-07-13,Amravati,break,0.4,2.9,5.1,9.93,9.93,8.32,0.195,0.0025,0.0002
2025-07-13,Aurangabad,break,0.9,0.5,1.5,2.5,2.5,4.84,0.1008,0.0008,0.0001
2025-07-13,Bhubaneswar,break,21.7,2.2,4.2,7.57,7.57,5.92,0.1712,0.002,0.0002
2025-07-13,Mumbai,coastal,14.7,2.2,4.2,5.9,5.9,8.76,0.1786,0.0032,0.0004
2025-07-13,Thiruvananthapuram,coastal,1.5,0.0,0.0,0.0,0.0,2.11,0.0785,0.0008,0.0001
2025-07-13,Kochi,coastal,16.1,12.1,16.0,19.37,19.37,15.56,0.4037,0.0165,0.0019
2025-07-13,Mangaluru,depression,28.8,41.0,51.31,51.31,68.73,31.28,0.757,0.1051,0.0041
2025-07-13,Panaji,depression,19.3,34.8,43.7,43.7,57.64,33.5,0.7326,0.0888,0.0034
2025-07-13,Chennai,coastal,0.8,1.5,3.1,5.0,5.0,4.75,0.1513,0.0024,0.0003
2025-07-13,Visakhapatnam,coastal,3.0,1.9,3.6,5.6,5.6,5.69,0.1673,0.0029,0.0003
2025-07-13,Puri,coastal,17.2,2.1,4.0,5.9,5.9,6.44,0.1749,0.0031,0.0004
2025-07-13,Kolkata,coastal,11.2,4.5,7.3,10.1,10.1,9.68,0.2517,0.0061,0.0007
2025-07-13,Surat,coastal,23.8,1.4,2.9,4.7,4.7,7.33,0.1471,0.0023,0.0003
2025-07-13,Mahabaleshwar,orographic,16.9,5.8,9.0,7.5,7.5,18.84,0.2549,0.0202,0.0045
2025-07-13,Munnar,orographic,5.9,1.8,3.5,2.0,2.0,8.43,0.1433,0.0073,0.0017
2025-07-13,Madikeri,orographic,13.9,8.6,12.2,10.7,10.7,16.7,0.3111,0.0299,0.0066
2025-07-13,Ooty,orographic,2.3,2.9,5.1,3.4,3.4,10.66,0.1793,0.0107,0.0024
2025-07-13,Lonavala,orographic,14.5,6.1,9.3,7.9,7.9,20.48,0.2615,0.0212,0.0047
2025-07-13,Wayanad,orographic,9.5,4.2,7.0,5.2,5.2,9.57,0.216,0.0149,0.0033
2025-07-13,Shimla,orographic,4.6,6.0,9.2,7.7,7.7,5.59,0.2593,0.0209,0.0046
2025-07-13,Dehradun,orographic,1.2,89.7,89.1,105.4,105.4,11.89,0.734,0.2965,0.0751
2025-07-13,Srinagar,orographic,0.0,8.3,11.9,10.5,10.5,6.1,0.3057,0.0288,0.0063
2025-07-13,Gangtok,orographic,6.0,21.4,26.1,29.1,29.1,9.62,0.472,0.0763,0.0167
2025-07-13,Guwahati,orographic,1.9,8.8,12.4,11.1,11.1,8.94,0.3147,0.0306,0.0067
2025-07-13,Cherrapunji,orographic,3.1,28.7,35.51,45.04,45.04,16.56,0.5288,0.103,0.0228
2025-07-13,Imphal,orographic,1.1,10.7,14.7,13.6,13.6,11.04,0.3463,0.0373,0.0082
2025-07-13,Agartala,orographic,22.6,19.2,23.7,26.23,26.23,6.62,0.4513,0.0683,0.0149
2025-07-13,Lucknow,break,7.4,23.8,28.4,29.37,29.37,9.72,0.5182,0.0212,0.0016
2025-07-13,Patna,break,0.3,1.7,3.3,5.78,5.78,3.12,0.1526,0.0016,0.0001
2025-07-13,Varanasi,break,7.0,4.4,7.2,11.63,11.63,5.93,0.2395,0.0036,0.0003
2025-07-13,Delhi,break,18.6,3.4,5.8,10.33,10.33,8.15,0.2107,0.0029,0.0002
2025-07-13,Kanpur,break,4.0,24.5,29.3,29.37,29.37,12.73,0.5238,0.0219,0.0017
2025-07-13,Ranchi,break,9.3,9.0,12.7,15.84,15.84,10.65,0.341,0.0075,0.0006
2025-07-13,Jodhpur,break,3.1,0.0,0.0,0.0,0.0,0.52,0.0748,0.0005,0.0
2025-07-13,Bikaner,break,0.1,0.9,2.2,3.7,3.7,2.57,0.1195,0.0011,0.0001
2025-07-13,Jaisalmer,break,0.0,0.0,0.0,0.0,0.0,0.52,0.0748,0.0005,0.0
2025-07-13,Hyderabad,break,0.0,0.0,0.0,0.0,0.0,1.33,0.0748,0.0005,0.0
2025-07-13,Bengaluru,break,7.6,3.8,6.3,10.93,10.93,5.4,0.2226,0.0032,0.0003
2025-07-13,Pune,break,1.7,0.0,0.0,0.0,0.0,1.33,0.0748,0.0005,0.0
2025-07-13,Kurnool,break,0.5,0.5,1.5,2.5,2.5,2.63,0.1008,0.0008,0.0001
2025-07-13,Madurai,break,0.5,1.2,2.6,4.2,4.2,4.43,0.1325,0.0013,0.0001
2025-07-14,Nagpur,break,10.5,2.5,4.7,9.43,4.9,8.18,0.1817,0.0022,0.0002
2025-07-14,Bhopal,break,25.7,2.8,5.1,9.93,5.2,10.44,0.1917,0.0024,0.0002
2025-07-14,Raipur,break,3.7,3.9,6.5,10.98,6.69,7.91,0.2255,0.0033,0.0003
2025-07-14,Jabalpur,break,9.9,9.1,12.8,15.97,13.0,10.41,0.3428,0.0075,0.0006
2025-07-14,Akola,break,4.1,0.2,0.8,1.1,0.8,3.29,0.0857,0.0006,0.0001
2025-07-14,Amravati,break,6.5,0.2,0.8,1.1,0.8,4.42,0.0857,0.0006,0.0001
2025-07-14,Aurangabad,break,11.6,0.1,0.6,0.82,0.6,3.97,0.0803,0.0006,0.0
2025-07-14,Bhubaneswar,break,21.3,11.8,15.7,19.85,16.0,11.06,0.387,0.0099,0.0008
2025-07-14,Mumbai,coastal,51.0,4.5,7.3,10.1,10.1,7.85,0.2517,0.0061,0.0007
2025-07-14,Thiruvananthapuram,coastal,11.3,0.0,0.0,0.0,0.0,1.86,0.0785,0.0008,0.0001
2025-07-14,Kochi,coastal,18.0,16.1,20.5,23.43,23.43,18.67,0.4563,0.0223,0.0025
2025-07-14,Mangaluru,depression,40.0,41.9,53.31,53.31,68.73,35.56,0.7601,0.1074,0.0042
2025-07-14,Panaji,coastal,45.8,30.7,38.11,53.31,53.31,26.94,0.5799,0.0448,0.005
2025-07-14,Chennai,coastal,5.2,0.2,0.8,1.5,1.5,4.27,0.0898,0.001,0.0001
2025-07-14,Visakhapatnam,coastal,4.5,0.0,0.0,0.0,0.0,2.99,0.0785,0.0008,0.0001
2025-07-14,Puri,coastal,24.1,5.4,8.5,10.9,10.9,8.95,0.2754,0.0072,0.0008
2025-07-14,Kolkata,coastal,35.7,6.6,9.9,12.4,12.4,10.39,0.3039,0.0088,0.001
2025-07-14,Surat,coastal,16.4,6.2,9.5,11.8,11.8,8.67,0.2948,0.0083,0.001
2025-07-14,Mahabaleshwar,orographic,46.9,7.2,10.6,9.3,9.3,17.15,0.2846,0.025,0.0055
2025-07-14,Munnar,orographic,10.5,3.4,5.9,4.1,4.1,9.72,0.1941,0.0123,0.0028
2025-07-14,Madikeri,orographic,12.0,7.0,10.4,9.1,9.1,18.66,0.2805,0.0243,0.0054
2025-07-14,Ooty,orographic,0.5,0.1,0.6,0.1,0.1,6.09,0.073,0.0025,0.0006
2025-07-14,Lonavala,orographic,30.3,7.5,11.0,9.7,9.7,18.51,0.2905,0.026,0.0057
2025-07-14,Wayanad,orographic,4.3,1.4,2.9,1.6,1.6,7.98,0.1287,0.0061,0.0014
2025-07-14,Shimla,orographic,14.1,9.5,13.3,12.0,12.0,8.12,0.3268,0.0331,0.0073
2025-07-14,Dehradun,orographic,1.0,23.1,27.5,32.46,32.46,11.2,0.4867,0.0826,0.0181
2025-07-14,Srinagar,orographic,10.0,9.6,13.4,12.1,12.1,7.98,0.3285,0.0334,0.0073
2025-07-14,Gangtok,orographic,17.4,20.3,24.96,27.66,27.66,9.61,0.4619,0.0723,0.0158
2025-07-14,Guwahati,orographic,10.6,11.5,15.4,14.48,14.48,11.17,0.3584,0.0402,0.0088
2025-07-14,Cherrapunji,orographic,9.4,113.6,113.5,134.96,134.96,24.88,0.7691,0.3563,0.0954
2025-07-14,Imphal,orographic,7.0,14.1,18.4,18.32,18.32,11.28,0.3942,0.0496,0.0108
2025-07-14,Agartala,orographic,10.7,10.1,13.8,12.8,12.8,12.32,0.3367,0.0352,0.0077
2025-07-14,Lucknow,break,4.7,16.0,20.4,23.33,20.7,14.27,0.4424,0.0137,0.0011
2025-07-14,Patna,break,3.9,4.4,7.2,11.63,7.53,5.83,0.2395,0.0036,0.0003
2025-07-14,Varanasi,break,44.1,60.6,73.4,43.48,66.31,17.75,0.6913,0.0588,0.0045
2025-07-14,Delhi,break,17.6,7.1,10.5,13.87,10.5,8.46,0.3039,0.0058,0.0005
2025-07-14,Kanpur,break,3.5,22.7,27.2,29.37,27.2,14.78,0.5091,0.0201,0.0015
2025-07-14,Ranchi,break,11.7,9.5,13.3,16.17,13.6,10.68,0.3499,0.0079,0.0006
2025-07-14,Jodhpur,break,42.7,7.7,11.2,14.96,11.4,5.09,0.3162,0.0063,0.0005
2025-07-14,Bikaner,break,8.6,1.2,2.6,4.2,2.9,2.78,0.1325,0.0013,0.0001
2025-07-14,Jaisalmer,break,0.0,0.0,0.0,0.0,0.0,0.54,0.0748,0.0005,0.0
2025-07-14,Hyderabad,break,1.2,0.0,0.0,0.0,0.0,1.23,0.0748,0.0005,0.0
2025-07-14,Bengaluru,break,8.8,0.3,1.0,1.3,1.0,3.82,0.0909,0.0007,0.0001
2025-07-14,Pune,break,7.8,0.5,1.5,2.5,1.5,2.47,0.1008,0.0008,0.0001
2025-07-14,Kurnool,break,1.0,0.0,0.0,0.0,0.0,2.17,0.0748,0.0005,0.0
2025-07-14,Madurai,break,0.5,0.6,1.7,2.9,1.7,4.14,0.1057,0.0009,0.0001
2025-07-15,Nagpur,break,4.3,1.1,2.5,4.05,4.05,5.99,0.1282,0.0012,0.0001
2025-07-15,Bhopal,break,28.5,9.3,12.9,15.97,15.97,12.38,0.3463,0.0077,0.0006
2025-07-15,Raipur,break,3.8,2.2,4.2,7.57,7.57,7.45,0.1712,0.002,0.0002
2025-07-15,Jabalpur,break,3.5,1.3,2.8,4.49,4.49,5.97,0.1367,0.0014,0.0001
2025-07-15,Akola,break,4.5,0.0,0.0,0.0,0.0,2.43,0.0748,0.0005,0.0
2025-07-15,Amravati,break,1.5,0.0,0.0,0.0,0.0,2.43,0.0748,0.0005,0.0
2025-07-15,Aurangabad,break,5.5,0.5,1.5,2.5,2.5,4.0,0.1008,0.0008,0.0001
2025-07-15,Bhubaneswar,break,9.5,0.5,1.5,2.5,2.5,6.25,0.1008,0.0008,0.0001
2025-07-15,Mumbai,coastal,15.8,10.2,14.0,16.47,16.47,14.22,0.3737,0.0138,0.0016
2025-07-15,Thiruvananthapuram,coastal,3.5,0.4,1.2,2.1,2.1,3.64,0.1005,0.0012,0.0002
2025-07-15,Kochi,coastal,16.5,8.6,12.2,14.78,14.78,16.4,0.3451,0.0115,0.0013
2025-07-15,Mangaluru,depression,58.7,58.8,71.9,71.9,71.9,46.4,0.8055,0.1506,0.006
2025-07-15,Panaji,depression,43.1,33.9,42.61,42.61,56.71,33.88,0.7285,0.0865,0.0033
2025-07-15,Chennai,coastal,1.8,1.3,2.8,4.6,4.6,5.24,0.1428,0.0022,0.0003
2025-07-15,Visakhapatnam,coastal,4.1,0.1,0.6,1.1,1.1,3.67,0.0842,0.0009,0.0001
2025-07-15,Puri,coastal,5.5,0.0,0.0,0.0,0.0,4.44,0.0785,0.0008,0.0001
2025-07-15,Kolkata,coastal,26.1,6.6,9.9,12.4,12.4,13.91,0.3039,0.0088,0.001
2025-07-15,Surat,coastal,2.0,17.8,22.4,24.82,24.82,20.07,0.4753,0.0249,0.0028
2025-07-15,Mahabaleshwar,orographic,65.1,6.3,9.6,8.2,8.2,20.92,0.2659,0.0219,0.0048
2025-07-15,Munnar,orographic,12.2,8.7,12.3,10.94,10.94,17.45,0.3129,0.0302,0.0066
2025-07-15,Madikeri,orographic,36.0,6.4,9.7,8.3,8.3,20.92,0.268,0.0222,0.0049
2025-07-15,Ooty,orographic,1.8,2.2,4.2,2.6,2.6,7.94,0.1571,0.0085,0.0019
2025-07-15,Lonavala,orographic,35.0,9.5,13.3,12.0,12.0,24.58,0.3268,0.0331,0.0073
2025-07-15,Wayanad,orographic,8.2,2.5,4.7,3.0,3.0,10.43,0.1669,0.0094,0.0021
2025-07-15,Shimla,orographic,9.0,13.4,17.4,17.28,17.28,9.38,0.3851,0.0471,0.0103
2025-07-15,Dehradun,orographic,4.2,15.8,20.17,21.17,21.17,11.39,0.4149,0.0558,0.0122
2025-07-15,Srinagar,orographic,3.6,10.7,14.7,13.6,13.6,8.88,0.3463,0.0373,0.0082
2025-07-15,Gangtok,orographic,29.9,2.3,4.3,2.8,2.8,6.35,0.1604,0.0088,0.002
2025-07-15,Guwahati,orographic,23.8,25.0,29.81,36.7,36.7,15.08,0.502,0.0895,0.0197
2025-07-15,Cherrapunji,orographic,13.8,14.1,18.4,18.32,18.32,15.86,0.3942,0.0496,0.0108
2025-07-15,Imphal,orographic,1.3,23.6,28.2,34.05,34.05,15.84,0.4909,0.0844,0.0186
2025-07-15,Agartala,orographic,6.2,0.1,0.6,0.1,0.1,4.58,0.073,0.0025,0.0006
2025-07-15,Lucknow,break,0.2,16.5,20.92,23.61,23.61,14.64,0.4482,0.0142,0.0011
2025-07-15,Patna,break,21.7,1.3,2.8,4.49,4.49,4.46,0.1367,0.0014,0.0001
2025-07-15,Varanasi,break,25.6,24.2,29.0,29.37,29.37,15.68,0.5215,0.0216,0.0016
2025-07-15,Delhi,break,7.3,4.5,7.3,11.73,11.73,8.27,0.2422,0.0037,0.0003
2025-07-15,Kanpur,break,8.0,8.9,12.58,15.74,15.74,12.67,0.3392,0.0074,0.0006
2025-07-15,Ranchi,break,13.1,13.2,17.3,21.18,21.18,12.11,0.407,0.0112,0.0009
2025-07-15,Jodhpur,break,4.0,5.1,8.1,11.9,11.9,10.2,0.2578,0.0042,0.0003
2025-07-15,Bikaner,break,31.4,15.2,19.5,22.94,22.94,7.14,0.4329,0.013,0.001
2025-07-15,Jaisalmer,break,0.0,1.4,2.9,5.28,5.28,2.23,0.1407,0.0014,0.0001
2025-07-15,Hyderabad,break,2.7,0.0,0.0,0.0,0.0,1.43,0.0748,0.0005,0.0
2025-07-15,Bengaluru,break,2.8,0.4,1.2,1.8,1.8,3.83,0.0959,0.0008,0.0001
2025-07-15,Pune,break,33.9,0.9,2.2,3.7,3.7,4.66,0.1195,0.0011,0.0001
2025-07-15,Kurnool,break,6.9,0.1,0.6,0.82,0.82,2.49,0.0803,0.0006,0.0
2025-07-15,Madurai,break,0.2,0.0,0.0,0.0,0.0,2.51,0.0748,0.0005,0.0
2025-07-16,Nagpur,break,1.1,1.3,2.8,4.49,3.0,5.44,0.1367,0.0014,0.0001
2025-07-16,Bhopal,break,6.2,0.5,1.5,2.5,1.5,5.28,0.1008,0.0008,0.0001
2025-07-16,Raipur,break,14.8,2.3,4.4,8.07,4.7,7.02,0.1747,0.0021,0.0002
2025-07-16,Jabalpur,break,27.4,7.5,11.0,14.78,11.12,9.31,0.3122,0.0062,0.0005
2025-07-16,Akola,break,0.0,2.7,4.9,9.73,5.1,6.06,0.1884,0.0024,0.0002
2025-07-16,Amravati,break,5.3,3.0,5.3,10.06,5.5,6.06,0.1982,0.0026,0.0002
2025-07-16,Aurangabad,break,0.9,0.1,0.6,0.82,0.6,4.26,0.0803,0.0006,0.0
2025-07-16,Bhubaneswar,break,16.4,0.1,0.6,0.82,0.6,4.26,0.0803,0.0006,0.0
2025-07-16,Mumbai,coastal,7.9,2.8,5.1,7.6,7.6,10.4,0.1998,0.0039,0.0005
2025-07-16,Thiruvananthapuram,coastal,15.7,1.0,2.3,3.8,3.8,5.61,0.1296,0.0019,0.0002
2025-07-16,Kochi,coastal,59.1,16.4,20.8,23.7,23.7,19.34,0.4598,0.0228,0.0026
2025-07-16,Mangaluru,depression,97.3,37.1,46.4,46.4,46.4,34.16,0.7423,0.0949,0.0036
2025-07-16,Panaji,coastal,14.5,13.1,17.2,20.35,20.35,22.26,0.4181,0.0179,0.002
2025-07-16,Chennai,coastal,16.2,0.0,0.0,0.0,0.0,3.4,0.0785,0.0008,0.0001
2025-07-16,Visakhapatnam,coastal,3.9,0.1,0.6,1.1,1.1,4.05,0.0842,0.0009,0.0001
2025-07-16,Puri,coastal,3.4,0.0,0.0,0.0,0.0,2.25,0.0785,0.0008,0.0001
2025-07-16,Kolkata,coastal,2.3,20.8,25.5,28.46,28.46,18.59,0.5051,0.0294,0.0033
2025-07-16,Surat,coastal,1.6,1.3,2.8,4.6,4.6,9.38,0.1428,0.0022,0.0003
2025-07-16,Mahabaleshwar,orographic,15.0,3.0,5.3,3.5,3.5,14.17,0.1824,0.011,0.0025
2025-07-16,Munnar,orographic,55.1,11.0,15.0,13.9,13.9,24.77,0.3509,0.0384,0.0084
2025-07-16,Madikeri,orographic,45.4,9.8,13.6,12.3,12.3,23.68,0.3318,0.0341,0.0075
2025-07-16,Ooty,orographic,45.2,9.1,12.8,11.4,11.4,17.27,0.32,0.0316,0.0069
2025-07-16,Lonavala,orographic,8.6,4.2,7.0,5.2,5.2,16.63,0.216,0.0149,0.0033
2025-07-16,Wayanad,orographic,85.1,9.4,13.1,11.74,11.74,18.65,0.3251,0.0327,0.0072
2025-07-16,Shimla,orographic,1.2,16.4,20.8,22.2,22.2,10.57,0.4217,0.058,0.0127
2025-07-16,Dehradun,orographic,4.6,21.9,26.41,29.9,29.9,11.37,0.4765,0.0782,0.0172
2025-07-16,Srinagar,orographic,9.2,2.8,5.0,3.3,3.3,5.85,0.1763,0.0104,0.0023
2025-07-16,Gangtok,orographic,17.5,9.7,13.5,12.2,12.2,5.91,0.3302,0.0338,0.0074
2025-07-16,Guwahati,orographic,0.9,26.1,31.7,39.01,39.01,16.85,0.5104,0.0935,0.0206
2025-07-16,Cherrapunji,orographic,3.5,6.2,9.5,8.1,8.1,11.4,0.2637,0.0216,0.0048
2025-07-16,Imphal,orographic,0.7,12.6,16.62,16.2,16.2,13.94,0.3742,0.0442,0.0097
2025-07-16,Agartala,orographic,5.1,4.1,6.8,5.1,5.1,4.41,0.2134,0.0145,0.0032
2025-07-16,Lucknow,break,7.1,9.6,13.4,16.33,13.67,12.97,0.3516,0.008,0.0006
2025-07-16,Patna,break,28.4,32.8,41.21,40.74,40.31,12.82,0.5799,0.0301,0.0023
2025-07-16,Varanasi,break,48.0,59.9,72.45,42.03,66.31,22.76,0.6893,0.0581,0.0044
2025-07-16,Delhi,break,8.2,2.7,4.9,9.73,5.1,7.0,0.1884,0.0024,0.0002
2025-07-16,Kanpur,break,6.8,7.7,11.2,14.96,11.4,10.23,0.3162,0.0063,0.0005
2025-07-16,Ranchi,break,4.6,18.6,23.11,26.07,23.42,13.21,0.4709,0.0162,0.0012
2025-07-16,Jodhpur,break,1.1,14.7,19.1,22.9,19.5,11.46,0.4267,0.0125,0.001
2025-07-16,Bikaner,break,0.0,16.6,21.1,23.61,21.3,14.16,0.4493,0.0143,0.0011
2025-07-16,Jaisalmer,break,0.0,5.5,8.64,11.98,8.8,5.68,0.2677,0.0045,0.0004
2025-07-16,Hyderabad,break,4.3,0.1,0.6,0.82,0.6,2.49,0.0803,0.0006,0.0
2025-07-16,Bengaluru,break,13.8,5.4,8.5,11.9,8.7,6.52,0.2653,0.0044,0.0004
2025-07-16,Pune,break,1.5,0.6,1.7,2.9,1.7,4.61,0.1057,0.0009,0.0001
2025-07-16,Kurnool,break,10.2,0.1,0.6,0.82,0.6,3.29,0.0803,0.0006,0.0
2025-07-16,Madurai,break,0.9,0.7,1.8,3.0,1.8,2.83,0.1104,0.001,0.0001
2025-07-17,Nagpur,break,5.9,3.6,6.0,10.93,10.93,7.58,0.2167,0.003,0.0002
2025-07-17,Bhopal,break,6.9,3.1,5.4,10.23,10.23,6.72,0.2014,0.0027,0.0002
2025-07-17,Raipur,break,7.3,8.1,11.7,15.74,15.74,9.82,0.3241,0.0067,0.0005
2025-07-17,Jabalpur,break,19.7,6.1,9.3,12.15,12.15,11.59,0.2819,0.005,0.0004
2025-07-17,Akola,break,3.6,0.0,0.0,0.0,0.0,3.25,0.0748,0.0005,0.0
2025-07-17,Amravati,break,0.3,2.3,4.3,7.87,7.87,7.11,0.1747,0.0021,0.0002
2025-07-17,Aurangabad,break,0.1,0.0,0.0,0.0,0.0,2.2,0.0748,0.0005,0.0
2025-07-17,Bhubaneswar,break,5.8,0.0,0.0,0.0,0.0,2.2,0.0748,0.0005,0.0
2025-07-17,Mumbai,coastal,4.1,1.1,2.5,4.1,4.1,6.54,0.1341,0.002,0.0002
2025-07-17,Thiruvananthapuram,coastal,6.0,3.9,6.5,9.4,9.4,8.16,0.2346,0.0053,0.0006
2025-07-17,Kochi,coastal,21.0,26.1,31.7,39.05,31.7,22.15,0.5488,0.0376,0.0042
2025-07-17,Mangaluru,coastal,31.3,8.0,11.6,14.3,14.3,16.79,0.3335,0.0107,0.0012
2025-07-17,Panaji,coastal,12.2,3.0,5.3,8.0,8.0,11.51,0.2065,0.0042,0.0005
2025-07-17,Chennai,coastal,4.4,2.9,5.1,7.7,7.7,6.78,0.2032,0.0041,0.0005
2025-07-17,Visakhapatnam,coastal,9.1,1.0,2.3,3.8,3.8,4.59,0.1296,0.0019,0.0002
2025-07-17,Puri,coastal,6.9,0.1,0.6,1.1,1.1,3.48,0.0842,0.0009,0.0001
2025-07-17,Kolkata,coastal,1.0,2.0,3.8,5.75,5.75,10.35,0.1711,0.003,0.0004
2025-07-17,Surat,coastal,0.9,1.2,2.7,4.3,4.3,5.68,0.1385,0.0021,0.0003
2025-07-17,Mahabaleshwar,orographic,7.9,1.1,2.5,1.2,1.2,8.43,0.1172,0.0052,0.0012
2025-07-17,Munnar,orographic,15.5,11.2,15.2,14.1,14.1,24.68,0.3539,0.0391,0.0086
2025-07-17,Madikeri,orographic,78.1,7.5,11.0,9.7,9.7,20.03,0.2905,0.026,0.0057
2025-07-17,Ooty,orographic,19.8,5.8,9.0,7.5,7.5,20.48,0.2549,0.0202,0.0045
2025-07-17,Lonavala,orographic,3.7,1.7,3.4,1.9,1.9,8.69,0.1398,0.007,0.0016
2025-07-17,Wayanad,orographic,27.5,6.7,10.1,8.74,8.74,19.55,0.2744,0.0233,0.0051
2025-07-17,Shimla,orographic,2.6,9.1,12.8,11.4,11.4,10.04,0.32,0.0316,0.0069
2025-07-17,Dehradun,orographic,1.2,11.9,15.8,15.28,15.28,10.57,0.3643,0.0416,0.0091
2025-07-17,Srinagar,orographic,1.5,5.0,8.1,6.5,6.5,5.73,0.2362,0.0175,0.0039
2025-07-17,Gangtok,orographic,0.0,8.8,12.4,11.1,11.1,8.21,0.3147,0.0306,0.0067
2025-07-17,Guwahati,orographic,3.0,17.3,21.9,23.67,23.67,14.14,0.4317,0.0613,0.0134
2025-07-17,Cherrapunji,orographic,15.1,5.4,8.5,6.9,6.9,9.99,0.2457,0.0188,0.0042
2025-07-17,Imphal,orographic,3.3,7.0,10.4,9.1,9.1,10.65,0.2805,0.0243,0.0054
2025-07-17,Agartala,orographic,18.1,5.9,9.04,7.6,7.6,8.08,0.2571,0.0205,0.0045
2025-07-17,Lucknow,break,7.8,14.1,18.4,22.9,22.9,11.51,0.419,0.012,0.0009
2025-07-17,Patna,break,18.5,4.8,7.8,11.9,11.9,9.83,0.2501,0.004,0.0003
2025-07-17,Varanasi,break,84.5,42.4,54.35,40.74,40.74,20.3,0.6281,0.0399,0.003
2025-07-17,Delhi,break,1.4,14.0,18.2,22.9,22.9,10.25,0.4177,0.0119,0.0009
2025-07-17,Kanpur,break,26.5,5.9,9.04,12.1,12.1,9.95,0.2773,0.0049,0.0004
2025-07-17,Ranchi,break,1.1,16.6,21.1,23.61,23.61,14.0,0.4493,0.0143,0.0011
2025-07-17,Jodhpur,break,1.6,0.0,0.0,0.0,0.0,2.41,0.0748,0.0005,0.0
2025-07-17,Bikaner,break,0.4,0.1,0.6,0.82,0.82,3.25,0.0803,0.0006,0.0
2025-07-17,Jaisalmer,break,0.1,0.0,0.0,0.0,0.0,1.76,0.0748,0.0005,0.0
2025-07-17,Hyderabad,break,7.0,4.1,6.8,11.48,11.48,5.4,0.2312,0.0034,0.0003
2025-07-17,Bengaluru,break,13.9,10.5,14.3,17.16,17.16,9.37,0.3667,0.0088,0.0007
2025-07-17,Pune,break,1.1,0.2,0.8,1.1,1.1,3.7,0.0857,0.0006,0.0001
2025-07-17,Kurnool,break,7.1,5.4,8.5,11.9,11.9,6.26,0.2653,0.0044,0.0004
2025-07-17,Madurai,break,0.0,3.7,6.2,10.93,10.93,5.98,0.2197,0.0031,0.0003
2025-07-18,Nagpur,break,1.1,0.4,1.2,1.8,1.8,4.52,0.0959,0.0008,0.0001
2025-07-18,Bhopal,break,9.3,9.2,12.8,15.97,15.97,11.84,0.3446,0.0076,0.0006
2025-07-18,Raipur,break,0.3,7.7,11.2,14.96,14.96,11.45,0.3162,0.0063,0.0005
2025-07-18,Jabalpur,break,4.2,6.8,10.2,13.72,13.72,11.03,0.2975,0.0056,0.0004
2025-07-18,Akola,break,0.5,0.0,0.0,0.0,0.0,1.49,0.0748,0.0005,0.0
2025-07-18,Amravati,break,0.2,0.2,0.8,1.1,1.1,4.32,0.0857,0.0006,0.0001
2025-07-18,Aurangabad,break,0.0,0.0,0.0,0.0,0.0,1.49,0.0748,0.0005,0.0
2025-07-18,Bhubaneswar,break,3.1,3.7,6.2,10.93,10.93,6.46,0.2197,0.0031,0.0003
2025-07-18,Mumbai,coastal,2.7,1.2,2.7,4.3,4.3,5.68,0.1385,0.0021,0.0003
2025-07-18,Thiruvananthapuram,coastal,9.9,0.1,0.6,1.1,1.1,5.31,0.0842,0.0009,0.0001
2025-07-18,Kochi,coastal,29.0,16.3,20.7,23.7,20.7,20.56,0.4586,0.0226,0.0026
2025-07-18,Mangaluru,coastal,23.2,24.9,29.76,35.51,35.51,19.66,0.5398,0.0357,0.004
2025-07-18,Panaji,coastal,26.4,4.2,7.0,9.9,9.9,9.68,0.2433,0.0057,0.0007
2025-07-18,Chennai,coastal,9.2,12.4,16.4,19.5,19.5,14.86,0.4081,0.0169,0.0019
2025-07-18,Visakhapatnam,coastal,2.7,2.1,4.0,5.9,5.9,6.89,0.1749,0.0031,0.0004
2025-07-18,Puri,coastal,0.1,0.2,0.8,1.5,1.5,3.8,0.0898,0.001,0.0001
2025-07-18,Kolkata,coastal,8.4,0.1,0.6,1.1,1.1,4.88,0.0842,0.0009,0.0001
2025-07-18,Surat,coastal,0.7,0.1,0.6,1.1,1.1,4.85,0.0842,0.0009,0.0001
2025-07-18,Mahabaleshwar,orographic,6.1,1.7,3.4,1.9,1.9,7.51,0.1398,0.007,0.0016
2025-07-18,Munnar,orographic,24.3,26.3,31.86,39.83,39.83,30.5,0.5118,0.0943,0.0208
2025-07-18,Madikeri,orographic,24.1,8.6,12.2,10.7,10.7,20.92,0.3111,0.0299,0.0066
2025-07-18,Ooty,orographic,12.1,1.8,3.5,2.0,2.0,11.28,0.1433,0.0073,0.0017
2025-07-18,Lonavala,orographic,5.8,2.6,4.8,3.1,3.1,9.96,0.17,0.0097,0.0022
2025-07-18,Wayanad,orographic,9.4,41.5,52.4,68.82,68.82,37.16,0.5997,0.1484,0.0337
2025-07-18,Shimla,orographic,2.7,6.2,9.5,8.1,8.1,8.52,0.2637,0.0216,0.0048
2025-07-18,Dehradun,orographic,1.3,1.1,2.5,1.2,1.2,3.78,0.1172,0.0052,0.0012
2025-07-18,Srinagar,orographic,0.1,0.3,1.0,0.2,0.2,1.97,0.0827,0.003,0.0007
2025-07-18,Gangtok,orographic,0.2,2.4,4.5,2.9,2.9,4.44,0.1636,0.0091,0.0021
2025-07-18,Guwahati,orographic,0.6,1.5,3.1,1.7,1.7,7.91,0.1325,0.0064,0.0015
2025-07-18,Cherrapunji,orographic,5.5,6.8,10.3,9.0,9.0,9.41,0.2764,0.0236,0.0052
2025-07-18,Imphal,orographic,4.2,9.9,13.7,12.48,12.48,10.7,0.3335,0.0345,0.0076
2025-07-18,Agartala,orographic,1.9,3.8,6.3,4.7,4.7,8.34,0.2053,0.0135,0.003
2025-07-18,Lucknow,break,4.3,6.4,9.7,12.69,12.69,10.84,0.2887,0.0053,0.0004
2025-07-18,Patna,break,1.7,3.1,5.4,10.23,10.23,6.91,0.2014,0.0027,0.0002
2025-07-18,Varanasi,break,0.0,2.0,3.8,6.98,6.98,7.24,0.1639,0.0018,0.0002
2025-07-18,Delhi,break,4.1,5.0,8.0,11.9,11.9,8.97,0.2553,0.0041,0.0003
2025-07-18,Kanpur,break,22.5,9.0,12.7,15.84,15.84,10.16,0.341,0.0075,0.0006
2025-07-18,Ranchi,break,0.6,9.8,13.6,16.43,16.43,12.4,0.355,0.0081,0.0006
2025-07-18,Jodhpur,break,25.2,0.8,1.9,3.31,3.31,1.67,0.115,0.001,0.0001
2025-07-18,Bikaner,break,28.4,3.8,6.3,10.93,10.93,4.1,0.2226,0.0032,0.0003
2025-07-18,Jaisalmer,break,8.8,1.5,3.1,5.49,5.49,2.13,0.1448,0.0015,0.0001
2025-07-18,Hyderabad,break,12.5,18.0,22.6,25.57,25.57,10.17,0.4646,0.0156,0.0012
2025-07-18,Bengaluru,break,11.4,1.0,2.3,3.8,3.8,5.82,0.1239,0.0012,0.0001
2025-07-18,Pune,break,1.1,0.2,0.8,1.1,1.1,3.36,0.0857,0.0006,0.0001
2025-07-18,Kurnool,break,4.6,11.7,15.67,19.5,19.5,9.69,0.3855,0.0098,0.0008
2025-07-18,Madurai,break,0.2,2.7,4.9,9.73,9.73,6.73,0.1884,0.0024,0.0002
2025-07-19,Nagpur,break,0.3,0.1,0.6,0.82,0.82,4.28,0.0803,0.0006,0.0
2025-07-19,Bhopal,break,0.0,3.0,5.3,10.06,10.06,8.41,0.1982,0.0026,0.0002
2025-07-19,Raipur,break,0.2,5.9,9.04,12.1,12.1,12.13,0.2773,0.0049,0.0004
2025-07-19,Jabalpur,break,0.0,2.7,4.9,9.73,9.73,8.35,0.1884,0.0024,0.0002
2025-07-19,Akola,break,0.1,0.0,0.0,0.0,0.0,1.59,0.0748,0.0005,0.0
2025-07-19,Amravati,break,0.0,0.0,0.0,0.0,0.0,2.43,0.0748,0.0005,0.0
2025-07-19,Aurangabad,break,0.0,0.0,0.0,0.0,0.0,1.59,0.0748,0.0005,0.0
2025-07-19,Bhubaneswar,break,10.6,8.0,11.6,15.67,15.67,11.08,0.3222,0.0066,0.0005
2025-07-19,Mumbai,coastal,6.3,2.7,4.9,7.3,7.3,8.22,0.1964,0.0038,0.0005
2025-07-19,Thiruvananthapuram,coastal,30.0,2.1,4.0,5.9,5.9,6.24,0.1749,0.0031,0.0004
2025-07-19,Kochi,coastal,50.8,22.3,26.81,31.16,26.81,23.29,0.5185,0.0317,0.0036
2025-07-19,Mangaluru,coastal,103.4,36.0,44.9,60.71,60.71,27.2,0.6099,0.0532,0.006
2025-07-19,Panaji,coastal,21.8,10.3,14.1,16.52,16.52,14.17,0.3754,0.0139,0.0016
2025-07-19,Chennai,coastal,7.0,2.4,4.5,6.4,6.4,10.75,0.1859,0.0035,0.0004
2025-07-19,Visakhapatnam,coastal,17.6,5.3,8.3,10.8,10.8,10.27,0.2729,0.0071,0.0008
2025-07-19,Puri,coastal,4.4,1.0,2.3,3.8,3.8,5.24,0.1296,0.0019,0.0002
2025-07-19,Kolkata,coastal,3.0,1.7,3.4,5.4,5.4,4.99,0.1594,0.0027,0.0003
2025-07-19,Surat,coastal,1.9,2.8,5.1,7.6,7.6,7.27,0.1998,0.0039,0.0005
2025-07-19,Mahabaleshwar,orographic,7.9,3.3,5.8,3.9,3.9,11.06,0.1912,0.0119,0.0027
2025-07-19,Munnar,orographic,79.2,12.4,16.4,15.78,15.78,30.4,0.3714,0.0434,0.0095
2025-07-19,Madikeri,orographic,46.7,10.8,14.7,13.7,13.7,24.77,0.3478,0.0377,0.0083
2025-07-19,Ooty,orographic,15.1,4.7,7.54,5.7,5.7,11.06,0.2288,0.0165,0.0037
2025-07-19,Lonavala,orographic,9.7,11.0,15.0,13.9,13.9,18.79,0.3509,0.0384,0.0084
2025-07-19,Wayanad,orographic,18.1,5.5,8.64,7.0,7.0,25.5,0.248,0.0192,0.0043
2025-07-19,Shimla,orographic,4.3,0.1,0.6,0.1,0.1,2.06,0.073,0.0025,0.0006
2025-07-19,Dehradun,orographic,0.2,2.8,5.0,3.3,3.3,3.35,0.1763,0.0104,0.0023
2025-07-19,Srinagar,orographic,0.0,0.1,0.6,0.1,0.1,1.31,0.073,0.0025,0.0006
2025-07-19,Gangtok,orographic,3.2,12.8,16.9,16.7,16.7,6.36,0.377,0.0449,0.0098
2025-07-19,Guwahati,orographic,2.9,12.4,16.4,15.78,15.78,7.99,0.3714,0.0434,0.0095
2025-07-19,Cherrapunji,orographic,9.5,7.3,10.7,9.5,9.5,9.96,0.2866,0.0253,0.0056
2025-07-19,Imphal,orographic,2.4,11.8,15.7,15.13,15.13,11.82,0.3628,0.0413,0.009
2025-07-19,Agartala,orographic,3.5,3.4,5.8,4.1,4.1,6.75,0.1941,0.0123,0.0028
2025-07-19,Lucknow,break,0.0,0.0,0.0,0.0,0.0,2.08,0.0748,0.0005,0.0
2025-07-19,Patna,break,0.3,0.2,0.8,1.1,1.1,2.59,0.0857,0.0006,0.0001
2025-07-19,Varanasi,break,0.1,0.1,0.6,0.82,0.82,2.37,0.0803,0.0006,0.0
2025-07-19,Delhi,break,0.0,0.3,1.0,1.3,1.3,2.75,0.0909,0.0007,0.0001
2025-07-19,Kanpur,break,0.0,0.0,0.0,0.0,0.0,1.93,0.0748,0.0005,0.0
2025-07-19,Ranchi,break,8.2,13.4,17.4,21.18,21.18,12.04,0.4097,0.0114,0.0009
2025-07-19,Jodhpur,break,46.7,0.0,0.0,0.0,0.0,1.2,0.0748,0.0005,0.0
2025-07-19,Bikaner,break,8.1,0.0,0.0,0.0,0.0,1.44,0.0748,0.0005,0.0
2025-07-19,Jaisalmer,break,45.8,8.7,12.3,15.74,15.74,6.04,0.3355,0.0072,0.0006
2025-07-19,Hyderabad,break,8.5,11.6,15.52,19.5,19.5,12.51,0.384,0.0097,0.0008
2025-07-19,Bengaluru,break,21.1,7.6,11.1,14.96,14.96,7.33,0.3142,0.0063,0.0005
2025-07-19,Pune,break,1.0,0.4,1.2,1.8,1.8,3.56,0.0959,0.0008,0.0001
2025-07-19,Kurnool,break,1.0,57.4,69.26,40.74,40.74,20.21,0.682,0.0554,0.0042
2025-07-19,Madurai,break,4.9,0.1,0.6,0.82,0.82,4.37,0.0803,0.0006,0.0
2025-07-20,Nagpur,break,0.7,0.0,0.0,0.0,0.0,2.33,0.0748,0.0005,0.0
2025-07-20,Bhopal,break,0.1,2.5,4.7,9.43,9.43,8.47,0.1817,0.0022,0.0002
2025-07-20,Raipur,break,24.5,5.6,8.7,12.03,12.03,11.02,0.2702,0.0046,0.0004
2025-07-20,Jabalpur,break,0.1,0.3,1.0,1.3,1.3,4.73,0.0909,0.0007,0.0001
2025-07-20,Akola,break,0.2,0.0,0.0,0.0,0.0,1.59,0.0748,0.0005,0.0
2025-07-20,Amravati,break,0.0,0.0,0.0,0.0,0.0,1.59,0.0748,0.0005,0.0
2025-07-20,Aurangabad,break,0.0,0.0,0.0,0.0,0.0,1.59,0.0748,0.0005,0.0
2025-07-20,Bhubaneswar,break,3.0,6.3,9.6,12.55,12.55,12.13,0.2865,0.0052,0.0004
2025-07-20,Mumbai,coastal,12.3,2.6,4.8,6.89,6.89,9.41,0.193,0.0037,0.0004
2025-07-20,Thiruvananthapuram,coastal,35.9,2.9,5.1,7.7,5.1,8.71,0.2032,0.0041,0.0005
2025-07-20,Kochi,coastal,33.7,24.0,28.8,34.2,28.8,23.13,0.5327,0.0344,0.0039
2025-07-20,Mangaluru,depression,55.2,54.1,66.62,66.62,66.62,45.25,0.795,0.1388,0.0055
2025-07-20,Panaji,coastal,20.7,37.5,47.62,62.77,62.77,25.31,0.6175,0.0556,0.0062
2025-07-20,Chennai,coastal,0.2,2.4,4.5,6.4,6.4,7.66,0.1859,0.0035,0.0004
2025-07-20,Visakhapatnam,coastal,46.5,8.4,12.0,14.6,14.6,13.74,0.3413,0.0113,0.0013
2025-07-20,Puri,coastal,7.3,1.7,3.3,5.3,5.3,6.15,0.1594,0.0027,0.0003
2025-07-20,Kolkata,coastal,8.1,12.9,17.07,19.93,19.93,13.31,0.4153,0.0176,0.002
2025-07-20,Surat,coastal,4.6,2.8,5.1,7.6,7.6,9.6,0.1998,0.0039,0.0005
2025-07-20,Mahabaleshwar,orographic,16.0,4.2,7.0,5.2,5.2,13.24,0.216,0.0149,0.0033
2025-07-20,Munnar,orographic,45.9,16.6,21.1,22.6,22.6,31.59,0.424,0.0587,0.0128
2025-07-20,Madikeri,orographic,61.5,19.9,24.7,27.46,27.46,27.24,0.4581,0.0708,0.0155
2025-07-20,Ooty,orographic,29.7,10.4,14.2,13.2,13.2,20.73,0.3416,0.0363,0.0079
2025-07-20,Lonavala,orographic,12.5,5.7,8.9,7.3,7.3,21.39,0.2526,0.0199,0.0044
2025-07-20,Wayanad,orographic,25.9,10.4,14.2,13.2,13.2,22.8,0.3416,0.0363,0.0079
2025-07-20,Shimla,orographic,4.0,6.4,9.7,8.3,8.3,4.79,0.268,0.0222,0.0049
2025-07-20,Dehradun,orographic,4.2,25.7,30.76,38.06,38.06,7.56,0.5074,0.0921,0.0203
2025-07-20,Srinagar,orographic,0.0,0.3,1.0,0.2,0.2,1.24,0.0827,0.003,0.0007
2025-07-20,Gangtok,orographic,74.8,64.1,76.1,94.2,94.2,15.7,0.6787,0.2227,0.0531
2025-07-20,Guwahati,orographic,12.3,7.5,11.0,9.7,9.7,11.17,0.2905,0.026,0.0057
2025-07-20,Cherrapunji,orographic,21.6,3.9,6.5,4.8,4.8,8.83,0.208,0.0139,0.0031
2025-07-20,Imphal,orographic,3.5,1.1,2.5,1.2,1.2,7.05,0.1172,0.0052,0.0012
2025-07-20,Agartala,orographic,5.5,8.4,12.0,10.5,10.5,8.25,0.3075,0.0292,0.0064
2025-07-20,Lucknow,break,3.8,0.0,0.0,0.0,0.0,0.76,0.0748,0.0005,0.0
2025-07-20,Patna,break,2.6,0.3,1.0,1.3,1.3,2.12,0.0909,0.0007,0.0001
2025-07-20,Varanasi,break,3.0,0.0,0.0,0.0,0.0,1.17,0.0748,0.0005,0.0
2025-07-20,Delhi,break,0.0,0.0,0.0,0.0,0.0,1.39,0.0748,0.0005,0.0
2025-07-20,Kanpur,break,0.9,0.0,0.0,0.0,0.0,0.76,0.0748,0.0005,0.0
2025-07-20,Ranchi,break,3.7,13.3,17.3,21.18,21.18,13.07,0.4084,0.0113,0.0009
2025-07-20,Jodhpur,break,0.7,0.3,1.0,1.3,1.3,1.05,0.0909,0.0007,0.0001
2025-07-20,Bikaner,break,0.0,0.0,0.0,0.0,0.0,0.57,0.0748,0.0005,0.0
2025-07-20,Jaisalmer,break,8.9,0.0,0.0,0.0,0.0,1.71,0.0748,0.0005,0.0
2025-07-20,Hyderabad,break,2.1,1.9,3.6,6.48,6.48,7.04,0.1602,0.0018,0.0001
2025-07-20,Bengaluru,break,16.0,3.3,5.7,10.23,10.23,8.27,0.2077,0.0028,0.0002
2025-07-20,Pune,break,3.4,0.0,0.0,0.0,0.0,2.45,0.0748,0.0005,0.0
2025-07-20,Kurnool,break,18.8,1.1,2.5,4.05,4.05,7.43,0.1282,0.0012,0.0001
2025-07-20,Madurai,break,0.4,0.2,0.8,1.1,1.1,3.25,0.0857,0.0006,0.0001
2025-07-21,Nagpur,normal,5.4,10.7,14.7,15.07,15.07,10.25,0.3002,0.008,0.001
2025-07-21,Bhopal,normal,7.0,8.2,11.8,11.82,11.82,11.15,0.2612,0.0061,0.0007
2025-07-21,Raipur,depression,27.5,74.4,83.35,83.35,74.51,29.16,0.8331,0.1885,0.0078
2025-07-21,Jabalpur,normal,13.5,8.1,11.7,11.8,11.8,9.15,0.2595,0.006,0.0007
2025-07-21,Akola,normal,0.5,0.9,2.2,2.3,2.3,4.96,0.0902,0.001,0.0001
2025-07-21,Amravati,normal,2.3,4.0,6.7,6.9,6.9,7.51,0.1778,0.003,0.0004
2025-07-21,Aurangabad,normal,11.0,0.0,0.0,0.0,0.0,2.47,0.0558,0.0005,0.0001
2025-07-21,Bhubaneswar,normal,5.2,0.3,1.0,1.0,1.0,5.99,0.0681,0.0006,0.0001
2025-07-21,Mumbai,coastal,17.7,4.3,7.1,9.94,9.94,9.06,0.2462,0.0058,0.0007
2025-07-21,Thiruvananthapuram,coastal,34.8,1.0,2.3,3.8,2.3,7.06,0.1296,0.0019,0.0002
2025-07-21,Kochi,coastal,24.2,9.3,12.9,15.5,15.5,15.38,0.3581,0.0125,0.0014
2025-07-21,Mangaluru,depression,35.3,44.0,57.21,57.21,72.23,39.32,0.7671,0.1129,0.0044
2025-07-21,Panaji,depression,24.3,40.8,51.0,51.0,68.73,36.79,0.7563,0.1046,0.004
2025-07-21,Chennai,coastal,2.5,6.8,10.2,12.9,12.9,9.41,0.3084,0.0091,0.0011
2025-07-21,Visakhapatnam,coastal,10.8,6.8,10.3,12.9,12.9,12.16,0.3084,0.0091,0.0011
2025-07-21,Puri,coastal,2.9,0.1,0.6,1.1,1.1,5.38,0.0842,0.0009,0.0001
2025-07-21,Kolkata,coastal,2.3,0.1,0.6,1.1,1.1,6.67,0.0842,0.0009,0.0001
2025-07-21,Surat,coastal,6.6,3.0,5.3,8.0,8.0,9.13,0.2065,0.0042,0.0005
2025-07-21,Mahabaleshwar,orographic,18.4,3.9,6.5,4.8,4.8,13.93,0.208,0.0139,0.0031
2025-07-21,Munnar,orographic,26.2,3.1,5.4,3.6,3.6,18.43,0.1854,0.0113,0.0025
2025-07-21,Madikeri,orographic,23.8,10.1,13.8,12.8,12.8,27.41,0.3367,0.0352,0.0077
2025-07-21,Ooty,orographic,5.1,1.4,2.9,1.6,1.6,13.09,0.1287,0.0061,0.0014
2025-07-21,Lonavala,orographic,28.9,8.4,12.0,10.5,10.5,23.34,0.3075,0.0292,0.0064
2025-07-21,Wayanad,orographic,13.9,2.1,4.0,2.4,2.4,15.52,0.1537,0.0082,0.0019
2025-07-21,Shimla,orographic,41.1,26.0,31.3,38.64,38.64,9.14,0.5096,0.0932,0.0205
2025-07-21,Dehradun,orographic,47.5,125.3,145.0,145.6,145.6,13.69,0.7828,0.3827,0.1052
2025-07-21,Srinagar,orographic,13.5,4.7,7.54,5.7,5.7,3.09,0.2288,0.0165,0.0037
2025-07-21,Gangtok,orographic,5.5,0.0,0.0,0.0,0.0,2.22,0.068,0.0022,0.0005
2025-07-21,Guwahati,orographic,8.5,0.2,0.8,0.1,0.1,5.54,0.0779,0.0027,0.0006
2025-07-21,Cherrapunji,orographic,8.8,15.3,19.6,20.4,20.4,10.56,0.409,0.054,0.0118
2025-07-21,Imphal,orographic,0.2,1.4,2.9,1.6,1.6,4.64,0.1287,0.0061,0.0014
2025-07-21,Agartala,orographic,3.1,5.6,8.7,7.1,7.1,9.95,0.2503,0.0195,0.0043
2025-07-21,Lucknow,normal,0.5,2.5,4.7,4.9,4.9,4.78,0.1396,0.002,0.0003
2025-07-21,Patna,normal,0.1,0.4,1.2,1.2,1.2,3.14,0.0719,0.0007,0.0001
2025-07-21,Varanasi,normal,0.2,3.5,5.9,6.1,6.1,5.28,0.1657,0.0027,0.0003
2025-07-21,Delhi,normal,0.4,9.2,12.8,13.1,13.1,7.33,0.2775,0.0069,0.0008
2025-07-21,Kanpur,normal,5.5,0.1,0.6,0.6,0.6,2.18,0.06,0.0005,0.0001
2025-07-21,Ranchi,normal,4.5,22.7,27.2,27.2,27.2,11.31,0.4311,0.0181,0.0021
2025-07-21,Jodhpur,normal,0.4,0.0,0.0,0.0,0.0,1.49,0.0558,0.0005,0.0001
2025-07-21,Bikaner,normal,0.8,0.0,0.0,0.0,0.0,0.94,0.0558,0.0005,0.0001
2025-07-21,Jaisalmer,normal,0.6,0.0,0.0,0.0,0.0,0.94,0.0558,0.0005,0.0001
2025-07-21,Hyderabad,normal,3.0,6.1,9.3,9.3,9.3,7.9,0.2229,0.0045,0.0006
2025-07-21,Bengaluru,normal,17.5,6.3,9.6,9.6,9.6,8.95,0.2268,0.0047,0.0006
2025-07-21,Pune,normal,30.6,0.1,0.6,0.6,0.6,3.13,0.06,0.0005,0.0001
2025-07-21,Kurnool,normal,12.4,5.1,8.1,8.3,8.3,7.19,0.2024,0.0038,0.0005
2025-07-21,Madurai,normal,0.0,0.0,0.0,0.0,0.0,3.03,0.0558,0.0005,0.0001
2025-07-22,Nagpur,normal,35.1,17.9,22.5,22.4,22.4,13.29,0.3871,0.014,0.0017
2025-07-22,Bhopal,normal,21.8,25.2,30.1,29.4,29.4,15.99,0.451,0.0203,0.0024
2025-07-22,Raipur,depression,14.9,36.0,44.9,44.9,42.72,22.36,0.7377,0.092,0.0035
2025-07-22,Jabalpur,normal,8.8,12.2,16.1,16.22,16.22,12.81,0.321,0.0093,0.0011
2025-07-22,Akola,normal,12.7,12.5,16.5,16.6,16.6,10.17,0.325,0.0095,0.0011
2025-07-22,Amravati,normal,19.0,9.4,13.1,13.5,13.5,11.56,0.2807,0.007,0.0009
2025-07-22,Aurangabad,normal,8.1,1.6,3.2,3.4,3.4,4.07,0.1132,0.0014,0.0002
2025-07-22,Bhubaneswar,normal,1.8,0.0,0.0,0.0,0.0,3.04,0.0558,0.0005,0.0001
2025-07-22,Mumbai,coastal,18.4,11.7,15.67,18.8,18.8,12.75,0.3977,0.0159,0.0018
2025-07-22,Thiruvananthapuram,coastal,10.9,3.0,5.3,8.0,8.0,7.07,0.2065,0.0042,0.0005
2025-07-22,Kochi,coastal,18.7,18.6,23.11,25.66,25.66,15.99,0.4837,0.0261,0.0029
2025-07-22,Mangaluru,depression,47.6,65.8,78.3,78.3,98.7,43.25,0.8191,0.1678,0.0068
2025-07-22,Panaji,depression,29.3,46.6,60.3,60.3,80.21,38.56,0.7751,0.1196,0.0047
2025-07-22,Chennai,coastal,1.1,0.3,1.0,1.82,1.82,4.92,0.0952,0.0011,0.0001
2025-07-22,Visakhapatnam,coastal,5.5,9.0,12.7,14.92,14.92,13.51,0.3526,0.0121,0.0014
2025-07-22,Puri,coastal,9.3,0.0,0.0,0.0,0.0,2.81,0.0785,0.0008,0.0001
2025-07-22,Kolkata,coastal,0.5,0.0,0.0,0.0,0.0,2.81,0.0785,0.0008,0.0001
2025-07-22,Surat,coastal,7.9,13.6,17.7,20.97,20.97,13.12,0.4249,0.0187,0.0021
2025-07-22,Mahabaleshwar,orographic,28.1,15.5,19.7,20.52,20.52,22.13,0.4113,0.0547,0.012
2025-07-22,Munnar,orographic,28.3,5.3,8.3,6.8,6.8,15.13,0.2434,0.0185,0.0041
2025-07-22,Madikeri,orographic,26.0,9.3,12.9,11.5,11.5,25.22,0.3234,0.0323,0.0071
2025-07-22,Ooty,orographic,4.1,2.7,4.9,3.2,3.2,9.7,0.1732,0.01,0.0023
2025-07-22,Lonavala,orographic,24.0,9.9,13.7,12.48,12.48,25.36,0.3335,0.0345,0.0076
2025-07-22,Wayanad,orographic,7.3,3.3,5.7,3.9,3.9,11.07,0.1912,0.0119,0.0027
2025-07-22,Shimla,orographic,1.0,7.5,11.0,9.7,9.7,5.94,0.2905,0.026,0.0057
2025-07-22,Dehradun,orographic,1.3,0.1,0.6,0.1,0.1,2.2,0.073,0.0025,0.0006
2025-07-22,Srinagar,orographic,24.4,28.2,35.0,44.51,44.51,6.75,0.5254,0.1012,0.0224
2025-07-22,Gangtok,orographic,6.7,5.0,8.0,6.4,6.4,2.67,0.2362,0.0175,0.0039
2025-07-22,Guwahati,orographic,14.8,4.0,6.7,5.0,5.0,4.67,0.2107,0.0142,0.0032
2025-07-22,Cherrapunji,orographic,7.8,13.1,17.2,16.98,16.98,11.22,0.3811,0.046,0.0101
2025-07-22,Imphal,orographic,1.5,2.9,5.1,3.4,3.4,5.2,0.1793,0.0107,0.0024
2025-07-22,Agartala,orographic,5.7,5.0,8.0,6.4,6.4,8.7,0.2362,0.0175,0.0039
2025-07-22,Lucknow,normal,0.6,0.0,0.0,0.0,0.0,1.79,0.0558,0.0005,0.0001
2025-07-22,Patna,normal,1.2,1.1,2.5,2.7,2.7,3.21,0.097,0.0011,0.0001
2025-07-22,Varanasi,normal,0.0,1.9,3.6,3.9,3.9,4.11,0.1224,0.0016,0.0002
2025-07-22,Delhi,normal,0.2,2.9,5.1,5.34,5.34,5.72,0.1504,0.0023,0.0003
2025-07-22,Kanpur,normal,0.7,0.0,0.0,0.0,0.0,1.53,0.0558,0.0005,0.0001
2025-07-22,Ranchi,normal,6.3,5.8,9.0,9.0,9.0,8.06,0.2169,0.0043,0.0005
2025-07-22,Jodhpur,normal,0.3,0.0,0.0,0.0,0.0,0.66,0.0558,0.0005,0.0001
2025-07-22,Bikaner,normal,0.2,0.0,0.0,0.0,0.0,0.66,0.0558,0.0005,0.0001
2025-07-22,Jaisalmer,normal,0.0,0.0,0.0,0.0,0.0,0.66,0.0558,0.0005,0.0001
2025-07-22,Hyderabad,normal,5.5,32.0,39.97,38.7,38.7,14.28,0.4974,0.0264,0.0031
2025-07-22,Bengaluru,normal,9.1,3.2,5.6,5.8,5.8,7.82,0.1582,0.0025,0.0003
2025-07-22,Pune,normal,26.3,0.7,1.9,2.0,2.0,4.01,0.0831,0.0009,0.0001
2025-07-22,Kurnool,normal,8.5,20.5,25.2,25.3,25.3,10.65,0.412,0.0162,0.0019
2025-07-22,Madurai,normal,0.2,0.2,0.8,0.8,0.8,2.62,0.0641,0.0006,0.0001
2025-07-23,Nagpur,normal,19.2,13.8,18.0,18.3,18.3,11.83,0.3415,0.0106,0.0013
2025-07-23,Bhopal,normal,24.4,8.2,11.8,11.82,11.82,9.86,0.2612,0.0061,0.0007
2025-07-23,Raipur,normal,17.9,22.5,27.0,27.0,27.0,13.28,0.4294,0.018,0.0021
2025-07-23,Jabalpur,normal,7.2,18.5,23.1,23.21,23.21,12.63,0.393,0.0145,0.0017
2025-07-23,Akola,normal,8.2,0.8,2.0,2.1,2.1,5.62,0.0867,0.0009,0.0001
2025-07-23,Amravati,normal,7.5,6.4,9.7,9.6,9.6,9.97,0.2287,0.0047,0.0006
2025-07-23,Aurangabad,normal,3.0,1.8,3.5,3.7,3.7,5.57,0.1193,0.0015,0.0002
2025-07-23,Bhubaneswar,normal,10.4,8.8,12.4,12.7,12.7,7.79,0.2711,0.0066,0.0008
2025-07-23,Mumbai,coastal,18.6,19.8,24.6,27.26,27.26,15.4,0.4957,0.0279,0.0031
2025-07-23,Thiruvananthapuram,coastal,18.3,12.0,15.9,19.14,19.14,13.53,0.4022,0.0163,0.0019
2025-07-23,Kochi,coastal,28.9,19.1,23.7,26.8,26.8,15.35,0.4888,0.0269,0.003
2025-07-23,Mangaluru,depression,59.9,34.8,43.7,43.7,57.64,27.87,0.7326,0.0888,0.0034
2025-07-23,Panaji,depression,59.3,36.0,44.9,44.9,60.71,27.87,0.7377,0.092,0.0035
2025-07-23,Chennai,coastal,3.8,0.1,0.6,1.1,1.1,4.01,0.0842,0.0009,0.0001
2025-07-23,Visakhapatnam,coastal,3.4,1.8,3.5,5.5,5.5,7.46,0.1634,0.0028,0.0003
2025-07-23,Puri,coastal,32.3,11.6,15.52,18.72,18.72,9.64,0.3962,0.0158,0.0018
2025-07-23,Kolkata,coastal,0.8,4.4,7.2,10.09,10.09,6.16,0.249,0.0059,0.0007
2025-07-23,Surat,coastal,10.5,4.2,7.0,9.9,9.9,10.0,0.2433,0.0057,0.0007
2025-07-23,Mahabaleshwar,orographic,47.5,15.0,19.4,20.2,20.2,21.87,0.4054,0.0529,0.0116
2025-07-23,Munnar,orographic,39.8,4.1,6.8,5.1,5.1,12.54,0.2134,0.0145,0.0032
2025-07-23,Madikeri,orographic,31.9,14.2,18.6,18.62,18.62,21.81,0.3954,0.05,0.0109
2025-07-23,Ooty,orographic,12.3,1.1,2.5,1.2,1.2,7.18,0.1172,0.0052,0.0012
2025-07-23,Lonavala,orographic,19.7,18.4,22.96,25.4,25.4,23.04,0.4433,0.0653,0.0143
2025-07-23,Wayanad,orographic,32.8,6.1,9.4,8.0,8.0,13.48,0.2615,0.0212,0.0047
2025-07-23,Shimla,orographic,4.3,10.5,14.3,13.3,13.3,6.75,0.3431,0.0366,0.008
2025-07-23,Dehradun,orographic,1.4,10.7,14.7,13.6,13.6,4.17,0.3463,0.0373,0.0082
2025-07-23,Srinagar,orographic,4.1,17.9,22.5,24.8,24.8,7.44,0.4381,0.0635,0.0139
2025-07-23,Gangtok,orographic,1.6,7.6,11.1,9.8,9.8,5.65,0.2924,0.0264,0.0058
2025-07-23,Guwahati,orographic,2.0,0.4,1.2,0.4,0.4,3.46,0.0873,0.0033,0.0008
2025-07-23,Cherrapunji,orographic,7.8,19.1,23.7,26.0,26.0,9.87,0.4503,0.0679,0.0149
2025-07-23,Imphal,orographic,0.2,15.7,20.1,21.1,21.1,8.67,0.4137,0.0554,0.0121
2025-07-23,Agartala,orographic,5.8,9.0,12.7,11.3,11.3,7.92,0.3182,0.0313,0.0069
2025-07-23,Lucknow,normal,6.6,0.0,0.0,0.0,0.0,0.46,0.0558,0.0005,0.0001
2025-07-23,Patna,normal,0.0,0.7,1.8,1.8,1.8,2.82,0.0831,0.0009,0.0001
2025-07-23,Varanasi,normal,2.5,0.1,0.6,0.6,0.6,1.9,0.06,0.0005,0.0001
2025-07-23,Delhi,normal,1.2,0.3,1.0,1.0,1.0,2.07,0.0681,0.0006,0.0001
2025-07-23,Kanpur,normal,3.2,0.1,0.6,0.6,0.6,1.04,0.06,0.0005,0.0001
2025-07-23,Ranchi,normal,9.3,5.5,8.64,8.8,8.8,7.79,0.2108,0.0041,0.0005
2025-07-23,Jodhpur,normal,0.0,0.2,0.8,0.8,0.8,0.83,0.0641,0.0006,0.0001
2025-07-23,Bikaner,normal,0.0,0.0,0.0,0.0,0.0,0.4,0.0558,0.0005,0.0001
2025-07-23,Jaisalmer,normal,0.0,0.9,2.2,2.3,2.3,1.81,0.0902,0.001,0.0001
2025-07-23,Hyderabad,normal,8.1,1.3,2.7,2.9,2.9,5.84,0.1037,0.0012,0.0002
2025-07-23,Bengaluru,normal,7.0,4.5,7.3,7.68,7.68,6.45,0.1893,0.0034,0.0004
2025-07-23,Pune,normal,3.4,3.2,5.6,5.8,5.8,5.61,0.1582,0.0025,0.0003
2025-07-23,Kurnool,normal,15.0,7.8,11.4,11.5,11.5,8.23,0.2543,0.0058,0.0007
2025-07-23,Madurai,normal,0.0,0.0,0.0,0.0,0.0,1.89,0.0558,0.0005,0.0001
2025-07-24,Nagpur,normal,21.8,7.0,10.4,10.4,10.4,11.84,0.24,0.0052,0.0006
2025-07-24,Bhopal,normal,14.8,1.8,3.5,3.7,3.7,7.52,0.1193,0.0015,0.0002
2025-07-24,Raipur,normal,11.2,24.5,29.3,28.85,28.85,19.06,0.4456,0.0197,0.0023
2025-07-24,Jabalpur,depression,25.1,60.7,73.4,73.4,66.31,30.67,0.8094,0.1553,0.0062
2025-07-24,Akola,normal,6.8,1.1,2.5,2.7,2.7,5.59,0.097,0.0011,0.0001
2025-07-24,Amravati,normal,7.5,0.7,1.9,2.0,2.0,6.09,0.0831,0.0009,0.0001
2025-07-24,Aurangabad,normal,8.4,2.0,3.8,4.05,4.05,6.42,0.1253,0.0017,0.0002
2025-07-24,Bhubaneswar,normal,16.1,46.0,59.2,58.0,58.0,23.44,0.5682,0.0394,0.0046
2025-07-24,Mumbai,coastal,14.9,11.8,15.7,18.87,18.87,15.12,0.3992,0.016,0.0018
2025-07-24,Thiruvananthapuram,coastal,30.9,1.7,3.3,5.3,5.3,7.16,0.1594,0.0027,0.0003
2025-07-24,Kochi,coastal,26.0,8.1,11.7,14.3,14.3,12.37,0.3355,0.0108,0.0013
2025-07-24,Mangaluru,depression,41.7,62.4,74.2,74.2,92.32,42.64,0.8128,0.1595,0.0064
2025-07-24,Panaji,depression,33.2,42.6,54.7,54.7,68.73,34.56,0.7625,0.1093,0.0042
2025-07-24,Chennai,coastal,2.6,2.1,4.0,5.9,5.9,5.02,0.1749,0.0031,0.0004
2025-07-24,Visakhapatnam,coastal,13.3,10.5,14.3,17.0,17.0,9.21,0.3787,0.0142,0.0016
2025-07-24,Puri,coastal,8.0,9.1,12.8,15.1,15.1,12.43,0.3544,0.0122,0.0014
2025-07-24,Kolkata,coastal,10.5,12.8,16.9,19.9,19.9,12.39,0.4139,0.0175,0.002
2025-07-24,Surat,coastal,4.1,4.7,7.54,10.4,10.4,7.85,0.2572,0.0063,0.0007
2025-07-24,Mahabaleshwar,orographic,45.0,9.8,13.6,12.3,12.3,25.6,0.3318,0.0341,0.0075
2025-07-24,Munnar,orographic,73.1,2.4,4.5,2.9,2.9,9.06,0.1636,0.0091,0.0021
2025-07-24,Madikeri,orographic,45.5,9.8,13.6,12.3,12.3,25.03,0.3318,0.0341,0.0075
2025-07-24,Ooty,orographic,5.3,2.4,4.5,2.9,2.9,7.42,0.1636,0.0091,0.0021
2025-07-24,Lonavala,orographic,24.4,20.2,24.9,27.61,27.61,30.24,0.461,0.0719,0.0158
2025-07-24,Wayanad,orographic,16.5,3.4,5.8,4.1,4.1,14.79,0.1941,0.0123,0.0028
2025-07-24,Shimla,orographic,1.0,0.7,1.9,0.8,0.8,2.45,0.1007,0.0041,0.001
2025-07-24,Dehradun,orographic,1.6,13.3,17.3,17.1,17.1,6.94,0.3837,0.0467,0.0102
2025-07-24,Srinagar,orographic,0.5,1.5,3.1,1.7,1.7,3.57,0.1325,0.0064,0.0015
2025-07-24,Gangtok,orographic,8.3,17.4,22.0,23.8,23.8,7.25,0.4328,0.0617,0.0135
2025-07-24,Guwahati,orographic,0.0,9.5,13.3,12.0,12.0,6.03,0.3268,0.0331,0.0073
2025-07-24,Cherrapunji,orographic,7.4,19.5,24.0,26.6,26.6,13.53,0.4543,0.0694,0.0152
2025-07-24,Imphal,orographic,17.4,15.7,20.1,21.1,21.1,13.57,0.4137,0.0554,0.0121
2025-07-24,Agartala,orographic,17.5,22.6,27.1,31.0,31.0,14.41,0.4825,0.0807,0.0177
2025-07-24,Lucknow,normal,0.1,0.7,1.9,2.0,2.0,2.15,0.0831,0.0009,0.0001
2025-07-24,Patna,normal,3.4,1.6,3.2,3.4,3.4,3.43,0.1132,0.0014,0.0002
2025-07-24,Varanasi,normal,11.6,0.6,1.6,1.6,1.6,2.69,0.0795,0.0008,0.0001
2025-07-24,Delhi,normal,1.5,0.6,1.6,1.6,1.6,3.06,0.0795,0.0008,0.0001
2025-07-24,Kanpur,normal,3.8,0.2,0.8,0.8,0.8,2.34,0.0641,0.0006,0.0001
2025-07-24,Ranchi,normal,6.4,75.6,86.5,80.0,80.0,18.73,0.6611,0.0675,0.0079
2025-07-24,Jodhpur,normal,0.2,0.2,0.8,0.8,0.8,1.61,0.0641,0.0006,0.0001
2025-07-24,Bikaner,normal,0.2,0.0,0.0,0.0,0.0,0.84,0.0558,0.0005,0.0001
2025-07-24,Jaisalmer,normal,0.0,0.0,0.0,0.0,0.0,1.52,0.0558,0.0005,0.0001
2025-07-24,Hyderabad,normal,8.5,5.8,9.0,9.0,9.0,6.31,0.2169,0.0043,0.0005
2025-07-24,Bengaluru,normal,3.8,1.1,2.5,2.7,2.7,5.35,0.097,0.0011,0.0001
2025-07-24,Pune,normal,4.6,2.4,4.6,4.9,4.9,6.43,0.1368,0.0019,0.0002
2025-07-24,Kurnool,normal,15.7,1.2,2.6,2.9,2.9,5.38,0.1004,0.0012,0.0002
2025-07-24,Madurai,normal,0.5,0.2,0.8,0.8,0.8,2.3,0.0641,0.0006,0.0001
2025-07-25,Nagpur,active,17.9,26.5,32.4,34.56,34.56,19.03,0.575,0.0576,0.0135
2025-07-25,Bhopal,active,13.9,12.9,17.07,17.1,17.1,11.85,0.4384,0.0269,0.0063
2025-07-25,Raipur,depression,36.4,70.6,80.61,80.61,335.77,30.34,0.8272,0.1794,0.0074
2025-07-25,Jabalpur,active,34.9,16.5,20.92,19.04,19.04,19.14,0.4845,0.0349,0.0082
2025-07-25,Akola,active,8.5,22.2,26.8,27.82,27.82,14.48,0.5412,0.0478,0.0112
2025-07-25,Amravati,active,9.6,20.7,25.4,24.99,24.99,11.51,0.5278,0.0444,0.0104
2025-07-25,Aurangabad,active,43.2,9.1,12.8,13.19,12.8,11.61,0.3764,0.0187,0.0044
2025-07-25,Bhubaneswar,depression,26.3,20.1,24.8,24.8,24.46,19.66,0.6414,0.05,0.0019
2025-07-25,Mumbai,coastal,40.3,27.8,34.51,47.42,47.42,23.55,0.5609,0.0403,0.0045
2025-07-25,Thiruvananthapuram,coastal,16.1,6.6,9.9,12.4,12.4,8.53,0.3039,0.0088,0.001
2025-07-25,Kochi,coastal,17.7,12.4,16.4,19.5,19.5,16.99,0.4081,0.0169,0.0019
2025-07-25,Mangaluru,depression,22.1,43.3,56.51,56.51,72.23,44.26,0.7648,0.1111,0.0043
2025-07-25,Panaji,depression,46.1,44.4,57.5,57.5,72.23,43.14,0.7684,0.1139,0.0044
2025-07-25,Chennai,coastal,1.3,0.0,0.0,0.0,0.0,3.42,0.0785,0.0008,0.0001
2025-07-25,Visakhapatnam,coastal,16.1,12.2,16.1,19.47,19.47,16.99,0.4052,0.0166,0.0019
2025-07-25,Puri,depression,12.4,68.8,80.2,80.2,98.7,39.02,0.8243,0.1751,0.0071
2025-07-25,Kolkata,coastal,17.9,5.6,8.8,11.17,11.17,13.08,0.2804,0.0075,0.0009
2025-07-25,Surat,coastal,17.6,18.4,22.96,25.46,25.46,15.79,0.4816,0.0258,0.0029
2025-07-25,Mahabaleshwar,orographic,87.2,17.9,22.5,24.8,24.8,34.8,0.4381,0.0635,0.0139
2025-07-25,Munnar,orographic,36.0,11.8,15.7,15.13,15.13,18.88,0.3628,0.0413,0.009
2025-07-25,Madikeri,orographic,28.6,6.3,9.6,8.2,8.2,24.8,0.2659,0.0219,0.0048
2025-07-25,Ooty,orographic,8.2,1.4,2.9,1.6,1.6,8.26,0.1287,0.0061,0.0014
2025-07-25,Lonavala,orographic,39.1,24.1,28.81,35.22,35.22,48.9,0.4949,0.0862,0.019
2025-07-25,Wayanad,orographic,14.3,3.4,5.8,4.1,4.1,13.03,0.1941,0.0123,0.0028
2025-07-25,Shimla,orographic,11.0,1.4,2.9,1.6,1.6,1.89,0.1287,0.0061,0.0014
2025-07-25,Dehradun,orographic,0.4,13.5,17.6,17.4,17.4,8.9,0.3864,0.0474,0.0104
2025-07-25,Srinagar,orographic,0.1,1.9,3.6,2.12,2.12,2.39,0.1468,0.0076,0.0017
2025-07-25,Gangtok,orographic,48.0,9.2,12.8,11.4,11.4,10.09,0.3217,0.032,0.007
2025-07-25,Guwahati,orographic,8.5,4.5,7.3,5.5,5.5,10.51,0.2238,0.0158,0.0035
2025-07-25,Cherrapunji,orographic,23.0,5.0,8.0,6.4,6.4,14.25,0.2362,0.0175,0.0039
2025-07-25,Imphal,orographic,8.6,1.7,3.3,1.9,1.9,11.22,0.1398,0.007,0.0016
2025-07-25,Agartala,orographic,2.6,4.8,7.7,5.85,5.85,14.1,0.2313,0.0168,0.0037
2025-07-25,Lucknow,active,5.4,13.7,17.82,17.84,17.84,7.74,0.4496,0.0286,0.0067
2025-07-25,Patna,active,29.0,1.4,2.9,4.02,4.02,3.43,0.1594,0.0036,0.0009
2025-07-25,Varanasi,active,15.7,28.5,35.4,39.17,39.17,9.53,0.5888,0.0623,0.0146
2025-07-25,Delhi,active,0.5,0.6,1.6,2.54,2.54,3.07,0.1203,0.0022,0.0006
2025-07-25,Kanpur,active,15.1,4.0,6.7,6.69,6.69,4.97,0.2551,0.0083,0.002
2025-07-25,Ranchi,active,28.0,22.8,27.3,28.08,28.08,14.21,0.5463,0.0492,0.0115
2025-07-25,Jodhpur,active,0.1,0.0,0.0,0.0,0.0,1.51,0.0856,0.0013,0.0003
2025-07-25,Bikaner,active,0.0,0.0,0.0,0.0,0.0,1.42,0.0856,0.0013,0.0003
2025-07-25,Jaisalmer,active,0.0,0.0,0.0,0.0,0.0,1.42,0.0856,0.0013,0.0003
2025-07-25,Hyderabad,active,14.9,5.6,8.7,9.62,9.62,10.69,0.2999,0.0115,0.0028
2025-07-25,Bengaluru,active,9.2,0.3,1.0,2.2,2.2,4.54,0.1037,0.0017,0.0005
2025-07-25,Pune,active,6.3,7.8,11.4,11.97,11.97,9.55,0.3507,0.016,0.0038
2025-07-25,Kurnool,active,7.7,1.9,3.6,5.0,5.0,6.06,0.1809,0.0044,0.0011
2025-07-25,Madurai,active,0.4,0.0,0.0,0.0,0.0,2.89,0.0856,0.0013,0.0003
2025-07-26,Nagpur,depression,47.8,79.2,87.0,87.0,376.67,29.55,0.8399,0.1997,0.0083
2025-07-26,Bhopal,depression,12.9,27.9,34.6,34.6,38.23,19.62,0.6974,0.0706,0.0027
2025-07-26,Raipur,depression,14.6,88.9,89.1,89.1,397.6,31.89,0.8519,0.2218,0.0095
2025-07-26,Jabalpur,depression,38.6,57.3,69.11,69.11,272.52,29.62,0.8023,0.1468,0.0059
2025-07-26,Akola,depression,32.8,45.4,58.6,58.6,215.92,28.12,0.7715,0.1165,0.0045
2025-07-26,Amravati,depression,31.7,81.7,87.5,87.5,388.56,29.62,0.8432,0.2055,0.0086
2025-07-26,Aurangabad,active,34.4,25.9,31.1,33.12,31.1,17.86,0.5707,0.0563,0.0132
2025-07-26,Bhubaneswar,active,3.7,13.6,17.7,17.62,17.62,17.57,0.4482,0.0284,0.0067
2025-07-26,Mumbai,depression,17.4,39.7,50.2,50.2,68.73,33.97,0.7523,0.1017,0.0039
2025-07-26,Thiruvananthapuram,coastal,14.2,2.1,4.0,5.9,5.9,7.95,0.1749,0.0031,0.0004
2025-07-26,Kochi,depression,38.9,35.2,44.2,44.2,57.64,27.45,0.7343,0.0899,0.0034
2025-07-26,Mangaluru,depression,54.9,44.3,57.45,57.45,72.23,40.96,0.768,0.1137,0.0044
2025-07-26,Panaji,depression,18.9,52.5,65.81,65.81,83.43,48.05,0.7911,0.1347,0.0053
2025-07-26,Chennai,coastal,1.1,0.0,0.0,0.0,0.0,2.02,0.0785,0.0008,0.0001
2025-07-26,Visakhapatnam,coastal,8.2,0.1,0.6,1.1,1.1,5.39,0.0842,0.0009,0.0001
2025-07-26,Puri,coastal,3.5,1.0,2.3,3.8,3.8,11.37,0.1296,0.0019,0.0002
2025-07-26,Kolkata,coastal,6.5,1.6,3.2,5.1,5.1,6.64,0.1554,0.0025,0.0003
2025-07-26,Surat,depression,14.8,21.3,26.0,26.0,29.32,26.17,0.6516,0.0532,0.002
2025-07-26,Mahabaleshwar,orographic,91.7,83.9,87.5,99.77,99.77,58.35,0.7235,0.2807,0.0702
2025-07-26,Munnar,orographic,93.5,22.2,26.8,30.3,30.3,37.67,0.4791,0.0793,0.0174
2025-07-26,Madikeri,orographic,47.1,35.1,44.1,58.31,58.31,39.93,0.5677,0.126,0.0282
2025-07-26,Ooty,orographic,20.6,7.8,11.4,10.1,10.1,11.57,0.2963,0.0271,0.006
2025-07-26,Lonavala,orographic,51.6,54.9,67.8,89.5,89.5,58.35,0.6513,0.1935,0.0452
2025-07-26,Wayanad,orographic,29.9,19.2,23.7,26.23,26.23,20.64,0.4513,0.0683,0.0149
2025-07-26,Shimla,orographic,7.3,4.4,7.2,5.4,5.4,2.56,0.2212,0.0155,0.0035
2025-07-26,Dehradun,orographic,0.6,7.4,10.8,9.6,9.6,6.88,0.2885,0.0257,0.0057
2025-07-26,Srinagar,orographic,5.5,2.3,4.3,2.8,2.8,2.09,0.1604,0.0088,0.002
2025-07-26,Gangtok,orographic,33.2,21.7,26.3,29.8,29.8,8.33,0.4747,0.0774,0.017
2025-07-26,Guwahati,orographic,10.2,18.5,23.1,25.52,25.52,12.38,0.4443,0.0657,0.0144
2025-07-26,Cherrapunji,orographic,25.2,8.3,11.9,10.5,10.5,10.2,0.3057,0.0288,0.0063
2025-07-26,Imphal,orographic,29.6,11.8,15.7,15.13,15.13,8.47,0.3628,0.0413,0.009
2025-07-26,Agartala,orographic,5.6,0.0,0.0,0.0,0.0,3.82,0.068,0.0022,0.0005
2025-07-26,Lucknow,active,6.9,0.0,0.0,0.0,0.0,2.51,0.0856,0.0013,0.0003
2025-07-26,Patna,active,1.7,4.2,7.0,6.95,6.95,4.53,0.2612,0.0087,0.0021
2025-07-26,Varanasi,active,11.8,4.1,6.8,6.9,6.9,8.97,0.2582,0.0085,0.0021
2025-07-26,Delhi,active,2.3,2.9,5.1,6.1,6.1,4.43,0.219,0.0062,0.0015
2025-07-26,Kanpur,active,11.5,2.5,4.7,5.3,5.3,5.21,0.2044,0.0055,0.0014
2025-07-26,Ranchi,active,21.2,6.2,9.5,10.29,10.29,10.71,0.3148,0.0127,0.0031
2025-07-26,Jodhpur,active,30.1,0.0,0.0,0.0,0.0,1.05,0.0856,0.0013,0.0003
2025-07-26,Bikaner,active,4.4,0.0,0.0,0.0,0.0,1.05,0.0856,0.0013,0.0003
2025-07-26,Jaisalmer,active,0.0,0.0,0.0,0.0,0.0,1.05,0.0856,0.0013,0.0003
2025-07-26,Hyderabad,active,23.5,1.5,3.1,4.3,4.3,6.23,0.1638,0.0037,0.0009
2025-07-26,Bengaluru,active,8.8,0.5,1.5,2.4,2.4,4.12,0.1149,0.0021,0.0005
2025-07-26,Pune,active,5.6,13.0,17.1,17.1,17.1,11.92,0.4399,0.0271,0.0064
2025-07-26,Kurnool,active,4.2,0.8,2.0,2.8,2.8,4.64,0.1307,0.0025,0.0006
2025-07-26,Madurai,active,5.0,0.0,0.0,0.0,0.0,1.93,0.0856,0.0013,0.0003
2025-07-27,Nagpur,normal,0.1,5.0,8.0,8.2,11.9,9.64,0.2003,0.0037,0.0005
2025-07-27,Bhopal,normal,5.8,30.9,38.36,36.15,38.61,14.91,0.4905,0.0254,0.003
2025-07-27,Raipur,normal,1.2,1.4,2.9,3.1,5.28,6.9,0.1069,0.0013,0.0002
2025-07-27,Jabalpur,normal,3.0,7.8,11.4,11.5,14.96,10.94,0.2543,0.0058,0.0007
2025-07-27,Akola,normal,4.7,1.1,2.5,2.7,4.05,6.9,0.097,0.0011,0.0001
2025-07-27,Amravati,normal,4.8,2.3,4.4,4.7,8.07,8.25,0.134,0.0019,0.0002
2025-07-27,Aurangabad,normal,12.9,3.6,6.0,6.2,10.93,8.76,0.1682,0.0027,0.0003
2025-07-27,Bhubaneswar,normal,0.8,4.2,7.0,7.2,11.48,8.66,0.1825,0.0031,0.0004
2025-07-27,Mumbai,coastal,10.5,10.2,14.0,16.47,16.47,15.28,0.3737,0.0138,0.0016
2025-07-27,Thiruvananthapuram,coastal,1.8,4.3,7.1,9.94,9.94,7.52,0.2462,0.0058,0.0007
2025-07-27,Kochi,coastal,6.7,17.2,21.8,24.4,24.4,18.23,0.4688,0.024,0.0027
2025-07-27,Mangaluru,depression,12.2,52.8,66.1,66.1,83.43,36.95,0.7918,0.1355,0.0054
2025-07-27,Panaji,depression,3.2,32.4,40.41,40.41,53.6,28.26,0.7215,0.0825,0.0032
2025-07-27,Chennai,coastal,0.1,0.0,0.0,0.0,0.0,1.76,0.0785,0.0008,0.0001
2025-07-27,Visakhapatnam,coastal,0.0,0.6,1.6,2.6,2.6,3.79,0.1106,0.0014,0.0002
2025-07-27,Puri,coastal,1.9,1.0,2.3,3.8,3.8,5.08,0.1296,0.0019,0.0002
2025-07-27,Kolkata,coastal,6.1,1.9,3.6,5.6,5.6,5.74,0.1673,0.0029,0.0003
2025-07-27,Surat,coastal,12.0,12.8,16.9,19.9,19.9,15.51,0.4139,0.0175,0.002
2025-07-27,Mahabaleshwar,orographic,77.2,8.9,12.58,11.2,11.2,20.74,0.3165,0.0309,0.0068
2025-07-27,Munnar,orographic,15.2,6.0,9.2,7.7,7.7,16.18,0.2593,0.0209,0.0046
2025-07-27,Madikeri,orographic,14.5,16.4,20.8,22.2,22.2,25.36,0.4217,0.058,0.0127
2025-07-27,Ooty,orographic,3.5,2.3,4.4,2.8,2.8,10.16,0.1604,0.0088,0.002
2025-07-27,Lonavala,orographic,54.9,21.0,25.6,28.8,28.8,25.11,0.4684,0.0749,0.0164
2025-07-27,Wayanad,orographic,14.5,3.1,5.4,3.6,3.6,12.19,0.1854,0.0113,0.0025
2025-07-27,Shimla,orographic,4.8,16.5,20.92,22.4,22.4,6.74,0.4229,0.0584,0.0128
2025-07-27,Dehradun,orographic,2.6,22.1,26.6,30.13,30.13,7.59,0.4782,0.0789,0.0173
2025-07-27,Srinagar,orographic,0.0,0.7,1.8,0.7,0.7,1.38,0.1007,0.0041,0.001
2025-07-27,Gangtok,orographic,2.5,6.7,10.1,8.74,8.74,6.68,0.2744,0.0233,0.0051
2025-07-27,Guwahati,orographic,48.7,18.3,22.9,25.27,25.27,10.24,0.4422,0.065,0.0142
2025-07-27,Cherrapunji,orographic,56.5,16.7,21.2,22.77,22.77,10.14,0.4251,0.0591,0.0129
2025-07-27,Imphal,orographic,27.2,25.8,30.91,38.46,38.46,11.71,0.5081,0.0924,0.0204
2025-07-27,Agartala,orographic,13.1,7.5,11.0,9.7,9.7,4.43,0.2905,0.026,0.0057
2025-07-27,Lucknow,normal,1.1,1.2,2.7,2.9,4.25,2.38,0.1004,0.0012,0.0002
2025-07-27,Patna,normal,2.5,0.1,0.6,0.6,0.82,2.18,0.06,0.0005,0.0001
2025-07-27,Varanasi,normal,3.1,0.0,0.0,0.0,0.0,1.49,0.0558,0.0005,0.0001
2025-07-27,Delhi,normal,0.9,4.3,7.1,7.4,11.48,6.15,0.1848,0.0032,0.0004
2025-07-27,Kanpur,normal,2.0,0.1,0.6,0.6,0.82,2.17,0.06,0.0005,0.0001
2025-07-27,Ranchi,normal,2.6,0.6,1.7,1.7,2.9,3.47,0.0795,0.0008,0.0001
2025-07-27,Jodhpur,normal,23.8,0.8,2.0,2.1,3.4,1.55,0.0867,0.0009,0.0001
2025-07-27,Bikaner,normal,0.0,0.0,0.0,0.0,0.0,0.45,0.0558,0.0005,0.0001
2025-07-27,Jaisalmer,normal,3.5,0.0,0.0,0.0,0.0,0.45,0.0558,0.0005,0.0001
2025-07-27,Hyderabad,normal,0.9,0.0,0.0,0.0,0.0,2.28,0.0558,0.0005,0.0001
2025-07-27,Bengaluru,normal,1.7,0.0,0.0,0.0,0.0,2.03,0.0558,0.0005,0.0001
2025-07-27,Pune,normal,7.2,2.5,4.7,4.9,9.43,6.89,0.1396,0.002,0.0003
2025-07-27,Kurnool,normal,1.0,0.0,0.0,0.0,0.0,2.28,0.0558,0.0005,0.0001
2025-07-27,Madurai,normal,0.0,0.0,0.0,0.0,0.0,1.07,0.0558,0.0005,0.0001
2025-07-28,Nagpur,normal,4.6,1.4,2.9,3.1,5.28,5.39,0.1069,0.0013,0.0002
2025-07-28,Bhopal,normal,37.7,12.3,16.2,16.4,16.2,11.23,0.3224,0.0093,0.0011
2025-07-28,Raipur,normal,2.4,2.1,4.0,4.3,7.44,5.56,0.1282,0.0017,0.0002
2025-07-28,Jabalpur,normal,2.3,23.9,28.6,28.35,29.37,13.1,0.4409,0.0192,0.0023
2025-07-28,Akola,normal,5.2,2.9,5.1,5.34,9.93,6.35,0.1504,0.0023,0.0003
2025-07-28,Amravati,normal,2.4,1.9,3.6,3.9,6.48,5.66,0.1224,0.0016,0.0002
2025-07-28,Aurangabad,normal,2.1,0.6,1.7,1.7,2.9,4.6,0.0795,0.0008,0.0001
2025-07-28,Bhubaneswar,normal,0.1,0.1,0.6,0.6,0.82,4.08,0.06,0.0005,0.0001
2025-07-28,Mumbai,coastal,8.8,9.3,12.9,15.5,15.5,12.51,0.3581,0.0125,0.0014
2025-07-28,Thiruvananthapuram,coastal,0.7,0.0,0.0,0.0,0.0,3.06,0.0785,0.0008,0.0001
2025-07-28,Kochi,coastal,0.8,2.3,4.3,6.1,6.1,8.32,0.1823,0.0034,0.0004
2025-07-28,Mangaluru,depression,7.6,65.4,76.72,76.72,98.7,35.78,0.8184,0.1668,0.0068
2025-07-28,Panaji,coastal,4.4,22.9,27.4,32.2,32.2,18.0,0.5236,0.0327,0.0037
2025-07-28,Chennai,coastal,0.0,0.0,0.0,0.0,0.0,1.64,0.0785,0.0008,0.0001
2025-07-28,Visakhapatnam,coastal,0.0,0.0,0.0,0.0,0.0,2.29,0.0785,0.0008,0.0001
2025-07-28,Puri,coastal,1.8,1.9,3.6,5.6,5.6,5.44,0.1673,0.0029,0.0003
2025-07-28,Kolkata,coastal,15.9,0.3,1.0,1.82,1.82,4.01,0.0952,0.0011,0.0001
2025-07-28,Surat,coastal,7.0,13.3,17.3,20.7,20.7,14.3,0.4208,0.0182,0.0021
2025-07-28,Mahabaleshwar,orographic,51.0,12.7,16.7,16.3,16.3,20.07,0.3756,0.0445,0.0097
2025-07-28,Munnar,orographic,4.6,1.3,2.8,1.4,1.4,8.25,0.1249,0.0058,0.0013
2025-07-28,Madikeri,orographic,13.0,7.9,11.5,10.2,10.2,14.72,0.2982,0.0274,0.006
2025-07-28,Ooty,orographic,4.3,0.4,1.2,0.4,0.4,5.03,0.0873,0.0033,0.0008
2025-07-28,Lonavala,orographic,30.2,30.4,37.5,48.91,48.91,24.4,0.54,0.1091,0.0242
2025-07-28,Wayanad,orographic,5.0,1.7,3.4,1.9,1.9,6.87,0.1398,0.007,0.0016
2025-07-28,Shimla,orographic,3.1,23.4,28.0,33.56,33.56,6.98,0.4892,0.0837,0.0184
2025-07-28,Dehradun,orographic,10.2,22.4,26.91,30.76,30.76,6.98,0.4808,0.08,0.0176
2025-07-28,Srinagar,orographic,0.0,1.4,2.9,1.6,1.6,1.38,0.1287,0.0061,0.0014
2025-07-28,Gangtok,orographic,45.9,12.6,16.62,16.2,16.2,6.56,0.3742,0.0442,0.0097
2025-07-28,Guwahati,orographic,24.8,6.2,9.5,8.1,8.1,7.67,0.2637,0.0216,0.0048
2025-07-28,Cherrapunji,orographic,29.6,45.9,59.01,78.65,78.65,16.05,0.6186,0.1635,0.0374
2025-07-28,Imphal,orographic,19.8,6.2,9.5,8.1,8.1,7.55,0.2637,0.0216,0.0048
2025-07-28,Agartala,orographic,17.4,4.0,6.7,5.0,5.0,6.28,0.2107,0.0142,0.0032
2025-07-28,Lucknow,normal,6.1,0.8,2.0,2.1,3.4,2.86,0.0867,0.0009,0.0001
2025-07-28,Patna,normal,17.9,5.9,9.04,9.0,12.1,5.44,0.219,0.0044,0.0005
2025-07-28,Varanasi,normal,2.7,0.0,0.0,0.0,0.0,0.45,0.0558,0.0005,0.0001
2025-07-28,Delhi,normal,1.6,18.1,22.6,22.46,25.57,8.84,0.3891,0.0142,0.0017
2025-07-28,Kanpur,normal,7.3,0.3,1.0,1.0,1.3,1.46,0.0681,0.0006,0.0001
2025-07-28,Ranchi,normal,32.3,5.8,9.0,9.0,12.1,5.41,0.2169,0.0043,0.0005
2025-07-28,Jodhpur,normal,0.3,3.9,6.5,6.69,10.98,4.15,0.1754,0.0029,0.0004
2025-07-28,Bikaner,normal,0.4,0.0,0.0,0.0,0.0,0.39,0.0558,0.0005,0.0001
2025-07-28,Jaisalmer,normal,0.0,0.0,0.0,0.0,0.0,0.39,0.0558,0.0005,0.0001
2025-07-28,Hyderabad,normal,0.0,0.0,0.0,0.0,0.0,0.98,0.0558,0.0005,0.0001
2025-07-28,Bengaluru,normal,0.5,0.3,1.0,1.0,1.3,1.89,0.0681,0.0006,0.0001
2025-07-28,Pune,normal,4.7,2.6,4.8,5.0,9.67,5.58,0.1423,0.0021,0.0003
2025-07-28,Kurnool,normal,0.0,0.0,0.0,0.0,0.0,0.98,0.0558,0.0005,0.0001
2025-07-28,Madurai,normal,2.0,0.0,0.0,0.0,0.0,0.98,0.0558,0.0005,0.0001
2025-07-29,Nagpur,normal,31.7,12.4,16.4,16.4,16.38,9.82,0.3237,0.0094,0.0011
2025-07-29,Bhopal,normal,78.1,15.6,19.9,20.36,19.9,12.39,0.3626,0.012,0.0014
2025-07-29,Raipur,normal,13.5,9.5,13.3,13.6,14.52,9.65,0.2822,0.0071,0.0009
2025-07-29,Jabalpur,depression,24.9,37.5,47.62,47.62,72.26,17.09,0.7439,0.0959,0.0037
2025-07-29,Akola,normal,9.3,7.6,11.1,11.32,11.85,9.31,0.2508,0.0056,0.0007
2025-07-29,Amravati,normal,4.1,10.7,14.7,15.07,15.39,9.99,0.3002,0.008,0.001
2025-07-29,Aurangabad,normal,8.3,2.4,4.5,4.8,5.25,5.65,0.1368,0.0019,0.0002
2025-07-29,Bhubaneswar,normal,16.3,6.4,9.7,9.6,10.74,7.6,0.2287,0.0047,0.0006
2025-07-29,Mumbai,coastal,8.6,8.3,11.9,14.33,14.33,11.21,0.3394,0.0111,0.0013
2025-07-29,Thiruvananthapuram,coastal,0.5,0.0,0.0,0.0,0.0,2.54,0.0785,0.0008,0.0001
2025-07-29,Kochi,coastal,2.2,12.3,16.2,19.5,19.5,11.65,0.4067,0.0168,0.0019
2025-07-29,Mangaluru,depression,8.8,50.6,63.6,63.6,80.21,33.01,0.7862,0.1299,0.0051
2025-07-29,Panaji,coastal,5.0,21.0,25.6,28.8,28.8,14.69,0.507,0.0297,0.0034
2025-07-29,Chennai,coastal,0.0,0.2,0.8,1.5,1.5,3.72,0.0898,0.001,0.0001
2025-07-29,Visakhapatnam,coastal,0.0,0.0,0.0,0.0,0.0,2.54,0.0785,0.0008,0.0001
2025-07-29,Puri,coastal,35.5,5.5,8.64,10.9,10.9,8.05,0.2779,0.0074,0.0009
2025-07-29,Kolkata,coastal,52.3,6.4,9.7,12.3,12.3,7.64,0.2994,0.0085,0.001
2025-07-29,Surat,coastal,5.9,6.8,10.2,12.9,12.9,11.03,0.3084,0.0091,0.0011
2025-07-29,Mahabaleshwar,orographic,45.3,10.5,14.3,13.3,13.3,18.76,0.3431,0.0366,0.008
2025-07-29,Munnar,orographic,5.3,1.9,3.6,2.12,2.12,7.18,0.1468,0.0076,0.0017
2025-07-29,Madikeri,orographic,15.5,11.4,15.3,14.33,14.33,19.68,0.357,0.0398,0.0087
2025-07-29,Ooty,orographic,5.5,1.9,3.6,2.12,2.12,7.02,0.1468,0.0076,0.0017
2025-07-29,Lonavala,orographic,33.3,21.3,26.0,29.1,29.1,26.49,0.4711,0.076,0.0167
2025-07-29,Wayanad,orographic,4.1,2.0,3.8,2.3,2.3,7.18,0.1503,0.0079,0.0018
2025-07-29,Shimla,orographic,14.1,26.5,32.4,40.42,40.42,7.39,0.5133,0.095,0.021
2025-07-29,Dehradun,orographic,22.2,7.3,10.8,9.6,9.6,6.39,0.2866,0.0253,0.0056
2025-07-29,Srinagar,orographic,0.0,8.9,12.58,11.2,11.2,4.11,0.3165,0.0309,0.0068
2025-07-29,Gangtok,orographic,26.0,6.7,10.1,8.74,8.74,6.19,0.2744,0.0233,0.0051
2025-07-29,Guwahati,orographic,23.8,13.6,17.7,17.62,17.62,9.75,0.3877,0.0478,0.0104
2025-07-29,Cherrapunji,orographic,7.4,11.7,15.67,14.86,14.86,11.21,0.3614,0.0409,0.009
2025-07-29,Imphal,orographic,15.2,12.5,16.5,16.1,16.1,9.75,0.3728,0.0438,0.0096
2025-07-29,Agartala,orographic,8.8,1.3,2.8,1.4,1.4,4.01,0.1249,0.0058,0.0013
2025-07-29,Lucknow,normal,6.8,0.3,1.0,1.0,2.2,2.38,0.0681,0.0006,0.0001
2025-07-29,Patna,normal,26.9,23.1,27.5,27.46,28.08,10.44,0.4344,0.0185,0.0022
2025-07-29,Varanasi,normal,2.3,3.9,6.5,6.69,6.54,4.51,0.1754,0.0029,0.0004
2025-07-29,Delhi,normal,3.8,68.6,80.2,71.91,326.26,15.88,0.6436,0.0608,0.0071
2025-07-29,Kanpur,normal,9.0,11.6,15.52,15.9,16.13,7.15,0.3129,0.0088,0.0011
2025-07-29,Ranchi,normal,9.9,8.8,12.4,12.7,12.89,8.3,0.2711,0.0066,0.0008
2025-07-29,Jodhpur,normal,0.0,0.0,0.0,0.0,0.0,1.62,0.0558,0.0005,0.0001
2025-07-29,Bikaner,normal,0.0,0.0,0.0,0.0,0.0,0.78,0.0558,0.0005,0.0001
2025-07-29,Jaisalmer,normal,0.0,0.0,0.0,0.0,0.0,0.78,0.0558,0.0005,0.0001
2025-07-29,Hyderabad,normal,0.5,0.0,0.0,0.0,0.0,1.48,0.0558,0.0005,0.0001
2025-07-29,Bengaluru,normal,1.1,0.2,0.8,0.8,1.87,3.52,0.0641,0.0006,0.0001
2025-07-29,Pune,normal,3.1,1.7,3.4,3.5,4.82,4.65,0.1163,0.0015,0.0002
2025-07-29,Kurnool,normal,0.7,0.0,0.0,0.0,0.0,1.48,0.0558,0.0005,0.0001
2025-07-29,Madurai,normal,0.6,0.0,0.0,0.0,0.0,1.48,0.0558,0.0005,0.0001
2025-07-30,Nagpur,normal,3.6,11.2,15.2,15.42,15.42,11.69,0.3074,0.0084,0.001
2025-07-30,Bhopal,normal,10.1,1.7,3.4,3.5,3.4,6.24,0.1163,0.0015,0.0002
2025-07-30,Raipur,normal,1.4,18.8,23.4,24.02,24.02,12.3,0.396,0.0148,0.0018
2025-07-30,Jabalpur,normal,51.1,23.6,28.2,27.81,27.81,13.28,0.4385,0.0189,0.0022
2025-07-30,Akola,normal,1.9,10.0,13.8,13.9,13.9,11.17,0.2899,0.0075,0.0009
2025-07-30,Amravati,normal,3.7,10.3,14.1,14.42,14.42,11.48,0.2944,0.0077,0.0009
2025-07-30,Aurangabad,normal,1.3,2.2,4.2,4.5,4.5,6.18,0.1311,0.0018,0.0002
2025-07-30,Bhubaneswar,normal,10.3,1.5,3.1,3.3,3.3,5.69,0.1101,0.0013,0.0002
2025-07-30,Mumbai,coastal,7.8,3.8,6.3,9.28,9.28,9.91,0.2316,0.0052,0.0006
2025-07-30,Thiruvananthapuram,coastal,1.2,0.2,0.8,1.5,1.5,3.09,0.0898,0.001,0.0001
2025-07-30,Kochi,coastal,4.4,24.0,28.8,34.2,34.2,17.68,0.5327,0.0344,0.0039
2025-07-30,Mangaluru,coastal,7.5,12.6,16.62,19.62,19.62,17.94,0.411,0.0172,0.002
2025-07-30,Panaji,coastal,4.1,25.0,29.81,35.81,35.81,17.62,0.5405,0.0359,0.004
2025-07-30,Chennai,coastal,0.5,0.1,0.6,1.1,1.1,3.73,0.0842,0.0009,0.0001
2025-07-30,Visakhapatnam,coastal,0.1,0.0,0.0,0.0,0.0,1.81,0.0785,0.0008,0.0001
2025-07-30,Puri,coastal,7.6,0.8,2.0,3.21,3.21,6.65,0.1203,0.0017,0.0002
2025-07-30,Kolkata,coastal,18.7,14.5,18.9,22.31,18.9,16.19,0.4367,0.02,0.0023
2025-07-30,Surat,coastal,1.3,2.3,4.4,6.3,6.3,7.81,0.1823,0.0034,0.0004
2025-07-30,Mahabaleshwar,orographic,30.2,4.2,7.0,5.2,5.2,12.79,0.216,0.0149,0.0033
2025-07-30,Munnar,orographic,6.4,1.7,3.4,1.9,1.9,6.41,0.1398,0.007,0.0016
2025-07-30,Madikeri,orographic,15.2,13.0,17.1,16.9,16.9,21.52,0.3797,0.0456,0.01
2025-07-30,Ooty,orographic,6.5,2.0,3.8,2.3,2.3,7.21,0.1503,0.0079,0.0018
2025-07-30,Lonavala,orographic,20.9,14.6,19.1,19.1,19.1,21.32,0.4004,0.0514,0.0112
2025-07-30,Wayanad,orographic,3.1,2.1,4.0,2.4,2.4,7.52,0.1537,0.0082,0.0019
2025-07-30,Shimla,orographic,14.1,3.5,5.9,4.2,4.2,4.81,0.1969,0.0126,0.0028
2025-07-30,Dehradun,orographic,6.5,0.6,1.7,0.7,0.7,1.96,0.0963,0.0038,0.0009
2025-07-30,Srinagar,orographic,52.1,17.9,22.5,24.8,24.8,7.41,0.4381,0.0635,0.0139
2025-07-30,Gangtok,orographic,5.8,10.1,13.8,12.8,12.8,6.41,0.3367,0.0352,0.0077
2025-07-30,Guwahati,orographic,23.1,17.0,21.6,23.4,23.4,10.16,0.4284,0.0602,0.0132
2025-07-30,Cherrapunji,orographic,16.1,4.8,7.8,5.9,5.9,6.92,0.2313,0.0168,0.0037
2025-07-30,Imphal,orographic,5.4,10.2,14.0,12.88,12.88,8.69,0.3384,0.0355,0.0078
2025-07-30,Agartala,orographic,11.5,1.5,3.1,1.7,1.7,3.46,0.1325,0.0064,0.0015
2025-07-30,Lucknow,normal,24.9,11.5,15.4,15.8,15.8,7.05,0.3115,0.0087,0.0011
2025-07-30,Patna,normal,6.6,5.5,8.64,8.8,8.8,7.82,0.2108,0.0041,0.0005
2025-07-30,Varanasi,normal,15.5,17.0,21.6,21.76,21.76,9.27,0.3778,0.0132,0.0016
2025-07-30,Delhi,normal,15.3,6.6,9.9,9.8,9.8,8.01,0.2326,0.0049,0.0006
2025-07-30,Kanpur,normal,20.3,14.0,18.2,18.6,18.6,9.42,0.3439,0.0107,0.0013
2025-07-30,Ranchi,normal,2.3,16.2,20.6,20.8,20.8,9.87,0.3692,0.0126,0.0015
2025-07-30,Jodhpur,normal,0.2,1.3,2.8,3.0,3.0,1.81,0.1037,0.0012,0.0002
2025-07-30,Bikaner,normal,0.0,0.0,0.0,0.0,0.0,0.4,0.0558,0.0005,0.0001
2025-07-30,Jaisalmer,normal,0.0,0.0,0.0,0.0,0.0,0.4,0.0558,0.0005,0.0001
2025-07-30,Hyderabad,normal,2.9,0.1,0.6,0.6,0.6,2.05,0.06,0.0005,0.0001
2025-07-30,Bengaluru,normal,0.4,0.0,0.0,0.0,0.0,1.89,0.0558,0.0005,0.0001
2025-07-30,Pune,normal,1.4,0.7,1.9,2.0,2.0,4.24,0.0831,0.0009,0.0001
2025-07-30,Kurnool,normal,1.1,0.0,0.0,0.0,0.0,1.12,0.0558,0.0005,0.0001
2025-07-30,Madurai,normal,0.2,0.0,0.0,0.0,0.0,1.12,0.0558,0.0005,0.0001
2025-07-31,Nagpur,normal,0.8,10.5,14.3,14.7,17.16,11.96,0.2973,0.0079,0.001
2025-07-31,Bhopal,normal,1.3,8.8,12.4,12.7,15.74,8.83,0.2711,0.0066,0.0008
2025-07-31,Raipur,normal,0.6,12.6,16.62,16.7,20.92,13.35,0.3263,0.0096,0.0012
2025-07-31,Jabalpur,normal,0.4,2.6,4.8,5.0,9.67,9.18,0.1423,0.0021,0.0003
2025-07-31,Akola,normal,0.8,0.1,0.6,0.6,0.82,4.21,0.06,0.0005,0.0001
2025-07-31,Amravati,normal,1.3,2.7,4.9,5.1,9.73,7.6,0.145,0.0021,0.0003
2025-07-31,Aurangabad,normal,1.6,0.9,2.2,2.3,3.7,5.05,0.0902,0.001,0.0001
2025-07-31,Bhubaneswar,normal,1.4,0.0,0.0,0.0,0.0,2.63,0.0558,0.0005,0.0001
2025-07-31,Mumbai,coastal,3.9,3.3,5.8,8.6,8.6,8.13,0.2162,0.0046,0.0005
2025-07-31,Thiruvananthapuram,coastal,3.3,0.0,0.0,0.0,0.0,2.17,0.0785,0.0008,0.0001
2025-07-31,Kochi,coastal,11.5,2.0,3.8,5.75,5.75,8.64,0.1711,0.003,0.0004
2025-07-31,Mangaluru,coastal,11.9,19.1,23.7,26.8,26.8,15.83,0.4888,0.0269,0.003
2025-07-31,Panaji,coastal,6.7,22.6,27.1,31.66,31.66,18.88,0.5211,0.0322,0.0036
2025-07-31,Chennai,coastal,2.0,0.0,0.0,0.0,0.0,2.07,0.0785,0.0008,0.0001
2025-07-31,Visakhapatnam,coastal,2.0,0.0,0.0,0.0,0.0,1.71,0.0785,0.0008,0.0001
2025-07-31,Puri,coastal,1.1,0.0,0.0,0.0,0.0,2.7,0.0785,0.0008,0.0001
2025-07-31,Kolkata,coastal,46.6,8.0,11.6,14.3,14.3,12.93,0.3335,0.0107,0.0012
2025-07-31,Surat,coastal,1.9,1.3,2.8,4.6,4.6,5.16,0.1428,0.0022,0.0003
2025-07-31,Mahabaleshwar,orographic,22.1,4.1,6.8,5.1,5.1,10.43,0.2134,0.0145,0.0032
2025-07-31,Munnar,orographic,9.3,2.2,4.2,2.6,2.6,7.18,0.1571,0.0085,0.0019
2025-07-31,Madikeri,orographic,14.2,6.2,9.5,8.1,8.1,18.35,0.2637,0.0216,0.0048
2025-07-31,Ooty,orographic,2.6,3.2,5.6,3.8,3.8,8.82,0.1883,0.0116,0.0026
2025-07-31,Lonavala,orographic,15.1,10.1,13.8,12.8,12.8,22.1,0.3367,0.0352,0.0077
2025-07-31,Wayanad,orographic,3.7,0.7,1.9,0.8,0.8,5.91,0.1007,0.0041,0.001
2025-07-31,Shimla,orographic,33.8,5.3,8.3,6.8,6.8,4.64,0.2434,0.0185,0.0041
2025-07-31,Dehradun,orographic,19.3,4.0,6.7,5.0,5.0,2.61,0.2107,0.0142,0.0032
2025-07-31,Srinagar,orographic,7.2,12.5,16.5,16.1,16.1,8.69,0.3728,0.0438,0.0096
2025-07-31,Gangtok,orographic,4.3,6.2,9.5,8.1,8.1,7.02,0.2637,0.0216,0.0048
2025-07-31,Guwahati,orographic,13.2,5.5,8.64,7.0,7.0,9.55,0.248,0.0192,0.0043
2025-07-31,Cherrapunji,orographic,35.2,7.3,10.7,9.5,9.5,6.97,0.2866,0.0253,0.0056
2025-07-31,Imphal,orographic,1.1,4.9,7.9,6.1,6.1,7.22,0.2338,0.0172,0.0038
2025-07-31,Agartala,orographic,7.9,6.9,10.3,9.1,9.1,5.08,0.2785,0.024,0.0053
2025-07-31,Lucknow,normal,6.7,22.6,27.1,27.06,29.37,11.76,0.4303,0.018,0.0021
2025-07-31,Patna,normal,2.7,11.6,15.52,15.9,19.5,9.88,0.3129,0.0088,0.0011
2025-07-31,Varanasi,normal,1.6,8.4,12.0,12.2,15.74,10.1,0.2645,0.0062,0.0008
2025-07-31,Delhi,normal,29.2,16.8,21.3,21.52,23.61,11.19,0.3757,0.0131,0.0016
2025-07-31,Kanpur,normal,12.4,1.1,2.5,2.7,4.05,4.83,0.097,0.0011,0.0001
2025-07-31,Ranchi,normal,10.4,5.1,8.1,8.3,11.9,9.7,0.2024,0.0038,0.0005
2025-07-31,Jodhpur,normal,0.9,25.6,30.61,29.6,31.82,7.23,0.4541,0.0207,0.0024
2025-07-31,Bikaner,normal,4.6,32.1,40.16,38.7,38.81,7.6,0.498,0.0265,0.0031
2025-07-31,Jaisalmer,normal,0.0,0.2,0.8,0.8,1.1,0.87,0.0641,0.0006,0.0001
2025-07-31,Hyderabad,normal,1.0,0.0,0.0,0.0,0.0,1.68,0.0558,0.0005,0.0001
2025-07-31,Bengaluru,normal,1.1,0.0,0.0,0.0,0.0,1.04,0.0558,0.0005,0.0001
2025-07-31,Pune,normal,1.5,0.5,1.5,1.5,2.5,3.76,0.0757,0.0007,0.0001
2025-07-31,Kurnool,normal,0.5,0.0,0.0,0.0,0.0,1.04,0.0558,0.0005,0.0001
2025-07-31,Madurai,normal,0.0,0.8,2.0,2.1,3.4,2.46,0.0867,0.0009,0.0001
2025-08-01,Nagpur,break,0.4,1.1,2.5,4.05,4.05,5.58,0.1282,0.0012,0.0001
2025-08-01,Bhopal,break,1.6,0.8,2.0,3.4,3.4,4.67,0.115,0.001,0.0001
2025-08-01,Raipur,break,0.4,1.2,2.6,4.2,4.2,5.99,0.1325,0.0013,0.0001
2025-08-01,Jabalpur,break,6.2,7.0,10.4,13.82,13.82,8.61,0.3018,0.0058,0.0005
2025-08-01,Akola,break,0.9,0.1,0.6,0.82,0.82,3.01,0.0803,0.0006,0.0
2025-08-01,Amravati,break,1.4,0.3,1.0,1.3,1.3,3.93,0.0909,0.0007,0.0001
2025-08-01,Aurangabad,break,0.8,0.1,0.6,0.82,0.82,3.87,0.0803,0.0006,0.0
2025-08-01,Bhubaneswar,break,1.0,0.0,0.0,0.0,0.0,1.27,0.0748,0.0005,0.0
2025-08-01,Mumbai,coastal,4.1,2.7,4.9,7.3,7.3,7.18,0.1964,0.0038,0.0005
2025-08-01,Thiruvananthapuram,coastal,6.9,0.0,0.0,0.0,0.0,1.66,0.0785,0.0008,0.0001
2025-08-01,Kochi,coastal,11.6,0.2,0.8,1.5,1.5,3.85,0.0898,0.001,0.0001
2025-08-01,Mangaluru,coastal,20.0,14.0,18.2,21.8,21.8,15.5,0.4303,0.0192,0.0022
2025-08-01,Panaji,coastal,4.7,17.5,22.2,24.6,24.6,16.48,0.4721,0.0244,0.0028
2025-08-01,Chennai,coastal,0.3,0.0,0.0,0.0,0.0,1.66,0.0785,0.0008,0.0001
2025-08-01,Visakhapatnam,coastal,1.0,0.2,0.8,1.5,1.5,2.8,0.0898,0.001,0.0001
2025-08-01,Puri,coastal,8.3,0.4,1.2,2.1,2.1,2.81,0.1005,0.0012,0.0002
2025-08-01,Kolkata,coastal,11.9,10.1,13.8,16.4,16.4,12.05,0.372,0.0136,0.0016
2025-08-01,Surat,coastal,2.3,0.9,2.2,3.56,3.56,4.63,0.125,0.0018,0.0002
2025-08-01,Mahabaleshwar,orographic,21.8,4.2,7.0,5.2,5.2,8.78,0.216,0.0149,0.0033
2025-08-01,Munnar,orographic,3.6,4.1,6.8,5.1,5.1,8.11,0.2134,0.0145,0.0032
2025-08-01,Madikeri,orographic,10.0,4.4,7.2,5.4,5.4,10.48,0.2212,0.0155,0.0035
2025-08-01,Ooty,orographic,4.0,1.3,2.8,1.4,1.4,5.63,0.1249,0.0058,0.0013
2025-08-01,Lonavala,orographic,17.1,8.2,11.8,10.5,10.5,13.65,0.3038,0.0285,0.0063
2025-08-01,Wayanad,orographic,2.8,0.5,1.5,0.5,0.5,4.59,0.0919,0.0035,0.0008
2025-08-01,Shimla,orographic,11.2,13.7,17.82,17.72,17.72,7.63,0.389,0.0482,0.0105
2025-08-01,Dehradun,orographic,3.6,18.0,22.6,24.8,24.8,6.6,0.4391,0.0639,0.014
2025-08-01,Srinagar,orographic,5.4,8.2,11.8,10.5,10.5,7.61,0.3038,0.0285,0.0063
2025-08-01,Gangtok,orographic,1.9,4.8,7.7,5.85,5.85,5.25,0.2313,0.0168,0.0037
2025-08-01,Guwahati,orographic,12.9,21.4,26.1,29.1,29.1,11.97,0.472,0.0763,0.0167
2025-08-01,Cherrapunji,orographic,33.4,16.8,21.3,23.1,23.1,10.65,0.4262,0.0595,0.013
2025-08-01,Imphal,orographic,0.4,1.4,2.9,1.6,1.6,4.57,0.1287,0.0061,0.0014
2025-08-01,Agartala,orographic,12.5,1.0,2.3,1.1,1.1,4.86,0.1131,0.0049,0.0011
2025-08-01,Lucknow,break,7.4,1.2,2.6,4.2,4.2,5.74,0.1325,0.0013,0.0001
2025-08-01,Patna,break,13.1,11.7,15.67,19.5,19.5,10.82,0.3855,0.0098,0.0008
2025-08-01,Varanasi,break,5.8,0.6,1.6,2.9,2.9,3.33,0.1057,0.0009,0.0001
2025-08-01,Delhi,break,7.5,0.8,2.0,3.4,3.4,5.04,0.115,0.001,0.0001
2025-08-01,Kanpur,break,3.6,0.2,0.8,1.1,1.1,2.08,0.0857,0.0006,0.0001
2025-08-01,Ranchi,break,2.0,11.1,15.1,17.16,17.16,10.32,0.3763,0.0093,0.0007
2025-08-01,Jodhpur,break,0.3,4.4,7.2,11.63,11.63,9.43,0.2395,0.0036,0.0003
2025-08-01,Bikaner,break,7.3,4.2,7.0,11.48,11.48,9.66,0.234,0.0035,0.0003
2025-08-01,Jaisalmer,break,0.5,1.7,3.3,5.78,5.78,2.26,0.1526,0.0016,0.0001
2025-08-01,Hyderabad,break,0.0,0.1,0.6,0.82,0.82,2.01,0.0803,0.0006,0.0
2025-08-01,Bengaluru,break,1.4,0.3,1.0,1.3,1.3,1.98,0.0909,0.0007,0.0001
2025-08-01,Pune,break,0.7,0.7,1.9,3.2,3.2,3.66,0.1104,0.001,0.0001
2025-08-01,Kurnool,break,0.5,0.1,0.6,0.82,0.82,2.01,0.0803,0.0006,0.0
2025-08-01,Madurai,break,0.7,0.6,1.6,2.9,2.9,3.76,0.1057,0.0009,0.0001
2025-08-02,Nagpur,break,0.5,0.0,0.0,0.0,0.0,2.52,0.0748,0.0005,0.0
2025-08-02,Bhopal,break,11.7,3.4,5.8,10.33,10.33,6.74,0.2107,0.0029,0.0002
2025-08-02,Raipur,break,0.4,2.2,4.2,7.57,7.57,5.59,0.1712,0.002,0.0002
2025-08-02,Jabalpur,break,8.8,1.0,2.3,3.8,3.8,5.04,0.1239,0.0012,0.0001
2025-08-02,Akola,break,0.5,0.1,0.6,0.82,0.82,3.03,0.0803,0.0006,0.0
2025-08-02,Amravati,break,0.2,0.2,0.8,1.1,1.1,3.59,0.0857,0.0006,0.0001
2025-08-02,Aurangabad,break,0.8,0.0,0.0,0.0,0.0,1.93,0.0748,0.0005,0.0
2025-08-02,Bhubaneswar,break,6.1,0.5,1.5,2.5,2.5,2.53,0.1008,0.0008,0.0001
2025-08-02,Mumbai,coastal,8.7,2.3,4.4,6.3,6.3,6.25,0.1823,0.0034,0.0004
2025-08-02,Thiruvananthapuram,coastal,3.0,0.0,0.0,0.0,0.0,1.66,0.0785,0.0008,0.0001
2025-08-02,Kochi,coastal,46.7,0.1,0.6,1.1,1.1,3.43,0.0842,0.0009,0.0001
2025-08-02,Mangaluru,coastal,37.4,4.8,7.7,10.4,10.4,9.54,0.2599,0.0064,0.0008
2025-08-02,Panaji,coastal,3.3,12.2,16.1,19.47,19.47,15.71,0.4052,0.0166,0.0019
2025-08-02,Chennai,coastal,0.3,0.2,0.8,1.5,1.5,2.79,0.0898,0.001,0.0001
2025-08-02,Visakhapatnam,coastal,0.3,1.6,3.2,5.1,5.1,4.26,0.1554,0.0025,0.0003
2025-08-02,Puri,coastal,3.0,0.3,1.0,1.82,1.82,3.65,0.0952,0.0011,0.0001
2025-08-02,Kolkata,coastal,20.9,1.3,2.8,4.6,4.6,5.44,0.1428,0.0022,0.0003
2025-08-02,Surat,coastal,1.4,1.0,2.3,3.8,3.8,4.62,0.1296,0.0019,0.0002
2025-08-02,Mahabaleshwar,orographic,17.2,3.1,5.4,3.6,3.6,7.98,0.1854,0.0113,0.0025
2025-08-02,Munnar,orographic,23.6,9.1,12.8,11.4,11.4,13.29,0.32,0.0316,0.0069
2025-08-02,Madikeri,orographic,11.0,5.1,8.2,6.6,6.6,11.36,0.2386,0.0178,0.004
2025-08-02,Ooty,orographic,21.4,6.3,9.6,8.2,8.2,9.78,0.2659,0.0219,0.0048
2025-08-02,Lonavala,orographic,17.1,5.6,8.7,7.1,7.1,13.31,0.2503,0.0195,0.0043
2025-08-02,Wayanad,orographic,17.3,1.9,3.6,2.12,2.12,5.58,0.1468,0.0076,0.0017
2025-08-02,Shimla,orographic,11.8,16.0,20.4,21.37,21.37,8.95,0.4172,0.0565,0.0124
2025-08-02,Dehradun,orographic,8.6,28.9,35.76,45.04,45.04,9.57,0.5301,0.1037,0.023
2025-08-02,Srinagar,orographic,0.0,2.7,4.9,3.2,3.2,4.36,0.1732,0.01,0.0023
2025-08-02,Gangtok,orographic,11.4,15.1,19.4,20.37,20.37,6.65,0.4066,0.0533,0.0116
2025-08-02,Guwahati,orographic,46.2,29.0,36.06,45.34,45.34,14.44,0.5308,0.1041,0.0231
2025-08-02,Cherrapunji,orographic,38.4,19.6,24.3,26.92,26.92,12.14,0.4552,0.0697,0.0153
2025-08-02,Imphal,orographic,1.0,4.3,7.1,5.3,5.3,4.69,0.2186,0.0152,0.0034
2025-08-02,Agartala,orographic,10.3,2.8,5.1,3.4,3.4,4.45,0.1763,0.0104,0.0023
2025-08-02,Lucknow,break,15.3,4.7,7.54,11.78,11.78,5.49,0.2475,0.0039,0.0003
2025-08-02,Patna,break,57.3,53.4,66.4,40.74,40.74,19.62,0.6695,0.0513,0.0039
2025-08-02,Varanasi,break,22.8,12.3,16.2,20.64,20.64,7.86,0.3943,0.0104,0.0008
2025-08-02,Delhi,break,0.9,0.0,0.0,0.0,0.0,1.28,0.0748,0.0005,0.0
2025-08-02,Kanpur,break,16.8,2.1,4.0,7.44,7.44,4.17,0.1676,0.0019,0.0002
2025-08-02,Ranchi,break,12.5,97.5,93.7,62.78,62.78,18.51,0.7658,0.0974,0.0075
2025-08-02,Jodhpur,break,0.0,1.7,3.3,5.78,5.78,3.5,0.1526,0.0016,0.0001
2025-08-02,Bikaner,break,6.3,0.0,0.0,0.0,0.0,1.3,0.0748,0.0005,0.0
2025-08-02,Jaisalmer,break,0.0,0.0,0.0,0.0,0.0,1.05,0.0748,0.0005,0.0
2025-08-02,Hyderabad,break,0.2,0.0,0.0,0.0,0.0,1.7,0.0748,0.0005,0.0
2025-08-02,Bengaluru,break,1.2,3.6,6.0,10.93,10.93,5.1,0.2167,0.003,0.0002
2025-08-02,Pune,break,1.8,0.6,1.7,2.9,2.9,3.69,0.1057,0.0009,0.0001
2025-08-02,Kurnool,break,0.2,0.2,0.8,1.1,1.1,2.67,0.0857,0.0006,0.0001
2025-08-02,Madurai,break,2.9,1.8,3.5,6.39,6.39,4.48,0.1565,0.0017,0.0001
2025-08-03,Nagpur,break,0.4,0.0,0.0,0.0,0.0,1.27,0.0748,0.0005,0.0
2025-08-03,Bhopal,break,1.3,3.9,6.5,10.98,10.98,7.56,0.2255,0.0033,0.0003
2025-08-03,Raipur,break,0.0,0.5,1.5,2.5,2.5,4.28,0.1008,0.0008,0.0001
2025-08-03,Jabalpur,break,7.4,1.6,3.2,5.68,5.68,4.63,0.1487,0.0016,0.0001
2025-08-03,Akola,break,0.4,0.0,0.0,0.0,0.0,1.92,0.0748,0.0005,0.0
2025-08-03,Amravati,break,0.0,0.0,0.0,0.0,0.0,2.0,0.0748,0.0005,0.0
2025-08-03,Aurangabad,break,0.5,0.3,1.0,1.3,1.3,2.23,0.0909,0.0007,0.0001
2025-08-03,Bhubaneswar,break,15.3,2.9,5.1,9.93,9.93,5.95,0.195,0.0025,0.0002
2025-08-03,Mumbai,coastal,4.0,2.3,4.3,6.1,6.1,5.91,0.1823,0.0034,0.0004
2025-08-03,Thiruvananthapuram,coastal,6.4,0.0,0.0,0.0,0.0,1.66,0.0785,0.0008,0.0001
2025-08-03,Kochi,coastal,26.6,5.4,8.5,10.9,10.9,6.55,0.2754,0.0072,0.0008
2025-08-03,Mangaluru,coastal,12.7,4.5,7.3,10.1,10.1,7.66,0.2517,0.0061,0.0007
2025-08-03,Panaji,coastal,3.2,5.5,8.64,10.9,10.9,10.69,0.2779,0.0074,0.0009
2025-08-03,Chennai,coastal,3.8,0.0,0.0,0.0,0.0,2.1,0.0785,0.0008,0.0001
2025-08-03,Visakhapatnam,coastal,2.7,0.0,0.0,0.0,0.0,2.56,0.0785,0.0008,0.0001
2025-08-03,Puri,coastal,9.5,0.0,0.0,0.0,0.0,2.33,0.0785,0.0008,0.0001
2025-08-03,Kolkata,coastal,8.2,12.4,16.4,19.5,19.5,10.23,0.4081,0.0169,0.0019
2025-08-03,Surat,coastal,1.7,2.5,4.7,6.7,6.7,6.35,0.1894,0.0036,0.0004
2025-08-03,Mahabaleshwar,orographic,6.2,2.7,4.9,3.2,3.2,7.96,0.1732,0.01,0.0023
2025-08-03,Munnar,orographic,66.2,4.5,7.3,5.5,5.5,10.73,0.2238,0.0158,0.0035
2025-08-03,Madikeri,orographic,10.5,6.2,9.5,8.1,8.1,13.02,0.2637,0.0216,0.0048
2025-08-03,Ooty,orographic,23.7,7.2,10.6,9.3,9.3,13.02,0.2846,0.025,0.0055
2025-08-03,Lonavala,orographic,3.7,3.5,5.9,4.2,4.2,9.81,0.1969,0.0126,0.0028
2025-08-03,Wayanad,orographic,13.4,4.1,6.8,5.1,5.1,7.69,0.2134,0.0145,0.0032
2025-08-03,Shimla,orographic,13.8,5.1,8.1,6.55,6.55,8.21,0.2386,0.0178,0.004
2025-08-03,Dehradun,orographic,11.7,39.6,50.01,64.75,64.75,11.72,0.5908,0.1418,0.032
2025-08-03,Srinagar,orographic,0.0,3.3,5.7,3.9,3.9,3.7,0.1912,0.0119,0.0027
2025-08-03,Gangtok,orographic,9.2,50.0,63.2,88.6,88.6,12.94,0.6344,0.1773,0.0409
2025-08-03,Guwahati,orographic,16.6,39.9,50.2,66.1,66.1,18.02,0.5922,0.1429,0.0323
2025-08-03,Cherrapunji,orographic,57.1,38.8,49.3,63.91,63.91,18.28,0.5869,0.139,0.0314
2025-08-03,Imphal,orographic,1.4,4.9,7.9,6.1,6.1,5.72,0.2338,0.0172,0.0038
2025-08-03,Agartala,orographic,2.5,3.6,6.0,4.3,4.3,5.74,0.1998,0.0129,0.0029
2025-08-03,Lucknow,break,40.8,43.6,56.81,40.74,40.74,13.8,0.6332,0.0411,0.0031
2025-08-03,Patna,break,28.3,38.6,49.25,40.74,40.74,18.99,0.6107,0.036,0.0027
2025-08-03,Varanasi,break,50.9,71.1,80.61,62.78,62.78,19.57,0.7177,0.0698,0.0053
2025-08-03,Delhi,break,0.7,4.0,6.7,11.33,11.33,4.87,0.2284,0.0033,0.0003
2025-08-03,Kanpur,break,38.8,36.1,44.9,40.74,40.74,11.86,0.5981,0.0334,0.0025
2025-08-03,Ranchi,break,19.1,26.0,31.3,31.82,31.82,14.48,0.5353,0.0233,0.0018
2025-08-03,Jodhpur,break,0.0,0.0,0.0,0.0,0.0,1.08,0.0748,0.0005,0.0
2025-08-03,Bikaner,break,0.0,0.0,0.0,0.0,0.0,0.48,0.0748,0.0005,0.0
2025-08-03,Jaisalmer,break,0.0,0.0,0.0,0.0,0.0,0.48,0.0748,0.0005,0.0
2025-08-03,Hyderabad,break,0.6,1.2,2.7,4.25,4.25,3.04,0.1325,0.0013,0.0001
2025-08-03,Bengaluru,break,5.5,4.8,7.8,11.9,11.9,6.04,0.2501,0.004,0.0003
2025-08-03,Pune,break,1.2,0.9,2.2,3.7,3.7,3.88,0.1195,0.0011,0.0001
2025-08-03,Kurnool,break,1.7,0.6,1.7,2.9,2.9,3.34,0.1057,0.0009,0.0001
2025-08-03,Madurai,break,29.7,4.8,7.7,11.88,11.88,5.26,0.2501,0.004,0.0003
2025-08-04,Nagpur,break,0.2,0.1,0.6,0.82,0.82,2.32,0.0803,0.0006,0.0
2025-08-04,Bhopal,break,0.0,0.8,2.0,3.4,3.4,4.75,0.115,0.001,0.0001
2025-08-04,Raipur,break,0.0,0.2,0.8,1.1,1.1,3.64,0.0857,0.0006,0.0001
2025-08-04,Jabalpur,break,0.1,2.9,5.1,9.93,9.93,6.49,0.195,0.0025,0.0002
2025-08-04,Akola,break,0.3,0.0,0.0,0.0,0.0,1.31,0.0748,0.0005,0.0
2025-08-04,Amravati,break,0.2,0.0,0.0,0.0,0.0,1.31,0.0748,0.0005,0.0
2025-08-04,Aurangabad,break,0.9,0.0,0.0,0.0,0.0,2.33,0.0748,0.0005,0.0
2025-08-04,Bhubaneswar,break,1.1,0.0,0.0,0.0,0.0,2.88,0.0748,0.0005,0.0
2025-08-04,Mumbai,coastal,3.5,1.8,3.5,5.5,5.5,6.33,0.1634,0.0028,0.0003
2025-08-04,Thiruvananthapuram,coastal,2.8,1.0,2.3,3.8,3.8,4.09,0.1296,0.0019,0.0002
2025-08-04,Kochi,coastal,6.3,16.1,20.5,23.43,23.43,15.25,0.4563,0.0223,0.0025
2025-08-04,Mangaluru,coastal,7.9,5.9,9.04,11.4,11.4,9.96,0.2877,0.0079,0.0009
2025-08-04,Panaji,coastal,8.2,3.1,5.4,8.1,8.1,8.84,0.2098,0.0043,0.0005
2025-08-04,Chennai,coastal,21.3,18.3,22.9,25.31,25.31,10.72,0.4806,0.0256,0.0029
2025-08-04,Visakhapatnam,coastal,4.4,1.8,3.5,5.5,5.5,5.1,0.1634,0.0028,0.0003
2025-08-04,Puri,coastal,0.2,0.2,0.8,1.5,1.5,3.12,0.0898,0.001,0.0001
2025-08-04,Kolkata,coastal,16.9,5.8,9.0,11.3,11.3,11.96,0.2853,0.0077,0.0009
2025-08-04,Surat,coastal,1.6,3.3,5.7,8.6,8.6,8.14,0.2162,0.0046,0.0005
2025-08-04,Mahabaleshwar,orographic,5.0,2.0,3.8,2.3,2.3,7.18,0.1503,0.0079,0.0018
2025-08-04,Munnar,orographic,4.0,15.4,19.7,20.42,20.42,17.14,0.4102,0.0543,0.0119
2025-08-04,Madikeri,orographic,5.3,8.1,11.7,10.4,10.4,14.11,0.302,0.0281,0.0062
2025-08-04,Ooty,orographic,14.5,15.9,20.3,21.2,21.2,20.25,0.416,0.0562,0.0123
2025-08-04,Lonavala,orographic,3.8,3.0,5.3,3.5,3.5,8.69,0.1824,0.011,0.0025
2025-08-04,Wayanad,orographic,6.7,5.5,8.64,7.0,7.0,11.88,0.248,0.0192,0.0043
2025-08-04,Shimla,orographic,4.7,12.8,16.9,16.7,16.7,8.15,0.377,0.0449,0.0098
2025-08-04,Dehradun,orographic,10.0,33.8,42.46,55.32,55.32,13.35,0.5605,0.1213,0.0271
2025-08-04,Srinagar,orographic,0.0,3.1,5.4,3.6,3.6,3.75,0.1854,0.0113,0.0025
2025-08-04,Gangtok,orographic,4.8,12.9,17.07,16.75,16.75,10.18,0.3783,0.0453,0.0099
2025-08-04,Guwahati,orographic,11.9,6.9,10.3,9.1,9.1,11.91,0.2785,0.024,0.0053
2025-08-04,Cherrapunji,orographic,25.7,39.0,49.4,64.11,64.11,23.21,0.5879,0.1397,0.0315
2025-08-04,Imphal,orographic,1.2,0.6,1.7,0.7,0.7,4.08,0.0963,0.0038,0.0009
2025-08-04,Agartala,orographic,27.2,18.4,22.96,25.4,25.4,9.16,0.4433,0.0653,0.0143
2025-08-04,Lucknow,break,66.8,15.9,20.3,23.33,23.33,13.1,0.4412,0.0137,0.0011
2025-08-04,Patna,break,10.0,110.5,105.7,83.08,83.08,21.53,0.7832,0.1109,0.0086
2025-08-04,Varanasi,break,23.9,46.4,59.96,40.74,40.74,21.21,0.6445,0.044,0.0033
2025-08-04,Delhi,break,0.1,1.3,2.8,4.49,4.49,3.95,0.1367,0.0014,0.0001
2025-08-04,Kanpur,break,28.0,18.3,22.9,25.57,25.57,13.1,0.4678,0.0159,0.0012
2025-08-04,Ranchi,break,3.6,20.1,24.8,28.83,28.83,12.55,0.4857,0.0176,0.0014
2025-08-04,Jodhpur,break,0.1,0.0,0.0,0.0,0.0,0.44,0.0748,0.0005,0.0
2025-08-04,Bikaner,break,0.0,0.0,0.0,0.0,0.0,0.44,0.0748,0.0005,0.0
2025-08-04,Jaisalmer,break,0.0,0.0,0.0,0.0,0.0,0.44,0.0748,0.0005,0.0
2025-08-04,Hyderabad,break,4.1,1.7,3.3,5.78,5.78,4.44,0.1526,0.0016,0.0001
2025-08-04,Bengaluru,break,2.6,19.2,23.7,27.48,27.48,8.98,0.4769,0.0168,0.0013
2025-08-04,Pune,break,1.1,0.7,1.9,3.2,3.2,4.05,0.1104,0.001,0.0001
2025-08-04,Kurnool,break,0.9,0.1,0.6,0.82,0.82,3.41,0.0803,0.0006,0.0
2025-08-04,Madurai,break,7.9,0.3,1.0,1.3,1.3,3.65,0.0909,0.0007,0.0001
2025-08-05,Nagpur,break,0.3,0.1,0.6,0.82,0.82,3.08,0.0803,0.0006,0.0
2025-08-05,Bhopal,break,0.4,1.6,3.2,5.68,5.68,4.82,0.1487,0.0016,0.0001
2025-08-05,Raipur,break,0.2,0.2,0.8,1.1,1.1,3.33,0.0857,0.0006,0.0001
2025-08-05,Jabalpur,break,0.4,0.5,1.5,2.5,2.5,4.54,0.1008,0.0008,0.0001
2025-08-05,Akola,break,0.0,0.0,0.0,0.0,0.0,1.31,0.0748,0.0005,0.0
2025-08-05,Amravati,break,0.6,0.0,0.0,0.0,0.0,1.31,0.0748,0.0005,0.0
2025-08-05,Aurangabad,break,0.6,0.0,0.0,0.0,0.0,1.31,0.0748,0.0005,0.0
2025-08-05,Bhubaneswar,break,4.2,2.5,4.7,9.43,9.43,5.29,0.1817,0.0022,0.0002
2025-08-05,Mumbai,coastal,4.3,1.0,2.3,3.8,3.8,5.11,0.1296,0.0019,0.0002
2025-08-05,Thiruvananthapuram,coastal,3.4,33.5,42.11,56.71,56.71,15.62,0.5964,0.0492,0.0055
2025-08-05,Kochi,depression,15.0,89.2,89.1,89.1,100.16,33.54,0.8522,0.2225,0.0095
2025-08-05,Mangaluru,coastal,42.4,20.5,25.2,28.1,28.1,14.11,0.5023,0.029,0.0033
2025-08-05,Panaji,coastal,8.0,8.1,11.7,14.3,14.3,9.87,0.3355,0.0108,0.0013
2025-08-05,Chennai,coastal,4.0,13.5,17.6,20.9,20.9,16.59,0.4236,0.0185,0.0021
2025-08-05,Visakhapatnam,coastal,0.1,0.1,0.6,1.1,1.1,4.36,0.0842,0.0009,0.0001
2025-08-05,Puri,coastal,1.5,2.5,4.7,6.7,6.7,6.37,0.1894,0.0036,0.0004
2025-08-05,Kolkata,coastal,17.7,4.2,7.0,9.9,9.9,9.34,0.2433,0.0057,0.0007
2025-08-05,Surat,coastal,2.3,3.2,5.6,8.3,8.3,8.49,0.213,0.0044,0.0005
2025-08-05,Mahabaleshwar,orographic,3.8,1.9,3.6,2.12,2.12,6.53,0.1468,0.0076,0.0017
2025-08-05,Munnar,orographic,9.3,22.0,26.6,30.13,30.13,24.96,0.4773,0.0785,0.0172
2025-08-05,Madikeri,orographic,76.9,13.3,17.3,17.1,17.1,19.03,0.3837,0.0467,0.0102
2025-08-05,Ooty,orographic,15.6,41.9,53.31,69.49,69.49,31.4,0.6015,0.1498,0.034
2025-08-05,Lonavala,orographic,8.4,2.0,3.8,2.3,2.3,7.18,0.1503,0.0079,0.0018
2025-08-05,Wayanad,orographic,17.8,21.0,25.6,28.8,28.8,17.63,0.4684,0.0749,0.0164
2025-08-05,Shimla,orographic,9.4,27.8,34.51,43.7,43.7,9.4,0.5226,0.0997,0.0221
2025-08-05,Dehradun,orographic,16.1,27.0,33.26,42.2,42.2,10.81,0.5169,0.0968,0.0214
2025-08-05,Srinagar,orographic,0.1,6.7,10.0,8.7,8.7,5.84,0.2744,0.0233,0.0051
2025-08-05,Gangtok,orographic,2.4,8.6,12.2,10.7,10.7,8.08,0.3111,0.0299,0.0066
2025-08-05,Guwahati,orographic,7.6,10.5,14.3,13.3,13.3,9.88,0.3431,0.0366,0.008
2025-08-05,Cherrapunji,orographic,13.4,21.9,26.41,29.9,29.9,16.77,0.4765,0.0782,0.0172
2025-08-05,Imphal,orographic,1.3,0.9,2.2,1.0,1.0,3.35,0.1091,0.0046,0.0011
2025-08-05,Agartala,orographic,14.9,10.1,13.8,12.8,12.8,11.36,0.3367,0.0352,0.0077
2025-08-05,Lucknow,break,6.7,8.1,11.7,15.74,15.74,10.84,0.3241,0.0067,0.0005
2025-08-05,Patna,break,0.4,19.9,24.7,28.83,28.83,13.36,0.4838,0.0174,0.0013
2025-08-05,Varanasi,break,6.8,1.5,3.1,5.49,5.49,6.08,0.1448,0.0015,0.0001
2025-08-05,Delhi,break,8.3,13.4,17.4,21.18,21.18,8.56,0.4097,0.0114,0.0009
2025-08-05,Kanpur,break,3.5,12.2,16.1,20.3,20.3,12.6,0.3929,0.0103,0.0008
2025-08-05,Ranchi,break,2.4,29.6,36.7,38.61,38.61,13.84,0.5603,0.0269,0.002
2025-08-05,Jodhpur,break,0.0,0.0,0.0,0.0,0.0,0.44,0.0748,0.0005,0.0
2025-08-05,Bikaner,break,0.0,0.0,0.0,0.0,0.0,0.44,0.0748,0.0005,0.0
2025-08-05,Jaisalmer,break,0.0,0.0,0.0,0.0,0.0,0.44,0.0748,0.0005,0.0
2025-08-05,Hyderabad,break,6.6,16.5,20.92,23.61,23.61,8.4,0.4482,0.0142,0.0011
2025-08-05,Bengaluru,break,15.3,27.8,34.51,32.43,32.43,12.04,0.5482,0.0251,0.0019
2025-08-05,Pune,break,4.6,0.8,2.0,3.4,3.4,4.09,0.115,0.001,0.0001
2025-08-05,Kurnool,break,4.9,12.7,16.7,20.92,20.92,7.5,0.4,0.0107,0.0008
2025-08-05,Madurai,break,9.2,3.6,6.0,10.93,10.93,5.38,0.2167,0.003,0.0002
2025-08-06,Nagpur,normal,0.8,0.3,1.0,1.0,1.3,2.84,0.0681,0.0006,0.0001
2025-08-06,Bhopal,normal,0.0,0.6,1.7,1.7,2.9,4.11,0.0795,0.0008,0.0001
2025-08-06,Raipur,normal,2.6,0.0,0.0,0.0,0.0,1.91,0.0558,0.0005,0.0001
2025-08-06,Jabalpur,normal,0.2,0.7,1.9,2.0,3.2,3.95,0.0831,0.0009,0.0001
2025-08-06,Akola,normal,0.2,0.0,0.0,0.0,0.0,1.15,0.0558,0.0005,0.0001
2025-08-06,Amravati,normal,0.4,0.0,0.0,0.0,0.0,1.15,0.0558,0.0005,0.0001
2025-08-06,Aurangabad,normal,1.8,0.0,0.0,0.0,0.0,1.15,0.0558,0.0005,0.0001
2025-08-06,Bhubaneswar,normal,6.8,12.5,16.5,16.6,20.92,9.89,0.325,0.0095,0.0011
2025-08-06,Mumbai,coastal,1.2,2.0,3.8,5.75,5.75,5.1,0.1711,0.003,0.0004
2025-08-06,Thiruvananthapuram,coastal,0.1,8.3,11.9,14.33,14.33,12.61,0.3394,0.0111,0.0013
2025-08-06,Kochi,depression,1.6,71.5,80.61,80.61,98.7,36.59,0.8287,0.1816,0.0075
2025-08-06,Mangaluru,coastal,32.0,19.9,24.7,27.36,27.36,14.58,0.4966,0.0281,0.0032
2025-08-06,Panaji,coastal,64.6,3.3,5.8,8.6,8.6,8.42,0.2162,0.0046,0.0005
2025-08-06,Chennai,coastal,2.1,2.4,4.5,6.4,6.4,7.28,0.1859,0.0035,0.0004
2025-08-06,Visakhapatnam,coastal,1.0,1.1,2.5,4.1,4.1,3.66,0.1341,0.002,0.0002
2025-08-06,Puri,coastal,1.1,11.6,15.52,18.72,18.72,10.69,0.3962,0.0158,0.0018
2025-08-06,Kolkata,coastal,17.7,16.8,21.3,24.2,24.2,12.41,0.4643,0.0234,0.0026
2025-08-06,Surat,coastal,0.7,1.7,3.4,5.4,5.4,5.01,0.1594,0.0027,0.0003
2025-08-06,Mahabaleshwar,orographic,7.1,1.8,3.5,2.0,2.0,5.48,0.1433,0.0073,0.0017
2025-08-06,Munnar,orographic,1.3,18.7,23.3,25.6,25.6,18.97,0.4463,0.0664,0.0145
2025-08-06,Madikeri,orographic,3.9,3.8,6.3,4.7,4.7,10.3,0.2053,0.0135,0.003
2025-08-06,Ooty,orographic,5.3,24.2,29.0,35.3,35.3,24.8,0.4957,0.0866,0.0191
2025-08-06,Lonavala,orographic,7.5,0.9,2.2,1.0,1.0,4.76,0.1091,0.0046,0.0011
2025-08-06,Wayanad,orographic,0.5,8.2,11.9,10.5,10.5,14.34,0.3038,0.0285,0.0063
2025-08-06,Shimla,orographic,14.5,11.4,15.3,14.33,14.33,8.09,0.357,0.0398,0.0087
2025-08-06,Dehradun,orographic,16.7,5.1,8.1,6.55,6.55,7.14,0.2386,0.0178,0.004
2025-08-06,Srinagar,orographic,0.0,6.1,9.4,8.0,8.0,6.65,0.2615,0.0212,0.0047
2025-08-06,Gangtok,orographic,15.1,5.6,8.7,7.1,7.1,6.2,0.2503,0.0195,0.0043
2025-08-06,Guwahati,orographic,0.9,3.3,5.7,3.9,3.9,6.67,0.1912,0.0119,0.0027
2025-08-06,Cherrapunji,orographic,7.5,5.4,8.5,6.9,6.9,8.8,0.2457,0.0188,0.0042
2025-08-06,Imphal,orographic,0.0,8.9,12.58,11.2,11.2,5.43,0.3165,0.0309,0.0068
2025-08-06,Agartala,orographic,26.7,14.8,19.2,19.47,19.47,9.36,0.4029,0.0522,0.0114
2025-08-06,Lucknow,normal,18.9,6.0,9.2,9.13,12.15,8.51,0.2209,0.0044,0.0006
2025-08-06,Patna,normal,1.1,0.6,1.7,1.7,2.9,4.12,0.0795,0.0008,0.0001
2025-08-06,Varanasi,normal,1.3,0.6,1.6,1.6,2.9,2.62,0.0795,0.0008,0.0001
2025-08-06,Delhi,normal,0.5,0.6,1.7,1.7,2.9,3.62,0.0795,0.0008,0.0001
2025-08-06,Kanpur,normal,4.3,3.5,5.9,6.1,10.55,7.27,0.1657,0.0027,0.0003
2025-08-06,Ranchi,normal,8.0,13.9,18.1,18.5,22.9,11.34,0.3427,0.0106,0.0013
2025-08-06,Jodhpur,normal,0.0,0.0,0.0,0.0,0.0,0.4,0.0558,0.0005,0.0001
2025-08-06,Bikaner,normal,0.0,0.0,0.0,0.0,0.0,0.4,0.0558,0.0005,0.0001
2025-08-06,Jaisalmer,normal,0.0,0.0,0.0,0.0,0.0,0.4,0.0558,0.0005,0.0001
2025-08-06,Hyderabad,normal,7.0,7.7,11.2,11.4,14.96,8.46,0.2526,0.0057,0.0007
2025-08-06,Bengaluru,normal,1.4,25.5,30.51,29.6,31.34,10.72,0.4533,0.0206,0.0024
2025-08-06,Pune,normal,2.9,0.3,1.0,1.0,1.3,3.17,0.0681,0.0006,0.0001
2025-08-06,Kurnool,normal,1.6,12.1,16.0,16.17,20.3,9.07,0.3197,0.0092,0.0011
2025-08-06,Madurai,normal,0.7,0.7,1.8,1.8,3.0,3.85,0.0831,0.0009,0.0001
2025-08-07,Nagpur,break,5.6,0.0,0.0,0.0,0.0,2.27,0.0748,0.0005,0.0
2025-08-07,Bhopal,break,0.2,3.9,6.5,10.98,6.69,6.2,0.2255,0.0033,0.0003
2025-08-07,Raipur,break,0.1,0.0,0.0,0.0,0.0,1.27,0.0748,0.0005,0.0
2025-08-07,Jabalpur,break,0.0,0.2,0.8,1.1,0.8,3.67,0.0857,0.0006,0.0001
2025-08-07,Akola,break,15.0,0.0,0.0,0.0,0.0,1.27,0.0748,0.0005,0.0
2025-08-07,Amravati,break,5.1,0.1,0.6,0.82,0.6,2.27,0.0803,0.0006,0.0
2025-08-07,Aurangabad,break,8.5,0.0,0.0,0.0,0.0,1.27,0.0748,0.0005,0.0
2025-08-07,Bhubaneswar,break,19.3,5.0,8.0,11.9,8.2,8.98,0.2553,0.0041,0.0003
2025-08-07,Mumbai,coastal,3.2,0.9,2.2,3.56,3.56,4.66,0.125,0.0018,0.0002
2025-08-07,Thiruvananthapuram,coastal,0.5,0.9,2.2,3.56,3.56,5.44,0.125,0.0018,0.0002
2025-08-07,Kochi,coastal,2.7,10.4,14.2,16.7,16.7,16.63,0.3771,0.0141,0.0016
2025-08-07,Mangaluru,coastal,5.7,3.9,6.5,9.4,9.4,10.27,0.2346,0.0053,0.0006
2025-08-07,Panaji,coastal,3.8,2.1,4.0,5.9,5.9,6.3,0.1749,0.0031,0.0004
2025-08-07,Chennai,coastal,8.7,5.4,8.5,10.9,10.9,7.99,0.2754,0.0072,0.0008
2025-08-07,Visakhapatnam,coastal,3.3,1.1,2.5,4.1,4.1,4.63,0.1341,0.002,0.0002
2025-08-07,Puri,coastal,11.0,4.0,6.7,9.6,9.6,8.86,0.2375,0.0054,0.0006
2025-08-07,Kolkata,coastal,14.3,14.5,18.9,22.31,22.31,15.5,0.4367,0.02,0.0023
2025-08-07,Surat,coastal,0.0,1.0,2.3,3.8,3.8,4.63,0.1296,0.0019,0.0002
2025-08-07,Mahabaleshwar,orographic,9.9,0.7,1.9,0.8,0.8,4.76,0.1007,0.0041,0.001
2025-08-07,Munnar,orographic,8.7,16.1,20.5,21.47,21.47,22.23,0.4183,0.0569,0.0124
2025-08-07,Madikeri,orographic,3.2,18.1,22.6,24.8,24.8,16.02,0.4402,0.0642,0.0141
2025-08-07,Ooty,orographic,4.2,30.9,38.36,50.2,50.2,25.81,0.5431,0.1109,0.0247
2025-08-07,Lonavala,orographic,4.1,1.1,2.5,1.2,1.2,5.02,0.1172,0.0052,0.0012
2025-08-07,Wayanad,orographic,0.7,11.9,15.8,15.28,15.28,17.77,0.3643,0.0416,0.0091
2025-08-07,Shimla,orographic,0.4,3.1,5.4,3.6,3.6,4.89,0.1854,0.0113,0.0025
2025-08-07,Dehradun,orographic,1.4,3.2,5.6,3.8,3.8,5.0,0.1883,0.0116,0.0026
2025-08-07,Srinagar,orographic,0.0,2.7,4.9,3.2,3.2,4.59,0.1732,0.01,0.0023
2025-08-07,Gangtok,orographic,7.6,13.2,17.3,17.08,17.08,7.63,0.3824,0.0463,0.0101
2025-08-07,Guwahati,orographic,10.1,9.5,13.3,12.0,12.0,7.61,0.3268,0.0331,0.0073
2025-08-07,Cherrapunji,orographic,20.1,7.6,11.1,9.8,9.8,8.39,0.2924,0.0264,0.0058
2025-08-07,Imphal,orographic,10.6,20.7,25.4,28.31,28.31,10.42,0.4656,0.0738,0.0162
2025-08-07,Agartala,orographic,8.0,10.5,14.3,13.3,13.3,11.1,0.3431,0.0366,0.008
2025-08-07,Lucknow,break,12.2,2.8,5.0,9.83,5.2,6.88,0.1917,0.0024,0.0002
2025-08-07,Patna,break,12.7,1.6,3.2,5.68,3.4,3.33,0.1487,0.0016,0.0001
2025-08-07,Varanasi,break,3.3,1.7,3.3,5.78,3.4,3.33,0.1526,0.0016,0.0001
2025-08-07,Delhi,break,0.0,0.0,0.0,0.0,0.0,1.16,0.0748,0.0005,0.0
2025-08-07,Kanpur,break,1.6,2.1,4.0,7.44,4.3,5.39,0.1676,0.0019,0.0002
2025-08-07,Ranchi,break,12.2,17.7,22.22,25.57,22.2,12.39,0.4614,0.0153,0.0012
2025-08-07,Jodhpur,break,0.0,0.0,0.0,0.0,0.0,0.48,0.0748,0.0005,0.0
2025-08-07,Bikaner,break,0.0,0.0,0.0,0.0,0.0,0.48,0.0748,0.0005,0.0
2025-08-07,Jaisalmer,break,0.0,0.0,0.0,0.0,0.0,0.48,0.0748,0.0005,0.0
2025-08-07,Hyderabad,break,23.7,31.8,39.3,38.61,37.26,11.9,0.574,0.0291,0.0022
2025-08-07,Bengaluru,break,2.1,14.1,18.4,22.9,18.86,10.56,0.419,0.012,0.0009
2025-08-07,Pune,break,4.3,0.0,0.0,0.0,0.0,1.97,0.0748,0.0005,0.0
2025-08-07,Kurnool,break,10.9,11.0,15.0,17.16,15.4,9.28,0.3747,0.0092,0.0007
2025-08-07,Madurai,break,1.1,4.0,6.7,11.33,6.9,5.09,0.2284,0.0033,0.0003
2025-08-08,Nagpur,normal,0.6,11.5,15.4,15.8,19.33,8.11,0.3115,0.0087,0.0011
2025-08-08,Bhopal,normal,3.1,3.8,6.3,6.5,10.93,7.35,0.173,0.0029,0.0004
2025-08-08,Raipur,normal,1.8,6.8,10.2,10.0,13.72,6.46,0.2363,0.005,0.0006
2025-08-08,Jabalpur,normal,3.0,7.3,10.7,10.8,14.18,6.71,0.2455,0.0054,0.0007
2025-08-08,Akola,normal,12.6,0.0,0.0,0.0,0.0,1.16,0.0558,0.0005,0.0001
2025-08-08,Amravati,normal,6.6,8.0,11.6,11.77,15.67,6.86,0.2578,0.0059,0.0007
2025-08-08,Aurangabad,normal,0.4,22.0,26.6,26.61,28.83,9.82,0.4252,0.0175,0.0021
2025-08-08,Bhubaneswar,normal,10.5,5.6,8.7,8.8,12.03,8.41,0.2129,0.0041,0.0005
2025-08-08,Mumbai,coastal,2.9,0.9,2.2,3.56,3.56,4.88,0.125,0.0018,0.0002
2025-08-08,Thiruvananthapuram,coastal,5.1,0.0,0.0,0.0,0.0,2.64,0.0785,0.0008,0.0001
2025-08-08,Kochi,coastal,3.6,1.2,2.7,4.3,4.3,5.79,0.1385,0.0021,0.0003
2025-08-08,Mangaluru,coastal,3.0,1.8,3.5,5.5,5.5,5.99,0.1634,0.0028,0.0003
2025-08-08,Panaji,coastal,10.8,3.2,5.6,8.3,8.3,7.17,0.213,0.0044,0.0005
2025-08-08,Chennai,coastal,23.1,12.7,16.7,19.9,19.9,13.46,0.4124,0.0173,0.002
2025-08-08,Visakhapatnam,coastal,11.5,44.7,57.7,72.23,72.23,15.92,0.6495,0.067,0.0076
2025-08-08,Puri,coastal,6.9,3.6,6.0,8.89,8.89,7.63,0.2256,0.0049,0.0006
2025-08-08,Kolkata,coastal,3.4,2.5,4.7,6.7,6.7,8.68,0.1894,0.0036,0.0004
2025-08-08,Surat,coastal,0.0,0.3,1.0,1.82,1.82,4.04,0.0952,0.0011,0.0001
2025-08-08,Mahabaleshwar,orographic,11.7,4.2,7.0,5.2,5.2,7.24,0.216,0.0149,0.0033
2025-08-08,Munnar,orographic,5.0,2.7,4.9,3.2,3.2,9.65,0.1732,0.01,0.0023
2025-08-08,Madikeri,orographic,8.8,3.4,5.9,4.1,4.1,9.82,0.1941,0.0123,0.0028
2025-08-08,Ooty,orographic,1.1,40.3,50.66,66.37,66.37,28.75,0.5941,0.1443,0.0326
2025-08-08,Lonavala,orographic,13.6,2.2,4.2,2.6,2.6,6.23,0.1571,0.0085,0.0019
2025-08-08,Wayanad,orographic,3.0,5.3,8.3,6.8,6.8,11.83,0.2434,0.0185,0.0041
2025-08-08,Shimla,orographic,17.6,3.4,5.8,4.1,4.1,3.54,0.1941,0.0123,0.0028
2025-08-08,Dehradun,orographic,17.0,11.9,15.8,15.28,15.28,6.22,0.3643,0.0416,0.0091
2025-08-08,Srinagar,orographic,0.0,5.3,8.3,6.8,6.8,4.65,0.2434,0.0185,0.0041
2025-08-08,Gangtok,orographic,25.4,67.8,80.0,97.51,97.51,11.81,0.6883,0.234,0.0563
2025-08-08,Guwahati,orographic,39.7,17.9,22.5,24.8,24.8,9.76,0.4381,0.0635,0.0139
2025-08-08,Cherrapunji,orographic,19.3,11.5,15.4,14.48,14.48,9.02,0.3584,0.0402,0.0088
2025-08-08,Imphal,orographic,12.8,17.6,22.2,24.13,24.13,9.85,0.4349,0.0624,0.0136
2025-08-08,Agartala,orographic,4.5,0.7,1.9,0.8,0.8,4.63,0.1007,0.0041,0.001
2025-08-08,Lucknow,normal,22.1,9.9,13.7,13.8,16.5,7.69,0.2884,0.0074,0.0009
2025-08-08,Patna,normal,29.0,5.1,8.2,8.4,11.9,5.38,0.2024,0.0038,0.0005
2025-08-08,Varanasi,normal,27.2,13.7,17.82,18.0,21.92,7.43,0.3402,0.0105,0.0013
2025-08-08,Delhi,normal,0.0,0.3,1.0,1.0,1.3,0.99,0.0681,0.0006,0.0001
2025-08-08,Kanpur,normal,7.4,7.9,11.5,11.67,15.48,6.36,0.256,0.0059,0.0007
2025-08-08,Ranchi,normal,12.4,14.7,19.1,19.5,22.9,9.15,0.3522,0.0113,0.0014
2025-08-08,Jodhpur,normal,0.0,0.0,0.0,0.0,0.0,0.42,0.0558,0.0005,0.0001
2025-08-08,Bikaner,normal,0.0,0.0,0.0,0.0,0.0,0.42,0.0558,0.0005,0.0001
2025-08-08,Jaisalmer,normal,0.0,0.0,0.0,0.0,0.0,0.42,0.0558,0.0005,0.0001
2025-08-08,Hyderabad,normal,3.9,28.2,35.0,33.5,35.42,9.49,0.4727,0.023,0.0027
2025-08-08,Bengaluru,normal,6.3,8.3,11.9,12.0,15.74,7.13,0.2628,0.0062,0.0008
2025-08-08,Pune,normal,6.0,1.3,2.7,2.9,4.3,2.95,0.1037,0.0012,0.0002
2025-08-08,Kurnool,normal,0.0,22.7,27.2,27.2,29.37,9.21,0.4311,0.0181,0.0021
2025-08-08,Madurai,normal,5.3,0.9,2.2,2.3,3.7,4.44,0.0902,0.001,0.0001
2025-08-09,Nagpur,normal,0.4,8.9,12.58,12.8,15.74,9.34,0.2727,0.0066,0.0008
2025-08-09,Bhopal,normal,2.9,6.2,9.5,9.5,12.45,8.36,0.2249,0.0046,0.0006
2025-08-09,Raipur,normal,0.3,6.8,10.2,10.0,13.72,8.02,0.2363,0.005,0.0006
2025-08-09,Jabalpur,normal,4.2,7.0,10.4,10.4,13.82,8.02,0.24,0.0052,0.0006
2025-08-09,Akola,normal,3.9,3.4,5.8,6.0,10.33,5.18,0.1632,0.0026,0.0003
2025-08-09,Amravati,normal,7.7,9.1,12.8,13.0,15.97,9.61,0.2759,0.0068,0.0008
2025-08-09,Aurangabad,normal,2.9,6.0,9.2,9.13,12.15,8.8,0.2209,0.0044,0.0006
2025-08-09,Bhubaneswar,normal,4.9,0.1,0.6,0.6,0.82,3.73,0.06,0.0005,0.0001
2025-08-09,Mumbai,coastal,1.6,1.5,3.1,5.0,5.0,4.32,0.1513,0.0024,0.0003
2025-08-09,Thiruvananthapuram,coastal,5.5,0.0,0.0,0.0,0.0,1.45,0.0785,0.0008,0.0001
2025-08-09,Kochi,coastal,10.7,2.5,4.7,6.7,6.7,5.85,0.1894,0.0036,0.0004
2025-08-09,Mangaluru,coastal,4.5,11.1,15.1,17.3,17.3,9.48,0.3884,0.015,0.0017
2025-08-09,Panaji,coastal,8.8,7.1,10.5,13.23,13.23,7.95,0.3149,0.0095,0.0011
2025-08-09,Chennai,coastal,8.0,9.0,12.7,14.92,14.92,10.65,0.3526,0.0121,0.0014
2025-08-09,Visakhapatnam,coastal,6.8,7.2,10.6,13.4,13.4,10.22,0.317,0.0096,0.0011
2025-08-09,Puri,coastal,5.0,0.0,0.0,0.0,0.0,2.59,0.0785,0.0008,0.0001
2025-08-09,Kolkata,coastal,6.9,3.0,5.3,8.0,8.0,6.47,0.2065,0.0042,0.0005
2025-08-09,Surat,coastal,1.5,0.8,2.0,3.21,3.21,4.03,0.1203,0.0017,0.0002
2025-08-09,Mahabaleshwar,orographic,7.7,6.3,9.6,8.2,8.2,9.8,0.2659,0.0219,0.0048
2025-08-09,Munnar,orographic,3.1,1.3,2.8,1.4,1.4,4.91,0.1249,0.0058,0.0013
2025-08-09,Madikeri,orographic,12.1,15.8,20.17,21.17,21.17,14.08,0.4149,0.0558,0.0122
2025-08-09,Ooty,orographic,9.6,5.5,8.64,7.0,7.0,11.79,0.248,0.0192,0.0043
2025-08-09,Lonavala,orographic,7.4,6.9,10.3,9.1,9.1,8.62,0.2785,0.024,0.0053
2025-08-09,Wayanad,orographic,11.9,0.8,2.0,0.9,0.9,5.22,0.1049,0.0044,0.001
2025-08-09,Shimla,orographic,2.4,9.8,13.6,12.3,12.3,5.07,0.3318,0.0341,0.0075
2025-08-09,Dehradun,orographic,0.2,15.2,19.5,20.4,20.4,6.37,0.4078,0.0536,0.0117
2025-08-09,Srinagar,orographic,0.0,0.6,1.7,0.7,0.7,1.95,0.0963,0.0038,0.0009
2025-08-09,Gangtok,orographic,12.3,1.9,3.6,2.12,2.12,3.58,0.1468,0.0076,0.0017
2025-08-09,Guwahati,orographic,10.3,26.8,32.9,41.5,41.5,10.05,0.5155,0.0961,0.0212
2025-08-09,Cherrapunji,orographic,11.1,11.0,15.0,13.9,13.9,7.6,0.3509,0.0384,0.0084
2025-08-09,Imphal,orographic,0.0,8.1,11.7,10.4,10.4,7.0,0.302,0.0281,0.0062
2025-08-09,Agartala,orographic,0.4,7.2,10.6,9.3,9.3,4.14,0.2846,0.025,0.0055
2025-08-09,Lucknow,normal,2.1,14.3,18.72,19.1,22.9,8.4,0.3475,0.011,0.0013
2025-08-09,Patna,normal,3.2,5.5,8.64,8.8,11.98,7.07,0.2108,0.0041,0.0005
2025-08-09,Varanasi,normal,0.1,3.8,6.3,6.5,10.93,5.84,0.173,0.0029,0.0004
2025-08-09,Delhi,normal,8.9,6.6,9.9,9.8,13.36,4.95,0.2326,0.0049,0.0006
2025-08-09,Kanpur,normal,9.5,37.2,46.8,44.21,40.74,11.35,0.5268,0.0312,0.0037
2025-08-09,Ranchi,normal,12.1,2.9,5.2,5.4,9.93,6.15,0.1504,0.0023,0.0003
2025-08-09,Jodhpur,normal,0.0,0.1,0.6,0.6,0.82,0.7,0.06,0.0005,0.0001
2025-08-09,Bikaner,normal,0.0,0.0,0.0,0.0,0.0,0.32,0.0558,0.0005,0.0001
2025-08-09,Jaisalmer,normal,0.0,0.0,0.0,0.0,0.0,0.32,0.0558,0.0005,0.0001
2025-08-09,Hyderabad,normal,5.4,9.0,12.7,12.87,15.84,7.23,0.2743,0.0067,0.0008
2025-08-09,Bengaluru,normal,7.5,15.7,20.1,20.41,23.33,8.27,0.3637,0.0121,0.0015
2025-08-09,Pune,normal,0.9,2.6,4.8,5.0,9.67,4.66,0.1423,0.0021,0.0003
2025-08-09,Kurnool,normal,0.9,7.7,11.2,11.4,14.96,6.8,0.2526,0.0057,0.0007
2025-08-09,Madurai,normal,18.5,2.3,4.4,4.7,8.07,4.38,0.134,0.0019,0.0002
2025-08-10,Nagpur,normal,0.9,7.5,11.0,11.12,14.78,9.02,0.249,0.0056,0.0007
2025-08-10,Bhopal,normal,10.2,26.5,32.4,31.3,32.43,12.55,0.4607,0.0215,0.0025
2025-08-10,Raipur,normal,0.3,0.9,2.1,2.2,3.6,4.83,0.0902,0.001,0.0001
2025-08-10,Jabalpur,normal,4.4,9.3,12.9,13.3,15.97,9.93,0.2791,0.0069,0.0008
2025-08-10,Akola,normal,0.7,1.4,2.9,3.1,5.28,4.94,0.1069,0.0013,0.0002
2025-08-10,Amravati,normal,1.7,23.4,28.0,27.71,29.37,12.54,0.4369,0.0187,0.0022
2025-08-10,Aurangabad,normal,2.1,2.9,5.1,5.34,9.93,7.01,0.1504,0.0023,0.0003
2025-08-10,Bhubaneswar,normal,5.7,0.5,1.5,1.5,2.5,3.36,0.0757,0.0007,0.0001
2025-08-10,Mumbai,coastal,3.2,1.1,2.5,4.1,4.1,4.82,0.1341,0.002,0.0002
2025-08-10,Thiruvananthapuram,coastal,3.5,0.0,0.0,0.0,0.0,1.74,0.0785,0.0008,0.0001
2025-08-10,Kochi,coastal,12.9,2.7,4.9,7.3,7.3,7.09,0.1964,0.0038,0.0005
2025-08-10,Mangaluru,coastal,9.6,5.8,9.0,11.3,11.3,9.49,0.2853,0.0077,0.0009
2025-08-10,Panaji,coastal,4.9,6.2,9.5,11.8,11.8,9.34,0.2948,0.0083,0.001
2025-08-10,Chennai,coastal,9.6,0.1,0.6,1.1,1.1,4.0,0.0842,0.0009,0.0001
2025-08-10,Visakhapatnam,coastal,2.9,3.4,5.8,8.69,8.69,8.05,0.2194,0.0047,0.0006
2025-08-10,Puri,coastal,0.3,0.0,0.0,0.0,0.0,1.74,0.0785,0.0008,0.0001
2025-08-10,Kolkata,coastal,0.3,1.2,2.7,4.3,4.3,5.25,0.1385,0.0021,0.0003
2025-08-10,Surat,coastal,11.6,1.3,2.8,4.6,4.6,4.82,0.1428,0.0022,0.0003
2025-08-10,Mahabaleshwar,orographic,7.1,2.4,4.5,2.9,2.9,7.41,0.1636,0.0091,0.0021
2025-08-10,Munnar,orographic,4.2,1.3,2.7,1.4,1.4,4.87,0.1249,0.0058,0.0013
2025-08-10,Madikeri,orographic,3.5,3.8,6.3,4.7,4.7,9.33,0.2053,0.0135,0.003
2025-08-10,Ooty,orographic,3.6,2.7,4.9,3.2,3.2,8.43,0.1732,0.01,0.0023
2025-08-10,Lonavala,orographic,13.8,2.4,4.5,2.9,2.9,7.04,0.1636,0.0091,0.0021
2025-08-10,Wayanad,orographic,2.9,1.0,2.3,1.1,1.1,4.87,0.1131,0.0049,0.0011
2025-08-10,Shimla,orographic,6.6,5.8,9.0,7.5,7.5,6.04,0.2549,0.0202,0.0045
2025-08-10,Dehradun,orographic,7.8,3.1,5.4,3.6,3.6,4.4,0.1854,0.0113,0.0025
2025-08-10,Srinagar,orographic,0.0,0.0,0.0,0.0,0.0,0.5,0.068,0.0022,0.0005
2025-08-10,Gangtok,orographic,22.5,4.9,7.9,6.1,6.1,2.64,0.2338,0.0172,0.0038
2025-08-10,Guwahati,orographic,1.7,23.0,27.4,32.31,32.31,10.58,0.4859,0.0822,0.0181
2025-08-10,Cherrapunji,orographic,6.7,11.0,15.0,13.9,13.9,8.14,0.3509,0.0384,0.0084
2025-08-10,Imphal,orographic,0.0,0.3,1.0,0.2,0.2,3.35,0.0827,0.003,0.0007
2025-08-10,Agartala,orographic,0.5,11.4,15.3,14.33,14.33,8.34,0.357,0.0398,0.0087
2025-08-10,Lucknow,normal,3.3,4.2,7.0,7.2,11.48,6.55,0.1825,0.0031,0.0004
2025-08-10,Patna,normal,1.6,5.2,8.2,8.5,11.9,7.3,0.2046,0.0039,0.0005
2025-08-10,Varanasi,normal,3.3,0.2,0.8,0.8,1.1,1.98,0.0641,0.0006,0.0001
2025-08-10,Delhi,normal,1.7,6.9,10.3,10.2,13.82,7.32,0.2382,0.0051,0.0006
2025-08-10,Kanpur,normal,2.8,2.9,5.1,5.34,9.93,6.33,0.1504,0.0023,0.0003
2025-08-10,Ranchi,normal,2.8,4.0,6.7,6.9,11.33,5.69,0.1778,0.003,0.0004
2025-08-10,Jodhpur,normal,0.0,1.3,2.8,3.0,4.49,1.87,0.1037,0.0012,0.0002
2025-08-10,Bikaner,normal,0.1,0.1,0.6,0.6,0.82,0.73,0.06,0.0005,0.0001
2025-08-10,Jaisalmer,normal,0.0,0.0,0.0,0.0,0.0,0.36,0.0558,0.0005,0.0001
2025-08-10,Hyderabad,normal,15.0,10.7,14.7,15.07,17.16,7.74,0.3002,0.008,0.001
2025-08-10,Bengaluru,normal,12.9,3.9,6.5,6.69,10.98,6.42,0.1754,0.0029,0.0004
2025-08-10,Pune,normal,2.9,0.7,1.8,1.8,3.0,3.9,0.0831,0.0009,0.0001
2025-08-10,Kurnool,normal,7.9,1.0,2.3,2.5,3.8,4.28,0.0937,0.001,0.0001
2025-08-10,Madurai,normal,6.9,0.4,1.2,1.2,1.8,3.3,0.0719,0.0007,0.0001
2025-08-11,Nagpur,normal,4.1,8.0,11.6,11.77,15.67,8.65,0.2578,0.0059,0.0007
2025-08-11,Bhopal,normal,0.9,14.5,18.9,19.4,22.9,10.32,0.3499,0.0111,0.0013
2025-08-11,Raipur,normal,0.9,0.2,0.8,0.8,1.1,3.5,0.0641,0.0006,0.0001
2025-08-11,Jabalpur,normal,17.6,24.7,29.5,28.91,29.37,12.09,0.4472,0.0199,0.0023
2025-08-11,Akola,normal,0.4,1.2,2.6,2.9,4.2,4.26,0.1004,0.0012,0.0002
2025-08-11,Amravati,normal,1.8,5.4,8.5,8.7,11.9,8.41,0.2088,0.004,0.0005
2025-08-11,Aurangabad,normal,2.4,1.0,2.3,2.5,3.8,4.71,0.0937,0.001,0.0001
2025-08-11,Bhubaneswar,normal,5.8,0.3,1.0,1.0,1.3,3.31,0.0681,0.0006,0.0001
2025-08-11,Mumbai,coastal,4.3,2.0,3.8,5.75,5.75,4.98,0.1711,0.003,0.0004
2025-08-11,Thiruvananthapuram,coastal,4.2,0.0,0.0,0.0,0.0,1.48,0.0785,0.0008,0.0001
2025-08-11,Kochi,coastal,17.6,0.3,1.0,1.82,1.82,3.82,0.0952,0.0011,0.0001
2025-08-11,Mangaluru,coastal,2.4,7.2,10.6,13.4,13.4,9.12,0.317,0.0096,0.0011
2025-08-11,Panaji,coastal,4.0,2.5,4.7,6.7,6.7,7.62,0.1894,0.0036,0.0004
2025-08-11,Chennai,coastal,10.0,0.0,0.0,0.0,0.0,1.81,0.0785,0.0008,0.0001
2025-08-11,Visakhapatnam,coastal,4.2,2.4,4.5,6.4,6.4,5.9,0.1859,0.0035,0.0004
2025-08-11,Puri,coastal,7.0,0.0,0.0,0.0,0.0,1.48,0.0785,0.0008,0.0001
2025-08-11,Kolkata,coastal,7.2,0.4,1.2,2.1,2.1,3.64,0.1005,0.0012,0.0002
2025-08-11,Surat,coastal,1.9,0.0,0.0,0.0,0.0,2.34,0.0785,0.0008,0.0001
2025-08-11,Mahabaleshwar,orographic,12.3,3.4,5.8,4.1,4.1,6.98,0.1941,0.0123,0.0028
2025-08-11,Munnar,orographic,2.4,1.7,3.3,1.9,1.9,4.52,0.1398,0.007,0.0016
2025-08-11,Madikeri,orographic,2.8,0.5,1.5,0.5,0.5,4.41,0.0919,0.0035,0.0008
2025-08-11,Ooty,orographic,0.4,4.0,6.7,5.0,5.0,7.55,0.2107,0.0142,0.0032
2025-08-11,Lonavala,orographic,8.4,0.6,1.7,0.7,0.7,4.22,0.0963,0.0038,0.0009
2025-08-11,Wayanad,orographic,1.1,0.7,1.8,0.7,0.7,4.21,0.1007,0.0041,0.001
2025-08-11,Shimla,orographic,23.1,10.1,13.8,12.8,12.8,6.15,0.3367,0.0352,0.0077
2025-08-11,Dehradun,orographic,35.2,4.4,7.2,5.4,5.4,3.19,0.2212,0.0155,0.0035
2025-08-11,Srinagar,orographic,0.0,0.2,0.8,0.1,0.1,0.53,0.0779,0.0027,0.0006
2025-08-11,Gangtok,orographic,25.7,2.8,5.0,3.3,3.3,3.35,0.1763,0.0104,0.0023
2025-08-11,Guwahati,orographic,9.7,5.5,8.64,7.0,7.0,6.92,0.248,0.0192,0.0043
2025-08-11,Cherrapunji,orographic,15.6,4.1,6.9,5.2,5.2,5.92,0.2134,0.0145,0.0032
2025-08-11,Imphal,orographic,0.2,3.6,6.0,4.3,4.3,3.64,0.1998,0.0129,0.0029
2025-08-11,Agartala,orographic,0.9,3.2,5.6,3.8,3.8,5.92,0.1883,0.0116,0.0026
2025-08-11,Lucknow,normal,11.9,6.4,9.7,9.6,12.69,6.83,0.2287,0.0047,0.0006
2025-08-11,Patna,normal,3.1,4.3,7.1,7.4,11.48,6.1,0.1848,0.0032,0.0004
2025-08-11,Varanasi,normal,6.7,0.0,0.0,0.0,0.0,0.76,0.0558,0.0005,0.0001
2025-08-11,Delhi,normal,1.6,2.3,4.3,4.6,7.87,4.54,0.134,0.0019,0.0002
2025-08-11,Kanpur,normal,17.8,9.9,13.7,13.8,16.5,7.31,0.2884,0.0074,0.0009
2025-08-11,Ranchi,normal,2.4,15.2,19.5,19.9,22.94,8.25,0.358,0.0117,0.0014
2025-08-11,Jodhpur,normal,0.0,0.0,0.0,0.0,0.0,0.9,0.0558,0.0005,0.0001
2025-08-11,Bikaner,normal,0.0,0.0,0.0,0.0,0.0,0.62,0.0558,0.0005,0.0001
2025-08-11,Jaisalmer,normal,0.0,0.0,0.0,0.0,0.0,0.32,0.0558,0.0005,0.0001
2025-08-11,Hyderabad,normal,9.7,13.4,17.4,17.81,21.18,8.09,0.3365,0.0102,0.0012
2025-08-11,Bengaluru,normal,7.5,0.7,1.9,2.0,3.2,3.78,0.0831,0.0009,0.0001
2025-08-11,Pune,normal,1.1,1.3,2.8,3.0,4.49,3.74,0.1037,0.0012,0.0002
2025-08-11,Kurnool,normal,6.8,4.5,7.3,7.68,11.73,4.91,0.1893,0.0034,0.0004
2025-08-11,Madurai,normal,1.0,0.0,0.0,0.0,0.0,1.78,0.0558,0.0005,0.0001
2025-08-12,Nagpur,normal,3.1,12.1,16.0,16.17,20.3,10.96,0.3197,0.0092,0.0011
2025-08-12,Bhopal,normal,0.5,13.0,17.1,17.11,21.02,11.07,0.3315,0.0099,0.0012
2025-08-12,Raipur,normal,8.5,11.7,15.67,16.0,19.5,8.45,0.3143,0.0088,0.0011
2025-08-12,Jabalpur,normal,21.1,13.9,18.1,18.5,22.9,10.91,0.3427,0.0106,0.0013
2025-08-12,Akola,normal,0.3,0.0,0.0,0.0,0.0,2.47,0.0558,0.0005,0.0001
2025-08-12,Amravati,normal,0.6,3.1,5.4,5.69,10.23,7.15,0.1556,0.0024,0.0003
2025-08-12,Aurangabad,normal,1.4,0.0,0.0,0.0,0.0,2.47,0.0558,0.0005,0.0001
2025-08-12,Bhubaneswar,normal,9.2,2.6,4.8,5.0,9.67,5.95,0.1423,0.0021,0.0003
2025-08-12,Mumbai,coastal,5.0,1.8,3.5,5.5,5.5,5.49,0.1634,0.0028,0.0003
2025-08-12,Thiruvananthapuram,coastal,18.5,0.0,0.0,0.0,0.0,1.67,0.0785,0.0008,0.0001
2025-08-12,Kochi,coastal,15.0,1.4,2.9,4.7,4.7,4.62,0.1471,0.0023,0.0003
2025-08-12,Mangaluru,coastal,6.4,4.1,6.8,9.64,9.64,8.25,0.2404,0.0056,0.0007
2025-08-12,Panaji,coastal,11.7,1.9,3.6,5.6,5.6,5.96,0.1673,0.0029,0.0003
2025-08-12,Chennai,coastal,31.6,0.0,0.0,0.0,0.0,1.67,0.0785,0.0008,0.0001
2025-08-12,Visakhapatnam,coastal,2.3,1.5,3.1,5.0,5.0,5.14,0.1513,0.0024,0.0003
2025-08-12,Puri,coastal,1.1,3.5,5.9,8.79,8.79,5.83,0.2225,0.0048,0.0006
2025-08-12,Kolkata,coastal,6.2,6.6,9.9,12.4,12.4,6.85,0.3039,0.0088,0.001
2025-08-12,Surat,coastal,1.7,0.6,1.7,2.7,2.7,3.23,0.1106,0.0014,0.0002
2025-08-12,Mahabaleshwar,orographic,16.3,1.9,3.6,2.12,2.12,6.07,0.1468,0.0076,0.0017
2025-08-12,Munnar,orographic,6.9,1.5,3.1,1.7,1.7,4.8,0.1325,0.0064,0.0015
2025-08-12,Madikeri,orographic,10.4,4.4,7.2,5.4,5.4,6.61,0.2212,0.0155,0.0035
2025-08-12,Ooty,orographic,1.9,3.3,5.7,3.9,3.9,7.99,0.1912,0.0119,0.0027
2025-08-12,Lonavala,orographic,11.5,1.8,3.5,2.0,2.0,5.25,0.1433,0.0073,0.0017
2025-08-12,Wayanad,orographic,3.9,3.3,5.7,3.9,3.9,6.67,0.1912,0.0119,0.0027
2025-08-12,Shimla,orographic,19.5,2.2,4.2,2.6,2.6,3.29,0.1571,0.0085,0.0019
2025-08-12,Dehradun,orographic,2.3,7.7,11.2,10.0,10.0,5.19,0.2944,0.0267,0.0059
2025-08-12,Srinagar,orographic,0.6,0.0,0.0,0.0,0.0,0.46,0.068,0.0022,0.0005
2025-08-12,Gangtok,orographic,17.7,14.1,18.4,18.32,18.32,5.87,0.3942,0.0496,0.0108
2025-08-12,Guwahati,orographic,64.9,5.2,8.2,6.65,6.65,7.39,0.241,0.0182,0.004
2025-08-12,Cherrapunji,orographic,9.4,6.3,9.6,8.2,8.2,6.51,0.2659,0.0219,0.0048
2025-08-12,Imphal,orographic,10.5,1.8,3.5,2.0,2.0,4.3,0.1433,0.0073,0.0017
2025-08-12,Agartala,orographic,0.6,10.2,14.0,12.88,12.88,7.01,0.3384,0.0355,0.0078
2025-08-12,Lucknow,normal,3.8,5.7,8.9,8.93,12.1,7.97,0.2149,0.0042,0.0005
2025-08-12,Patna,normal,19.4,9.0,12.7,12.87,15.84,7.84,0.2743,0.0067,0.0008
2025-08-12,Varanasi,normal,2.4,2.0,3.8,4.05,6.98,2.85,0.1253,0.0017,0.0002
2025-08-12,Delhi,normal,3.9,0.0,0.0,0.0,0.0,1.17,0.0558,0.0005,0.0001
2025-08-12,Kanpur,normal,0.9,2.8,5.0,5.2,9.83,5.71,0.1477,0.0022,0.0003
2025-08-12,Ranchi,normal,2.4,18.8,23.4,24.02,27.48,9.43,0.396,0.0148,0.0018
2025-08-12,Jodhpur,normal,0.0,0.0,0.0,0.0,0.0,0.37,0.0558,0.0005,0.0001
2025-08-12,Bikaner,normal,0.6,0.0,0.0,0.0,0.0,0.37,0.0558,0.0005,0.0001
2025-08-12,Jaisalmer,normal,0.0,0.0,0.0,0.0,0.0,0.37,0.0558,0.0005,0.0001
2025-08-12,Hyderabad,normal,4.4,2.6,4.8,5.0,9.67,6.37,0.1423,0.0021,0.0003
2025-08-12,Bengaluru,normal,5.9,0.2,0.8,0.8,1.1,3.36,0.0641,0.0006,0.0001
2025-08-12,Pune,normal,2.8,1.2,2.6,2.9,4.2,4.21,0.1004,0.0012,0.0002
2025-08-12,Kurnool,normal,5.2,1.4,2.9,3.1,5.28,4.61,0.1069,0.0013,0.0002
2025-08-12,Madurai,normal,0.6,0.0,0.0,0.0,0.0,1.04,0.0558,0.0005,0.0001
2025-08-13,Nagpur,depression,20.0,47.9,61.1,61.1,61.3,23.59,0.7788,0.123,0.0048
2025-08-13,Bhopal,normal,1.5,1.6,3.2,3.4,3.4,7.07,0.1132,0.0014,0.0002
2025-08-13,Raipur,normal,23.3,23.1,27.5,27.46,27.46,15.78,0.4344,0.0185,0.0022
2025-08-13,Jabalpur,normal,18.6,9.3,12.9,13.3,13.3,12.41,0.2791,0.0069,0.0008
2025-08-13,Akola,normal,12.0,0.0,0.0,0.0,0.0,2.25,0.0558,0.0005,0.0001
2025-08-13,Amravati,normal,23.3,1.3,2.8,3.0,3.0,6.31,0.1037,0.0012,0.0002
2025-08-13,Aurangabad,normal,1.9,1.1,2.5,2.7,2.7,4.59,0.097,0.0011,0.0001
2025-08-13,Bhubaneswar,normal,11.0,0.9,2.1,2.2,2.2,6.67,0.0902,0.001,0.0001
2025-08-13,Mumbai,coastal,15.4,7.8,11.4,13.88,13.88,8.8,0.3295,0.0104,0.0012
2025-08-13,Thiruvananthapuram,coastal,7.5,0.0,0.0,0.0,0.0,2.89,0.0785,0.0008,0.0001
2025-08-13,Kochi,coastal,11.2,2.6,4.8,6.89,6.89,7.51,0.193,0.0037,0.0004
2025-08-13,Mangaluru,coastal,28.6,16.7,21.2,23.85,23.85,13.97,0.4632,0.0232,0.0026
2025-08-13,Panaji,coastal,20.9,31.6,39.0,53.31,53.31,18.98,0.5853,0.0462,0.0052
2025-08-13,Chennai,coastal,2.0,0.5,1.5,2.4,2.4,4.45,0.1056,0.0013,0.0002
2025-08-13,Visakhapatnam,coastal,9.4,8.9,12.58,14.9,14.9,9.79,0.3508,0.0119,0.0014
2025-08-13,Puri,coastal,0.7,1.8,3.5,5.5,5.5,6.96,0.1634,0.0028,0.0003
2025-08-13,Kolkata,coastal,15.4,1.9,3.6,5.6,5.6,7.86,0.1673,0.0029,0.0003
2025-08-13,Surat,coastal,3.0,1.1,2.5,4.1,4.1,5.78,0.1341,0.002,0.0002
2025-08-13,Mahabaleshwar,orographic,12.1,3.3,5.8,3.9,3.9,9.24,0.1912,0.0119,0.0027
2025-08-13,Munnar,orographic,20.6,3.6,6.0,4.3,4.3,9.09,0.1998,0.0129,0.0029
2025-08-13,Madikeri,orographic,18.7,8.7,12.3,10.94,10.94,15.43,0.3129,0.0302,0.0066
2025-08-13,Ooty,orographic,0.5,3.8,6.3,4.7,4.7,10.59,0.2053,0.0135,0.003
2025-08-13,Lonavala,orographic,10.5,5.7,8.9,7.3,7.3,11.78,0.2526,0.0199,0.0044
2025-08-13,Wayanad,orographic,8.3,3.9,6.5,4.8,4.8,10.59,0.208,0.0139,0.0031
2025-08-13,Shimla,orographic,2.8,1.1,2.5,1.2,1.2,1.89,0.1172,0.0052,0.0012
2025-08-13,Dehradun,orographic,1.3,4.8,7.7,5.85,5.85,4.38,0.2313,0.0168,0.0037
2025-08-13,Srinagar,orographic,8.4,3.0,5.3,3.5,3.5,2.72,0.1824,0.011,0.0025
2025-08-13,Gangtok,orographic,76.2,44.9,57.9,74.74,74.74,10.79,0.6145,0.1601,0.0366
2025-08-13,Guwahati,orographic,37.3,31.8,39.3,51.76,51.76,17.14,0.5487,0.1142,0.0254
2025-08-13,Cherrapunji,orographic,14.0,9.2,12.8,11.4,11.4,10.6,0.3217,0.032,0.007
2025-08-13,Imphal,orographic,14.9,5.5,8.64,7.0,7.0,6.33,0.248,0.0192,0.0043
2025-08-13,Agartala,orographic,30.3,6.9,10.3,9.1,9.1,9.14,0.2785,0.024,0.0053
2025-08-13,Lucknow,normal,12.7,3.7,6.2,6.39,6.39,6.93,0.1706,0.0028,0.0004
2025-08-13,Patna,normal,30.7,10.8,14.7,15.12,15.12,8.77,0.3017,0.0081,0.001
2025-08-13,Varanasi,normal,39.9,1.9,3.6,3.9,3.9,4.18,0.1224,0.0016,0.0002
2025-08-13,Delhi,normal,0.0,0.0,0.0,0.0,0.0,1.36,0.0558,0.0005,0.0001
2025-08-13,Kanpur,normal,17.1,3.5,5.9,6.1,6.1,6.25,0.1657,0.0027,0.0003
2025-08-13,Ranchi,normal,4.6,31.9,39.36,38.31,38.31,13.2,0.4967,0.0263,0.0031
2025-08-13,Jodhpur,normal,0.0,0.1,0.6,0.6,0.6,1.29,0.06,0.0005,0.0001
2025-08-13,Bikaner,normal,0.0,0.0,0.0,0.0,0.0,0.91,0.0558,0.0005,0.0001
2025-08-13,Jaisalmer,normal,0.0,0.0,0.0,0.0,0.0,0.91,0.0558,0.0005,0.0001
2025-08-13,Hyderabad,normal,11.8,3.5,5.9,6.1,6.1,7.42,0.1657,0.0027,0.0003
2025-08-13,Bengaluru,normal,15.1,6.0,9.2,9.13,9.13,7.07,0.2209,0.0044,0.0006
2025-08-13,Pune,normal,2.4,0.1,0.6,0.6,0.6,4.66,0.06,0.0005,0.0001
2025-08-13,Kurnool,normal,23.1,4.4,7.2,7.53,7.53,6.6,0.187,0.0033,0.0004
2025-08-13,Madurai,normal,0.2,0.2,0.8,0.8,0.8,3.09,0.0641,0.0006,0.0001
2025-08-14,Nagpur,normal,8.9,7.3,10.7,10.8,10.8,9.48,0.2455,0.0054,0.0007
2025-08-14,Bhopal,normal,11.6,15.0,19.4,19.7,19.7,9.76,0.3557,0.0115,0.0014
2025-08-14,Raipur,normal,5.0,4.5,7.3,7.68,7.68,8.06,0.1893,0.0034,0.0004
2025-08-14,Jabalpur,normal,10.2,10.3,14.1,14.42,14.42,10.59,0.2944,0.0077,0.0009
2025-08-14,Akola,normal,16.2,0.8,2.0,2.1,2.1,2.72,0.0867,0.0009,0.0001
2025-08-14,Amravati,normal,19.5,10.6,14.5,14.9,14.9,9.0,0.2988,0.008,0.001
2025-08-14,Aurangabad,normal,23.6,1.6,3.2,3.4,3.4,4.59,0.1132,0.0014,0.0002
2025-08-14,Bhubaneswar,normal,4.6,16.9,21.4,21.66,21.66,9.89,0.3767,0.0131,0.0016
2025-08-14,Mumbai,coastal,38.9,6.2,9.5,11.8,11.8,9.63,0.2948,0.0083,0.001
2025-08-14,Thiruvananthapuram,coastal,10.3,0.0,0.0,0.0,0.0,1.68,0.0785,0.0008,0.0001
2025-08-14,Kochi,coastal,24.7,0.6,1.7,2.7,2.7,4.69,0.1106,0.0014,0.0002
2025-08-14,Mangaluru,coastal,36.3,9.5,13.3,15.52,15.52,11.63,0.3616,0.0128,0.0015
2025-08-14,Panaji,coastal,43.1,28.0,34.71,47.72,47.72,16.56,0.5623,0.0406,0.0046
2025-08-14,Chennai,coastal,3.5,0.3,1.0,1.82,1.82,3.8,0.0952,0.0011,0.0001
2025-08-14,Visakhapatnam,coastal,3.7,7.6,11.1,13.68,13.68,9.65,0.3254,0.0102,0.0012
2025-08-14,Puri,coastal,6.6,13.2,17.3,20.6,20.6,10.66,0.4195,0.0181,0.0021
2025-08-14,Kolkata,coastal,17.5,4.8,7.8,10.49,10.49,6.73,0.2599,0.0064,0.0008
2025-08-14,Surat,coastal,1.6,1.3,2.8,4.6,4.6,4.85,0.1428,0.0022,0.0003
2025-08-14,Mahabaleshwar,orographic,18.6,17.2,21.8,23.6,23.6,15.5,0.4306,0.0609,0.0133
2025-08-14,Munnar,orographic,20.8,0.6,1.7,0.7,0.7,5.03,0.0963,0.0038,0.0009
2025-08-14,Madikeri,orographic,15.5,7.4,10.9,9.6,9.6,12.28,0.2885,0.0257,0.0057
2025-08-14,Ooty,orographic,1.5,0.1,0.6,0.1,0.1,4.42,0.073,0.0025,0.0006
2025-08-14,Lonavala,orographic,10.1,7.7,11.2,10.0,10.0,12.24,0.2944,0.0267,0.0059
2025-08-14,Wayanad,orographic,6.3,0.7,1.9,0.8,0.8,5.1,0.1007,0.0041,0.001
2025-08-14,Shimla,orographic,43.0,4.1,6.9,5.2,5.2,2.84,0.2134,0.0145,0.0032
2025-08-14,Dehradun,orographic,14.0,4.3,7.1,5.3,5.3,3.72,0.2186,0.0152,0.0034
2025-08-14,Srinagar,orographic,19.2,29.8,36.81,47.63,47.63,6.44,0.5361,0.107,0.0237
2025-08-14,Gangtok,orographic,14.0,10.8,14.7,13.7,13.7,7.58,0.3478,0.0377,0.0083
2025-08-14,Guwahati,orographic,0.0,4.2,7.0,5.2,5.2,7.98,0.216,0.0149,0.0033
2025-08-14,Cherrapunji,orographic,5.6,6.7,10.1,8.74,8.74,7.33,0.2744,0.0233,0.0051
2025-08-14,Imphal,orographic,5.3,4.7,7.54,5.7,5.7,6.79,0.2288,0.0165,0.0037
2025-08-14,Agartala,orographic,18.8,14.1,18.4,18.32,18.32,8.96,0.3942,0.0496,0.0108
2025-08-14,Lucknow,normal,11.0,23.3,27.8,27.5,27.5,9.47,0.4361,0.0187,0.0022
2025-08-14,Patna,normal,1.1,0.6,1.7,1.7,1.7,3.19,0.0795,0.0008,0.0001
2025-08-14,Varanasi,normal,2.2,4.7,7.54,7.9,7.9,4.79,0.1938,0.0035,0.0004
2025-08-14,Delhi,normal,8.2,2.4,4.5,4.8,4.8,3.14,0.1368,0.0019,0.0002
2025-08-14,Kanpur,normal,2.3,35.3,44.21,42.72,42.72,10.79,0.5166,0.0295,0.0035
2025-08-14,Ranchi,normal,3.4,0.6,1.7,1.7,1.7,3.45,0.0795,0.0008,0.0001
2025-08-14,Jodhpur,normal,0.0,0.0,0.0,0.0,0.0,0.76,0.0558,0.0005,0.0001
2025-08-14,Bikaner,normal,0.1,2.3,4.4,4.7,4.7,2.74,0.134,0.0019,0.0002
2025-08-14,Jaisalmer,normal,0.3,0.0,0.0,0.0,0.0,0.42,0.0558,0.0005,0.0001
2025-08-14,Hyderabad,normal,8.8,37.6,48.0,45.46,45.46,10.23,0.5289,0.0316,0.0037
2025-08-14,Bengaluru,normal,5.1,1.4,2.9,3.1,3.1,4.56,0.1069,0.0013,0.0002
2025-08-14,Pune,normal,4.8,3.0,5.3,5.5,5.5,4.46,0.153,0.0023,0.0003
2025-08-14,Kurnool,normal,30.1,16.9,21.4,21.66,21.66,8.65,0.3767,0.0131,0.0016
2025-08-14,Madurai,normal,0.0,0.0,0.0,0.0,0.0,1.71,0.0558,0.0005,0.0001
2025-08-15,Nagpur,active,14.8,31.6,39.0,51.25,36.9,19.3,0.6081,0.0694,0.0163
2025-08-15,Bhopal,active,6.5,29.6,36.7,39.17,34.7,19.57,0.5959,0.0648,0.0152
2025-08-15,Raipur,active,14.5,20.4,25.01,24.55,25.2,14.15,0.525,0.0437,0.0102
2025-08-15,Jabalpur,active,19.6,14.4,18.8,18.3,19.2,14.26,0.4589,0.0302,0.0071
2025-08-15,Akola,active,26.3,10.4,14.2,14.98,14.7,10.17,0.3996,0.0215,0.0051
2025-08-15,Amravati,active,15.2,10.2,14.0,14.7,14.3,13.66,0.3961,0.021,0.005
2025-08-15,Aurangabad,active,20.0,20.6,25.3,24.75,25.4,11.54,0.5269,0.0441,0.0103
2025-08-15,Bhubaneswar,active,4.7,21.3,26.0,25.79,26.1,19.63,0.5333,0.0457,0.0107
2025-08-15,Mumbai,coastal,35.8,5.1,8.2,10.7,10.7,10.56,0.2678,0.0068,0.0008
2025-08-15,Thiruvananthapuram,coastal,18.7,0.0,0.0,0.0,0.0,2.33,0.0785,0.0008,0.0001
2025-08-15,Kochi,coastal,56.2,0.5,1.5,2.4,1.5,4.66,0.1056,0.0013,0.0002
2025-08-15,Mangaluru,coastal,33.0,25.5,30.51,37.21,37.21,18.89,0.5443,0.0367,0.0041
2025-08-15,Panaji,coastal,40.5,22.1,26.6,30.21,30.21,20.72,0.5168,0.0314,0.0035
2025-08-15,Chennai,coastal,2.2,1.0,2.3,3.8,3.8,5.0,0.1296,0.0019,0.0002
2025-08-15,Visakhapatnam,coastal,3.4,0.7,1.9,2.9,2.9,5.66,0.1155,0.0015,0.0002
2025-08-15,Puri,coastal,7.4,13.7,17.82,21.3,21.3,14.6,0.4263,0.0188,0.0021
2025-08-15,Kolkata,coastal,7.9,3.5,5.9,8.79,8.79,8.24,0.2225,0.0048,0.0006
2025-08-15,Surat,coastal,11.5,1.1,2.5,4.1,4.1,5.01,0.1341,0.002,0.0002
2025-08-15,Mahabaleshwar,orographic,23.4,2.1,4.0,2.4,2.4,13.96,0.1537,0.0082,0.0019
2025-08-15,Munnar,orographic,57.3,2.6,4.8,3.1,3.1,7.57,0.17,0.0097,0.0022
2025-08-15,Madikeri,orographic,37.7,2.5,4.7,3.0,3.0,11.72,0.1669,0.0094,0.0021
2025-08-15,Ooty,orographic,11.0,2.0,3.8,2.3,2.3,5.93,0.1503,0.0079,0.0018
2025-08-15,Lonavala,orographic,21.1,2.5,4.7,3.0,3.0,11.83,0.1669,0.0094,0.0021
2025-08-15,Wayanad,orographic,33.0,0.7,1.9,0.8,0.8,5.37,0.1007,0.0041,0.001
2025-08-15,Shimla,orographic,3.4,12.5,16.5,16.1,16.1,6.65,0.3728,0.0438,0.0096
2025-08-15,Dehradun,orographic,2.4,2.7,4.9,3.2,3.2,3.67,0.1732,0.01,0.0023
2025-08-15,Srinagar,orographic,34.0,9.5,13.3,12.0,12.0,8.71,0.3268,0.0331,0.0073
2025-08-15,Gangtok,orographic,0.5,9.5,13.3,12.0,12.0,7.34,0.3268,0.0331,0.0073
2025-08-15,Guwahati,orographic,0.2,3.0,5.3,3.5,3.5,7.04,0.1824,0.011,0.0025
2025-08-15,Cherrapunji,orographic,10.5,2.9,5.1,3.4,3.4,8.25,0.1793,0.0107,0.0024
2025-08-15,Imphal,orographic,2.1,9.4,13.1,11.74,11.74,10.61,0.3251,0.0327,0.0072
2025-08-15,Agartala,orographic,8.3,2.0,3.8,2.3,2.3,8.82,0.1503,0.0079,0.0018
2025-08-15,Lucknow,active,0.0,4.2,7.0,6.95,7.2,9.05,0.2612,0.0087,0.0021
2025-08-15,Patna,active,0.8,0.0,0.0,0.0,0.0,1.86,0.0856,0.0013,0.0003
2025-08-15,Varanasi,active,0.2,0.0,0.0,0.0,0.0,2.34,0.0856,0.0013,0.0003
2025-08-15,Delhi,active,4.6,8.7,12.3,12.89,12.52,7.01,0.3688,0.0178,0.0043
2025-08-15,Kanpur,active,0.2,4.6,7.4,7.44,7.7,8.61,0.2729,0.0095,0.0023
2025-08-15,Ranchi,active,1.7,2.8,5.1,5.9,5.2,5.13,0.2154,0.0061,0.0015
2025-08-15,Jodhpur,active,2.7,0.2,0.8,1.87,0.8,1.76,0.0978,0.0016,0.0004
2025-08-15,Bikaner,active,0.7,0.0,0.0,0.0,0.0,1.77,0.0856,0.0013,0.0003
2025-08-15,Jaisalmer,active,1.3,0.0,0.0,0.0,0.0,1.3,0.0856,0.0013,0.0003
2025-08-15,Hyderabad,active,4.8,7.7,11.2,11.97,11.4,11.22,0.3486,0.0158,0.0038
2025-08-15,Bengaluru,active,8.2,0.5,1.5,2.4,1.5,4.69,0.1149,0.0021,0.0005
2025-08-15,Pune,active,6.6,0.0,0.0,0.0,0.0,3.26,0.0856,0.0013,0.0003
2025-08-15,Kurnool,active,6.8,0.9,2.2,3.0,2.3,8.83,0.1357,0.0027,0.0007
2025-08-15,Madurai,active,1.0,0.0,0.0,0.0,0.0,2.19,0.0856,0.0013,0.0003
2025-08-16,Nagpur,active,43.7,8.6,12.2,12.89,12.4,14.73,0.3668,0.0176,0.0042
2025-08-16,Bhopal,depression,7.7,26.7,32.8,32.8,31.31,20.23,0.6902,0.0674,0.0026
2025-08-16,Raipur,depression,12.3,35.1,44.1,44.1,42.72,22.27,0.7339,0.0896,0.0034
2025-08-16,Jabalpur,active,15.9,23.9,28.6,30.34,28.35,19.57,0.5553,0.0517,0.0121
2025-08-16,Akola,active,16.3,20.1,24.8,24.46,25.0,15.06,0.5222,0.043,0.0101
2025-08-16,Amravati,active,16.6,27.1,33.41,38.23,31.31,18.05,0.5793,0.059,0.0138
2025-08-16,Aurangabad,active,17.6,2.7,4.9,5.6,5.1,12.24,0.2118,0.0059,0.0015
2025-08-16,Bhubaneswar,active,6.4,6.6,9.9,10.98,9.8,14.17,0.3243,0.0135,0.0032
2025-08-16,Mumbai,coastal,34.2,13.9,18.1,21.77,21.77,14.43,0.4289,0.0191,0.0022
2025-08-16,Thiruvananthapuram,coastal,8.5,0.0,0.0,0.0,0.0,2.33,0.0785,0.0008,0.0001
2025-08-16,Kochi,coastal,22.5,3.3,5.8,8.6,8.6,6.55,0.2162,0.0046,0.0005
2025-08-16,Mangaluru,depression,41.3,44.4,57.5,57.5,72.23,29.08,0.7684,0.1139,0.0044
2025-08-16,Panaji,coastal,30.6,21.5,26.26,29.66,29.66,20.47,0.5115,0.0305,0.0034
2025-08-16,Chennai,coastal,3.2,2.7,4.9,7.3,7.3,6.7,0.1964,0.0038,0.0005
2025-08-16,Visakhapatnam,coastal,27.7,10.2,14.0,16.47,16.47,9.12,0.3737,0.0138,0.0016
2025-08-16,Puri,coastal,10.2,6.0,9.2,11.63,11.63,11.35,0.2901,0.008,0.0009
2025-08-16,Kolkata,coastal,3.4,0.2,0.8,1.5,1.5,4.47,0.0898,0.001,0.0001
2025-08-16,Surat,coastal,11.4,9.6,13.4,15.7,15.7,9.57,0.3634,0.0129,0.0015
2025-08-16,Mahabaleshwar,orographic,38.8,4.2,7.0,5.2,5.2,9.0,0.216,0.0149,0.0033
2025-08-16,Munnar,orographic,34.1,2.4,4.5,2.9,2.9,7.72,0.1636,0.0091,0.0021
2025-08-16,Madikeri,orographic,37.6,5.0,8.0,6.4,6.4,9.69,0.2362,0.0175,0.0039
2025-08-16,Ooty,orographic,10.2,1.2,2.7,1.3,1.3,5.92,0.1211,0.0055,0.0013
2025-08-16,Lonavala,orographic,18.7,4.6,7.4,5.6,5.6,9.37,0.2263,0.0162,0.0036
2025-08-16,Wayanad,orographic,21.5,3.0,5.3,3.5,3.5,7.64,0.1824,0.011,0.0025
2025-08-16,Shimla,orographic,9.5,9.3,12.9,11.5,11.5,7.45,0.3234,0.0323,0.0071
2025-08-16,Dehradun,orographic,4.4,22.0,26.6,30.13,30.13,7.34,0.4773,0.0785,0.0172
2025-08-16,Srinagar,orographic,0.8,0.9,2.2,1.0,1.0,2.71,0.1091,0.0046,0.0011
2025-08-16,Gangtok,orographic,10.9,6.2,9.5,8.1,8.1,7.0,0.2637,0.0216,0.0048
2025-08-16,Guwahati,orographic,0.0,2.2,4.2,2.6,2.6,6.28,0.1571,0.0085,0.0019
2025-08-16,Cherrapunji,orographic,5.0,16.3,20.7,21.7,21.7,10.66,0.4206,0.0576,0.0126
2025-08-16,Imphal,orographic,0.5,9.0,12.7,11.3,11.3,11.35,0.3182,0.0313,0.0069
2025-08-16,Agartala,orographic,28.4,0.9,2.2,1.0,1.0,4.58,0.1091,0.0046,0.0011
2025-08-16,Lucknow,active,0.3,0.4,1.2,2.4,1.2,2.87,0.1094,0.0019,0.0005
2025-08-16,Patna,active,0.1,0.0,0.0,0.0,0.0,1.49,0.0856,0.0013,0.0003
2025-08-16,Varanasi,active,0.0,0.0,0.0,0.0,0.0,1.49,0.0856,0.0013,0.0003
2025-08-16,Delhi,active,4.1,7.8,11.4,11.97,11.5,8.72,0.3507,0.016,0.0038
2025-08-16,Kanpur,active,0.5,0.2,0.8,1.87,0.8,3.08,0.0978,0.0016,0.0004
2025-08-16,Ranchi,active,1.1,0.4,1.2,2.4,1.2,2.81,0.1094,0.0019,0.0005
2025-08-16,Jodhpur,active,3.9,0.1,0.6,1.43,0.6,1.76,0.0918,0.0014,0.0004
2025-08-16,Bikaner,active,0.1,0.0,0.0,0.0,0.0,1.23,0.0856,0.0013,0.0003
2025-08-16,Jaisalmer,active,3.0,0.0,0.0,0.0,0.0,1.23,0.0856,0.0013,0.0003
2025-08-16,Hyderabad,active,2.0,0.7,1.9,2.77,2.0,5.62,0.1255,0.0024,0.0006
2025-08-16,Bengaluru,active,5.9,0.4,1.2,2.4,1.2,3.95,0.1094,0.0019,0.0005
2025-08-16,Pune,active,6.2,0.8,2.0,2.8,2.1,3.93,0.1307,0.0025,0.0006
2025-08-16,Kurnool,active,8.1,2.0,3.8,5.0,4.05,5.41,0.1849,0.0046,0.0011
2025-08-16,Madurai,active,0.0,0.0,0.0,0.0,0.0,2.13,0.0856,0.0013,0.0003
2025-08-17,Nagpur,normal,11.8,9.1,12.8,13.0,13.0,10.09,0.2759,0.0068,0.0008
2025-08-17,Bhopal,normal,3.0,23.7,28.3,28.16,28.16,12.53,0.4393,0.019,0.0022
2025-08-17,Raipur,normal,11.6,11.1,15.1,15.4,15.4,10.38,0.306,0.0084,0.001
2025-08-17,Jabalpur,normal,6.2,12.6,16.62,16.7,16.7,10.86,0.3263,0.0096,0.0012
2025-08-17,Akola,normal,1.6,1.2,2.6,2.9,2.9,5.76,0.1004,0.0012,0.0002
2025-08-17,Amravati,normal,3.2,4.5,7.3,7.68,7.68,7.93,0.1893,0.0034,0.0004
2025-08-17,Aurangabad,normal,22.3,1.0,2.3,2.5,2.5,4.94,0.0937,0.001,0.0001
2025-08-17,Bhubaneswar,normal,24.2,11.0,15.0,15.4,15.4,10.41,0.3045,0.0083,0.001
2025-08-17,Mumbai,coastal,16.3,15.4,19.7,23.0,19.7,13.08,0.448,0.0213,0.0024
2025-08-17,Thiruvananthapuram,coastal,8.6,0.1,0.6,1.1,1.1,2.89,0.0842,0.0009,0.0001
2025-08-17,Kochi,coastal,17.4,17.0,21.6,24.22,24.22,12.51,0.4666,0.0237,0.0027
2025-08-17,Mangaluru,depression,50.9,38.1,48.3,48.3,67.81,22.31,0.7462,0.0975,0.0038
2025-08-17,Panaji,coastal,48.3,21.4,26.1,29.52,29.52,14.7,0.5106,0.0304,0.0034
2025-08-17,Chennai,coastal,12.1,3.5,5.9,8.79,8.79,7.39,0.2225,0.0048,0.0006
2025-08-17,Visakhapatnam,coastal,77.4,19.6,24.3,27.11,24.3,12.43,0.4937,0.0276,0.0031
2025-08-17,Puri,coastal,22.6,9.7,13.5,15.8,15.8,11.63,0.3652,0.0131,0.0015
2025-08-17,Kolkata,coastal,10.5,1.2,2.6,4.2,4.2,4.3,0.1385,0.0021,0.0003
2025-08-17,Surat,coastal,15.2,6.6,10.0,12.5,12.5,9.03,0.3039,0.0088,0.001
2025-08-17,Mahabaleshwar,orographic,58.7,4.0,6.7,5.0,5.0,8.14,0.2107,0.0142,0.0032
2025-08-17,Munnar,orographic,40.4,2.4,4.5,2.9,2.9,6.28,0.1636,0.0091,0.0021
2025-08-17,Madikeri,orographic,41.4,11.5,15.4,14.48,14.48,13.25,0.3584,0.0402,0.0088
2025-08-17,Ooty,orographic,7.1,3.9,6.5,4.8,4.8,7.07,0.208,0.0139,0.0031
2025-08-17,Lonavala,orographic,19.3,5.0,8.0,6.4,6.4,8.66,0.2362,0.0175,0.0039
2025-08-17,Wayanad,orographic,19.8,4.0,6.7,5.0,5.0,8.14,0.2107,0.0142,0.0032
2025-08-17,Shimla,orographic,9.6,16.9,21.4,23.1,23.1,7.05,0.4273,0.0598,0.0131
2025-08-17,Dehradun,orographic,3.3,27.7,34.46,43.7,43.7,7.1,0.5219,0.0994,0.022
2025-08-17,Srinagar,orographic,1.0,1.6,3.2,1.8,1.8,1.39,0.1362,0.0067,0.0015
2025-08-17,Gangtok,orographic,16.8,19.3,23.8,26.4,26.4,6.75,0.4523,0.0686,0.015
2025-08-17,Guwahati,orographic,1.7,51.3,64.6,89.21,89.21,12.01,0.6391,0.1816,0.0421
2025-08-17,Cherrapunji,orographic,3.9,24.8,29.6,36.6,36.6,10.74,0.5005,0.0888,0.0196
2025-08-17,Imphal,orographic,1.2,28.9,35.76,45.04,45.04,10.64,0.5301,0.1037,0.023
2025-08-17,Agartala,orographic,18.2,10.7,14.7,13.6,13.6,5.84,0.3463,0.0373,0.0082
2025-08-17,Lucknow,normal,4.9,0.1,0.6,0.6,0.6,1.7,0.06,0.0005,0.0001
2025-08-17,Patna,normal,1.5,0.0,0.0,0.0,0.0,0.42,0.0558,0.0005,0.0001
2025-08-17,Varanasi,normal,0.3,0.0,0.0,0.0,0.0,0.42,0.0558,0.0005,0.0001
2025-08-17,Delhi,normal,3.6,23.3,27.8,27.5,27.5,9.75,0.4361,0.0187,0.0022
2025-08-17,Kanpur,normal,1.4,1.1,2.5,2.7,2.7,2.68,0.097,0.0011,0.0001
2025-08-17,Ranchi,normal,3.0,1.0,2.3,2.5,2.5,2.9,0.0937,0.001,0.0001
2025-08-17,Jodhpur,normal,0.6,1.1,2.5,2.7,2.7,1.87,0.097,0.0011,0.0001
2025-08-17,Bikaner,normal,0.0,0.3,1.0,1.0,1.0,0.75,0.0681,0.0006,0.0001
2025-08-17,Jaisalmer,normal,12.7,0.8,2.0,2.1,2.1,1.35,0.0867,0.0009,0.0001
2025-08-17,Hyderabad,normal,7.5,11.2,15.2,15.42,15.42,6.93,0.3074,0.0084,0.001
2025-08-17,Bengaluru,normal,17.4,4.6,7.4,7.7,7.7,4.93,0.1915,0.0034,0.0004
2025-08-17,Pune,normal,6.6,0.0,0.0,0.0,0.0,2.08,0.0558,0.0005,0.0001
2025-08-17,Kurnool,normal,12.7,2.0,3.8,4.05,4.05,4.48,0.1253,0.0017,0.0002
2025-08-17,Madurai,normal,0.0,0.0,0.0,0.0,0.0,0.99,0.0558,0.0005,0.0001
2025-08-18,Nagpur,normal,23.8,10.6,14.5,14.9,15.14,12.69,0.2988,0.008,0.001
2025-08-18,Bhopal,normal,14.6,19.8,24.6,24.8,24.4,15.81,0.4055,0.0156,0.0019
2025-08-18,Raipur,normal,19.6,5.2,8.2,8.5,8.43,10.62,0.2046,0.0039,0.0005
2025-08-18,Jabalpur,normal,22.9,13.0,17.1,17.11,17.1,13.45,0.3315,0.0099,0.0012
2025-08-18,Akola,normal,29.1,29.4,36.6,34.12,39.17,13.04,0.4808,0.0241,0.0028
2025-08-18,Amravati,normal,41.8,19.4,24.0,24.6,21.77,13.09,0.4018,0.0153,0.0018
2025-08-18,Aurangabad,normal,25.3,18.9,23.51,24.3,21.32,10.61,0.397,0.0148,0.0018
2025-08-18,Bhubaneswar,normal,7.8,18.3,22.9,22.8,20.83,13.76,0.3911,0.0143,0.0017
2025-08-18,Mumbai,depression,127.0,49.9,63.1,63.1,63.1,32.75,0.7844,0.1281,0.005
2025-08-18,Thiruvananthapuram,coastal,8.8,0.4,1.2,2.1,2.1,3.75,0.1005,0.0012,0.0002
2025-08-18,Kochi,coastal,8.3,12.3,16.2,19.5,19.5,16.38,0.4067,0.0168,0.0019
2025-08-18,Mangaluru,depression,35.3,33.0,41.41,41.41,53.6,30.87,0.7243,0.0841,0.0032
2025-08-18,Panaji,depression,62.4,82.1,87.5,87.5,100.16,36.79,0.8437,0.2064,0.0087
2025-08-18,Chennai,coastal,3.0,1.3,2.8,4.6,4.6,5.54,0.1428,0.0022,0.0003
2025-08-18,Visakhapatnam,coastal,39.5,32.3,40.36,53.6,53.6,23.73,0.5895,0.0473,0.0053
2025-08-18,Puri,coastal,12.5,23.2,27.6,32.82,32.82,17.58,0.5261,0.0331,0.0037
2025-08-18,Kolkata,coastal,10.5,4.4,7.2,10.09,10.09,6.86,0.249,0.0059,0.0007
2025-08-18,Surat,coastal,3.9,11.1,15.1,17.3,17.3,12.83,0.3884,0.015,0.0017
2025-08-18,Mahabaleshwar,orographic,134.0,77.3,86.9,99.11,99.11,32.78,0.7102,0.2621,0.0645
2025-08-18,Munnar,orographic,22.5,3.6,6.0,4.3,4.3,8.83,0.1998,0.0129,0.0029
2025-08-18,Madikeri,orographic,30.8,6.6,9.9,8.6,8.6,16.33,0.2723,0.0229,0.0051
2025-08-18,Ooty,orographic,3.4,1.7,3.4,1.9,1.9,6.68,0.1398,0.007,0.0016
2025-08-18,Lonavala,orographic,92.1,58.8,71.9,93.71,93.71,38.02,0.6636,0.206,0.0485
2025-08-18,Wayanad,orographic,11.8,3.8,6.3,4.7,4.7,9.79,0.2053,0.0135,0.003
2025-08-18,Shimla,orographic,15.7,9.1,12.8,11.4,11.4,8.5,0.32,0.0316,0.0069
2025-08-18,Dehradun,orographic,1.5,3.7,6.2,4.5,4.5,6.28,0.2025,0.0132,0.003
2025-08-18,Srinagar,orographic,6.5,3.2,5.6,3.8,3.8,3.1,0.1883,0.0116,0.0026
2025-08-18,Gangtok,orographic,11.4,4.5,7.3,5.5,5.5,6.33,0.2238,0.0158,0.0035
2025-08-18,Guwahati,orographic,0.4,3.3,5.7,3.9,3.9,13.78,0.1912,0.0119,0.0027
2025-08-18,Cherrapunji,orographic,0.7,11.7,15.67,14.86,14.86,14.02,0.3614,0.0409,0.009
2025-08-18,Imphal,orographic,1.9,3.0,5.3,3.5,3.5,11.36,0.1824,0.011,0.0025
2025-08-18,Agartala,orographic,6.9,8.5,12.13,10.6,10.6,10.34,0.3093,0.0295,0.0065
2025-08-18,Lucknow,normal,1.6,1.6,3.2,3.4,4.7,2.99,0.1132,0.0014,0.0002
2025-08-18,Patna,normal,1.1,2.2,4.2,4.5,5.2,3.72,0.1311,0.0018,0.0002
2025-08-18,Varanasi,normal,1.2,0.6,1.7,1.7,2.7,2.05,0.0795,0.0008,0.0001
2025-08-18,Delhi,normal,9.0,3.5,5.9,6.1,6.35,8.69,0.1657,0.0027,0.0003
2025-08-18,Kanpur,normal,0.3,4.8,7.7,7.9,8.09,5.3,0.196,0.0036,0.0004
2025-08-18,Ranchi,normal,7.6,13.1,17.2,17.46,17.13,7.69,0.3327,0.01,0.0012
2025-08-18,Jodhpur,normal,0.7,8.2,11.8,11.82,12.43,5.44,0.2612,0.0061,0.0007
2025-08-18,Bikaner,normal,0.1,29.6,36.7,34.7,39.17,7.18,0.4822,0.0243,0.0029
2025-08-18,Jaisalmer,normal,0.5,2.3,4.3,4.6,5.25,3.96,0.134,0.0019,0.0002
2025-08-18,Hyderabad,normal,15.6,24.2,29.0,28.61,30.34,12.66,0.4433,0.0195,0.0023
2025-08-18,Bengaluru,normal,6.9,0.7,1.9,2.0,2.77,5.21,0.0831,0.0009,0.0001
2025-08-18,Pune,normal,25.2,34.3,43.2,41.3,66.57,10.78,0.5109,0.0285,0.0033
2025-08-18,Kurnool,normal,19.3,7.8,11.4,11.5,11.97,7.2,0.2543,0.0058,0.0007
2025-08-18,Madurai,normal,0.0,0.0,0.0,0.0,0.0,1.72,0.0558,0.0005,0.0001
2025-08-19,Nagpur,active,25.3,27.3,33.6,38.23,31.7,18.04,0.5807,0.0595,0.0139
2025-08-19,Bhopal,active,18.6,16.8,21.3,19.37,21.52,17.18,0.488,0.0355,0.0083
2025-08-19,Raipur,active,14.7,22.7,27.2,28.08,27.2,17.47,0.5455,0.0489,0.0114
2025-08-19,Jabalpur,active,9.4,16.4,20.8,18.92,21.16,15.62,0.4834,0.0346,0.0081
2025-08-19,Akola,active,23.5,17.6,22.2,19.47,22.16,17.0,0.4968,0.0373,0.0088
2025-08-19,Amravati,active,19.7,20.4,25.01,24.55,25.01,17.12,0.525,0.0437,0.0102
2025-08-19,Aurangabad,active,7.2,13.7,17.82,17.84,18.0,16.48,0.4496,0.0286,0.0067
2025-08-19,Bhubaneswar,active,6.6,20.8,25.5,24.99,25.56,17.12,0.5288,0.0446,0.0104
2025-08-19,Mumbai,depression,136.5,84.6,88.8,88.8,88.8,44.61,0.8469,0.2121,0.009
2025-08-19,Thiruvananthapuram,coastal,0.2,0.1,0.6,1.1,1.1,4.2,0.0842,0.0009,0.0001
2025-08-19,Kochi,coastal,2.7,0.7,1.9,2.9,2.9,6.56,0.1155,0.0015,0.0002
2025-08-19,Mangaluru,depression,9.1,25.7,30.76,30.76,37.67,25.73,0.6838,0.0648,0.0025
2025-08-19,Panaji,depression,76.9,42.7,55.06,55.06,68.73,36.17,0.7628,0.1095,0.0042
2025-08-19,Chennai,coastal,0.5,1.9,3.6,5.6,5.6,5.62,0.1673,0.0029,0.0003
2025-08-19,Visakhapatnam,coastal,1.1,0.0,0.0,0.0,0.0,5.12,0.0785,0.0008,0.0001
2025-08-19,Puri,coastal,4.9,11.6,15.52,18.72,18.72,15.94,0.3962,0.0158,0.0018
2025-08-19,Kolkata,coastal,10.0,6.4,9.7,12.3,12.3,9.64,0.2994,0.0085,0.001
2025-08-19,Surat,coastal,2.1,31.4,39.0,53.31,53.31,20.77,0.5841,0.0459,0.0052
2025-08-19,Mahabaleshwar,orographic,211.0,166.1,167.62,163.01,163.01,61.11,0.8187,0.4621,0.1385
2025-08-19,Munnar,orographic,4.3,0.6,1.7,0.7,0.7,5.77,0.0963,0.0038,0.0009
2025-08-19,Madikeri,orographic,6.3,8.8,12.4,11.1,11.1,18.62,0.3147,0.0306,0.0067
2025-08-19,Ooty,orographic,0.1,1.1,2.5,1.2,1.2,5.82,0.1172,0.0052,0.0012
2025-08-19,Lonavala,orographic,138.0,199.4,205.0,205.01,205.01,61.11,0.8394,0.5149,0.1646
2025-08-19,Wayanad,orographic,2.3,1.4,2.9,1.6,1.6,6.45,0.1287,0.0061,0.0014
2025-08-19,Shimla,orographic,3.9,7.8,11.4,10.1,10.1,7.07,0.2963,0.0271,0.006
2025-08-19,Dehradun,orographic,3.1,16.1,20.5,21.47,21.47,6.78,0.4183,0.0569,0.0124
2025-08-19,Srinagar,orographic,14.2,2.8,5.0,3.3,3.3,3.59,0.1763,0.0104,0.0023
2025-08-19,Gangtok,orographic,5.0,9.8,13.6,12.3,12.3,6.58,0.3318,0.0341,0.0075
2025-08-19,Guwahati,orographic,5.1,11.2,15.2,14.1,14.1,10.26,0.3539,0.0391,0.0086
2025-08-19,Cherrapunji,orographic,10.8,8.8,12.4,11.1,11.1,11.83,0.3147,0.0306,0.0067
2025-08-19,Imphal,orographic,4.6,8.0,11.6,10.3,10.3,9.04,0.3001,0.0278,0.0061
2025-08-19,Agartala,orographic,8.5,4.4,7.2,5.4,5.4,9.28,0.2212,0.0155,0.0035
2025-08-19,Lucknow,active,0.7,3.0,5.3,6.1,5.5,5.17,0.2225,0.0064,0.0016
2025-08-19,Patna,active,0.8,1.4,2.9,4.02,3.1,3.58,0.1594,0.0036,0.0009
2025-08-19,Varanasi,active,0.1,0.0,0.0,0.0,0.0,1.86,0.0856,0.0013,0.0003
2025-08-19,Delhi,active,5.4,3.0,5.3,6.1,5.5,5.86,0.2225,0.0064,0.0016
2025-08-19,Kanpur,active,0.5,6.8,10.2,11.37,10.0,7.81,0.3289,0.0139,0.0033
2025-08-19,Ranchi,active,7.0,5.2,8.2,8.43,8.5,8.76,0.2894,0.0107,0.0026
2025-08-19,Jodhpur,active,0.6,6.7,10.1,11.3,9.9,9.93,0.3266,0.0137,0.0033
2025-08-19,Bikaner,active,0.6,0.4,1.2,2.4,1.2,4.35,0.1094,0.0019,0.0005
2025-08-19,Jaisalmer,active,0.2,5.0,8.0,8.2,8.2,5.38,0.284,0.0103,0.0025
2025-08-19,Hyderabad,active,7.4,14.8,19.2,18.47,19.56,13.42,0.464,0.0311,0.0073
2025-08-19,Bengaluru,active,0.3,1.7,3.4,4.82,3.5,4.94,0.1725,0.0041,0.001
2025-08-19,Pune,active,38.4,74.6,83.4,354.8,74.51,22.19,0.7535,0.1658,0.0406
2025-08-19,Kurnool,active,7.2,7.0,10.4,11.5,10.4,9.49,0.3334,0.0143,0.0034
2025-08-19,Madurai,active,0.0,0.0,0.0,0.0,0.0,2.19,0.0856,0.0013,0.0003
2025-08-20,Nagpur,normal,22.0,15.8,20.17,20.51,20.51,11.45,0.3648,0.0122,0.0015
2025-08-20,Bhopal,normal,13.0,16.4,20.8,21.16,21.16,11.57,0.3714,0.0127,0.0015
2025-08-20,Raipur,normal,12.4,0.9,2.1,2.2,2.2,5.76,0.0902,0.001,0.0001
2025-08-20,Jabalpur,normal,31.4,11.8,15.7,16.0,16.0,10.7,0.3157,0.0089,0.0011
2025-08-20,Akola,normal,22.6,10.7,14.7,15.07,15.07,10.54,0.3002,0.008,0.001
2025-08-20,Amravati,normal,25.7,6.2,9.5,9.5,9.5,9.33,0.2249,0.0046,0.0006
2025-08-20,Aurangabad,normal,9.2,10.2,14.0,14.3,14.3,10.07,0.2929,0.0077,0.0009
2025-08-20,Bhubaneswar,normal,1.1,3.2,5.6,5.8,5.8,8.01,0.1582,0.0025,0.0003
2025-08-20,Mumbai,depression,61.5,34.2,43.01,43.01,43.01,22.41,0.7299,0.0873,0.0033
2025-08-20,Thiruvananthapuram,coastal,1.2,0.1,0.6,1.1,1.1,3.23,0.0842,0.0009,0.0001
2025-08-20,Kochi,coastal,3.5,0.5,1.5,2.4,2.4,4.48,0.1056,0.0013,0.0002
2025-08-20,Mangaluru,coastal,6.2,27.7,34.46,46.07,46.07,14.38,0.5602,0.0401,0.0045
2025-08-20,Panaji,depression,47.8,26.8,32.9,32.9,41.85,17.26,0.6908,0.0677,0.0026
2025-08-20,Chennai,coastal,0.0,0.0,0.0,0.0,0.0,2.75,0.0785,0.0008,0.0001
2025-08-20,Visakhapatnam,coastal,5.2,1.1,2.5,4.1,4.1,3.8,0.1341,0.002,0.0002
2025-08-20,Puri,coastal,2.5,10.9,14.9,17.2,17.2,11.51,0.3852,0.0148,0.0017
2025-08-20,Kolkata,coastal,2.1,2.6,4.8,6.89,6.89,8.13,0.193,0.0037,0.0004
2025-08-20,Surat,depression,55.6,198.2,205.0,205.0,331.52,28.57,0.9161,0.4187,0.0227
2025-08-20,Mahabaleshwar,orographic,124.2,33.1,41.5,53.22,53.22,25.51,0.5564,0.1188,0.0265
2025-08-20,Munnar,orographic,1.7,3.2,5.6,3.8,3.8,6.48,0.1883,0.0116,0.0026
2025-08-20,Madikeri,orographic,9.5,10.2,14.0,12.88,12.88,13.54,0.3384,0.0355,0.0078
2025-08-20,Ooty,orographic,0.4,2.2,4.2,2.6,2.6,5.84,0.1571,0.0085,0.0019
2025-08-20,Lonavala,orographic,91.1,50.6,63.6,88.6,88.6,30.59,0.6366,0.1793,0.0415
2025-08-20,Wayanad,orographic,3.7,1.6,3.2,1.8,1.8,4.95,0.1362,0.0067,0.0015
2025-08-20,Shimla,orographic,20.6,6.0,9.2,7.7,7.7,6.04,0.2593,0.0209,0.0046
2025-08-20,Dehradun,orographic,0.8,10.5,14.3,13.3,13.3,6.52,0.3431,0.0366,0.008
2025-08-20,Srinagar,orographic,0.0,1.6,3.2,1.8,1.8,1.73,0.1362,0.0067,0.0015
2025-08-20,Gangtok,orographic,5.9,15.9,20.3,21.2,21.2,7.01,0.416,0.0562,0.0123
2025-08-20,Guwahati,orographic,4.3,17.6,22.2,24.13,24.13,9.13,0.4349,0.0624,0.0136
2025-08-20,Cherrapunji,orographic,24.0,16.1,20.5,21.47,21.47,9.18,0.4183,0.0569,0.0124
2025-08-20,Imphal,orographic,3.2,22.1,26.6,30.13,30.13,10.58,0.4782,0.0789,0.0173
2025-08-20,Agartala,orographic,4.4,2.0,3.8,2.3,2.3,4.44,0.1503,0.0079,0.0018
2025-08-20,Lucknow,normal,5.2,5.5,8.64,8.8,8.8,6.58,0.2108,0.0041,0.0005
2025-08-20,Patna,normal,1.3,0.0,0.0,0.0,0.0,1.09,0.0558,0.0005,0.0001
2025-08-20,Varanasi,normal,4.1,5.8,9.0,9.0,9.0,5.31,0.2169,0.0043,0.0005
2025-08-20,Delhi,normal,5.6,2.4,4.6,4.9,4.9,5.37,0.1368,0.0019,0.0002
2025-08-20,Kanpur,normal,2.2,14.0,18.2,18.6,18.6,8.74,0.3439,0.0107,0.0013
2025-08-20,Ranchi,normal,5.1,14.3,18.72,19.1,19.1,9.23,0.3475,0.011,0.0013
2025-08-20,Jodhpur,normal,0.1,2.1,4.0,4.3,4.3,5.12,0.1282,0.0017,0.0002
2025-08-20,Bikaner,normal,1.0,0.9,2.1,2.2,2.2,2.25,0.0902,0.001,0.0001
2025-08-20,Jaisalmer,normal,0.8,1.2,2.6,2.9,2.9,3.26,0.1004,0.0012,0.0002
2025-08-20,Hyderabad,normal,2.8,1.1,2.5,2.7,2.7,5.12,0.097,0.0011,0.0001
2025-08-20,Bengaluru,normal,1.3,0.2,0.8,0.8,0.8,3.27,0.0641,0.0006,0.0001
2025-08-20,Pune,normal,25.5,16.8,21.3,21.52,21.52,9.02,0.3757,0.0131,0.0016
2025-08-20,Kurnool,normal,5.4,0.2,0.8,0.8,0.8,3.13,0.0641,0.0006,0.0001
2025-08-20,Madurai,normal,0.0,0.0,0.0,0.0,0.0,0.99,0.0558,0.0005,0.0001
2025-08-21,Nagpur,normal,20.2,11.6,15.52,15.9,15.9,10.9,0.3129,0.0088,0.0011
2025-08-21,Bhopal,normal,11.8,15.3,19.6,20.0,20.0,11.37,0.3592,0.0118,0.0014
2025-08-21,Raipur,normal,4.9,1.4,2.9,3.1,3.1,4.61,0.1069,0.0013,0.0002
2025-08-21,Jabalpur,normal,17.0,11.4,15.3,15.57,15.57,10.77,0.3102,0.0086,0.001
2025-08-21,Akola,normal,12.1,5.1,8.1,8.3,8.3,8.71,0.2024,0.0038,0.0005
2025-08-21,Amravati,normal,17.4,4.9,7.9,8.0,8.0,7.68,0.1981,0.0036,0.0005
2025-08-21,Aurangabad,normal,2.6,2.3,4.4,4.7,4.7,6.05,0.134,0.0019,0.0002
2025-08-21,Bhubaneswar,normal,6.1,7.1,10.5,10.6,10.6,8.37,0.2419,0.0053,0.0006
2025-08-21,Mumbai,coastal,26.0,12.7,16.7,19.9,19.9,14.73,0.4124,0.0173,0.002
2025-08-21,Thiruvananthapuram,coastal,0.4,0.0,0.0,0.0,0.0,2.13,0.0785,0.0008,0.0001
2025-08-21,Kochi,coastal,0.1,0.0,0.0,0.0,0.0,2.46,0.0785,0.0008,0.0001
2025-08-21,Mangaluru,coastal,2.3,11.1,15.1,17.3,17.3,12.75,0.3884,0.015,0.0017
2025-08-21,Panaji,coastal,9.3,13.4,17.4,20.83,20.83,13.35,0.4222,0.0184,0.0021
2025-08-21,Chennai,coastal,0.1,0.0,0.0,0.0,0.0,1.75,0.0785,0.0008,0.0001
2025-08-21,Visakhapatnam,coastal,1.8,0.0,0.0,0.0,0.0,2.72,0.0785,0.0008,0.0001
2025-08-21,Puri,coastal,12.9,2.8,5.0,7.5,5.0,8.61,0.1998,0.0039,0.0005
2025-08-21,Kolkata,coastal,35.7,8.1,11.7,14.3,14.3,8.78,0.3355,0.0108,0.0013
2025-08-21,Surat,depression,21.4,18.7,23.3,23.3,25.76,16.22,0.6286,0.0464,0.0017
2025-08-21,Mahabaleshwar,orographic,39.8,5.9,9.04,7.6,7.6,13.3,0.2571,0.0205,0.0045
2025-08-21,Munnar,orographic,4.1,4.4,7.2,5.4,5.4,8.32,0.2212,0.0155,0.0035
2025-08-21,Madikeri,orographic,5.0,3.3,5.8,3.9,3.9,9.33,0.1912,0.0119,0.0027
2025-08-21,Ooty,orographic,4.0,7.6,11.1,9.8,9.8,9.84,0.2924,0.0264,0.0058
2025-08-21,Lonavala,orographic,32.3,14.3,18.72,18.8,18.8,18.67,0.3967,0.0503,0.011
2025-08-21,Wayanad,orographic,1.8,0.3,1.0,0.2,0.2,4.09,0.0827,0.003,0.0007
2025-08-21,Shimla,orographic,1.8,4.0,6.7,5.0,5.0,4.5,0.2107,0.0142,0.0032
2025-08-21,Dehradun,orographic,0.9,29.3,36.41,46.11,46.11,7.01,0.5328,0.1052,0.0233
2025-08-21,Srinagar,orographic,0.0,0.0,0.0,0.0,0.0,0.54,0.068,0.0022,0.0005
2025-08-21,Gangtok,orographic,3.6,8.8,12.4,11.1,11.1,6.32,0.3147,0.0306,0.0067
2025-08-21,Guwahati,orographic,50.5,23.5,28.1,33.82,33.82,10.9,0.49,0.084,0.0185
2025-08-21,Cherrapunji,orographic,65.6,18.0,22.6,24.8,24.8,9.44,0.4391,0.0639,0.014
2025-08-21,Imphal,orographic,18.9,11.7,15.67,14.86,14.86,8.72,0.3614,0.0409,0.009
2025-08-21,Agartala,orographic,9.2,2.8,5.0,3.3,3.3,4.12,0.1763,0.0104,0.0023
2025-08-21,Lucknow,normal,5.3,4.2,7.0,7.2,7.2,6.55,0.1825,0.0031,0.0004
2025-08-21,Patna,normal,19.0,11.2,15.2,15.42,15.42,6.67,0.3074,0.0084,0.001
2025-08-21,Varanasi,normal,1.5,4.8,7.7,7.9,7.9,6.55,0.196,0.0036,0.0004
2025-08-21,Delhi,normal,13.8,1.7,3.3,3.4,3.4,3.53,0.1163,0.0015,0.0002
2025-08-21,Kanpur,normal,2.9,3.3,5.7,5.9,5.9,6.51,0.1607,0.0025,0.0003
2025-08-21,Ranchi,normal,12.4,16.7,21.2,21.4,21.4,9.72,0.3746,0.013,0.0015
2025-08-21,Jodhpur,normal,12.7,0.9,2.2,2.3,2.3,2.7,0.0902,0.001,0.0001
2025-08-21,Bikaner,normal,0.1,0.4,1.1,1.1,1.1,1.55,0.0719,0.0007,0.0001
2025-08-21,Jaisalmer,normal,0.5,0.8,1.9,2.0,2.0,2.28,0.0867,0.0009,0.0001
2025-08-21,Hyderabad,normal,0.1,0.3,1.0,1.0,1.0,3.44,0.0681,0.0006,0.0001
2025-08-21,Bengaluru,normal,0.2,0.1,0.6,0.6,0.6,3.0,0.06,0.0005,0.0001
2025-08-21,Pune,normal,3.7,1.6,3.2,3.4,3.4,5.37,0.1132,0.0014,0.0002
2025-08-21,Kurnool,normal,0.2,0.0,0.0,0.0,0.0,1.79,0.0558,0.0005,0.0001
2025-08-21,Madurai,normal,0.2,0.0,0.0,0.0,0.0,1.04,0.0558,0.0005,0.0001
2025-08-22,Nagpur,normal,6.9,3.9,6.5,6.69,6.69,7.19,0.1754,0.0029,0.0004
2025-08-22,Bhopal,normal,13.8,7.2,10.6,10.6,10.6,8.48,0.2437,0.0053,0.0007
2025-08-22,Raipur,normal,20.2,12.4,16.4,16.4,16.4,8.69,0.3237,0.0094,0.0011
2025-08-22,Jabalpur,normal,21.5,15.6,19.9,20.36,20.36,10.85,0.3626,0.012,0.0014
2025-08-22,Akola,normal,0.8,1.1,2.5,2.7,2.7,4.93,0.097,0.0011,0.0001
2025-08-22,Amravati,normal,1.1,0.5,1.5,1.5,1.5,4.21,0.0757,0.0007,0.0001
2025-08-22,Aurangabad,normal,1.8,0.2,0.8,0.8,0.8,3.54,0.0641,0.0006,0.0001
2025-08-22,Bhubaneswar,normal,38.0,11.0,15.0,15.4,15.4,9.78,0.3045,0.0083,0.001
2025-08-22,Mumbai,coastal,4.5,8.2,11.8,14.3,14.3,9.03,0.3374,0.011,0.0013
2025-08-22,Thiruvananthapuram,coastal,0.8,0.0,0.0,0.0,0.0,1.45,0.0785,0.0008,0.0001
2025-08-22,Kochi,coastal,4.3,2.7,4.9,7.3,7.3,5.09,0.1964,0.0038,0.0005
2025-08-22,Mangaluru,coastal,2.0,1.0,2.3,3.8,3.8,5.48,0.1296,0.0019,0.0002
2025-08-22,Panaji,coastal,4.8,19.5,24.0,27.1,27.1,11.89,0.4927,0.0275,0.0031
2025-08-22,Chennai,coastal,6.4,4.6,7.4,10.3,10.3,5.25,0.2545,0.0062,0.0007
2025-08-22,Visakhapatnam,coastal,5.9,0.0,0.0,0.0,0.0,1.45,0.0785,0.0008,0.0001
2025-08-22,Puri,coastal,49.6,10.4,14.2,16.7,14.2,10.21,0.3771,0.0141,0.0016
2025-08-22,Kolkata,coastal,30.9,15.4,19.7,23.0,23.0,12.37,0.448,0.0213,0.0024
2025-08-22,Surat,coastal,16.3,7.5,11.0,13.6,13.6,9.22,0.3233,0.01,0.0012
2025-08-22,Mahabaleshwar,orographic,21.3,7.3,10.7,9.5,9.5,10.53,0.2866,0.0253,0.0056
2025-08-22,Munnar,orographic,3.0,16.7,21.2,22.77,22.77,14.62,0.4251,0.0591,0.0129
2025-08-22,Madikeri,orographic,4.3,0.7,1.9,0.8,0.8,4.4,0.1007,0.0041,0.001
2025-08-22,Ooty,orographic,4.0,8.2,11.9,10.5,10.5,10.94,0.3038,0.0285,0.0063
2025-08-22,Lonavala,orographic,17.0,17.8,22.4,24.72,24.72,15.79,0.437,0.0631,0.0138
2025-08-22,Wayanad,orographic,2.0,4.3,7.1,5.3,5.3,6.06,0.2186,0.0152,0.0034
2025-08-22,Shimla,orographic,0.5,9.4,13.1,11.74,11.74,5.07,0.3251,0.0327,0.0072
2025-08-22,Dehradun,orographic,2.7,11.4,15.3,14.33,14.33,6.24,0.357,0.0398,0.0087
2025-08-22,Srinagar,orographic,0.0,1.2,2.6,1.3,1.3,1.13,0.1211,0.0055,0.0013
2025-08-22,Gangtok,orographic,19.0,4.8,7.7,5.85,5.85,3.96,0.2313,0.0168,0.0037
2025-08-22,Guwahati,orographic,0.6,37.5,47.62,60.82,60.82,12.42,0.5804,0.1344,0.0302
2025-08-22,Cherrapunji,orographic,57.4,35.5,44.55,58.81,58.81,12.21,0.5699,0.1274,0.0285
2025-08-22,Imphal,orographic,11.9,17.1,21.7,23.6,23.6,8.56,0.4295,0.0606,0.0132
2025-08-22,Agartala,orographic,4.0,4.5,7.3,5.5,5.5,4.89,0.2238,0.0158,0.0035
2025-08-22,Lucknow,normal,6.7,13.4,17.4,17.81,17.81,8.23,0.3365,0.0102,0.0012
2025-08-22,Patna,normal,37.0,10.6,14.5,14.9,14.9,7.83,0.2988,0.008,0.001
2025-08-22,Varanasi,normal,11.9,30.4,37.5,35.71,35.71,10.01,0.4873,0.025,0.0029
2025-08-22,Delhi,normal,3.3,0.5,1.5,1.5,1.5,2.36,0.0757,0.0007,0.0001
2025-08-22,Kanpur,normal,3.8,35.1,44.1,42.72,42.72,10.88,0.5154,0.0293,0.0034
2025-08-22,Ranchi,normal,19.6,36.6,46.11,44.2,44.2,11.33,0.5236,0.0306,0.0036
2025-08-22,Jodhpur,normal,0.5,0.4,1.2,1.2,1.2,1.44,0.0719,0.0007,0.0001
2025-08-22,Bikaner,normal,10.2,6.0,9.2,9.13,9.13,4.6,0.2209,0.0044,0.0006
2025-08-22,Jaisalmer,normal,0.0,0.2,0.8,0.8,0.8,1.41,0.0641,0.0006,0.0001
2025-08-22,Hyderabad,normal,0.1,0.0,0.0,0.0,0.0,1.74,0.0558,0.0005,0.0001
2025-08-22,Bengaluru,normal,4.6,2.6,4.8,5.0,5.0,4.13,0.1423,0.0021,0.0003
2025-08-22,Pune,normal,2.7,1.2,2.7,2.9,2.9,3.76,0.1004,0.0012,0.0002
2025-08-22,Kurnool,normal,2.4,0.0,0.0,0.0,0.0,0.88,0.0558,0.0005,0.0001
2025-08-22,Madurai,normal,2.8,7.0,10.4,10.4,10.4,4.75,0.24,0.0052,0.0006
2025-08-23,Nagpur,normal,9.2,12.4,16.4,16.4,16.4,12.49,0.3237,0.0094,0.0011
2025-08-23,Bhopal,normal,21.1,8.1,11.7,11.8,11.8,10.86,0.2595,0.006,0.0007
2025-08-23,Raipur,normal,9.9,7.4,10.8,10.9,10.9,11.11,0.2473,0.0055,0.0007
2025-08-23,Jabalpur,normal,19.8,38.2,48.55,48.52,48.52,18.55,0.532,0.0321,0.0038
2025-08-23,Akola,normal,11.2,6.4,9.7,9.6,9.6,9.09,0.2287,0.0047,0.0006
2025-08-23,Amravati,normal,7.6,8.9,12.58,12.8,12.8,9.42,0.2727,0.0066,0.0008
2025-08-23,Aurangabad,normal,4.7,0.9,2.2,2.3,2.3,5.42,0.0902,0.001,0.0001
2025-08-23,Bhubaneswar,normal,15.8,3.5,5.9,6.1,6.1,9.5,0.1657,0.0027,0.0003
2025-08-23,Mumbai,coastal,10.4,32.2,40.3,53.45,53.45,21.78,0.5889,0.0472,0.0053
2025-08-23,Thiruvananthapuram,coastal,1.0,0.0,0.0,0.0,0.0,2.89,0.0785,0.0008,0.0001
2025-08-23,Kochi,coastal,2.6,0.9,2.2,3.56,3.56,6.51,0.125,0.0018,0.0002
2025-08-23,Mangaluru,coastal,4.4,3.3,5.7,8.6,8.6,7.71,0.2162,0.0046,0.0005
2025-08-23,Panaji,coastal,4.3,12.6,16.62,19.62,19.62,15.09,0.411,0.0172,0.002
2025-08-23,Chennai,coastal,25.8,9.1,12.8,15.1,15.1,12.03,0.3544,0.0122,0.0014
2025-08-23,Visakhapatnam,coastal,0.0,0.4,1.2,2.1,2.1,4.21,0.1005,0.0012,0.0002
2025-08-23,Puri,coastal,7.0,6.4,9.7,12.3,12.3,11.16,0.2994,0.0085,0.001
2025-08-23,Kolkata,coastal,12.0,8.0,11.6,14.3,14.3,11.45,0.3335,0.0107,0.0012
2025-08-23,Surat,coastal,27.4,19.7,24.4,27.16,27.16,15.18,0.4947,0.0278,0.0031
2025-08-23,Mahabaleshwar,orographic,15.5,13.3,17.3,17.1,17.1,22.18,0.3837,0.0467,0.0102
2025-08-23,Munnar,orographic,1.7,9.4,13.1,11.74,11.74,20.5,0.3251,0.0327,0.0072
2025-08-23,Madikeri,orographic,3.8,2.7,4.9,3.2,3.2,8.43,0.1732,0.01,0.0023
2025-08-23,Ooty,orographic,0.3,15.7,20.1,21.1,21.1,23.87,0.4137,0.0554,0.0121
2025-08-23,Lonavala,orographic,19.0,17.6,22.2,24.13,24.13,24.01,0.4349,0.0624,0.0136
2025-08-23,Wayanad,orographic,1.1,4.7,7.54,5.7,5.7,10.68,0.2288,0.0165,0.0037
2025-08-23,Shimla,orographic,11.8,19.9,24.7,27.46,27.46,6.97,0.4581,0.0708,0.0155
2025-08-23,Dehradun,orographic,3.8,17.9,22.5,24.8,24.8,6.96,0.4381,0.0635,0.0139
2025-08-23,Srinagar,orographic,7.7,21.8,26.4,29.8,29.8,5.78,0.4756,0.0778,0.0171
2025-08-23,Gangtok,orographic,23.0,4.5,7.3,5.5,5.5,3.65,0.2238,0.0158,0.0035
2025-08-23,Guwahati,orographic,0.7,52.4,65.81,89.21,89.21,27.3,0.6429,0.1853,0.043
2025-08-23,Cherrapunji,orographic,46.1,16.7,21.2,22.77,22.77,12.94,0.4251,0.0591,0.0129
2025-08-23,Imphal,orographic,1.0,2.7,4.9,3.2,3.2,9.04,0.1732,0.01,0.0023
2025-08-23,Agartala,orographic,9.5,6.7,10.1,8.74,8.74,8.26,0.2744,0.0233,0.0051
2025-08-23,Lucknow,normal,0.7,17.7,22.22,22.2,22.2,9.63,0.385,0.0138,0.0016
2025-08-23,Patna,normal,16.0,27.0,33.26,31.31,31.31,11.29,0.4643,0.0219,0.0026
2025-08-23,Varanasi,normal,44.0,37.3,47.0,44.46,44.46,13.73,0.5273,0.0313,0.0037
2025-08-23,Delhi,normal,13.2,12.7,16.7,16.8,16.8,7.86,0.3276,0.0097,0.0012
2025-08-23,Kanpur,normal,1.1,18.5,23.1,23.21,23.21,9.37,0.393,0.0145,0.0017
2025-08-23,Ranchi,normal,15.8,12.8,16.9,17.0,17.0,9.18,0.3289,0.0097,0.0012
2025-08-23,Jodhpur,normal,4.8,25.3,30.21,29.45,29.45,6.54,0.4518,0.0204,0.0024
2025-08-23,Bikaner,normal,12.9,4.5,7.3,7.68,7.68,7.25,0.1893,0.0034,0.0004
2025-08-23,Jaisalmer,normal,0.0,0.1,0.6,0.6,0.6,1.72,0.06,0.0005,0.0001
2025-08-23,Hyderabad,normal,0.1,0.0,0.0,0.0,0.0,2.06,0.0558,0.0005,0.0001
2025-08-23,Bengaluru,normal,0.2,8.6,12.2,12.4,12.4,8.65,0.2678,0.0064,0.0008
2025-08-23,Pune,normal,2.8,1.6,3.2,3.4,3.4,5.28,0.1132,0.0014,0.0002
2025-08-23,Kurnool,normal,0.2,0.0,0.0,0.0,0.0,2.06,0.0558,0.0005,0.0001
2025-08-23,Madurai,normal,1.4,0.9,2.2,2.3,2.3,6.02,0.0902,0.001,0.0001
2025-08-24,Nagpur,normal,3.5,3.5,5.9,6.1,10.55,7.24,0.1657,0.0027,0.0003
2025-08-24,Bhopal,normal,5.9,3.7,6.2,6.39,10.93,7.2,0.1706,0.0028,0.0004
2025-08-24,Raipur,normal,4.0,5.4,8.5,8.7,11.9,8.14,0.2088,0.004,0.0005
2025-08-24,Jabalpur,normal,9.1,7.0,10.4,10.4,13.82,8.45,0.24,0.0052,0.0006
2025-08-24,Akola,normal,0.4,2.7,4.9,5.1,9.73,6.93,0.145,0.0021,0.0003
2025-08-24,Amravati,normal,1.5,0.8,2.0,2.1,3.4,4.49,0.0867,0.0009,0.0001
2025-08-24,Aurangabad,normal,1.4,1.5,3.1,3.3,5.49,4.37,0.1101,0.0013,0.0002
2025-08-24,Bhubaneswar,normal,0.9,2.5,4.7,4.9,9.43,6.66,0.1396,0.002,0.0003
2025-08-24,Mumbai,depression,6.7,33.4,41.9,41.9,55.24,21.37,0.7262,0.0851,0.0033
2025-08-24,Thiruvananthapuram,coastal,0.0,0.0,0.0,0.0,0.0,1.52,0.0785,0.0008,0.0001
2025-08-24,Kochi,coastal,1.9,0.0,0.0,0.0,0.0,2.38,0.0785,0.0008,0.0001
2025-08-24,Mangaluru,coastal,1.4,0.2,0.8,1.5,1.5,3.89,0.0898,0.001,0.0001
2025-08-24,Panaji,coastal,4.4,10.4,14.2,16.7,16.7,11.14,0.3771,0.0141,0.0016
2025-08-24,Chennai,coastal,0.2,0.3,1.0,1.82,1.82,3.75,0.0952,0.0011,0.0001
2025-08-24,Visakhapatnam,coastal,0.1,0.0,0.0,0.0,0.0,2.17,0.0785,0.0008,0.0001
2025-08-24,Puri,coastal,2.7,2.0,3.8,5.75,5.75,6.43,0.1711,0.003,0.0004
2025-08-24,Kolkata,coastal,6.4,1.2,2.6,4.2,4.2,5.27,0.1385,0.0021,0.0003
2025-08-24,Surat,coastal,11.2,22.0,26.6,29.92,29.92,14.11,0.5159,0.0313,0.0035
2025-08-24,Mahabaleshwar,orographic,23.3,13.2,17.3,17.08,17.08,14.78,0.3824,0.0463,0.0101
2025-08-24,Munnar,orographic,0.5,2.8,5.0,3.3,3.3,7.83,0.1763,0.0104,0.0023
2025-08-24,Madikeri,orographic,1.4,0.7,1.9,0.8,0.8,4.55,0.1007,0.0041,0.001
2025-08-24,Ooty,orographic,1.1,1.0,2.3,1.1,1.1,6.24,0.1131,0.0049,0.0011
2025-08-24,Lonavala,orographic,19.3,25.0,29.81,36.7,36.7,16.97,0.502,0.0895,0.0197
2025-08-24,Wayanad,orographic,0.0,0.0,0.0,0.0,0.0,2.97,0.068,0.0022,0.0005
2025-08-24,Shimla,orographic,2.0,16.0,20.4,21.37,21.37,6.75,0.4172,0.0565,0.0124
2025-08-24,Dehradun,orographic,1.7,17.2,21.8,23.6,23.6,6.75,0.4306,0.0609,0.0133
2025-08-24,Srinagar,orographic,31.5,12.2,16.1,15.63,15.63,6.47,0.3686,0.0427,0.0093
2025-08-24,Gangtok,orographic,20.8,4.9,7.9,6.1,6.1,3.31,0.2338,0.0172,0.0038
2025-08-24,Guwahati,orographic,25.9,22.3,26.81,30.35,30.35,12.14,0.4799,0.0796,0.0175
2025-08-24,Cherrapunji,orographic,24.4,3.0,5.3,3.5,3.5,6.18,0.1824,0.011,0.0025
2025-08-24,Imphal,orographic,5.2,5.3,8.3,6.8,6.8,5.33,0.2434,0.0185,0.0041
2025-08-24,Agartala,orographic,5.2,2.3,4.3,2.8,2.8,4.95,0.1604,0.0088,0.002
2025-08-24,Lucknow,normal,4.9,14.4,18.8,19.2,22.9,8.85,0.3487,0.0111,0.0013
2025-08-24,Patna,normal,6.6,34.4,43.2,41.35,40.74,11.5,0.5115,0.0286,0.0034
2025-08-24,Varanasi,normal,14.6,6.3,9.6,9.6,12.69,7.53,0.2268,0.0047,0.0006
2025-08-24,Delhi,normal,11.8,0.1,0.6,0.6,0.82,2.29,0.06,0.0005,0.0001
2025-08-24,Kanpur,normal,23.2,16.0,20.4,20.7,23.33,9.23,0.367,0.0124,0.0015
2025-08-24,Ranchi,normal,17.5,10.4,14.2,14.7,17.16,8.15,0.2958,0.0078,0.0009
2025-08-24,Jodhpur,normal,18.4,19.6,24.3,24.6,28.83,9.06,0.4036,0.0154,0.0018
2025-08-24,Bikaner,normal,25.0,34.5,43.31,41.4,40.74,9.94,0.5121,0.0287,0.0034
2025-08-24,Jaisalmer,normal,1.3,1.8,3.5,3.7,6.39,2.48,0.1193,0.0015,0.0002
2025-08-24,Hyderabad,normal,0.1,0.0,0.0,0.0,0.0,0.92,0.0558,0.0005,0.0001
2025-08-24,Bengaluru,normal,0.3,0.1,0.6,0.6,0.82,3.18,0.06,0.0005,0.0001
2025-08-24,Pune,normal,3.5,1.6,3.2,3.4,5.68,3.87,0.1132,0.0014,0.0002
2025-08-24,Kurnool,normal,0.0,0.0,0.0,0.0,0.0,0.92,0.0558,0.0005,0.0001
2025-08-24,Madurai,normal,0.2,2.1,4.0,4.3,7.44,4.5,0.1282,0.0017,0.0002
2025-08-25,Nagpur,normal,2.8,6.1,9.3,9.3,9.3,8.36,0.2229,0.0045,0.0006
2025-08-25,Bhopal,normal,9.1,12.8,16.9,17.0,17.0,10.0,0.3289,0.0097,0.0012
2025-08-25,Raipur,normal,19.3,3.6,6.0,6.2,6.2,7.3,0.1682,0.0027,0.0003
2025-08-25,Jabalpur,normal,1.6,4.8,7.7,7.9,7.9,7.07,0.196,0.0036,0.0004
2025-08-25,Akola,normal,8.3,8.3,11.9,12.0,12.0,8.2,0.2628,0.0062,0.0008
2025-08-25,Amravati,normal,5.4,5.5,8.64,8.8,8.8,6.81,0.2108,0.0041,0.0005
2025-08-25,Aurangabad,normal,7.8,1.1,2.5,2.7,2.7,4.27,0.097,0.0011,0.0001
2025-08-25,Bhubaneswar,normal,22.4,7.6,11.1,11.32,11.32,8.04,0.2508,0.0056,0.0007
2025-08-25,Mumbai,coastal,23.2,27.1,33.41,44.06,44.06,15.55,0.556,0.0392,0.0044
2025-08-25,Thiruvananthapuram,coastal,0.1,0.0,0.0,0.0,0.0,1.45,0.0785,0.0008,0.0001
2025-08-25,Kochi,coastal,0.4,0.0,0.0,0.0,0.0,1.45,0.0785,0.0008,0.0001
2025-08-25,Mangaluru,coastal,1.7,0.4,1.2,2.1,2.1,3.17,0.1005,0.0012,0.0002
2025-08-25,Panaji,coastal,4.3,15.2,19.5,22.91,22.91,12.3,0.4455,0.021,0.0024
2025-08-25,Chennai,coastal,0.0,0.0,0.0,0.0,0.0,2.08,0.0785,0.0008,0.0001
2025-08-25,Visakhapatnam,coastal,10.7,1.1,2.5,4.1,4.1,3.41,0.1341,0.002,0.0002
2025-08-25,Puri,coastal,18.3,2.6,4.8,6.89,6.89,5.89,0.193,0.0037,0.0004
2025-08-25,Kolkata,coastal,4.1,3.1,5.4,8.1,8.1,5.85,0.2098,0.0043,0.0005
2025-08-25,Surat,coastal,26.8,21.6,26.3,29.81,29.81,13.95,0.5124,0.0307,0.0035
2025-08-25,Mahabaleshwar,orographic,31.3,8.2,11.8,10.5,10.5,10.91,0.3038,0.0285,0.0063
2025-08-25,Munnar,orographic,0.0,0.1,0.6,0.1,0.1,3.8,0.073,0.0025,0.0006
2025-08-25,Madikeri,orographic,0.3,1.2,2.7,1.3,1.3,4.27,0.1211,0.0055,0.0013
2025-08-25,Ooty,orographic,0.0,0.0,0.0,0.0,0.0,2.29,0.068,0.0022,0.0005
2025-08-25,Lonavala,orographic,33.4,17.1,21.7,23.6,23.6,15.56,0.4295,0.0606,0.0132
2025-08-25,Wayanad,orographic,0.0,0.0,0.0,0.0,0.0,1.17,0.068,0.0022,0.0005
2025-08-25,Shimla,orographic,4.5,7.7,11.2,10.0,10.0,5.74,0.2944,0.0267,0.0059
2025-08-25,Dehradun,orographic,2.3,7.9,11.5,10.2,10.2,5.74,0.2982,0.0274,0.006
2025-08-25,Srinagar,orographic,0.8,3.7,6.2,4.5,4.5,4.07,0.2025,0.0132,0.003
2025-08-25,Gangtok,orographic,1.2,16.2,20.6,21.6,21.6,6.09,0.4195,0.0573,0.0125
2025-08-25,Guwahati,orographic,6.2,17.0,21.6,23.4,23.4,8.66,0.4284,0.0602,0.0132
2025-08-25,Cherrapunji,orographic,0.9,19.4,24.0,26.6,26.6,7.44,0.4533,0.069,0.0151
2025-08-25,Imphal,orographic,0.9,7.6,11.1,9.8,9.8,7.21,0.2924,0.0264,0.0058
2025-08-25,Agartala,orographic,0.0,2.9,5.1,3.4,3.4,4.02,0.1793,0.0107,0.0024
2025-08-25,Lucknow,normal,8.2,6.3,9.6,9.6,9.6,7.34,0.2268,0.0047,0.0006
2025-08-25,Patna,normal,1.7,16.1,20.5,20.7,20.7,8.89,0.3681,0.0125,0.0015
2025-08-25,Varanasi,normal,9.2,11.3,15.27,15.5,15.5,8.48,0.3088,0.0085,0.001
2025-08-25,Delhi,normal,19.7,23.2,27.6,27.5,27.5,7.47,0.4352,0.0186,0.0022
2025-08-25,Kanpur,normal,23.7,33.3,41.71,40.7,40.7,11.33,0.5051,0.0276,0.0032
2025-08-25,Ranchi,normal,3.6,10.1,13.8,14.02,14.02,7.49,0.2914,0.0076,0.0009
2025-08-25,Jodhpur,normal,3.9,12.5,16.5,16.6,16.6,8.99,0.325,0.0095,0.0011
2025-08-25,Bikaner,normal,3.9,11.1,15.1,15.4,15.4,8.79,0.306,0.0084,0.001
2025-08-25,Jaisalmer,normal,0.8,0.0,0.0,0.0,0.0,0.91,0.0558,0.0005,0.0001
2025-08-25,Hyderabad,normal,0.1,4.2,7.0,7.2,7.2,4.17,0.1825,0.0031,0.0004
2025-08-25,Bengaluru,normal,0.0,0.0,0.0,0.0,0.0,1.47,0.0558,0.0005,0.0001
2025-08-25,Pune,normal,2.4,2.1,4.0,4.3,4.3,4.38,0.1282,0.0017,0.0002
2025-08-25,Kurnool,normal,0.0,0.1,0.6,0.6,0.6,1.7,0.06,0.0005,0.0001
2025-08-25,Madurai,normal,0.3,0.0,0.0,0.0,0.0,2.0,0.0558,0.0005,0.0001
2025-08-26,Nagpur,normal,11.4,7.6,11.1,11.32,11.32,8.65,0.2508,0.0056,0.0007
2025-08-26,Bhopal,normal,3.5,5.9,9.04,9.0,9.0,8.61,0.219,0.0044,0.0005
2025-08-26,Raipur,normal,9.6,0.5,1.5,1.5,1.5,4.16,0.0757,0.0007,0.0001
2025-08-26,Jabalpur,normal,13.4,9.4,13.1,13.5,13.5,9.55,0.2807,0.007,0.0009
2025-08-26,Akola,normal,5.2,13.5,17.6,17.9,17.9,10.24,0.3378,0.0103,0.0012
2025-08-26,Amravati,normal,2.6,4.5,7.3,7.68,7.68,7.3,0.1893,0.0034,0.0004
2025-08-26,Aurangabad,normal,5.7,1.6,3.2,3.4,3.4,4.27,0.1132,0.0014,0.0002
2025-08-26,Bhubaneswar,normal,20.7,9.3,12.9,13.3,13.3,9.61,0.2791,0.0069,0.0008
2025-08-26,Mumbai,coastal,14.9,31.8,39.3,53.31,53.31,16.35,0.5865,0.0465,0.0052
2025-08-26,Thiruvananthapuram,coastal,1.3,0.0,0.0,0.0,0.0,1.45,0.0785,0.0008,0.0001
2025-08-26,Kochi,coastal,3.9,0.9,2.3,3.66,3.66,3.41,0.125,0.0018,0.0002
2025-08-26,Mangaluru,coastal,26.9,25.0,29.81,35.81,35.81,10.22,0.5405,0.0359,0.004
2025-08-26,Panaji,coastal,35.8,36.5,45.75,61.72,61.72,16.59,0.6124,0.054,0.0061
2025-08-26,Chennai,coastal,0.0,1.8,3.5,5.5,5.5,4.14,0.1634,0.0028,0.0003
2025-08-26,Visakhapatnam,coastal,34.2,6.8,10.2,12.9,12.9,6.78,0.3084,0.0091,0.0011
2025-08-26,Puri,coastal,20.0,3.7,6.2,8.94,8.94,6.74,0.2286,0.0051,0.0006
2025-08-26,Kolkata,coastal,2.2,0.1,0.6,1.1,1.1,3.75,0.0842,0.0009,0.0001
2025-08-26,Surat,depression,10.5,51.4,64.65,64.65,83.43,22.6,0.7883,0.1319,0.0052
2025-08-26,Mahabaleshwar,orographic,34.3,4.0,6.7,5.0,5.0,8.53,0.2107,0.0142,0.0032
2025-08-26,Munnar,orographic,4.1,0.8,2.0,0.9,0.9,3.44,0.1049,0.0044,0.001
2025-08-26,Madikeri,orographic,10.3,4.6,7.4,5.6,5.6,6.53,0.2263,0.0162,0.0036
2025-08-26,Ooty,orographic,1.8,2.7,4.9,3.2,3.2,4.95,0.1732,0.01,0.0023
2025-08-26,Lonavala,orographic,22.3,7.4,10.9,9.6,9.6,10.99,0.2885,0.0257,0.0057
2025-08-26,Wayanad,orographic,4.0,1.0,2.3,1.1,1.1,3.26,0.1131,0.0049,0.0011
2025-08-26,Shimla,orographic,25.0,19.8,24.6,27.26,27.26,6.06,0.4572,0.0705,0.0154
2025-08-26,Dehradun,orographic,29.0,22.1,26.6,30.13,30.13,6.59,0.4782,0.0789,0.0173
2025-08-26,Srinagar,orographic,2.2,5.3,8.3,6.8,6.8,4.3,0.2434,0.0185,0.0041
2025-08-26,Gangtok,orographic,0.7,2.5,4.7,3.0,3.0,4.19,0.1669,0.0094,0.0021
2025-08-26,Guwahati,orographic,0.2,6.9,10.3,9.1,9.1,6.79,0.2785,0.024,0.0053
2025-08-26,Cherrapunji,orographic,1.9,10.3,14.1,13.0,13.0,7.72,0.34,0.0359,0.0079
2025-08-26,Imphal,orographic,1.4,0.5,1.5,0.5,0.5,3.57,0.0919,0.0035,0.0008
2025-08-26,Agartala,orographic,0.5,6.3,9.6,8.2,8.2,6.06,0.2659,0.0219,0.0048
2025-08-26,Lucknow,normal,2.9,1.1,2.5,2.7,2.7,3.67,0.097,0.0011,0.0001
2025-08-26,Patna,normal,0.8,0.1,0.6,0.6,0.6,2.25,0.06,0.0005,0.0001
2025-08-26,Varanasi,normal,1.5,2.6,4.8,5.0,5.0,5.76,0.1423,0.0021,0.0003
2025-08-26,Delhi,normal,6.7,17.2,21.8,21.9,21.9,8.95,0.3799,0.0134,0.0016
2025-08-26,Kanpur,normal,1.2,1.7,3.3,3.4,3.4,4.05,0.1163,0.0015,0.0002
2025-08-26,Ranchi,normal,0.9,2.6,4.8,5.0,5.0,5.23,0.1423,0.0021,0.0003
2025-08-26,Jodhpur,normal,1.2,9.4,13.1,13.5,13.5,8.16,0.2807,0.007,0.0009
2025-08-26,Bikaner,normal,0.5,4.1,6.8,7.04,7.04,6.45,0.1801,0.0031,0.0004
2025-08-26,Jaisalmer,normal,0.6,0.0,0.0,0.0,0.0,0.32,0.0558,0.0005,0.0001
2025-08-26,Hyderabad,normal,19.8,1.1,2.5,2.7,2.7,4.17,0.097,0.0011,0.0001
2025-08-26,Bengaluru,normal,1.6,0.1,0.6,0.6,0.6,1.7,0.06,0.0005,0.0001
2025-08-26,Pune,normal,3.2,0.4,1.2,1.2,1.2,3.09,0.0719,0.0007,0.0001
2025-08-26,Kurnool,normal,11.0,0.1,0.6,0.6,0.6,2.39,0.06,0.0005,0.0001
2025-08-26,Madurai,normal,0.2,0.0,0.0,0.0,0.0,0.88,0.0558,0.0005,0.0001
2025-08-27,Nagpur,normal,18.7,11.1,15.1,15.4,15.4,10.09,0.306,0.0084,0.001
2025-08-27,Bhopal,normal,8.2,7.3,10.7,10.8,10.8,8.21,0.2455,0.0054,0.0007
2025-08-27,Raipur,normal,4.8,4.4,7.2,7.53,7.53,5.81,0.187,0.0033,0.0004
2025-08-27,Jabalpur,normal,19.2,10.3,14.1,14.42,14.42,9.94,0.2944,0.0077,0.0009
2025-08-27,Akola,normal,6.9,7.0,10.4,10.4,10.4,8.31,0.24,0.0052,0.0006
2025-08-27,Amravati,normal,7.9,3.3,5.7,5.9,5.9,7.14,0.1607,0.0025,0.0003
2025-08-27,Aurangabad,normal,16.2,3.2,5.6,5.8,5.8,6.11,0.1582,0.0025,0.0003
2025-08-27,Bhubaneswar,normal,24.7,4.0,6.7,6.9,6.9,7.19,0.1778,0.003,0.0004
2025-08-27,Mumbai,coastal,7.6,19.6,24.3,27.11,27.11,13.53,0.4937,0.0276,0.0031
2025-08-27,Thiruvananthapuram,coastal,20.2,0.2,0.8,1.5,1.5,2.57,0.0898,0.001,0.0001
2025-08-27,Kochi,coastal,32.0,2.1,4.0,5.9,5.9,5.12,0.1749,0.0031,0.0004
2025-08-27,Mangaluru,coastal,77.9,25.4,30.31,36.79,36.79,13.65,0.5436,0.0365,0.0041
2025-08-27,Panaji,coastal,55.1,20.9,25.5,28.53,28.53,13.34,0.506,0.0296,0.0033
2025-08-27,Chennai,coastal,23.0,1.5,3.1,5.0,5.0,4.32,0.1513,0.0024,0.0003
2025-08-27,Visakhapatnam,coastal,10.4,5.2,8.2,10.8,10.8,8.46,0.2704,0.007,0.0008
2025-08-27,Puri,coastal,24.1,4.6,7.4,10.3,10.3,7.01,0.2545,0.0062,0.0007
2025-08-27,Kolkata,coastal,5.7,0.1,0.6,1.1,1.1,2.81,0.0842,0.0009,0.0001
2025-08-27,Surat,coastal,2.6,19.2,23.7,26.82,26.82,14.33,0.4898,0.027,0.003
2025-08-27,Mahabaleshwar,orographic,19.3,3.3,5.7,3.9,3.9,7.45,0.1912,0.0119,0.0027
2025-08-27,Munnar,orographic,30.5,3.6,6.0,4.3,4.3,6.4,0.1998,0.0129,0.0029
2025-08-27,Madikeri,orographic,53.0,5.8,9.0,7.5,7.5,10.19,0.2549,0.0202,0.0045
2025-08-27,Ooty,orographic,2.2,7.0,10.4,9.1,9.1,9.14,0.2805,0.0243,0.0054
2025-08-27,Lonavala,orographic,15.0,11.9,15.8,15.28,15.28,14.38,0.3643,0.0416,0.0091
2025-08-27,Wayanad,orographic,17.5,4.9,7.9,6.1,6.1,6.53,0.2338,0.0172,0.0038
2025-08-27,Shimla,orographic,4.5,7.8,11.4,10.1,10.1,5.74,0.2963,0.0271,0.006
2025-08-27,Dehradun,orographic,0.4,13.3,17.3,17.1,17.1,6.42,0.3837,0.0467,0.0102
2025-08-27,Srinagar,orographic,5.7,0.0,0.0,0.0,0.0,0.87,0.068,0.0022,0.0005
2025-08-27,Gangtok,orographic,8.8,4.1,6.8,5.1,5.1,3.03,0.2134,0.0145,0.0032
2025-08-27,Guwahati,orographic,16.0,17.5,22.2,23.97,23.97,8.44,0.4338,0.062,0.0136
2025-08-27,Cherrapunji,orographic,12.6,11.4,15.3,14.33,14.33,7.87,0.357,0.0398,0.0087
2025-08-27,Imphal,orographic,0.5,7.3,10.7,9.5,9.5,3.94,0.2866,0.0253,0.0056
2025-08-27,Agartala,orographic,0.8,7.1,10.5,9.2,9.2,6.72,0.2826,0.0246,0.0054
2025-08-27,Lucknow,normal,0.9,1.1,2.5,2.7,2.7,2.85,0.097,0.0011,0.0001
2025-08-27,Patna,normal,1.3,0.1,0.6,0.6,0.6,1.26,0.06,0.0005,0.0001
2025-08-27,Varanasi,normal,0.6,2.1,4.0,4.3,4.3,4.33,0.1282,0.0017,0.0002
2025-08-27,Delhi,normal,1.4,6.7,10.1,9.9,9.9,7.08,0.2344,0.005,0.0006
2025-08-27,Kanpur,normal,5.4,4.0,6.7,6.9,6.9,4.56,0.1778,0.003,0.0004
2025-08-27,Ranchi,normal,0.9,1.4,2.9,3.1,3.1,3.25,0.1069,0.0013,0.0002
2025-08-27,Jodhpur,normal,2.2,1.3,2.8,3.0,3.0,3.59,0.1037,0.0012,0.0002
2025-08-27,Bikaner,normal,0.4,0.1,0.6,0.6,0.6,1.66,0.06,0.0005,0.0001
2025-08-27,Jaisalmer,normal,1.0,0.2,0.8,0.8,0.8,0.72,0.0641,0.0006,0.0001
2025-08-27,Hyderabad,normal,25.8,1.7,3.4,3.5,3.5,3.76,0.1163,0.0015,0.0002
2025-08-27,Bengaluru,normal,15.4,3.9,6.5,6.69,6.69,4.3,0.1754,0.0029,0.0004
2025-08-27,Pune,normal,3.4,0.4,1.2,1.2,1.2,2.93,0.0719,0.0007,0.0001
2025-08-27,Kurnool,normal,11.0,1.7,3.3,3.4,3.4,3.03,0.1163,0.0015,0.0002
2025-08-27,Madurai,normal,0.2,0.0,0.0,0.0,0.0,0.88,0.0558,0.0005,0.0001
2025-08-28,Nagpur,active,19.3,10.7,14.7,15.39,15.07,15.11,0.4046,0.0221,0.0052
2025-08-28,Bhopal,active,18.6,11.3,15.27,16.13,15.5,14.87,0.4143,0.0234,0.0055
2025-08-28,Raipur,active,8.5,0.4,1.2,2.4,1.2,5.48,0.1094,0.0019,0.0005
2025-08-28,Jabalpur,active,7.3,6.1,9.3,10.24,9.3,13.28,0.3124,0.0125,0.003
2025-08-28,Akola,depression,18.3,57.1,69.11,69.11,63.81,26.91,0.8018,0.1463,0.0058
2025-08-28,Amravati,active,16.3,34.7,43.55,66.57,41.4,18.33,0.6254,0.0766,0.018
2025-08-28,Aurangabad,active,6.4,54.6,66.62,259.68,61.81,22.91,0.7047,0.122,0.0292
2025-08-28,Bhubaneswar,active,11.9,14.1,18.4,18.3,18.86,13.56,0.4549,0.0295,0.007
2025-08-28,Mumbai,coastal,16.3,22.2,26.8,30.91,30.91,24.17,0.5177,0.0316,0.0036
2025-08-28,Thiruvananthapuram,coastal,9.2,0.2,0.8,1.5,1.5,4.27,0.0898,0.001,0.0001
2025-08-28,Kochi,coastal,31.5,7.3,10.7,13.48,13.48,9.0,0.3191,0.0098,0.0011
2025-08-28,Mangaluru,coastal,54.9,20.8,25.5,28.46,28.46,19.75,0.5051,0.0294,0.0033
2025-08-28,Panaji,coastal,36.9,13.5,17.6,20.9,20.9,19.23,0.4236,0.0185,0.0021
2025-08-28,Chennai,coastal,13.4,0.1,0.6,1.1,1.1,4.58,0.0842,0.0009,0.0001
2025-08-28,Visakhapatnam,coastal,1.4,0.9,2.2,3.56,3.56,7.16,0.125,0.0018,0.0002
2025-08-28,Puri,coastal,7.2,13.9,18.1,21.77,21.77,13.85,0.4289,0.0191,0.0022
2025-08-28,Kolkata,coastal,5.6,2.8,5.0,7.5,7.5,6.72,0.1998,0.0039,0.0005
2025-08-28,Surat,depression,16.8,46.5,60.2,60.2,80.21,37.25,0.7748,0.1194,0.0047
2025-08-28,Mahabaleshwar,orographic,15.8,2.9,5.1,3.4,3.4,9.63,0.1793,0.0107,0.0024
2025-08-28,Munnar,orographic,50.9,3.2,5.6,3.8,3.8,10.29,0.1883,0.0116,0.0026
2025-08-28,Madikeri,orographic,75.3,8.5,12.13,10.6,10.6,18.9,0.3093,0.0295,0.0065
2025-08-28,Ooty,orographic,32.3,5.4,8.5,6.9,6.9,17.84,0.2457,0.0188,0.0042
2025-08-28,Lonavala,orographic,12.5,10.8,14.7,13.7,13.7,23.51,0.3478,0.0377,0.0083
2025-08-28,Wayanad,orographic,94.5,4.8,7.7,5.85,5.85,12.47,0.2313,0.0168,0.0037
2025-08-28,Shimla,orographic,8.6,6.8,10.2,8.9,8.9,7.69,0.2764,0.0236,0.0052
2025-08-28,Dehradun,orographic,8.6,17.7,22.22,24.53,24.53,9.6,0.436,0.0628,0.0137
2025-08-28,Srinagar,orographic,0.0,3.8,6.3,4.7,4.7,3.55,0.2053,0.0135,0.003
2025-08-28,Gangtok,orographic,18.1,18.2,22.8,25.17,25.17,7.71,0.4412,0.0646,0.0141
2025-08-28,Guwahati,orographic,15.0,24.3,29.1,35.5,35.5,22.88,0.4965,0.087,0.0191
2025-08-28,Cherrapunji,orographic,14.7,13.7,17.82,17.72,17.72,14.33,0.389,0.0482,0.0105
2025-08-28,Imphal,orographic,22.8,23.8,28.4,34.41,34.41,18.16,0.4925,0.0851,0.0187
2025-08-28,Agartala,orographic,1.8,0.4,1.2,0.4,0.4,5.6,0.0873,0.0033,0.0008
2025-08-28,Lucknow,active,1.2,16.5,20.92,19.04,21.3,8.69,0.4845,0.0349,0.0082
2025-08-28,Patna,active,1.1,0.3,1.0,2.2,1.0,2.42,0.1037,0.0017,0.0005
2025-08-28,Varanasi,active,0.5,6.8,10.2,11.37,10.0,6.96,0.3289,0.0139,0.0033
2025-08-28,Delhi,active,15.5,6.9,10.3,11.5,10.2,8.71,0.3312,0.0141,0.0034
2025-08-28,Kanpur,active,3.2,4.6,7.4,7.44,7.7,6.49,0.2729,0.0095,0.0023
2025-08-28,Ranchi,active,2.3,2.0,3.8,5.0,4.05,4.22,0.1849,0.0046,0.0011
2025-08-28,Jodhpur,active,15.6,0.1,0.6,1.43,0.6,2.46,0.0918,0.0014,0.0004
2025-08-28,Bikaner,active,0.0,0.2,0.8,1.87,0.8,1.93,0.0978,0.0016,0.0004
2025-08-28,Jaisalmer,active,0.5,0.7,1.8,2.7,1.8,2.36,0.1255,0.0024,0.0006
2025-08-28,Hyderabad,active,17.6,7.5,11.0,11.7,11.12,8.33,0.3444,0.0153,0.0037
2025-08-28,Bengaluru,active,8.7,0.4,1.2,2.4,1.2,4.91,0.1094,0.0019,0.0005
2025-08-28,Pune,active,14.6,0.4,1.2,2.4,1.2,4.34,0.1094,0.0019,0.0005
2025-08-28,Kurnool,active,9.4,0.6,1.7,2.7,1.7,5.13,0.1203,0.0022,0.0006
2025-08-28,Madurai,active,0.6,0.1,0.6,1.43,0.6,3.52,0.0918,0.0014,0.0004
2025-08-29,Nagpur,normal,5.6,13.0,17.1,17.11,17.11,12.33,0.3315,0.0099,0.0012
2025-08-29,Bhopal,normal,10.2,15.0,19.4,19.7,19.7,12.86,0.3557,0.0115,0.0014
2025-08-29,Raipur,normal,3.2,6.8,10.2,10.0,10.0,7.63,0.2363,0.005,0.0006
2025-08-29,Jabalpur,normal,8.7,6.9,10.3,10.2,10.2,9.98,0.2382,0.0051,0.0006
2025-08-29,Akola,normal,24.4,10.7,14.7,15.07,15.07,12.63,0.3002,0.008,0.001
2025-08-29,Amravati,normal,12.0,15.7,20.1,20.41,20.41,12.66,0.3637,0.0121,0.0015
2025-08-29,Aurangabad,normal,8.3,4.7,7.54,7.9,7.9,10.13,0.1938,0.0035,0.0004
2025-08-29,Bhubaneswar,normal,3.6,20.6,25.3,25.4,25.4,12.86,0.4129,0.0163,0.0019
2025-08-29,Mumbai,coastal,7.5,3.6,6.0,8.89,8.89,9.74,0.2256,0.0049,0.0006
2025-08-29,Thiruvananthapuram,coastal,10.6,0.9,2.2,3.56,3.56,4.72,0.125,0.0018,0.0002
2025-08-29,Kochi,coastal,23.7,5.8,9.0,11.3,11.3,10.23,0.2853,0.0077,0.0009
2025-08-29,Mangaluru,coastal,29.4,21.2,25.8,29.06,29.06,14.76,0.5088,0.03,0.0034
2025-08-29,Panaji,coastal,41.8,7.9,11.5,14.1,14.1,10.54,0.3315,0.0106,0.0012
2025-08-29,Chennai,coastal,0.9,0.0,0.0,0.0,0.0,2.7,0.0785,0.0008,0.0001
2025-08-29,Visakhapatnam,coastal,2.3,3.6,6.0,8.89,8.89,6.99,0.2256,0.0049,0.0006
2025-08-29,Puri,coastal,4.2,14.5,18.9,22.31,22.31,13.79,0.4367,0.02,0.0023
2025-08-29,Kolkata,coastal,15.3,9.4,13.1,15.5,15.5,10.96,0.3599,0.0126,0.0015
2025-08-29,Surat,coastal,31.5,13.1,17.2,20.35,20.35,16.53,0.4181,0.0179,0.002
2025-08-29,Mahabaleshwar,orographic,15.0,5.2,8.2,6.65,6.65,12.19,0.241,0.0182,0.004
2025-08-29,Munnar,orographic,33.1,2.0,3.8,2.3,2.3,7.55,0.1503,0.0079,0.0018
2025-08-29,Madikeri,orographic,29.8,8.9,12.58,11.2,11.2,18.25,0.3165,0.0309,0.0068
2025-08-29,Ooty,orographic,9.0,4.2,7.0,5.2,5.2,12.67,0.216,0.0149,0.0033
2025-08-29,Lonavala,orographic,17.3,8.0,11.6,10.3,10.3,16.66,0.3001,0.0278,0.0061
2025-08-29,Wayanad,orographic,11.5,3.4,5.9,4.1,4.1,10.74,0.1941,0.0123,0.0028
2025-08-29,Shimla,orographic,15.2,8.7,12.4,11.0,11.0,5.76,0.3129,0.0302,0.0066
2025-08-29,Dehradun,orographic,10.7,16.7,21.2,22.77,22.77,6.74,0.4251,0.0591,0.0129
2025-08-29,Srinagar,orographic,0.0,4.2,7.0,5.2,5.2,3.08,0.216,0.0149,0.0033
2025-08-29,Gangtok,orographic,23.2,9.9,13.7,12.48,12.48,6.29,0.3335,0.0345,0.0076
2025-08-29,Guwahati,orographic,18.2,27.2,33.6,42.52,42.52,14.49,0.5184,0.0975,0.0215
2025-08-29,Cherrapunji,orographic,7.4,25.8,30.91,38.46,38.46,14.17,0.5081,0.0924,0.0204
2025-08-29,Imphal,orographic,19.6,11.6,15.52,14.68,14.68,10.85,0.3599,0.0406,0.0089
2025-08-29,Agartala,orographic,15.5,1.4,2.9,1.6,1.6,3.97,0.1287,0.0061,0.0014
2025-08-29,Lucknow,normal,1.1,15.3,19.6,20.0,20.0,9.39,0.3592,0.0118,0.0014
2025-08-29,Patna,normal,1.1,1.8,3.5,3.7,3.7,3.83,0.1193,0.0015,0.0002
2025-08-29,Varanasi,normal,0.7,6.3,9.6,9.6,9.6,7.5,0.2268,0.0047,0.0006
2025-08-29,Delhi,normal,12.6,14.0,18.2,18.6,18.6,8.81,0.3439,0.0107,0.0013
2025-08-29,Kanpur,normal,1.6,5.6,8.7,8.8,8.8,6.72,0.2129,0.0041,0.0005
2025-08-29,Ranchi,normal,5.4,4.1,6.8,7.04,7.04,5.01,0.1801,0.0031,0.0004
2025-08-29,Jodhpur,normal,15.2,0.0,0.0,0.0,0.0,1.01,0.0558,0.0005,0.0001
2025-08-29,Bikaner,normal,1.3,0.2,0.8,0.8,0.8,1.36,0.0641,0.0006,0.0001
2025-08-29,Jaisalmer,normal,0.0,2.1,4.0,4.3,4.3,3.09,0.1282,0.0017,0.0002
2025-08-29,Hyderabad,normal,1.7,0.6,1.6,1.6,1.6,4.91,0.0795,0.0008,0.0001
2025-08-29,Bengaluru,normal,0.9,1.7,3.3,3.4,3.4,4.75,0.1163,0.0015,0.0002
2025-08-29,Pune,normal,17.6,1.6,3.2,3.4,3.4,4.75,0.1132,0.0014,0.0002
2025-08-29,Kurnool,normal,1.4,0.1,0.6,0.6,0.6,3.91,0.06,0.0005,0.0001
2025-08-29,Madurai,normal,0.6,1.4,2.9,3.1,3.1,4.23,0.1069,0.0013,0.0002
2025-08-30,Nagpur,normal,1.8,17.9,22.5,22.4,25.57,12.9,0.3871,0.014,0.0017
2025-08-30,Bhopal,normal,1.9,22.8,27.3,27.3,29.37,15.31,0.4319,0.0182,0.0022
2025-08-30,Raipur,normal,1.7,1.6,3.2,3.4,5.68,5.86,0.1132,0.0014,0.0002
2025-08-30,Jabalpur,normal,2.6,4.3,7.1,7.4,11.48,8.81,0.1848,0.0032,0.0004
2025-08-30,Akola,normal,4.7,18.1,22.6,22.46,25.57,12.86,0.3891,0.0142,0.0017
2025-08-30,Amravati,normal,1.7,19.5,24.0,24.6,28.18,13.24,0.4027,0.0154,0.0018
2025-08-30,Aurangabad,normal,4.6,7.1,10.5,10.5,13.87,9.62,0.2419,0.0053,0.0006
2025-08-30,Bhubaneswar,normal,12.6,7.7,11.2,11.4,14.96,11.13,0.2526,0.0057,0.0007
2025-08-30,Mumbai,coastal,2.8,1.4,2.9,4.7,4.7,5.59,0.1471,0.0023,0.0003
2025-08-30,Thiruvananthapuram,coastal,9.9,0.0,0.0,0.0,0.0,3.02,0.0785,0.0008,0.0001
2025-08-30,Kochi,coastal,13.6,3.7,6.2,8.94,8.94,9.33,0.2286,0.0051,0.0006
2025-08-30,Mangaluru,coastal,64.7,12.6,16.62,19.62,19.62,14.2,0.411,0.0172,0.002
2025-08-30,Panaji,coastal,16.1,11.7,15.67,18.8,18.8,13.13,0.3977,0.0159,0.0018
2025-08-30,Chennai,coastal,22.2,0.0,0.0,0.0,0.0,2.32,0.0785,0.0008,0.0001
2025-08-30,Visakhapatnam,coastal,2.0,1.9,3.6,5.6,5.6,6.3,0.1673,0.0029,0.0003
2025-08-30,Puri,coastal,9.6,18.0,22.6,25.2,25.2,14.56,0.4774,0.0252,0.0028
2025-08-30,Kolkata,coastal,9.2,14.2,18.6,22.02,22.02,13.75,0.4329,0.0195,0.0022
2025-08-30,Surat,coastal,5.6,3.3,5.7,8.6,8.6,9.26,0.2162,0.0046,0.0005
2025-08-30,Mahabaleshwar,orographic,12.4,3.6,6.0,4.3,4.3,12.44,0.1998,0.0129,0.0029
2025-08-30,Munnar,orographic,18.9,1.5,3.1,1.7,1.7,6.03,0.1325,0.0064,0.0015
2025-08-30,Madikeri,orographic,16.8,6.0,9.2,7.7,7.7,16.8,0.2593,0.0209,0.0046
2025-08-30,Ooty,orographic,2.6,4.9,7.9,6.1,6.1,10.1,0.2338,0.0172,0.0038
2025-08-30,Lonavala,orographic,6.0,4.5,7.3,5.5,5.5,13.07,0.2238,0.0158,0.0035
2025-08-30,Wayanad,orographic,5.8,3.4,5.8,4.1,4.1,9.75,0.1941,0.0123,0.0028
2025-08-30,Shimla,orographic,15.2,13.3,17.3,17.1,17.1,6.42,0.3837,0.0467,0.0102
2025-08-30,Dehradun,orographic,9.5,14.8,19.2,19.47,19.47,6.59,0.4029,0.0522,0.0114
2025-08-30,Srinagar,orographic,1.0,8.0,11.6,10.3,10.3,4.7,0.3001,0.0278,0.0061
2025-08-30,Gangtok,orographic,3.8,8.0,11.6,10.3,10.3,5.72,0.3001,0.0278,0.0061
2025-08-30,Guwahati,orographic,13.9,8.1,11.7,10.4,10.4,9.74,0.302,0.0281,0.0062
2025-08-30,Cherrapunji,orographic,8.1,21.2,25.8,29.01,29.01,11.29,0.4702,0.0756,0.0166
2025-08-30,Imphal,orographic,10.9,10.6,14.5,13.4,13.4,10.22,0.3447,0.037,0.0081
2025-08-30,Agartala,orographic,8.0,8.4,12.0,10.5,10.5,6.09,0.3075,0.0292,0.0064
2025-08-30,Lucknow,normal,2.0,8.7,12.4,12.7,15.74,8.18,0.2695,0.0065,0.0008
2025-08-30,Patna,normal,5.2,0.1,0.6,0.6,0.82,2.45,0.06,0.0005,0.0001
2025-08-30,Varanasi,normal,10.3,3.0,5.3,5.5,10.06,6.31,0.153,0.0023,0.0003
2025-08-30,Delhi,normal,3.8,1.5,3.1,3.3,5.49,4.4,0.1101,0.0013,0.0002
2025-08-30,Kanpur,normal,2.4,11.3,15.27,15.5,17.76,8.98,0.3088,0.0085,0.001
2025-08-30,Ranchi,normal,2.4,5.5,8.64,8.8,11.98,6.67,0.2108,0.0041,0.0005
2025-08-30,Jodhpur,normal,32.4,8.4,12.0,12.2,15.74,3.85,0.2645,0.0062,0.0008
2025-08-30,Bikaner,normal,35.7,1.1,2.5,2.7,4.05,1.86,0.097,0.0011,0.0001
2025-08-30,Jaisalmer,normal,0.7,3.2,5.6,5.8,10.23,4.23,0.1582,0.0025,0.0003
2025-08-30,Hyderabad,normal,0.4,0.3,1.0,1.0,1.3,3.85,0.0681,0.0006,0.0001
2025-08-30,Bengaluru,normal,4.0,0.0,0.0,0.0,0.0,2.85,0.0558,0.0005,0.0001
2025-08-30,Pune,normal,4.5,0.4,1.2,1.2,1.8,4.03,0.0719,0.0007,0.0001
2025-08-30,Kurnool,normal,15.5,0.0,0.0,0.0,0.0,2.45,0.0558,0.0005,0.0001
2025-08-30,Madurai,normal,2.3,0.5,1.5,1.5,2.5,4.48,0.0757,0.0007,0.0001
2025-08-31,Nagpur,normal,10.9,16.3,20.7,20.91,20.91,14.41,0.3703,0.0126,0.0015
2025-08-31,Bhopal,normal,16.0,6.7,10.1,9.9,9.9,11.34,0.2344,0.005,0.0006
2025-08-31,Raipur,normal,12.0,1.6,3.2,3.4,3.4,5.54,0.1132,0.0014,0.0002
2025-08-31,Jabalpur,normal,8.1,34.2,43.01,41.25,41.25,17.27,0.5104,0.0284,0.0033
2025-08-31,Akola,normal,1.1,5.9,9.04,9.0,9.0,11.75,0.219,0.0044,0.0005
2025-08-31,Amravati,normal,13.1,5.9,9.04,9.0,9.0,11.75,0.219,0.0044,0.0005
2025-08-31,Aurangabad,normal,1.8,0.2,0.8,0.8,0.8,4.67,0.0641,0.0006,0.0001
2025-08-31,Bhubaneswar,normal,9.9,11.3,15.27,15.5,15.5,12.78,0.3088,0.0085,0.001
2025-08-31,Mumbai,coastal,10.0,6.6,9.9,12.4,12.4,7.68,0.3039,0.0088,0.001
2025-08-31,Thiruvananthapuram,coastal,4.9,0.0,0.0,0.0,0.0,2.45,0.0785,0.0008,0.0001
2025-08-31,Kochi,coastal,7.8,0.5,1.5,2.4,2.4,5.02,0.1056,0.0013,0.0002
2025-08-31,Mangaluru,coastal,18.3,10.4,14.2,16.7,16.7,12.42,0.3771,0.0141,0.0016
2025-08-31,Panaji,coastal,9.4,8.3,11.9,14.33,14.33,10.32,0.3394,0.0111,0.0013
2025-08-31,Chennai,coastal,11.2,0.0,0.0,0.0,0.0,2.45,0.0785,0.0008,0.0001
2025-08-31,Visakhapatnam,coastal,8.4,3.3,5.7,8.6,8.6,7.12,0.2162,0.0046,0.0005
2025-08-31,Puri,coastal,11.8,2.6,4.8,6.89,6.89,9.57,0.193,0.0037,0.0004
2025-08-31,Kolkata,coastal,3.8,11.6,15.52,18.72,18.72,13.17,0.3962,0.0158,0.0018
2025-08-31,Surat,coastal,13.7,6.2,9.5,11.8,11.8,9.4,0.2948,0.0083,0.001
2025-08-31,Mahabaleshwar,orographic,24.6,4.4,7.2,5.4,5.4,10.34,0.2212,0.0155,0.0035
2025-08-31,Munnar,orographic,8.1,0.3,1.0,0.2,0.2,5.34,0.0827,0.003,0.0007
2025-08-31,Madikeri,orographic,13.0,5.2,8.2,6.65,6.65,14.09,0.241,0.0182,0.004
2025-08-31,Ooty,orographic,2.9,2.8,5.0,3.3,3.3,9.81,0.1763,0.0104,0.0023
2025-08-31,Lonavala,orographic,19.6,12.2,16.1,15.63,15.63,17.54,0.3686,0.0427,0.0093
2025-08-31,Wayanad,orographic,3.1,1.8,3.5,2.0,2.0,7.87,0.1433,0.0073,0.0017
2025-08-31,Shimla,orographic,18.7,27.1,33.41,42.42,42.42,7.56,0.5177,0.0972,0.0215
2025-08-31,Dehradun,orographic,17.1,10.3,14.1,13.0,13.0,6.43,0.34,0.0359,0.0079
2025-08-31,Srinagar,orographic,13.1,17.6,22.2,24.13,24.13,7.08,0.4349,0.0624,0.0136
2025-08-31,Gangtok,orographic,2.4,8.8,12.4,11.1,11.1,6.04,0.3147,0.0306,0.0067
2025-08-31,Guwahati,orographic,0.9,0.1,0.6,0.1,0.1,4.43,0.073,0.0025,0.0006
2025-08-31,Cherrapunji,orographic,10.7,6.6,10.0,8.7,8.7,9.46,0.2723,0.0229,0.0051
2025-08-31,Imphal,orographic,1.8,0.5,1.5,0.5,0.5,5.34,0.0919,0.0035,0.0008
2025-08-31,Agartala,orographic,1.1,0.7,1.8,0.7,0.7,4.92,0.1007,0.0041,0.001
2025-08-31,Lucknow,normal,23.3,3.1,5.4,5.69,5.69,5.86,0.1556,0.0024,0.0003
2025-08-31,Patna,normal,6.7,6.9,10.3,10.2,10.2,5.78,0.2382,0.0051,0.0006
2025-08-31,Varanasi,normal,12.8,15.9,20.3,20.6,20.6,9.53,0.3659,0.0123,0.0015
2025-08-31,Delhi,normal,13.1,5.2,8.2,8.4,8.4,5.74,0.2046,0.0039,0.0005
2025-08-31,Kanpur,normal,37.7,0.7,1.8,1.8,1.8,3.58,0.0831,0.0009,0.0001
2025-08-31,Ranchi,normal,0.8,29.4,36.6,34.12,34.12,11.81,0.4808,0.0241,0.0028
2025-08-31,Jodhpur,normal,37.3,17.3,21.9,21.9,21.9,9.15,0.3809,0.0135,0.0016
2025-08-31,Bikaner,normal,12.1,14.2,18.6,18.96,18.96,5.67,0.3463,0.0109,0.0013
2025-08-31,Jaisalmer,normal,11.4,1.2,2.6,2.9,2.9,2.67,0.1004,0.0012,0.0002
2025-08-31,Hyderabad,normal,2.9,0.0,0.0,0.0,0.0,2.59,0.0558,0.0005,0.0001
2025-08-31,Bengaluru,normal,10.0,1.0,2.3,2.5,2.5,3.53,0.0937,0.001,0.0001
2025-08-31,Pune,normal,4.6,0.0,0.0,0.0,0.0,2.59,0.0558,0.0005,0.0001
2025-08-31,Kurnool,normal,8.0,0.0,0.0,0.0,0.0,1.6,0.0558,0.0005,0.0001
2025-08-31,Madurai,normal,0.2,0.0,0.0,0.0,0.0,2.6,0.0558,0.0005,0.0001
2025-09-01,Nagpur,depression,26.8,80.2,87.3,87.3,80.0,22.49,0.8413,0.202,0.0085
2025-09-01,Bhopal,normal,8.6,14.1,18.4,18.86,18.86,9.63,0.3451,0.0108,0.0013
2025-09-01,Raipur,normal,7.8,2.6,4.8,5.0,5.0,4.92,0.1423,0.0021,0.0003
2025-09-01,Jabalpur,normal,9.7,7.3,10.7,10.8,10.8,8.06,0.2455,0.0054,0.0007
2025-09-01,Akola,normal,11.7,7.4,10.9,11.03,11.03,7.8,0.2473,0.0055,0.0007
2025-09-01,Amravati,normal,14.8,1.2,2.6,2.9,2.9,4.71,0.1004,0.0012,0.0002
2025-09-01,Aurangabad,normal,5.5,2.3,4.3,4.6,4.6,4.11,0.134,0.0019,0.0002
2025-09-01,Bhubaneswar,normal,1.3,0.0,0.0,0.0,0.0,2.35,0.0558,0.0005,0.0001
2025-09-01,Mumbai,coastal,6.7,9.6,13.4,15.7,15.7,9.64,0.3634,0.0129,0.0015
2025-09-01,Thiruvananthapuram,coastal,2.5,0.0,0.0,0.0,0.0,1.48,0.0785,0.0008,0.0001
2025-09-01,Kochi,coastal,9.7,1.0,2.3,3.8,3.8,3.64,0.1296,0.0019,0.0002
2025-09-01,Mangaluru,coastal,10.4,13.3,17.3,20.7,20.7,10.67,0.4208,0.0182,0.0021
2025-09-01,Panaji,coastal,13.3,23.7,28.3,33.82,33.82,13.97,0.5302,0.0339,0.0038
2025-09-01,Chennai,coastal,4.2,0.6,1.7,2.7,2.7,2.83,0.1106,0.0014,0.0002
2025-09-01,Visakhapatnam,coastal,8.1,9.9,13.7,16.0,16.0,8.18,0.3686,0.0133,0.0015
2025-09-01,Puri,coastal,4.6,0.0,0.0,0.0,0.0,1.9,0.0785,0.0008,0.0001
2025-09-01,Kolkata,coastal,12.0,0.0,0.0,0.0,0.0,2.24,0.0785,0.0008,0.0001
2025-09-01,Surat,coastal,7.5,19.7,24.4,27.16,27.16,11.84,0.4947,0.0278,0.0031
2025-09-01,Mahabaleshwar,orographic,28.3,6.0,9.2,7.7,7.7,10.21,0.2593,0.0209,0.0046
2025-09-01,Munnar,orographic,9.2,0.7,1.9,0.8,0.8,3.76,0.1007,0.0041,0.001
2025-09-01,Madikeri,orographic,15.2,5.6,8.7,7.1,7.1,11.49,0.2503,0.0195,0.0043
2025-09-01,Ooty,orographic,10.0,2.2,4.2,2.6,2.6,5.51,0.1571,0.0085,0.0019
2025-09-01,Lonavala,orographic,25.2,11.2,15.2,14.1,14.1,16.19,0.3539,0.0391,0.0086
2025-09-01,Wayanad,orographic,3.8,0.5,1.5,0.5,0.5,3.68,0.0919,0.0035,0.0008
2025-09-01,Shimla,orographic,29.2,11.3,15.27,14.2,14.2,7.15,0.3555,0.0395,0.0086
2025-09-01,Dehradun,orographic,60.5,21.4,26.1,29.1,29.1,8.37,0.472,0.0763,0.0167
2025-09-01,Srinagar,orographic,4.2,14.8,19.2,19.47,19.47,7.5,0.4029,0.0522,0.0114
2025-09-01,Gangtok,orographic,1.5,1.2,2.6,1.3,1.3,2.52,0.1211,0.0055,0.0013
2025-09-01,Guwahati,orographic,0.5,0.2,0.8,0.1,0.1,1.52,0.0779,0.0027,0.0006
2025-09-01,Cherrapunji,orographic,0.2,17.9,22.5,24.8,24.8,7.0,0.4381,0.0635,0.0139
2025-09-01,Imphal,orographic,0.2,3.6,6.0,4.3,4.3,2.64,0.1998,0.0129,0.0029
2025-09-01,Agartala,orographic,8.2,19.3,23.8,26.4,26.4,4.56,0.4523,0.0686,0.015
2025-09-01,Lucknow,normal,15.6,32.0,39.97,38.7,38.7,12.41,0.4974,0.0264,0.0031
2025-09-01,Patna,normal,10.1,2.1,4.0,4.3,4.3,4.69,0.1282,0.0017,0.0002
2025-09-01,Varanasi,normal,27.5,15.3,19.6,20.0,20.0,10.02,0.3592,0.0118,0.0014
2025-09-01,Delhi,normal,31.5,26.4,32.2,31.05,31.05,12.03,0.46,0.0214,0.0025
2025-09-01,Kanpur,normal,29.3,79.2,87.0,80.0,80.0,14.48,0.6693,0.071,0.0083
2025-09-01,Ranchi,normal,0.4,3.3,5.8,5.94,5.94,6.66,0.1607,0.0025,0.0003
2025-09-01,Jodhpur,normal,36.6,0.8,2.0,2.1,2.1,3.09,0.0867,0.0009,0.0001
2025-09-01,Bikaner,normal,1.9,12.1,16.0,16.17,16.17,7.6,0.3197,0.0092,0.0011
2025-09-01,Jaisalmer,normal,1.1,0.1,0.6,0.6,0.6,1.14,0.06,0.0005,0.0001
2025-09-01,Hyderabad,normal,8.7,0.0,0.0,0.0,0.0,0.91,0.0558,0.0005,0.0001
2025-09-01,Bengaluru,normal,4.3,0.3,1.0,1.0,1.0,2.32,0.0681,0.0006,0.0001
2025-09-01,Pune,normal,2.7,0.2,0.8,0.8,0.8,1.57,0.0641,0.0006,0.0001
2025-09-01,Kurnool,normal,4.6,0.3,1.0,1.0,1.0,1.57,0.0681,0.0006,0.0001
2025-09-01,Madurai,normal,0.4,0.7,1.8,1.8,1.8,2.16,0.0831,0.0009,0.0001
2025-09-02,Nagpur,normal,15.8,8.6,12.2,12.4,12.4,5.79,0.2678,0.0064,0.0008
2025-09-02,Bhopal,normal,4.8,9.7,13.5,13.77,13.77,5.91,0.2853,0.0073,0.0009
2025-09-02,Raipur,normal,24.4,4.2,7.0,7.2,7.2,3.39,0.1825,0.0031,0.0004
2025-09-02,Jabalpur,normal,12.0,7.7,11.13,11.32,11.32,4.78,0.2526,0.0057,0.0007
2025-09-02,Akola,normal,6.4,1.8,3.5,3.7,3.7,2.69,0.1193,0.0015,0.0002
2025-09-02,Amravati,normal,13.1,0.1,0.6,0.6,0.6,1.55,0.06,0.0005,0.0001
2025-09-02,Aurangabad,normal,1.4,4.5,7.3,7.68,7.68,3.35,0.1893,0.0034,0.0004
2025-09-02,Bhubaneswar,normal,30.7,4.6,7.4,7.7,7.4,2.86,0.1915,0.0034,0.0004
2025-09-02,Mumbai,coastal,5.7,5.7,8.9,11.2,11.2,5.39,0.2829,0.0076,0.0009
2025-09-02,Thiruvananthapuram,coastal,0.9,0.0,0.0,0.0,0.0,0.74,0.0785,0.0008,0.0001
2025-09-02,Kochi,coastal,3.0,1.0,2.3,3.8,3.8,2.58,0.1296,0.0019,0.0002
2025-09-02,Mangaluru,coastal,27.3,11.9,15.8,18.97,18.97,8.29,0.4007,0.0162,0.0018
2025-09-02,Panaji,coastal,31.7,17.1,21.7,24.4,24.4,9.24,0.4677,0.0238,0.0027
2025-09-02,Chennai,coastal,10.4,0.0,0.0,0.0,0.0,0.97,0.0785,0.0008,0.0001
2025-09-02,Visakhapatnam,coastal,13.8,19.1,23.7,26.8,26.8,8.24,0.4888,0.0269,0.003
2025-09-02,Puri,coastal,13.0,1.8,3.4,5.4,5.4,2.61,0.1634,0.0028,0.0003
2025-09-02,Kolkata,coastal,25.7,0.5,1.5,2.4,2.4,1.86,0.1056,0.0013,0.0002
2025-09-02,Surat,coastal,3.5,22.5,27.0,31.23,31.23,9.8,0.5202,0.032,0.0036
2025-09-02,Mahabaleshwar,orographic,25.6,6.6,10.0,8.7,8.7,6.83,0.2723,0.0229,0.0051
2025-09-02,Munnar,orographic,4.9,1.3,2.8,1.4,1.4,2.69,0.1249,0.0058,0.0013
2025-09-02,Madikeri,orographic,12.9,6.9,10.3,9.1,9.1,6.88,0.2785,0.024,0.0053
2025-09-02,Ooty,orographic,0.9,1.4,2.9,1.6,1.6,2.97,0.1287,0.0061,0.0014
2025-09-02,Lonavala,orographic,19.8,9.8,13.6,12.3,12.3,9.02,0.3318,0.0341,0.0075
2025-09-02,Wayanad,orographic,3.1,1.7,3.3,1.9,1.9,2.74,0.1398,0.007,0.0016
2025-09-02,Shimla,orographic,24.9,1.8,3.4,2.0,2.0,2.03,0.1433,0.0073,0.0017
2025-09-02,Dehradun,orographic,15.9,2.3,4.4,2.8,2.8,2.61,0.1604,0.0088,0.002
2025-09-02,Srinagar,orographic,33.5,13.0,17.1,16.9,16.9,5.37,0.3797,0.0456,0.01
2025-09-02,Gangtok,orographic,0.9,10.5,14.3,13.3,13.3,3.42,0.3431,0.0366,0.008
2025-09-02,Guwahati,orographic,4.5,10.2,14.0,12.88,12.88,2.53,0.3384,0.0355,0.0078
2025-09-02,Cherrapunji,orographic,0.8,14.4,18.8,18.87,18.87,4.51,0.398,0.0507,0.0111
2025-09-02,Imphal,orographic,1.3,12.9,17.07,16.75,16.75,3.84,0.3783,0.0453,0.0099
2025-09-02,Agartala,orographic,4.6,18.8,23.4,25.7,25.7,4.84,0.4473,0.0668,0.0146
2025-09-02,Lucknow,normal,6.9,5.7,8.9,8.93,8.93,5.02,0.2149,0.0042,0.0005
2025-09-02,Patna,normal,8.5,0.1,0.6,0.6,0.6,1.04,0.06,0.0005,0.0001
2025-09-02,Varanasi,normal,10.5,31.1,38.6,36.3,36.3,8.18,0.4918,0.0256,0.003
2025-09-02,Delhi,normal,21.7,4.2,7.0,7.2,7.2,3.99,0.1825,0.0031,0.0004
2025-09-02,Kanpur,normal,25.7,22.0,26.6,26.61,26.61,7.68,0.4252,0.0175,0.0021
2025-09-02,Ranchi,normal,17.9,2.3,4.3,4.6,4.6,2.8,0.134,0.0019,0.0002
2025-09-02,Jodhpur,normal,15.0,0.0,0.0,0.0,0.0,0.19,0.0558,0.0005,0.0001
2025-09-02,Bikaner,normal,0.4,0.1,0.6,0.6,0.6,0.91,0.06,0.0005,0.0001
2025-09-02,Jaisalmer,normal,0.2,0.0,0.0,0.0,0.0,0.12,0.0558,0.0005,0.0001
2025-09-02,Hyderabad,normal,4.5,0.2,0.8,0.8,0.8,0.89,0.0641,0.0006,0.0001
2025-09-02,Bengaluru,normal,6.0,2.7,4.9,5.1,5.1,2.64,0.145,0.0021,0.0003
2025-09-02,Pune,normal,2.7,0.5,1.5,1.5,1.5,1.86,0.0757,0.0007,0.0001
2025-09-02,Kurnool,normal,14.6,0.1,0.6,0.6,0.6,1.47,0.06,0.0005,0.0001
2025-09-02,Madurai,normal,0.1,0.0,0.0,0.0,0.0,0.76,0.0558,0.0005,0.0001
2025-09-03,Nagpur,active,12.4,30.4,37.5,41.61,41.61,16.51,0.6009,0.0666,0.0156
2025-09-03,Bhopal,active,34.0,22.2,26.8,27.82,27.82,15.12,0.5412,0.0478,0.0112
2025-09-03,Raipur,active,12.9,31.9,39.36,51.25,51.25,14.58,0.6099,0.0701,0.0164
2025-09-03,Jabalpur,active,34.7,27.7,34.46,38.23,38.23,15.53,0.5834,0.0604,0.0141
2025-09-03,Akola,active,24.1,6.5,9.8,10.79,10.79,6.48,0.322,0.0133,0.0032
2025-09-03,Amravati,active,16.4,13.3,17.3,17.27,17.27,7.76,0.4441,0.0278,0.0065
2025-09-03,Aurangabad,active,5.2,28.6,35.46,39.17,39.17,14.18,0.5894,0.0625,0.0146
2025-09-03,Bhubaneswar,active,80.7,11.1,15.1,15.89,15.1,10.35,0.4111,0.023,0.0054
2025-09-03,Mumbai,coastal,4.8,5.2,8.2,10.8,10.8,9.42,0.2704,0.007,0.0008
2025-09-03,Thiruvananthapuram,coastal,4.4,0.0,0.0,0.0,0.0,1.96,0.0785,0.0008,0.0001
2025-09-03,Kochi,coastal,8.2,2.6,4.8,6.89,6.89,5.66,0.193,0.0037,0.0004
2025-09-03,Mangaluru,coastal,27.3,27.1,33.41,44.06,44.06,20.17,0.556,0.0392,0.0044
2025-09-03,Panaji,coastal,10.0,13.6,17.7,20.97,20.97,17.18,0.4249,0.0187,0.0021
2025-09-03,Chennai,coastal,12.9,2.0,3.8,5.75,5.75,4.49,0.1711,0.003,0.0004
2025-09-03,Visakhapatnam,coastal,19.4,15.6,19.9,23.01,23.01,18.45,0.4504,0.0216,0.0024
2025-09-03,Puri,coastal,37.7,4.9,7.9,10.5,10.5,5.64,0.2625,0.0066,0.0008
2025-09-03,Kolkata,coastal,22.9,5.1,8.2,10.7,10.7,6.44,0.2678,0.0068,0.0008
2025-09-03,Surat,coastal,1.9,4.9,7.9,10.5,10.5,10.1,0.2625,0.0066,0.0008
2025-09-03,Mahabaleshwar,orographic,17.5,4.8,7.7,5.85,5.85,11.67,0.2313,0.0168,0.0037
2025-09-03,Munnar,orographic,9.3,3.8,6.3,4.7,4.7,7.11,0.2053,0.0135,0.003
2025-09-03,Madikeri,orographic,16.3,7.5,11.0,9.7,9.7,16.3,0.2905,0.026,0.0057
2025-09-03,Ooty,orographic,2.8,3.4,5.8,4.1,4.1,7.04,0.1941,0.0123,0.0028
2025-09-03,Lonavala,orographic,14.9,8.1,11.7,10.4,10.4,16.89,0.302,0.0281,0.0062
2025-09-03,Wayanad,orographic,4.0,3.6,6.1,4.5,4.5,7.25,0.1998,0.0129,0.0029
2025-09-03,Shimla,orographic,15.0,2.4,4.5,2.9,2.9,2.87,0.1636,0.0091,0.0021
2025-09-03,Dehradun,orographic,8.9,0.2,0.8,0.1,0.1,1.8,0.0779,0.0027,0.0006
2025-09-03,Srinagar,orographic,32.8,15.0,19.4,20.2,20.2,10.62,0.4054,0.0529,0.0116
2025-09-03,Gangtok,orographic,5.9,5.9,9.04,7.6,7.6,7.97,0.2571,0.0205,0.0045
2025-09-03,Guwahati,orographic,8.4,14.4,18.8,18.87,18.87,9.62,0.398,0.0507,0.0111
2025-09-03,Cherrapunji,orographic,1.4,18.1,22.6,24.8,24.8,12.4,0.4402,0.0642,0.0141
2025-09-03,Imphal,orographic,0.5,5.0,8.0,6.4,6.4,6.71,0.2362,0.0175,0.0039
2025-09-03,Agartala,orographic,1.7,9.4,13.1,11.74,11.74,11.58,0.3251,0.0327,0.0072
2025-09-03,Lucknow,active,1.5,13.9,18.1,17.84,17.84,11.08,0.4523,0.0291,0.0068
2025-09-03,Patna,active,3.7,0.0,0.0,0.0,0.0,1.62,0.0856,0.0013,0.0003
2025-09-03,Varanasi,active,1.9,1.2,2.6,3.4,3.4,6.17,0.1502,0.0032,0.0008
2025-09-03,Delhi,active,14.7,0.2,0.8,1.87,1.87,2.65,0.0978,0.0016,0.0004
2025-09-03,Kanpur,active,22.9,16.2,20.6,18.9,18.9,13.88,0.481,0.0342,0.008
2025-09-03,Ranchi,active,12.4,7.5,11.0,11.7,11.7,6.91,0.3444,0.0153,0.0037
2025-09-03,Jodhpur,active,13.3,0.0,0.0,0.0,0.0,0.87,0.0856,0.0013,0.0003
2025-09-03,Bikaner,active,0.0,0.0,0.0,0.0,0.0,0.9,0.0856,0.0013,0.0003
2025-09-03,Jaisalmer,active,0.0,0.0,0.0,0.0,0.0,0.87,0.0856,0.0013,0.0003
2025-09-03,Hyderabad,active,0.2,1.8,3.5,4.9,4.9,4.47,0.1767,0.0043,0.0011
2025-09-03,Bengaluru,active,5.5,1.9,3.6,5.0,5.0,5.44,0.1809,0.0044,0.0011
2025-09-03,Pune,active,2.1,0.0,0.0,0.0,0.0,2.03,0.0856,0.0013,0.0003
2025-09-03,Kurnool,active,0.8,6.3,9.6,10.3,10.3,6.32,0.3172,0.0129,0.0031
2025-09-03,Madurai,active,0.8,0.0,0.0,0.0,0.0,1.68,0.0856,0.0013,0.0003
2025-09-04,Nagpur,normal,1.9,2.4,4.5,4.8,4.8,4.29,0.1368,0.0019,0.0002
2025-09-04,Bhopal,normal,13.5,13.3,17.3,17.7,17.7,7.55,0.3353,0.0101,0.0012
2025-09-04,Raipur,normal,15.6,0.8,2.0,2.1,2.1,3.37,0.0867,0.0009,0.0001
2025-09-04,Jabalpur,normal,15.9,0.1,0.6,0.6,0.6,2.35,0.06,0.0005,0.0001
2025-09-04,Akola,normal,7.2,12.1,16.0,16.17,16.17,7.2,0.3197,0.0092,0.0011
2025-09-04,Amravati,normal,6.0,13.1,17.2,17.46,17.46,7.45,0.3327,0.01,0.0012
2025-09-04,Aurangabad,normal,7.0,22.3,26.81,26.86,26.86,9.0,0.4277,0.0178,0.0021
2025-09-04,Bhubaneswar,normal,8.9,4.8,7.7,7.9,7.9,4.44,0.196,0.0036,0.0004
2025-09-04,Mumbai,coastal,17.2,22.8,27.3,32.16,32.16,11.95,0.5228,0.0325,0.0037
2025-09-04,Thiruvananthapuram,coastal,2.7,0.0,0.0,0.0,0.0,1.07,0.0785,0.0008,0.0001
2025-09-04,Kochi,coastal,5.1,3.5,5.9,8.79,8.79,4.86,0.2225,0.0048,0.0006
2025-09-04,Mangaluru,coastal,27.4,24.0,28.8,34.2,34.2,11.89,0.5327,0.0344,0.0039
2025-09-04,Panaji,coastal,16.2,8.5,12.13,14.7,14.7,6.97,0.3432,0.0114,0.0013
2025-09-04,Chennai,coastal,3.0,0.2,0.8,1.5,1.5,2.58,0.0898,0.001,0.0001
2025-09-04,Visakhapatnam,coastal,0.5,0.0,0.0,0.0,0.0,2.05,0.0785,0.0008,0.0001
2025-09-04,Puri,coastal,2.1,13.8,18.0,21.7,21.7,9.15,0.4276,0.019,0.0022
2025-09-04,Kolkata,coastal,9.2,7.4,10.9,13.6,13.6,7.14,0.3212,0.0099,0.0011
2025-09-04,Surat,coastal,19.8,20.6,25.3,28.3,28.3,9.28,0.5033,0.0291,0.0033
2025-09-04,Mahabaleshwar,orographic,22.9,8.1,11.7,10.4,10.4,7.97,0.302,0.0281,0.0062
2025-09-04,Munnar,orographic,10.1,4.0,6.7,5.0,5.0,5.8,0.2107,0.0142,0.0032
2025-09-04,Madikeri,orographic,14.6,4.3,7.1,5.3,5.3,6.81,0.2186,0.0152,0.0034
2025-09-04,Ooty,orographic,7.5,1.8,3.5,2.0,2.0,4.32,0.1433,0.0073,0.0017
2025-09-04,Lonavala,orographic,14.3,13.8,18.0,18.0,18.0,12.87,0.3903,0.0485,0.0106
2025-09-04,Wayanad,orographic,7.5,3.3,5.7,3.9,3.9,5.69,0.1912,0.0119,0.0027
2025-09-04,Shimla,orographic,13.4,9.8,13.6,12.3,12.3,4.33,0.3318,0.0341,0.0075
2025-09-04,Dehradun,orographic,4.1,9.8,13.6,12.3,12.3,3.62,0.3318,0.0341,0.0075
2025-09-04,Srinagar,orographic,0.0,1.2,2.6,1.3,1.3,2.45,0.1211,0.0055,0.0013
2025-09-04,Gangtok,orographic,2.4,19.2,23.7,26.23,26.23,6.5,0.4513,0.0683,0.0149
2025-09-04,Guwahati,orographic,7.6,6.9,10.3,9.1,9.1,3.91,0.2785,0.024,0.0053
2025-09-04,Cherrapunji,orographic,16.6,20.1,24.8,27.6,27.6,5.5,0.46,0.0716,0.0157
2025-09-04,Imphal,orographic,17.7,7.4,10.9,9.6,9.6,3.44,0.2885,0.0257,0.0057
2025-09-04,Agartala,orographic,12.4,7.3,10.7,9.5,9.5,3.56,0.2866,0.0253,0.0056
2025-09-04,Lucknow,normal,7.2,13.6,17.7,17.96,17.96,7.79,0.339,0.0104,0.0013
2025-09-04,Patna,normal,0.8,2.1,4.0,4.3,4.3,2.5,0.1282,0.0017,0.0002
2025-09-04,Varanasi,normal,10.0,15.4,19.7,20.1,20.1,6.71,0.3603,0.0119,0.0014
2025-09-04,Delhi,normal,17.7,16.7,21.2,21.4,21.4,6.73,0.3746,0.013,0.0015
2025-09-04,Kanpur,normal,14.5,9.7,13.5,13.77,13.77,6.96,0.2853,0.0073,0.0009
2025-09-04,Ranchi,normal,9.1,5.2,8.2,8.5,8.5,5.59,0.2046,0.0039,0.0005
2025-09-04,Jodhpur,normal,1.1,0.4,1.2,1.2,1.2,0.32,0.0719,0.0007,0.0001
2025-09-04,Bikaner,normal,0.0,0.0,0.0,0.0,0.0,0.0,0.0558,0.0005,0.0001
2025-09-04,Jaisalmer,normal,0.0,0.0,0.0,0.0,0.0,0.0,0.0558,0.0005,0.0001
2025-09-04,Hyderabad,normal,0.3,0.4,1.2,1.2,1.2,2.03,0.0719,0.0007,0.0001
2025-09-04,Bengaluru,normal,2.8,0.8,2.0,2.1,2.1,2.9,0.0867,0.0009,0.0001
2025-09-04,Pune,normal,1.2,2.8,5.0,5.2,5.2,2.81,0.1477,0.0022,0.0003
2025-09-04,Kurnool,normal,0.3,0.1,0.6,0.6,0.6,2.09,0.06,0.0005,0.0001
2025-09-04,Madurai,normal,8.5,0.0,0.0,0.0,0.0,0.47,0.0558,0.0005,0.0001
2025-09-05,Nagpur,normal,0.2,3.7,6.2,6.39,6.39,3.11,0.1706,0.0028,0.0004
2025-09-05,Bhopal,normal,9.4,3.3,5.7,5.9,5.9,3.67,0.1607,0.0025,0.0003
2025-09-05,Raipur,normal,3.4,0.6,1.7,1.7,1.7,1.85,0.0795,0.0008,0.0001
2025-09-05,Jabalpur,normal,4.8,3.3,5.7,5.9,5.9,2.72,0.1607,0.0025,0.0003
2025-09-05,Akola,normal,15.0,0.6,1.7,1.7,1.7,2.37,0.0795,0.0008,0.0001
2025-09-05,Amravati,normal,3.2,3.6,6.0,6.2,6.2,3.67,0.1682,0.0027,0.0003
2025-09-05,Aurangabad,normal,15.6,4.5,7.3,7.68,7.68,3.85,0.1893,0.0034,0.0004
2025-09-05,Bhubaneswar,normal,12.4,6.8,10.2,10.0,10.0,4.03,0.2363,0.005,0.0006
2025-09-05,Mumbai,coastal,18.2,6.7,10.1,12.6,12.6,5.23,0.3061,0.0089,0.001
2025-09-05,Thiruvananthapuram,coastal,0.5,0.0,0.0,0.0,0.0,0.72,0.0785,0.0008,0.0001
2025-09-05,Kochi,coastal,7.5,0.3,1.0,1.82,1.82,1.89,0.0952,0.0011,0.0001
2025-09-05,Mangaluru,coastal,9.1,1.9,3.6,5.6,5.6,3.76,0.1673,0.0029,0.0003
2025-09-05,Panaji,coastal,6.9,2.9,5.2,7.9,7.9,4.01,0.2032,0.0041,0.0005
2025-09-05,Chennai,coastal,0.7,0.0,0.0,0.0,0.0,0.93,0.0785,0.0008,0.0001
2025-09-05,Visakhapatnam,coastal,2.9,0.3,1.0,1.82,1.82,1.52,0.0952,0.0011,0.0001
2025-09-05,Puri,coastal,14.7,18.6,23.11,25.66,25.66,8.11,0.4837,0.0261,0.0029
2025-09-05,Kolkata,coastal,8.9,10.8,14.7,17.17,17.17,6.98,0.3836,0.0146,0.0017
2025-09-05,Surat,coastal,42.9,12.5,16.5,19.5,19.5,8.09,0.4096,0.0171,0.0019
2025-09-05,Mahabaleshwar,orographic,15.9,2.4,4.6,3.0,3.0,4.57,0.1636,0.0091,0.0021
2025-09-05,Munnar,orographic,5.0,3.5,5.9,4.2,4.2,4.2,0.1969,0.0126,0.0028
2025-09-05,Madikeri,orographic,10.5,3.2,5.6,3.8,3.8,4.2,0.1883,0.0116,0.0026
2025-09-05,Ooty,orographic,4.6,4.3,7.1,5.3,5.3,3.71,0.2186,0.0152,0.0034
2025-09-05,Lonavala,orographic,14.8,2.5,4.7,3.0,3.0,5.15,0.1669,0.0094,0.0021
2025-09-05,Wayanad,orographic,4.2,2.8,5.0,3.3,3.3,4.02,0.1763,0.0104,0.0023
2025-09-05,Shimla,orographic,0.0,0.6,1.7,0.7,0.7,1.15,0.0963,0.0038,0.0009
2025-09-05,Dehradun,orographic,0.6,2.8,5.0,3.3,3.3,2.45,0.1763,0.0104,0.0023
2025-09-05,Srinagar,orographic,0.3,0.5,1.5,0.5,0.5,0.75,0.0919,0.0035,0.0008
2025-09-05,Gangtok,orographic,6.5,8.0,11.6,10.3,10.3,4.29,0.3001,0.0278,0.0061
2025-09-05,Guwahati,orographic,7.5,4.2,7.0,5.2,5.2,2.34,0.216,0.0149,0.0033
2025-09-05,Cherrapunji,orographic,5.3,4.9,7.9,6.1,6.1,2.68,0.2338,0.0172,0.0038
2025-09-05,Imphal,orographic,4.0,6.5,9.8,8.59,8.59,3.04,0.2702,0.0226,0.005
2025-09-05,Agartala,orographic,4.6,8.4,12.0,10.5,10.5,3.13,0.3075,0.0292,0.0064
2025-09-05,Lucknow,normal,1.5,7.5,11.0,11.12,11.12,4.71,0.249,0.0056,0.0007
2025-09-05,Patna,normal,0.6,4.9,7.9,8.0,8.0,2.98,0.1981,0.0036,0.0005
2025-09-05,Varanasi,normal,1.3,5.0,8.0,8.2,8.2,3.89,0.2003,0.0037,0.0005
2025-09-05,Delhi,normal,4.8,3.4,5.8,6.0,6.0,3.84,0.1632,0.0026,0.0003
2025-09-05,Kanpur,normal,22.5,4.4,7.2,7.53,7.53,3.52,0.187,0.0033,0.0004
2025-09-05,Ranchi,normal,5.3,26.4,32.2,31.05,31.05,7.28,0.46,0.0214,0.0025
2025-09-05,Jodhpur,normal,2.0,15.3,19.6,20.0,20.0,3.31,0.3592,0.0118,0.0014
2025-09-05,Bikaner,normal,2.5,0.1,0.6,0.6,0.6,0.21,0.06,0.0005,0.0001
2025-09-05,Jaisalmer,normal,0.0,0.0,0.0,0.0,0.0,0.0,0.0558,0.0005,0.0001
2025-09-05,Hyderabad,normal,0.6,0.0,0.0,0.0,0.0,0.71,0.0558,0.0005,0.0001
2025-09-05,Bengaluru,normal,1.3,0.2,0.8,0.8,0.8,1.48,0.0641,0.0006,0.0001
2025-09-05,Pune,normal,0.4,0.3,1.0,1.0,1.0,1.57,0.0681,0.0006,0.0001
2025-09-05,Kurnool,normal,0.1,0.0,0.0,0.0,0.0,0.6,0.0558,0.0005,0.0001
2025-09-05,Madurai,normal,3.8,0.0,0.0,0.0,0.0,0.27,0.0558,0.0005,0.0001
2025-09-06,Nagpur,normal,12.2,6.4,9.7,9.6,9.6,5.29,0.2287,0.0047,0.0006
2025-09-06,Bhopal,normal,13.1,2.3,4.3,4.6,4.6,3.48,0.134,0.0019,0.0002
2025-09-06,Raipur,normal,2.7,4.8,7.7,7.9,7.9,3.53,0.196,0.0036,0.0004
2025-09-06,Jabalpur,normal,0.2,3.9,6.5,6.69,6.69,4.22,0.1754,0.0029,0.0004
2025-09-06,Akola,normal,26.1,9.6,13.4,13.67,13.67,5.09,0.2838,0.0072,0.0009
2025-09-06,Amravati,normal,18.7,10.3,14.1,14.42,14.42,6.54,0.2944,0.0077,0.0009
2025-09-06,Aurangabad,normal,1.6,2.0,3.8,4.05,4.05,3.3,0.1253,0.0017,0.0002
2025-09-06,Bhubaneswar,normal,9.8,6.7,10.1,9.9,9.9,5.13,0.2344,0.005,0.0006
2025-09-06,Mumbai,coastal,24.9,10.4,14.2,16.7,16.7,8.54,0.3771,0.0141,0.0016
2025-09-06,Thiruvananthapuram,coastal,1.7,0.0,0.0,0.0,0.0,0.99,0.0785,0.0008,0.0001
2025-09-06,Kochi,coastal,1.0,0.0,0.0,0.0,0.0,1.3,0.0785,0.0008,0.0001
2025-09-06,Mangaluru,coastal,9.2,0.5,1.5,2.4,2.4,2.95,0.1056,0.0013,0.0002
2025-09-06,Panaji,coastal,3.5,1.8,3.5,5.5,5.5,3.88,0.1634,0.0028,0.0003
2025-09-06,Chennai,coastal,0.5,0.0,0.0,0.0,0.0,0.99,0.0785,0.0008,0.0001
2025-09-06,Visakhapatnam,coastal,1.0,0.0,0.0,0.0,0.0,1.3,0.0785,0.0008,0.0001
2025-09-06,Puri,coastal,3.0,4.7,7.54,10.4,10.4,5.67,0.2572,0.0063,0.0007
2025-09-06,Kolkata,coastal,8.1,0.7,1.8,2.8,2.8,3.67,0.1155,0.0015,0.0002
2025-09-06,Surat,coastal,20.9,16.3,20.7,23.7,23.7,10.88,0.4586,0.0226,0.0026
2025-09-06,Mahabaleshwar,orographic,16.0,3.1,5.4,3.6,3.6,5.02,0.1854,0.0113,0.0025
2025-09-06,Munnar,orographic,2.9,2.0,3.8,2.3,2.3,4.18,0.1503,0.0079,0.0018
2025-09-06,Madikeri,orographic,6.2,4.4,7.2,5.4,5.4,5.7,0.2212,0.0155,0.0035
2025-09-06,Ooty,orographic,1.3,6.0,9.2,7.7,7.7,7.67,0.2593,0.0209,0.0046
2025-09-06,Lonavala,orographic,12.9,3.0,5.3,3.5,3.5,5.02,0.1824,0.011,0.0025
2025-09-06,Wayanad,orographic,1.4,2.3,4.3,2.8,2.8,4.48,0.1604,0.0088,0.002
2025-09-06,Shimla,orographic,1.3,13.2,17.3,17.08,17.08,4.04,0.3824,0.0463,0.0101
2025-09-06,Dehradun,orographic,2.3,28.6,35.46,44.96,44.96,5.89,0.5281,0.1026,0.0227
2025-09-06,Srinagar,orographic,1.9,1.8,3.5,2.0,2.0,1.6,0.1433,0.0073,0.0017
2025-09-06,Gangtok,orographic,6.1,13.9,18.1,18.1,18.1,6.14,0.3916,0.0489,0.0107
2025-09-06,Guwahati,orographic,4.6,9.3,12.9,11.5,11.5,3.79,0.3234,0.0323,0.0071
2025-09-06,Cherrapunji,orographic,2.7,12.0,15.9,15.3,15.3,4.5,0.3657,0.042,0.0092
2025-09-06,Imphal,orographic,3.4,5.3,8.3,6.8,6.8,3.7,0.2434,0.0185,0.0041
2025-09-06,Agartala,orographic,8.4,0.0,0.0,0.0,0.0,0.84,0.068,0.0022,0.0005
2025-09-06,Lucknow,normal,0.5,0.8,2.0,2.1,2.1,2.35,0.0867,0.0009,0.0001
2025-09-06,Patna,normal,4.0,4.0,6.7,6.9,6.9,4.66,0.1778,0.003,0.0004
2025-09-06,Varanasi,normal,6.3,1.4,2.9,3.1,3.1,2.93,0.1069,0.0013,0.0002
2025-09-06,Delhi,normal,13.3,1.2,2.6,2.9,2.9,2.78,0.1004,0.0012,0.0002
2025-09-06,Kanpur,normal,5.2,0.0,0.0,0.0,0.0,1.04,0.0558,0.0005,0.0001
2025-09-06,Ranchi,normal,2.4,11.9,15.8,16.0,16.0,7.58,0.317,0.009,0.0011
2025-09-06,Jodhpur,normal,20.4,7.8,11.4,11.5,11.5,5.17,0.2543,0.0058,0.0007
2025-09-06,Bikaner,normal,10.8,0.4,1.1,1.1,1.1,0.55,0.0719,0.0007,0.0001
2025-09-06,Jaisalmer,normal,16.1,0.1,0.6,0.6,0.6,0.32,0.06,0.0005,0.0001
2025-09-06,Hyderabad,normal,0.2,0.0,0.0,0.0,0.0,0.47,0.0558,0.0005,0.0001
2025-09-06,Bengaluru,normal,3.3,0.7,1.9,2.0,2.0,2.44,0.0831,0.0009,0.0001
2025-09-06,Pune,normal,0.3,0.1,0.6,0.6,0.6,1.86,0.06,0.0005,0.0001
2025-09-06,Kurnool,normal,0.1,0.0,0.0,0.0,0.0,0.47,0.0558,0.0005,0.0001
2025-09-06,Madurai,normal,0.1,0.1,0.6,0.6,0.6,1.13,0.06,0.0005,0.0001
2025-09-07,Nagpur,normal,6.7,3.5,5.9,6.1,6.1,3.61,0.1657,0.0027,0.0003
2025-09-07,Bhopal,normal,2.5,3.9,6.5,6.69,6.69,3.21,0.1754,0.0029,0.0004
2025-09-07,Raipur,normal,4.5,5.9,9.04,9.0,9.0,4.39,0.219,0.0044,0.0005
2025-09-07,Jabalpur,normal,9.7,8.8,12.4,12.7,12.7,5.06,0.2711,0.0066,0.0008
2025-09-07,Akola,normal,10.5,2.0,3.8,4.05,4.05,2.75,0.1253,0.0017,0.0002
2025-09-07,Amravati,normal,2.9,1.4,2.9,3.1,3.1,2.66,0.1069,0.0013,0.0002
2025-09-07,Aurangabad,normal,3.5,2.5,4.7,4.9,4.9,3.06,0.1396,0.002,0.0003
2025-09-07,Bhubaneswar,normal,5.5,0.8,2.0,2.1,2.1,2.23,0.0867,0.0009,0.0001
2025-09-07,Mumbai,coastal,9.2,13.6,17.7,20.97,20.97,8.04,0.4249,0.0187,0.0021
2025-09-07,Thiruvananthapuram,coastal,1.0,0.0,0.0,0.0,0.0,0.76,0.0785,0.0008,0.0001
2025-09-07,Kochi,coastal,3.6,0.0,0.0,0.0,0.0,0.76,0.0785,0.0008,0.0001
2025-09-07,Mangaluru,coastal,2.5,0.4,1.2,2.1,2.1,1.91,0.1005,0.0012,0.0002
2025-09-07,Panaji,coastal,4.1,4.0,6.7,9.6,9.6,3.33,0.2375,0.0054,0.0006
2025-09-07,Chennai,coastal,1.7,0.0,0.0,0.0,0.0,0.76,0.0785,0.0008,0.0001
2025-09-07,Visakhapatnam,coastal,13.9,0.4,1.2,2.1,2.1,1.62,0.1005,0.0012,0.0002
2025-09-07,Puri,coastal,6.9,0.4,1.2,2.1,2.1,2.03,0.1005,0.0012,0.0002
2025-09-07,Kolkata,coastal,0.7,0.5,1.5,2.4,2.4,2.25,0.1056,0.0013,0.0002
2025-09-07,Surat,coastal,18.8,31.4,39.0,53.31,53.31,10.96,0.5841,0.0459,0.0052
2025-09-07,Mahabaleshwar,orographic,12.4,1.7,3.4,1.9,1.9,3.12,0.1398,0.007,0.0016
2025-09-07,Munnar,orographic,2.3,4.6,7.5,5.6,5.6,3.92,0.2263,0.0162,0.0036
2025-09-07,Madikeri,orographic,4.2,3.1,5.4,3.6,3.6,4.33,0.1854,0.0113,0.0025
2025-09-07,Ooty,orographic,1.5,5.3,8.3,6.8,6.8,6.67,0.2434,0.0185,0.0041
2025-09-07,Lonavala,orographic,12.9,1.5,3.1,1.7,1.7,3.07,0.1325,0.0064,0.0015
2025-09-07,Wayanad,orographic,1.5,1.4,2.9,1.6,1.6,3.01,0.1287,0.0061,0.0014
2025-09-07,Shimla,orographic,18.0,24.1,28.81,35.22,35.22,5.69,0.4949,0.0862,0.019
2025-09-07,Dehradun,orographic,0.7,28.7,35.51,45.04,45.04,5.7,0.5288,0.103,0.0228
2025-09-07,Srinagar,orographic,9.6,3.2,5.6,3.8,3.8,1.71,0.1883,0.0116,0.0026
2025-09-07,Gangtok,orographic,18.7,15.3,19.6,20.4,20.4,5.45,0.409,0.054,0.0118
2025-09-07,Guwahati,orographic,14.0,12.4,16.4,15.78,15.78,4.26,0.3714,0.0434,0.0095
2025-09-07,Cherrapunji,orographic,11.2,8.5,12.13,10.6,10.6,3.4,0.3093,0.0295,0.0065
2025-09-07,Imphal,orographic,3.8,3.8,6.3,4.7,4.7,2.6,0.2053,0.0135,0.003
2025-09-07,Agartala,orographic,6.3,0.3,1.0,0.2,0.2,0.52,0.0827,0.003,0.0007
2025-09-07,Lucknow,normal,8.7,15.2,19.5,19.9,19.9,5.37,0.358,0.0117,0.0014
2025-09-07,Patna,normal,5.3,0.0,0.0,0.0,0.0,0.64,0.0558,0.0005,0.0001
2025-09-07,Varanasi,normal,8.5,12.2,16.1,16.22,16.22,5.17,0.321,0.0093,0.0011
2025-09-07,Delhi,normal,2.3,4.4,7.2,7.53,7.53,2.89,0.187,0.0033,0.0004
2025-09-07,Kanpur,normal,1.2,11.5,15.4,15.8,15.8,4.74,0.3115,0.0087,0.0011
2025-09-07,Ranchi,normal,1.5,19.1,23.7,24.51,24.51,6.6,0.3989,0.015,0.0018
2025-09-07,Jodhpur,normal,5.8,0.1,0.6,0.6,0.6,0.76,0.06,0.0005,0.0001
2025-09-07,Bikaner,normal,0.9,5.0,8.0,8.2,8.2,1.9,0.2003,0.0037,0.0005
2025-09-07,Jaisalmer,normal,9.2,0.0,0.0,0.0,0.0,0.12,0.0558,0.0005,0.0001
2025-09-07,Hyderabad,normal,0.0,0.0,0.0,0.0,0.0,0.3,0.0558,0.0005,0.0001
2025-09-07,Bengaluru,normal,1.8,0.4,1.2,1.2,1.2,1.56,0.0719,0.0007,0.0001
2025-09-07,Pune,normal,1.1,0.0,0.0,0.0,0.0,0.64,0.0558,0.0005,0.0001
2025-09-07,Kurnool,normal,0.0,0.0,0.0,0.0,0.0,0.3,0.0558,0.0005,0.0001
2025-09-07,Madurai,normal,5.9,0.1,0.6,0.6,0.6,1.28,0.06,0.0005,0.0001
2025-09-08,Nagpur,break,6.6,2.4,4.5,8.48,4.8,2.68,0.1782,0.0021,0.0002
2025-09-08,Bhopal,break,0.3,0.1,0.6,0.82,0.6,1.55,0.0803,0.0006,0.0
2025-09-08,Raipur,break,3.6,3.0,5.3,10.06,5.5,3.32,0.1982,0.0026,0.0002
2025-09-08,Jabalpur,break,14.1,0.7,1.8,3.0,1.8,1.99,0.1104,0.001,0.0001
2025-09-08,Akola,break,0.5,0.0,0.0,0.0,0.0,0.84,0.0748,0.0005,0.0
2025-09-08,Amravati,break,0.3,0.1,0.6,0.82,0.6,1.46,0.0803,0.0006,0.0
2025-09-08,Aurangabad,break,1.5,0.3,1.0,1.3,1.0,1.49,0.0909,0.0007,0.0001
2025-09-08,Bhubaneswar,break,3.8,5.2,8.2,11.9,8.5,3.5,0.2603,0.0043,0.0003
2025-09-08,Mumbai,coastal,5.5,3.2,5.6,8.3,8.3,4.88,0.213,0.0044,0.0005
2025-09-08,Thiruvananthapuram,coastal,0.2,0.0,0.0,0.0,0.0,0.77,0.0785,0.0008,0.0001
2025-09-08,Kochi,coastal,2.0,0.0,0.0,0.0,0.0,0.77,0.0785,0.0008,0.0001
2025-09-08,Mangaluru,coastal,1.8,0.2,0.8,1.5,1.5,1.84,0.0898,0.001,0.0001
2025-09-08,Panaji,coastal,2.7,1.1,2.5,4.1,4.1,2.81,0.1341,0.002,0.0002
2025-09-08,Chennai,coastal,2.5,0.0,0.0,0.0,0.0,0.77,0.0785,0.0008,0.0001
2025-09-08,Visakhapatnam,coastal,14.2,0.5,1.5,2.4,2.4,2.21,0.1056,0.0013,0.0002
2025-09-08,Puri,coastal,2.2,3.2,5.6,8.3,8.3,3.23,0.213,0.0044,0.0005
2025-09-08,Kolkata,coastal,0.5,0.2,0.8,1.5,1.5,1.82,0.0898,0.001,0.0001
2025-09-08,Surat,coastal,2.0,0.7,1.9,2.9,2.9,3.92,0.1155,0.0015,0.0002
2025-09-08,Mahabaleshwar,orographic,7.8,2.2,4.2,2.6,2.6,3.17,0.1571,0.0085,0.0019
2025-09-08,Munnar,orographic,2.5,3.2,5.6,3.8,3.8,4.74,0.1883,0.0116,0.0026
2025-09-08,Madikeri,orographic,4.5,0.8,2.0,0.9,0.9,2.75,0.1049,0.0044,0.001
2025-09-08,Ooty,orographic,4.4,1.8,3.5,2.0,2.0,3.99,0.1433,0.0073,0.0017
2025-09-08,Lonavala,orographic,3.5,3.5,5.9,4.2,4.2,3.93,0.1969,0.0126,0.0028
2025-09-08,Wayanad,orographic,0.5,0.0,0.0,0.0,0.0,1.14,0.068,0.0022,0.0005
2025-09-08,Shimla,orographic,7.8,24.3,29.1,35.5,35.5,7.25,0.4965,0.087,0.0191
2025-09-08,Dehradun,orographic,1.7,14.1,18.4,18.32,18.32,6.62,0.3942,0.0496,0.0108
2025-09-08,Srinagar,orographic,8.0,5.4,8.5,6.9,6.9,3.21,0.2457,0.0188,0.0042
2025-09-08,Gangtok,orographic,18.4,7.3,10.7,9.5,9.5,5.42,0.2866,0.0253,0.0056
2025-09-08,Guwahati,orographic,3.6,5.5,8.64,7.0,7.0,3.81,0.248,0.0192,0.0043
2025-09-08,Cherrapunji,orographic,12.8,4.9,7.9,6.1,6.1,2.84,0.2338,0.0172,0.0038
2025-09-08,Imphal,orographic,4.2,1.2,2.6,1.3,1.3,1.62,0.1211,0.0055,0.0013
2025-09-08,Agartala,orographic,0.7,0.4,1.2,0.4,0.4,0.96,0.0873,0.0033,0.0008
2025-09-08,Lucknow,break,2.4,10.4,14.2,17.16,14.7,7.58,0.3651,0.0087,0.0007
2025-09-08,Patna,break,6.4,6.5,9.8,12.89,9.7,3.95,0.2909,0.0053,0.0004
2025-09-08,Varanasi,break,10.3,15.1,19.4,22.94,19.7,7.98,0.4316,0.0129,0.001
2025-09-08,Delhi,break,0.7,0.3,1.0,1.3,1.0,1.16,0.0909,0.0007,0.0001
2025-09-08,Kanpur,break,3.0,2.8,5.0,9.83,5.2,3.94,0.1917,0.0024,0.0002
2025-09-08,Ranchi,break,1.5,2.5,4.7,9.43,4.9,4.69,0.1817,0.0022,0.0002
2025-09-08,Jodhpur,break,0.2,0.2,0.8,1.1,0.8,0.37,0.0857,0.0006,0.0001
2025-09-08,Bikaner,break,0.4,0.0,0.0,0.0,0.0,0.39,0.0748,0.0005,0.0
2025-09-08,Jaisalmer,break,7.3,0.1,0.6,0.82,0.6,0.22,0.0803,0.0006,0.0
2025-09-08,Hyderabad,break,0.5,0.0,0.0,0.0,0.0,0.33,0.0748,0.0005,0.0
2025-09-08,Bengaluru,break,1.0,0.0,0.0,0.0,0.0,0.75,0.0748,0.0005,0.0
2025-09-08,Pune,break,2.3,0.3,1.0,1.3,1.0,0.92,0.0909,0.0007,0.0001
2025-09-08,Kurnool,break,0.0,0.0,0.0,0.0,0.0,0.33,0.0748,0.0005,0.0
2025-09-08,Madurai,break,1.5,4.4,7.2,11.63,7.53,2.64,0.2395,0.0036,0.0003
2025-09-09,Nagpur,normal,3.6,12.0,15.9,16.07,16.07,5.53,0.3184,0.0091,0.0011
2025-09-09,Bhopal,normal,1.3,0.5,1.5,1.5,1.5,1.66,0.0757,0.0007,0.0001
2025-09-09,Raipur,normal,6.5,3.7,6.2,6.39,6.39,3.55,0.1706,0.0028,0.0004
2025-09-09,Jabalpur,normal,8.7,16.9,21.4,21.66,21.66,5.56,0.3767,0.0131,0.0016
2025-09-09,Akola,normal,0.0,0.0,0.0,0.0,0.0,0.31,0.0558,0.0005,0.0001
2025-09-09,Amravati,normal,0.5,8.4,12.0,12.2,12.2,3.85,0.2645,0.0062,0.0008
2025-09-09,Aurangabad,normal,1.4,0.0,0.0,0.0,0.0,0.76,0.0558,0.0005,0.0001
2025-09-09,Bhubaneswar,normal,1.3,1.2,2.6,2.9,2.9,2.67,0.1004,0.0012,0.0002
2025-09-09,Mumbai,coastal,0.7,0.9,2.2,3.56,3.56,2.85,0.125,0.0018,0.0002
2025-09-09,Thiruvananthapuram,coastal,1.2,0.0,0.0,0.0,0.0,0.74,0.0785,0.0008,0.0001
2025-09-09,Kochi,coastal,2.0,0.1,0.6,1.1,1.1,1.53,0.0842,0.0009,0.0001
2025-09-09,Mangaluru,coastal,0.1,0.0,0.0,0.0,0.0,0.96,0.0785,0.0008,0.0001
2025-09-09,Panaji,coastal,0.9,0.0,0.0,0.0,0.0,1.05,0.0785,0.0008,0.0001
2025-09-09,Chennai,coastal,1.6,0.0,0.0,0.0,0.0,0.74,0.0785,0.0008,0.0001
2025-09-09,Visakhapatnam,coastal,13.1,0.8,2.0,3.21,3.21,2.42,0.1203,0.0017,0.0002
2025-09-09,Puri,coastal,0.3,1.2,2.6,4.2,4.2,2.85,0.1385,0.0021,0.0003
2025-09-09,Kolkata,coastal,0.3,0.0,0.0,0.0,0.0,0.96,0.0785,0.0008,0.0001
2025-09-09,Surat,coastal,2.2,0.7,1.9,2.9,2.9,2.32,0.1155,0.0015,0.0002
2025-09-09,Mahabaleshwar,orographic,0.8,0.1,0.6,0.1,0.1,2.01,0.073,0.0025,0.0006
2025-09-09,Munnar,orographic,3.2,3.2,5.6,3.8,3.8,4.46,0.1883,0.0116,0.0026
2025-09-09,Madikeri,orographic,1.4,0.1,0.6,0.1,0.1,1.95,0.073,0.0025,0.0006
2025-09-09,Ooty,orographic,5.5,0.9,2.2,1.0,1.0,2.71,0.1091,0.0046,0.0011
2025-09-09,Lonavala,orographic,0.4,0.6,1.7,0.7,0.7,2.48,0.0963,0.0038,0.0009
2025-09-09,Wayanad,orographic,0.5,0.6,1.7,0.7,0.7,1.63,0.0963,0.0038,0.0009
2025-09-09,Shimla,orographic,0.7,2.2,4.2,2.6,2.6,2.61,0.1571,0.0085,0.0019
2025-09-09,Dehradun,orographic,3.0,19.2,23.7,26.23,26.23,5.25,0.4513,0.0683,0.0149
2025-09-09,Srinagar,orographic,1.7,1.2,2.6,1.3,1.3,1.7,0.1211,0.0055,0.0013
2025-09-09,Gangtok,orographic,3.8,9.3,12.9,11.5,11.5,4.55,0.3234,0.0323,0.0071
2025-09-09,Guwahati,orographic,6.6,11.6,15.52,14.68,14.68,4.4,0.3599,0.0406,0.0089
2025-09-09,Cherrapunji,orographic,14.5,14.0,18.2,18.1,18.1,3.99,0.3929,0.0492,0.0108
2025-09-09,Imphal,orographic,2.4,3.6,6.0,4.3,4.3,1.64,0.1998,0.0129,0.0029
2025-09-09,Agartala,orographic,1.8,2.7,4.9,3.2,3.2,1.52,0.1732,0.01,0.0023
2025-09-09,Lucknow,normal,0.9,1.0,2.3,2.5,2.5,2.24,0.0937,0.001,0.0001
2025-09-09,Patna,normal,1.6,1.0,2.3,2.5,2.5,2.38,0.0937,0.001,0.0001
2025-09-09,Varanasi,normal,3.5,14.0,18.2,18.6,18.6,6.52,0.3439,0.0107,0.0013
2025-09-09,Delhi,normal,0.4,0.0,0.0,0.0,0.0,0.46,0.0558,0.0005,0.0001
2025-09-09,Kanpur,normal,0.1,0.0,0.0,0.0,0.0,0.64,0.0558,0.0005,0.0001
2025-09-09,Ranchi,normal,1.6,1.1,2.5,2.7,2.7,2.1,0.097,0.0011,0.0001
2025-09-09,Jodhpur,normal,0.3,0.0,0.0,0.0,0.0,0.13,0.0558,0.0005,0.0001
2025-09-09,Bikaner,normal,0.0,0.0,0.0,0.0,0.0,0.0,0.0558,0.0005,0.0001
2025-09-09,Jaisalmer,normal,1.8,0.0,0.0,0.0,0.0,0.12,0.0558,0.0005,0.0001
2025-09-09,Hyderabad,normal,0.9,8.5,12.13,12.2,12.2,3.42,0.2662,0.0063,0.0008
2025-09-09,Bengaluru,normal,1.5,0.0,0.0,0.0,0.0,0.29,0.0558,0.0005,0.0001
2025-09-09,Pune,normal,0.4,0.0,0.0,0.0,0.0,0.73,0.0558,0.0005,0.0001
2025-09-09,Kurnool,normal,0.0,0.3,1.0,1.0,1.0,0.89,0.0681,0.0006,0.0001
2025-09-09,Madurai,normal,8.2,13.5,17.6,17.9,17.9,5.6,0.3378,0.0103,0.0012
2025-09-10,Nagpur,normal,6.9,16.3,20.7,20.91,20.91,8.13,0.3703,0.0126,0.0015
2025-09-10,Bhopal,normal,0.4,0.4,1.2,1.2,1.2,1.83,0.0719,0.0007,0.0001
2025-09-10,Raipur,normal,8.3,8.1,11.8,11.8,11.8,5.34,0.2595,0.006,0.0007
2025-09-10,Jabalpur,normal,5.9,6.6,9.9,9.8,9.8,5.64,0.2326,0.0049,0.0006
2025-09-10,Akola,normal,7.1,6.3,9.6,9.6,9.6,4.2,0.2268,0.0047,0.0006
2025-09-10,Amravati,normal,7.3,6.0,9.2,9.13,9.13,5.5,0.2209,0.0044,0.0006
2025-09-10,Aurangabad,normal,0.9,0.0,0.0,0.0,0.0,0.42,0.0558,0.0005,0.0001
2025-09-10,Bhubaneswar,normal,6.7,0.0,0.0,0.0,0.0,1.05,0.0558,0.0005,0.0001
2025-09-10,Mumbai,coastal,0.3,0.0,0.0,0.0,0.0,1.42,0.0785,0.0008,0.0001
2025-09-10,Thiruvananthapuram,coastal,0.4,0.0,0.0,0.0,0.0,0.99,0.0785,0.0008,0.0001
2025-09-10,Kochi,coastal,2.2,2.4,4.5,6.4,6.4,3.45,0.1859,0.0035,0.0004
2025-09-10,Mangaluru,coastal,0.1,0.0,0.0,0.0,0.0,0.99,0.0785,0.0008,0.0001
2025-09-10,Panaji,coastal,0.2,0.0,0.0,0.0,0.0,0.99,0.0785,0.0008,0.0001
2025-09-10,Chennai,coastal,4.0,2.8,5.0,7.5,7.5,3.98,0.1998,0.0039,0.0005
2025-09-10,Visakhapatnam,coastal,9.1,2.8,5.0,7.5,7.5,4.28,0.1998,0.0039,0.0005
2025-09-10,Puri,coastal,6.5,0.0,0.0,0.0,0.0,1.42,0.0785,0.0008,0.0001
2025-09-10,Kolkata,coastal,0.0,0.0,0.0,0.0,0.0,0.99,0.0785,0.0008,0.0001
2025-09-10,Surat,coastal,0.3,0.0,0.0,0.0,0.0,1.36,0.0785,0.0008,0.0001
2025-09-10,Mahabaleshwar,orographic,1.6,0.8,2.0,0.9,0.9,2.86,0.1049,0.0044,0.001
2025-09-10,Munnar,orographic,22.9,17.4,22.0,23.8,23.8,12.22,0.4328,0.0617,0.0135
2025-09-10,Madikeri,orographic,2.8,0.8,2.0,0.9,0.9,2.86,0.1049,0.0044,0.001
2025-09-10,Ooty,orographic,20.9,17.8,22.4,24.72,24.72,10.72,0.437,0.0631,0.0138
2025-09-10,Lonavala,orographic,0.3,0.0,0.0,0.0,0.0,1.35,0.068,0.0022,0.0005
2025-09-10,Wayanad,orographic,5.9,3.0,5.3,3.5,3.5,4.42,0.1824,0.011,0.0025
2025-09-10,Shimla,orographic,2.3,1.3,2.8,1.4,1.4,1.46,0.1249,0.0058,0.0013
2025-09-10,Dehradun,orographic,4.9,7.6,11.1,9.8,9.8,5.28,0.2924,0.0264,0.0058
2025-09-10,Srinagar,orographic,0.0,0.0,0.0,0.0,0.0,0.42,0.068,0.0022,0.0005
2025-09-10,Gangtok,orographic,3.3,9.5,13.3,12.0,12.0,5.47,0.3268,0.0331,0.0073
2025-09-10,Guwahati,orographic,18.7,5.3,8.3,6.8,6.8,3.54,0.2434,0.0185,0.0041
2025-09-10,Cherrapunji,orographic,3.7,7.4,10.9,9.6,9.6,3.89,0.2885,0.0257,0.0057
2025-09-10,Imphal,orographic,1.0,1.2,2.7,1.3,1.3,1.92,0.1211,0.0055,0.0013
2025-09-10,Agartala,orographic,2.3,13.5,17.6,17.4,17.4,4.24,0.3864,0.0474,0.0104
2025-09-10,Lucknow,normal,0.2,0.8,2.0,2.1,2.1,2.21,0.0867,0.0009,0.0001
2025-09-10,Patna,normal,0.9,0.0,0.0,0.0,0.0,0.78,0.0558,0.0005,0.0001
2025-09-10,Varanasi,normal,2.8,0.1,0.6,0.6,0.6,1.72,0.06,0.0005,0.0001
2025-09-10,Delhi,normal,0.0,0.0,0.0,0.0,0.0,0.29,0.0558,0.0005,0.0001
2025-09-10,Kanpur,normal,0.0,0.0,0.0,0.0,0.0,0.29,0.0558,0.0005,0.0001
2025-09-10,Ranchi,normal,1.9,7.7,11.2,11.4,11.4,4.81,0.2526,0.0057,0.0007
2025-09-10,Jodhpur,normal,0.0,0.0,0.0,0.0,0.0,0.0,0.0558,0.0005,0.0001
2025-09-10,Bikaner,normal,0.0,0.0,0.0,0.0,0.0,0.0,0.0558,0.0005,0.0001
2025-09-10,Jaisalmer,normal,0.0,0.0,0.0,0.0,0.0,0.0,0.0558,0.0005,0.0001
2025-09-10,Hyderabad,normal,12.2,10.1,13.8,14.02,14.02,5.93,0.2914,0.0076,0.0009
2025-09-10,Bengaluru,normal,8.8,1.7,3.4,3.5,3.5,2.16,0.1163,0.0015,0.0002
2025-09-10,Pune,normal,0.9,4.1,6.8,7.04,7.04,3.25,0.1801,0.0031,0.0004
2025-09-10,Kurnool,normal,0.0,7.1,10.5,10.5,10.5,3.9,0.2419,0.0053,0.0006
2025-09-10,Madurai,normal,13.7,12.5,16.5,16.6,16.6,6.98,0.325,0.0095,0.0011
2025-09-11,Nagpur,normal,15.4,7.0,10.4,10.4,10.4,5.64,0.24,0.0052,0.0006
2025-09-11,Bhopal,normal,4.2,1.8,3.4,3.5,3.5,2.82,0.1193,0.0015,0.0002
2025-09-11,Raipur,normal,8.5,11.8,15.7,16.0,16.0,6.89,0.3157,0.0089,0.0011
2025-09-11,Jabalpur,normal,12.8,3.6,6.0,6.2,6.2,4.38,0.1682,0.0027,0.0003
2025-09-11,Akola,normal,2.8,8.4,12.0,12.2,12.2,5.54,0.2645,0.0062,0.0008
2025-09-11,Amravati,normal,13.3,20.6,25.3,25.4,25.4,7.71,0.4129,0.0163,0.0019
2025-09-11,Aurangabad,normal,0.2,0.1,0.6,0.6,0.6,1.07,0.06,0.0005,0.0001
2025-09-11,Bhubaneswar,normal,5.6,0.0,0.0,0.0,0.0,0.42,0.0558,0.0005,0.0001
2025-09-11,Mumbai,coastal,1.5,0.0,0.0,0.0,0.0,0.99,0.0785,0.0008,0.0001
2025-09-11,Thiruvananthapuram,coastal,0.6,0.0,0.0,0.0,0.0,0.99,0.0785,0.0008,0.0001
2025-09-11,Kochi,coastal,2.3,2.0,3.8,5.75,5.75,3.81,0.1711,0.003,0.0004
2025-09-11,Mangaluru,coastal,1.0,0.0,0.0,0.0,0.0,0.99,0.0785,0.0008,0.0001
2025-09-11,Panaji,coastal,0.2,0.0,0.0,0.0,0.0,0.99,0.0785,0.0008,0.0001
2025-09-11,Chennai,coastal,8.6,2.4,4.5,6.4,6.4,4.16,0.1859,0.0035,0.0004
2025-09-11,Visakhapatnam,coastal,9.0,1.7,3.4,5.4,5.4,3.64,0.1594,0.0027,0.0003
2025-09-11,Puri,coastal,6.2,0.0,0.0,0.0,0.0,0.99,0.0785,0.0008,0.0001
2025-09-11,Kolkata,coastal,10.2,0.8,2.0,3.21,3.21,2.6,0.1203,0.0017,0.0002
2025-09-11,Surat,coastal,0.3,0.0,0.0,0.0,0.0,0.99,0.0785,0.0008,0.0001
2025-09-11,Mahabaleshwar,orographic,1.1,0.2,0.8,0.1,0.1,2.49,0.0779,0.0027,0.0006
2025-09-11,Munnar,orographic,6.0,9.8,13.6,12.3,12.3,11.06,0.3318,0.0341,0.0075
2025-09-11,Madikeri,orographic,0.0,0.6,1.7,0.7,0.7,3.06,0.0963,0.0038,0.0009
2025-09-11,Ooty,orographic,2.3,5.9,9.04,7.6,7.6,9.08,0.2571,0.0205,0.0045
2025-09-11,Lonavala,orographic,1.6,0.3,1.0,0.2,0.2,1.67,0.0827,0.003,0.0007
2025-09-11,Wayanad,orographic,0.5,0.7,1.8,0.7,0.7,3.33,0.1007,0.0041,0.001
2025-09-11,Shimla,orographic,3.2,1.5,3.1,1.7,1.7,1.31,0.1325,0.0064,0.0015
2025-09-11,Dehradun,orographic,4.8,6.1,9.3,7.9,7.9,5.18,0.2615,0.0212,0.0047
2025-09-11,Srinagar,orographic,0.0,0.0,0.0,0.0,0.0,0.22,0.068,0.0022,0.0005
2025-09-11,Gangtok,orographic,5.7,7.0,10.4,9.1,9.1,4.91,0.2805,0.0243,0.0054
2025-09-11,Guwahati,orographic,7.1,9.5,13.3,12.0,12.0,4.52,0.3268,0.0331,0.0073
2025-09-11,Cherrapunji,orographic,5.1,19.3,23.8,26.4,26.4,5.2,0.4523,0.0686,0.015
2025-09-11,Imphal,orographic,2.8,5.5,8.64,7.0,7.0,2.3,0.248,0.0192,0.0043
2025-09-11,Agartala,orographic,5.3,10.5,14.3,13.3,13.3,4.64,0.3431,0.0366,0.008
2025-09-11,Lucknow,normal,0.0,0.0,0.0,0.0,0.0,0.78,0.0558,0.0005,0.0001
2025-09-11,Patna,normal,5.0,0.7,1.8,1.8,1.8,1.34,0.0831,0.0009,0.0001
2025-09-11,Varanasi,normal,8.1,0.0,0.0,0.0,0.0,0.56,0.0558,0.0005,0.0001
2025-09-11,Delhi,normal,0.0,0.0,0.0,0.0,0.0,0.29,0.0558,0.0005,0.0001
2025-09-11,Kanpur,normal,0.2,0.0,0.0,0.0,0.0,0.29,0.0558,0.0005,0.0001
2025-09-11,Ranchi,normal,4.8,14.3,18.72,19.1,19.1,7.61,0.3475,0.011,0.0013
2025-09-11,Jodhpur,normal,0.2,0.0,0.0,0.0,0.0,0.0,0.0558,0.0005,0.0001
2025-09-11,Bikaner,normal,0.0,0.0,0.0,0.0,0.0,0.0,0.0558,0.0005,0.0001
2025-09-11,Jaisalmer,normal,0.0,0.0,0.0,0.0,0.0,0.0,0.0558,0.0005,0.0001
2025-09-11,Hyderabad,normal,20.5,10.4,14.2,14.7,14.7,6.22,0.2958,0.0078,0.0009
2025-09-11,Bengaluru,normal,0.4,1.2,2.6,2.9,2.9,2.92,0.1004,0.0012,0.0002
2025-09-11,Pune,normal,0.2,0.1,0.6,0.6,0.6,2.09,0.06,0.0005,0.0001
2025-09-11,Kurnool,normal,17.8,2.3,4.4,4.7,4.7,3.55,0.134,0.0019,0.0002
2025-09-11,Madurai,normal,13.8,0.0,0.0,0.0,0.0,1.52,0.0558,0.0005,0.0001
2025-09-12,Nagpur,normal,10.0,18.3,22.9,22.8,22.8,10.92,0.3911,0.0143,0.0017
2025-09-12,Bhopal,normal,0.3,0.8,2.0,2.1,2.1,3.67,0.0867,0.0009,0.0001
2025-09-12,Raipur,normal,13.0,24.1,28.81,28.61,28.61,14.51,0.4425,0.0194,0.0023
2025-09-12,Jabalpur,normal,4.4,7.6,11.1,11.32,11.32,7.38,0.2508,0.0056,0.0007
2025-09-12,Akola,normal,14.9,24.0,28.8,28.6,28.6,13.66,0.4417,0.0193,0.0023
2025-09-12,Amravati,normal,31.2,30.2,37.36,35.56,35.56,15.67,0.4861,0.0248,0.0029
2025-09-12,Aurangabad,normal,1.0,24.6,29.41,28.91,28.91,9.78,0.4464,0.0198,0.0023
2025-09-12,Bhubaneswar,normal,4.9,8.3,11.9,12.0,12.0,5.6,0.2628,0.0062,0.0008
2025-09-12,Mumbai,coastal,1.2,0.0,0.0,0.0,0.0,1.79,0.0785,0.0008,0.0001
2025-09-12,Thiruvananthapuram,coastal,0.2,0.0,0.0,0.0,0.0,1.79,0.0785,0.0008,0.0001
2025-09-12,Kochi,coastal,2.1,0.9,2.2,3.56,3.56,4.28,0.125,0.0018,0.0002
2025-09-12,Mangaluru,coastal,1.8,0.0,0.0,0.0,0.0,1.79,0.0785,0.0008,0.0001
2025-09-12,Panaji,coastal,0.6,0.0,0.0,0.0,0.0,1.79,0.0785,0.0008,0.0001
2025-09-12,Chennai,coastal,0.6,4.9,7.9,10.5,10.5,5.63,0.2625,0.0066,0.0008
2025-09-12,Visakhapatnam,coastal,10.6,4.8,7.7,10.4,10.4,5.26,0.2599,0.0064,0.0008
2025-09-12,Puri,coastal,4.1,0.6,1.6,2.6,2.6,3.29,0.1106,0.0014,0.0002
2025-09-12,Kolkata,coastal,16.5,6.9,10.3,12.98,12.98,6.08,0.3106,0.0092,0.0011
2025-09-12,Surat,coastal,0.2,0.0,0.0,0.0,0.0,1.79,0.0785,0.0008,0.0001
2025-09-12,Mahabaleshwar,orographic,1.3,0.0,0.0,0.0,0.0,2.33,0.068,0.0022,0.0005
2025-09-12,Munnar,orographic,0.7,3.9,6.5,4.8,4.8,10.98,0.208,0.0139,0.0031
2025-09-12,Madikeri,orographic,0.3,0.0,0.0,0.0,0.0,2.38,0.068,0.0022,0.0005
2025-09-12,Ooty,orographic,0.0,0.2,0.8,0.1,0.1,4.93,0.0779,0.0027,0.0006
2025-09-12,Lonavala,orographic,1.9,0.0,0.0,0.0,0.0,2.38,0.068,0.0022,0.0005
2025-09-12,Wayanad,orographic,0.0,0.0,0.0,0.0,0.0,2.38,0.068,0.0022,0.0005
2025-09-12,Shimla,orographic,5.6,0.3,1.0,0.2,0.2,1.51,0.0827,0.003,0.0007
2025-09-12,Dehradun,orographic,7.0,5.9,9.04,7.6,7.6,7.17,0.2571,0.0205,0.0045
2025-09-12,Srinagar,orographic,0.0,0.0,0.0,0.0,0.0,0.99,0.068,0.0022,0.0005
2025-09-12,Gangtok,orographic,1.5,8.3,11.9,10.5,10.5,6.71,0.3057,0.0288,0.0063
2025-09-12,Guwahati,orographic,17.7,26.0,31.3,38.64,38.64,11.43,0.5096,0.0932,0.0205
2025-09-12,Cherrapunji,orographic,5.2,33.0,41.41,53.22,53.22,15.64,0.5558,0.1185,0.0264
2025-09-12,Imphal,orographic,2.8,13.0,17.1,16.9,16.9,8.38,0.3797,0.0456,0.01
2025-09-12,Agartala,orographic,9.3,10.6,14.5,13.4,13.4,7.53,0.3447,0.037,0.0081
2025-09-12,Lucknow,normal,1.6,0.0,0.0,0.0,0.0,1.13,0.0558,0.0005,0.0001
2025-09-12,Patna,normal,1.4,11.5,15.4,15.8,15.8,7.21,0.3115,0.0087,0.0011
2025-09-12,Varanasi,normal,0.5,0.0,0.0,0.0,0.0,1.13,0.0558,0.0005,0.0001
2025-09-12,Delhi,normal,0.2,0.0,0.0,0.0,0.0,1.13,0.0558,0.0005,0.0001
2025-09-12,Kanpur,normal,0.3,0.0,0.0,0.0,0.0,1.13,0.0558,0.0005,0.0001
2025-09-12,Ranchi,normal,6.3,24.2,29.0,28.61,28.61,13.55,0.4433,0.0195,0.0023
2025-09-12,Jodhpur,normal,0.0,0.0,0.0,0.0,0.0,0.53,0.0558,0.0005,0.0001
2025-09-12,Bikaner,normal,0.0,0.0,0.0,0.0,0.0,0.53,0.0558,0.0005,0.0001
2025-09-12,Jaisalmer,normal,0.0,0.0,0.0,0.0,0.0,0.53,0.0558,0.0005,0.0001
2025-09-12,Hyderabad,normal,6.6,73.9,83.2,74.51,74.51,18.79,0.657,0.0659,0.0077
2025-09-12,Bengaluru,normal,0.4,0.0,0.0,0.0,0.0,1.85,0.0558,0.0005,0.0001
2025-09-12,Pune,normal,0.4,0.0,0.0,0.0,0.0,1.68,0.0558,0.0005,0.0001
2025-09-12,Kurnool,normal,2.5,2.3,4.4,4.7,4.7,4.93,0.134,0.0019,0.0002
2025-09-12,Madurai,normal,0.0,0.1,0.6,0.6,0.6,1.91,0.06,0.0005,0.0001
2025-09-13,Nagpur,normal,10.7,10.3,14.1,14.42,14.42,7.47,0.2944,0.0077,0.0009
2025-09-13,Bhopal,normal,0.0,7.3,10.7,10.8,10.8,4.56,0.2455,0.0054,0.0007
2025-09-13,Raipur,normal,1.5,1.0,2.3,2.5,2.5,3.95,0.0937,0.001,0.0001
2025-09-13,Jabalpur,normal,12.0,17.7,22.22,22.2,22.2,8.3,0.385,0.0138,0.0016
2025-09-13,Akola,normal,16.5,5.6,8.8,8.9,8.9,5.9,0.2129,0.0041,0.0005
2025-09-13,Amravati,normal,6.0,4.3,7.1,7.4,7.4,5.07,0.1848,0.0032,0.0004
2025-09-13,Aurangabad,normal,13.5,19.1,23.7,24.51,24.51,8.28,0.3989,0.015,0.0018
2025-09-13,Bhubaneswar,normal,13.5,5.1,8.1,8.3,8.3,5.49,0.2024,0.0038,0.0005
2025-09-13,Mumbai,coastal,12.7,19.4,24.0,27.01,27.01,7.81,0.4917,0.0273,0.0031
2025-09-13,Thiruvananthapuram,coastal,0.0,0.0,0.0,0.0,0.0,1.19,0.0785,0.0008,0.0001
2025-09-13,Kochi,coastal,1.2,0.6,1.7,2.7,2.7,3.34,0.1106,0.0014,0.0002
2025-09-13,Mangaluru,coastal,0.6,3.1,5.4,8.1,8.1,4.42,0.2098,0.0043,0.0005
2025-09-13,Panaji,coastal,5.0,3.5,5.9,8.79,8.79,4.39,0.2225,0.0048,0.0006
2025-09-13,Chennai,coastal,0.7,3.8,6.3,9.28,9.28,5.42,0.2316,0.0052,0.0006
2025-09-13,Visakhapatnam,coastal,11.7,9.0,12.7,14.92,14.92,8.01,0.3526,0.0121,0.0014
2025-09-13,Puri,coastal,7.4,1.9,3.6,5.6,5.6,3.85,0.1673,0.0029,0.0003
2025-09-13,Kolkata,coastal,9.0,6.3,9.6,12.13,12.13,6.98,0.2971,0.0084,0.001
2025-09-13,Surat,coastal,0.3,1.8,3.5,5.5,5.5,3.57,0.1634,0.0028,0.0003
2025-09-13,Mahabaleshwar,orographic,26.9,31.7,39.1,51.31,51.31,13.07,0.5481,0.1138,0.0253
2025-09-13,Munnar,orographic,0.6,0.1,0.6,0.1,0.1,2.93,0.073,0.0025,0.0006
2025-09-13,Madikeri,orographic,0.7,3.7,6.2,4.5,4.5,4.94,0.2025,0.0132,0.003
2025-09-13,Ooty,orographic,0.1,0.6,1.7,0.7,0.7,3.34,0.0963,0.0038,0.0009
2025-09-13,Lonavala,orographic,12.2,19.1,23.7,26.0,26.0,9.83,0.4503,0.0679,0.0149
2025-09-13,Wayanad,orographic,0.3,0.4,1.2,0.4,0.4,2.0,0.0873,0.0033,0.0008
2025-09-13,Shimla,orographic,9.4,3.3,5.8,3.9,3.9,2.34,0.1912,0.0119,0.0027
2025-09-13,Dehradun,orographic,14.3,20.6,25.3,28.3,28.3,6.78,0.4647,0.0734,0.0161
2025-09-13,Srinagar,orographic,0.0,0.0,0.0,0.0,0.0,0.25,0.068,0.0022,0.0005
2025-09-13,Gangtok,orographic,3.9,9.0,12.7,11.3,11.3,5.86,0.3182,0.0313,0.0069
2025-09-13,Guwahati,orographic,14.9,31.9,39.36,52.02,52.02,7.99,0.5493,0.1145,0.0255
2025-09-13,Cherrapunji,orographic,4.5,8.1,11.7,10.4,10.4,4.89,0.302,0.0281,0.0062
2025-09-13,Imphal,orographic,8.2,8.4,12.0,10.5,10.5,4.12,0.3075,0.0292,0.0064
2025-09-13,Agartala,orographic,20.3,12.2,16.1,15.63,15.63,5.09,0.3686,0.0427,0.0093
2025-09-13,Lucknow,normal,0.9,0.1,0.6,0.6,0.6,0.88,0.06,0.0005,0.0001
2025-09-13,Patna,normal,12.7,2.2,4.2,4.5,4.5,4.24,0.1311,0.0018,0.0002
2025-09-13,Varanasi,normal,7.7,0.0,0.0,0.0,0.0,0.34,0.0558,0.0005,0.0001
2025-09-13,Delhi,normal,0.9,0.0,0.0,0.0,0.0,0.34,0.0558,0.0005,0.0001
2025-09-13,Kanpur,normal,1.0,0.0,0.0,0.0,0.0,0.34,0.0558,0.0005,0.0001
2025-09-13,Ranchi,normal,4.4,2.4,4.5,4.8,4.8,4.65,0.1368,0.0019,0.0002
2025-09-13,Jodhpur,normal,0.0,0.0,0.0,0.0,0.0,0.0,0.0558,0.0005,0.0001
2025-09-13,Bikaner,normal,0.0,0.0,0.0,0.0,0.0,0.0,0.0558,0.0005,0.0001
2025-09-13,Jaisalmer,normal,0.0,0.0,0.0,0.0,0.0,0.0,0.0558,0.0005,0.0001
2025-09-13,Hyderabad,normal,11.5,16.7,21.2,21.4,21.4,8.24,0.3746,0.013,0.0015
2025-09-13,Bengaluru,normal,1.2,7.0,10.4,10.4,10.4,3.99,0.24,0.0052,0.0006
2025-09-13,Pune,normal,15.6,34.8,43.7,41.4,41.4,7.54,0.5138,0.029,0.0034
2025-09-13,Kurnool,normal,10.3,4.9,7.9,8.0,8.0,4.23,0.1981,0.0036,0.0005
2025-09-13,Madurai,normal,0.2,0.4,1.2,1.2,1.2,1.78,0.0719,0.0007,0.0001
2025-09-14,Nagpur,normal,7.7,12.3,16.2,16.4,16.4,10.31,0.3224,0.0093,0.0011
2025-09-14,Bhopal,normal,0.9,10.7,14.7,15.07,15.07,9.6,0.3002,0.008,0.001
2025-09-14,Raipur,normal,1.5,15.3,19.6,20.0,20.0,8.29,0.3592,0.0118,0.0014
2025-09-14,Jabalpur,normal,6.4,13.8,18.0,18.3,18.3,12.21,0.3415,0.0106,0.0013
2025-09-14,Akola,normal,21.1,16.4,20.8,21.16,21.16,11.2,0.3714,0.0127,0.0015
2025-09-14,Amravati,normal,5.3,6.9,10.3,10.2,10.2,7.18,0.2382,0.0051,0.0006
2025-09-14,Aurangabad,depression,17.0,48.7,61.7,61.7,61.3,22.85,0.7811,0.125,0.0049
2025-09-14,Bhubaneswar,normal,10.0,0.1,0.6,0.6,0.6,3.17,0.06,0.0005,0.0001
2025-09-14,Mumbai,coastal,12.2,9.1,12.8,15.1,15.1,11.58,0.3544,0.0122,0.0014
2025-09-14,Thiruvananthapuram,coastal,0.7,0.3,1.0,1.82,1.82,2.4,0.0952,0.0011,0.0001
2025-09-14,Kochi,coastal,1.8,0.5,1.5,2.4,2.4,3.21,0.1056,0.0013,0.0002
2025-09-14,Mangaluru,coastal,1.1,2.4,4.5,6.4,6.4,4.73,0.1859,0.0035,0.0004
2025-09-14,Panaji,coastal,11.4,2.9,5.1,7.7,7.7,5.42,0.2032,0.0041,0.0005
2025-09-14,Chennai,coastal,31.6,12.9,17.07,19.93,19.93,9.52,0.4153,0.0176,0.002
2025-09-14,Visakhapatnam,coastal,1.2,5.7,8.9,11.2,11.2,7.8,0.2829,0.0076,0.0009
2025-09-14,Puri,coastal,7.2,1.6,3.2,5.1,5.1,3.77,0.1554,0.0025,0.0003
2025-09-14,Kolkata,coastal,6.2,9.5,13.3,15.52,15.52,9.94,0.3616,0.0128,0.0015
2025-09-14,Surat,coastal,2.9,2.2,4.2,5.9,5.9,4.15,0.1786,0.0032,0.0004
2025-09-14,Mahabaleshwar,orographic,31.6,23.5,28.1,33.82,33.82,31.33,0.49,0.084,0.0185
2025-09-14,Munnar,orographic,0.7,1.8,3.5,2.0,2.0,4.47,0.1433,0.0073,0.0017
2025-09-14,Madikeri,orographic,2.8,1.4,2.9,1.6,1.6,4.85,0.1287,0.0061,0.0014
2025-09-14,Ooty,orographic,1.1,2.3,4.3,2.8,2.8,4.79,0.1604,0.0088,0.002
2025-09-14,Lonavala,orographic,35.4,47.4,61.0,84.73,84.73,39.14,0.6245,0.1686,0.0387
2025-09-14,Wayanad,orographic,1.6,0.6,1.6,0.6,0.6,3.68,0.0963,0.0038,0.0009
2025-09-14,Shimla,orographic,2.7,1.0,2.3,1.1,1.1,2.06,0.1131,0.0049,0.0011
2025-09-14,Dehradun,orographic,12.3,11.2,15.2,14.1,14.1,8.46,0.3539,0.0391,0.0086
2025-09-14,Srinagar,orographic,0.0,0.0,0.0,0.0,0.0,0.91,0.068,0.0022,0.0005
2025-09-14,Gangtok,orographic,7.1,10.3,14.1,13.0,13.0,7.06,0.34,0.0359,0.0079
2025-09-14,Guwahati,orographic,16.0,16.0,20.4,21.37,21.37,10.72,0.4172,0.0565,0.0124
2025-09-14,Cherrapunji,orographic,31.2,45.1,58.25,75.44,75.44,14.21,0.6153,0.1608,0.0367
2025-09-14,Imphal,orographic,8.5,8.1,11.7,10.4,10.4,5.75,0.302,0.0281,0.0062
2025-09-14,Agartala,orographic,20.8,12.5,16.5,16.1,16.1,7.63,0.3728,0.0438,0.0096
2025-09-14,Lucknow,normal,1.7,1.1,2.5,2.7,2.7,3.07,0.097,0.0011,0.0001
2025-09-14,Patna,normal,8.6,4.1,6.8,7.04,7.04,5.25,0.1801,0.0031,0.0004
2025-09-14,Varanasi,normal,16.9,0.1,0.6,0.6,0.6,1.81,0.06,0.0005,0.0001
2025-09-14,Delhi,normal,0.2,0.0,0.0,0.0,0.0,1.15,0.0558,0.0005,0.0001
2025-09-14,Kanpur,normal,0.6,1.4,2.9,3.1,3.1,2.72,0.1069,0.0013,0.0002
2025-09-14,Ranchi,normal,11.1,20.5,25.2,25.3,25.3,8.66,0.412,0.0162,0.0019
2025-09-14,Jodhpur,normal,0.0,0.0,0.0,0.0,0.0,0.45,0.0558,0.0005,0.0001
2025-09-14,Bikaner,normal,0.0,0.0,0.0,0.0,0.0,0.45,0.0558,0.0005,0.0001
2025-09-14,Jaisalmer,normal,0.0,0.0,0.0,0.0,0.0,0.45,0.0558,0.0005,0.0001
2025-09-14,Hyderabad,normal,7.2,8.6,12.2,12.4,12.4,8.77,0.2678,0.0064,0.0008
2025-09-14,Bengaluru,normal,0.0,1.9,3.6,3.9,3.9,4.59,0.1224,0.0016,0.0002
2025-09-14,Pune,normal,36.7,50.3,63.3,61.3,61.3,17.52,0.5854,0.0434,0.0051
2025-09-14,Kurnool,normal,4.1,7.0,10.4,10.4,10.4,6.47,0.24,0.0052,0.0006
2025-09-14,Madurai,normal,0.9,0.0,0.0,0.0,0.0,1.51,0.0558,0.0005,0.0001
2025-09-15,Nagpur,active,9.8,29.3,36.41,39.17,39.17,16.59,0.594,0.0641,0.015
2025-09-15,Bhopal,active,13.6,6.6,9.9,10.98,10.98,8.87,0.3243,0.0135,0.0032
2025-09-15,Raipur,active,30.0,11.8,15.7,16.13,16.13,13.86,0.4222,0.0245,0.0058
2025-09-15,Jabalpur,active,11.8,13.1,17.2,17.13,17.13,12.59,0.4413,0.0273,0.0064
2025-09-15,Akola,active,19.9,26.0,31.3,33.27,33.27,18.35,0.5714,0.0565,0.0132
2025-09-15,Amravati,active,23.7,10.6,14.5,15.14,15.14,10.79,0.4029,0.0219,0.0052
2025-09-15,Aurangabad,depression,23.5,56.4,69.11,69.11,268.24,26.63,0.8003,0.1446,0.0058
2025-09-15,Bhubaneswar,active,7.5,30.3,37.46,40.42,40.42,11.02,0.6003,0.0664,0.0156
2025-09-15,Mumbai,coastal,65.5,42.0,53.31,68.73,68.73,23.4,0.6383,0.0627,0.0071
2025-09-15,Thiruvananthapuram,coastal,8.1,0.0,0.0,0.0,0.0,2.24,0.0785,0.0008,0.0001
2025-09-15,Kochi,coastal,5.3,5.5,8.64,10.9,10.9,6.44,0.2779,0.0074,0.0009
2025-09-15,Mangaluru,coastal,17.6,3.1,5.4,8.1,8.1,6.06,0.2098,0.0043,0.0005
2025-09-15,Panaji,coastal,6.7,16.1,20.5,23.43,23.43,12.76,0.4563,0.0223,0.0025
2025-09-15,Chennai,coastal,5.1,4.5,7.3,10.1,10.1,8.29,0.2517,0.0061,0.0007
2025-09-15,Visakhapatnam,coastal,5.9,2.8,5.1,7.6,7.6,7.72,0.1998,0.0039,0.0005
2025-09-15,Puri,coastal,7.3,4.6,7.4,10.3,10.3,5.64,0.2545,0.0062,0.0007
2025-09-15,Kolkata,coastal,23.2,10.3,14.1,16.52,16.52,12.3,0.3754,0.0139,0.0016
2025-09-15,Surat,coastal,0.4,1.1,2.5,4.1,4.1,4.8,0.1341,0.002,0.0002
2025-09-15,Mahabaleshwar,orographic,23.3,5.4,8.5,6.9,6.9,20.53,0.2457,0.0188,0.0042
2025-09-15,Munnar,orographic,3.4,3.2,5.6,3.8,3.8,7.17,0.1883,0.0116,0.0026
2025-09-15,Madikeri,orographic,7.0,2.3,4.4,2.8,2.8,5.76,0.1604,0.0088,0.002
2025-09-15,Ooty,orographic,2.5,1.8,3.5,2.0,2.0,6.09,0.1433,0.0073,0.0017
2025-09-15,Lonavala,orographic,23.1,28.7,35.51,45.04,45.04,41.84,0.5288,0.103,0.0228
2025-09-15,Wayanad,orographic,2.6,1.1,2.5,1.2,1.2,5.13,0.1172,0.0052,0.0012
2025-09-15,Shimla,orographic,2.5,4.9,7.9,6.1,6.1,3.45,0.2338,0.0172,0.0038
2025-09-15,Dehradun,orographic,19.5,13.8,18.0,18.0,18.0,9.41,0.3903,0.0485,0.0106
2025-09-15,Srinagar,orographic,0.0,1.8,3.5,2.0,2.0,2.56,0.1433,0.0073,0.0017
2025-09-15,Gangtok,orographic,14.1,23.0,27.4,32.31,32.31,11.19,0.4859,0.0822,0.0181
2025-09-15,Guwahati,orographic,14.4,3.6,6.0,4.3,4.3,8.62,0.1998,0.0129,0.0029
2025-09-15,Cherrapunji,orographic,3.8,31.0,38.51,50.24,50.24,21.63,0.5437,0.1113,0.0247
2025-09-15,Imphal,orographic,22.2,5.3,8.3,6.8,6.8,7.36,0.2434,0.0185,0.0041
2025-09-15,Agartala,orographic,10.2,12.0,15.9,15.3,15.3,10.3,0.3657,0.042,0.0092
2025-09-15,Lucknow,active,1.4,1.4,2.9,4.02,4.02,3.37,0.1594,0.0036,0.0009
2025-09-15,Patna,active,17.1,3.5,5.9,6.35,6.35,5.83,0.2393,0.0074,0.0018
2025-09-15,Varanasi,active,17.5,10.9,14.9,15.64,15.64,7.26,0.4079,0.0225,0.0053
2025-09-15,Delhi,active,0.0,0.0,0.0,0.0,0.0,1.53,0.0856,0.0013,0.0003
2025-09-15,Kanpur,active,2.7,0.1,0.6,1.43,1.43,2.48,0.0918,0.0014,0.0004
2025-09-15,Ranchi,active,28.4,42.1,53.46,200.23,200.23,18.4,0.6603,0.0936,0.0221
2025-09-15,Jodhpur,active,0.0,0.0,0.0,0.0,0.0,0.87,0.0856,0.0013,0.0003
2025-09-15,Bikaner,active,0.0,0.0,0.0,0.0,0.0,0.87,0.0856,0.0013,0.0003
2025-09-15,Jaisalmer,active,0.0,0.0,0.0,0.0,0.0,0.87,0.0856,0.0013,0.0003
2025-09-15,Hyderabad,active,4.5,8.1,11.7,12.2,12.2,9.81,0.3569,0.0166,0.004
2025-09-15,Bengaluru,active,2.0,6.5,9.8,10.79,10.79,7.18,0.322,0.0133,0.0032
2025-09-15,Pune,active,17.8,3.4,5.8,6.35,6.35,10.15,0.236,0.0072,0.0018
2025-09-15,Kurnool,active,0.9,10.4,14.2,14.98,14.98,10.84,0.3996,0.0215,0.0051
2025-09-15,Madurai,active,0.0,0.0,0.0,0.0,0.0,1.68,0.0856,0.0013,0.0003
2025-09-16,Nagpur,normal,15.4,10.7,14.7,15.07,15.07,10.03,0.3002,0.008,0.001
2025-09-16,Bhopal,normal,13.7,7.7,11.2,11.4,11.4,7.93,0.2526,0.0057,0.0007
2025-09-16,Raipur,normal,12.2,5.8,9.0,9.0,9.0,8.36,0.2169,0.0043,0.0005
2025-09-16,Jabalpur,normal,8.6,12.1,16.0,16.17,16.17,10.35,0.3197,0.0092,0.0011
2025-09-16,Akola,normal,16.6,20.3,24.96,25.16,25.16,11.27,0.4101,0.016,0.0019
2025-09-16,Amravati,normal,14.5,8.0,11.6,11.77,11.77,7.99,0.2578,0.0059,0.0007
2025-09-16,Aurangabad,normal,20.8,7.9,11.5,11.67,11.67,8.77,0.256,0.0059,0.0007
2025-09-16,Bhubaneswar,normal,17.3,12.6,16.62,16.7,16.7,10.46,0.3263,0.0096,0.0012
2025-09-16,Mumbai,coastal,5.2,4.4,7.2,10.09,10.09,9.0,0.249,0.0059,0.0007
2025-09-16,Thiruvananthapuram,coastal,1.8,0.0,0.0,0.0,0.0,2.25,0.0785,0.0008,0.0001
2025-09-16,Kochi,coastal,10.4,2.3,4.3,6.1,6.1,6.75,0.1823,0.0034,0.0004
2025-09-16,Mangaluru,coastal,14.1,7.0,10.4,13.03,13.03,7.84,0.3127,0.0093,0.0011
2025-09-16,Panaji,coastal,16.2,6.2,9.5,11.8,11.8,9.92,0.2948,0.0083,0.001
2025-09-16,Chennai,coastal,17.3,1.7,3.3,5.3,5.3,5.18,0.1594,0.0027,0.0003
2025-09-16,Visakhapatnam,coastal,4.6,1.4,2.9,4.7,4.7,5.19,0.1471,0.0023,0.0003
2025-09-16,Puri,coastal,14.8,34.6,43.51,57.64,57.64,18.18,0.6025,0.051,0.0057
2025-09-16,Kolkata,coastal,10.2,20.3,24.96,28.1,28.1,13.72,0.5004,0.0287,0.0032
2025-09-16,Surat,coastal,0.5,2.6,4.8,6.89,6.89,5.93,0.193,0.0037,0.0004
2025-09-16,Mahabaleshwar,orographic,5.6,2.4,4.5,2.9,2.9,8.91,0.1636,0.0091,0.0021
2025-09-16,Munnar,orographic,4.5,5.7,8.9,7.3,7.3,11.61,0.2526,0.0199,0.0044
2025-09-16,Madikeri,orographic,7.4,6.9,10.3,9.1,9.1,10.29,0.2785,0.024,0.0053
2025-09-16,Ooty,orographic,1.5,5.9,9.04,7.6,7.6,9.86,0.2571,0.0205,0.0045
2025-09-16,Lonavala,orographic,18.5,6.2,9.5,8.1,8.1,15.7,0.2637,0.0216,0.0048
2025-09-16,Wayanad,orographic,5.6,5.9,9.04,7.6,7.6,9.69,0.2571,0.0205,0.0045
2025-09-16,Shimla,orographic,5.5,8.5,12.13,10.6,10.6,5.4,0.3093,0.0295,0.0065
2025-09-16,Dehradun,orographic,26.7,15.2,19.5,20.4,20.4,7.79,0.4078,0.0536,0.0117
2025-09-16,Srinagar,orographic,0.0,6.3,9.6,8.2,8.2,4.38,0.2659,0.0219,0.0048
2025-09-16,Gangtok,orographic,9.5,7.0,10.4,9.1,9.1,6.49,0.2805,0.0243,0.0054
2025-09-16,Guwahati,orographic,30.2,8.9,12.58,11.2,11.2,5.55,0.3165,0.0309,0.0068
2025-09-16,Cherrapunji,orographic,16.1,9.8,13.6,12.3,12.3,8.12,0.3318,0.0341,0.0075
2025-09-16,Imphal,orographic,24.9,7.5,11.0,9.7,9.7,6.12,0.2905,0.026,0.0057
2025-09-16,Agartala,orographic,5.9,5.4,8.5,6.9,6.9,5.91,0.2457,0.0188,0.0042
2025-09-16,Lucknow,normal,10.2,6.6,10.0,9.8,9.8,5.79,0.2326,0.0049,0.0006
2025-09-16,Patna,normal,5.7,7.8,11.4,11.5,11.5,7.13,0.2543,0.0058,0.0007
2025-09-16,Varanasi,normal,31.9,6.3,9.6,9.6,9.6,7.29,0.2268,0.0047,0.0006
2025-09-16,Delhi,normal,0.1,0.0,0.0,0.0,0.0,1.32,0.0558,0.0005,0.0001
2025-09-16,Kanpur,normal,6.5,5.0,8.0,8.2,8.2,5.11,0.2003,0.0037,0.0005
2025-09-16,Ranchi,normal,7.2,16.5,20.92,21.3,21.3,9.6,0.3724,0.0128,0.0015
2025-09-16,Jodhpur,normal,0.0,0.0,0.0,0.0,0.0,0.51,0.0558,0.0005,0.0001
2025-09-16,Bikaner,normal,0.0,0.0,0.0,0.0,0.0,0.51,0.0558,0.0005,0.0001
2025-09-16,Jaisalmer,normal,0.0,0.0,0.0,0.0,0.0,0.51,0.0558,0.0005,0.0001
2025-09-16,Hyderabad,normal,7.6,13.6,17.7,17.96,17.96,9.89,0.339,0.0104,0.0013
2025-09-16,Bengaluru,normal,4.7,6.4,9.7,9.6,9.6,7.74,0.2287,0.0047,0.0006
2025-09-16,Pune,normal,5.2,2.9,5.1,5.34,5.34,5.95,0.1504,0.0023,0.0003
2025-09-16,Kurnool,normal,7.1,10.3,14.1,14.42,14.42,8.99,0.2944,0.0077,0.0009
2025-09-16,Madurai,normal,12.0,0.2,0.8,0.8,0.8,2.27,0.0641,0.0006,0.0001
2025-09-17,Nagpur,normal,13.5,0.7,1.9,2.0,2.0,3.14,0.0831,0.0009,0.0001
2025-09-17,Bhopal,normal,6.9,10.5,14.3,14.7,14.7,7.29,0.2973,0.0079,0.001
2025-09-17,Raipur,normal,1.3,13.1,17.2,17.46,17.46,7.66,0.3327,0.01,0.0012
2025-09-17,Jabalpur,normal,11.8,13.7,17.82,18.0,18.0,7.92,0.3402,0.0105,0.0013
2025-09-17,Akola,normal,3.8,4.2,7.0,7.2,7.2,5.18,0.1825,0.0031,0.0004
2025-09-17,Amravati,normal,2.2,3.1,5.4,5.69,5.69,4.34,0.1556,0.0024,0.0003
2025-09-17,Aurangabad,normal,13.5,12.7,16.7,16.8,16.8,7.68,0.3276,0.0097,0.0012
2025-09-17,Bhubaneswar,normal,5.6,0.0,0.0,0.0,0.0,1.64,0.0558,0.0005,0.0001
2025-09-17,Mumbai,coastal,25.7,3.7,6.2,8.94,8.94,5.59,0.2286,0.0051,0.0006
2025-09-17,Thiruvananthapuram,coastal,2.2,0.0,0.0,0.0,0.0,1.23,0.0785,0.0008,0.0001
2025-09-17,Kochi,coastal,38.5,1.5,3.1,5.0,5.0,4.17,0.1513,0.0024,0.0003
2025-09-17,Mangaluru,coastal,11.1,5.2,8.2,10.8,10.8,7.0,0.2704,0.007,0.0008
2025-09-17,Panaji,coastal,24.0,14.0,18.2,21.8,21.8,11.19,0.4303,0.0192,0.0022
2025-09-17,Chennai,coastal,15.9,8.9,12.58,14.9,14.9,6.67,0.3508,0.0119,0.0014
2025-09-17,Visakhapatnam,coastal,0.5,0.4,1.2,2.1,2.1,2.88,0.1005,0.0012,0.0002
2025-09-17,Puri,coastal,0.5,1.4,2.9,4.7,4.7,5.58,0.1471,0.0023,0.0003
2025-09-17,Kolkata,coastal,17.3,20.7,25.4,28.36,28.36,11.23,0.5042,0.0293,0.0033
2025-09-17,Surat,coastal,6.1,1.7,3.4,5.4,5.4,4.18,0.1594,0.0027,0.0003
2025-09-17,Mahabaleshwar,orographic,10.9,3.8,6.3,4.7,4.7,5.98,0.2053,0.0135,0.003
2025-09-17,Munnar,orographic,6.5,8.1,11.7,10.4,10.4,9.6,0.302,0.0281,0.0062
2025-09-17,Madikeri,orographic,9.5,4.0,6.7,5.0,5.0,7.23,0.2107,0.0142,0.0032
2025-09-17,Ooty,orographic,3.2,6.0,9.2,7.7,7.7,9.57,0.2593,0.0209,0.0046
2025-09-17,Lonavala,orographic,15.6,4.8,7.7,5.85,5.85,7.32,0.2313,0.0168,0.0037
2025-09-17,Wayanad,orographic,9.8,0.0,0.0,0.0,0.0,2.26,0.068,0.0022,0.0005
2025-09-17,Shimla,orographic,0.4,1.6,3.2,1.8,1.8,2.13,0.1362,0.0067,0.0015
2025-09-17,Dehradun,orographic,6.6,10.2,14.0,12.88,12.88,6.2,0.3384,0.0355,0.0078
2025-09-17,Srinagar,orographic,0.0,0.1,0.6,0.1,0.1,1.33,0.073,0.0025,0.0006
2025-09-17,Gangtok,orographic,18.3,1.1,2.5,1.2,1.2,2.09,0.1172,0.0052,0.0012
2025-09-17,Guwahati,orographic,9.2,19.2,23.7,26.23,26.23,5.7,0.4513,0.0683,0.0149
2025-09-17,Cherrapunji,orographic,14.5,7.2,10.6,9.3,9.3,3.88,0.2846,0.025,0.0055
2025-09-17,Imphal,orographic,2.1,5.1,8.1,6.55,6.55,3.91,0.2386,0.0178,0.004
2025-09-17,Agartala,orographic,0.6,9.5,13.3,12.0,12.0,4.87,0.3268,0.0331,0.0073
2025-09-17,Lucknow,normal,4.1,4.0,6.7,6.9,6.9,5.03,0.1778,0.003,0.0004
2025-09-17,Patna,normal,15.2,7.6,11.1,11.32,11.32,6.42,0.2508,0.0056,0.0007
2025-09-17,Varanasi,normal,14.2,4.5,7.3,7.68,7.68,5.33,0.1893,0.0034,0.0004
2025-09-17,Delhi,normal,0.2,2.7,4.9,5.1,5.1,3.26,0.145,0.0021,0.0003
2025-09-17,Kanpur,normal,3.0,1.9,3.6,3.9,3.9,3.53,0.1224,0.0016,0.0002
2025-09-17,Ranchi,normal,5.3,25.2,30.1,29.4,29.4,9.79,0.451,0.0203,0.0024
2025-09-17,Jodhpur,normal,0.0,0.0,0.0,0.0,0.0,0.0,0.0558,0.0005,0.0001
2025-09-17,Bikaner,normal,0.0,0.0,0.0,0.0,0.0,0.0,0.0558,0.0005,0.0001
2025-09-17,Jaisalmer,normal,0.0,0.0,0.0,0.0,0.0,0.0,0.0558,0.0005,0.0001
2025-09-17,Hyderabad,normal,1.2,1.7,3.3,3.4,3.4,4.13,0.1163,0.0015,0.0002
2025-09-17,Bengaluru,normal,10.7,4.2,7.0,7.2,7.2,4.82,0.1825,0.0031,0.0004
2025-09-17,Pune,normal,13.8,1.2,2.6,2.9,2.9,3.59,0.1004,0.0012,0.0002
2025-09-17,Kurnool,normal,12.3,2.8,5.0,5.2,5.2,4.46,0.1477,0.0022,0.0003
2025-09-17,Madurai,normal,16.4,8.7,12.3,12.52,12.52,4.74,0.2695,0.0065,0.0008
2025-09-18,Nagpur,normal,3.1,1.0,2.3,2.5,2.5,3.64,0.0937,0.001,0.0001
2025-09-18,Bhopal,normal,8.0,26.6,32.6,31.31,31.31,12.45,0.4614,0.0216,0.0025
2025-09-18,Raipur,normal,0.9,6.3,9.6,9.6,9.6,7.96,0.2268,0.0047,0.0006
2025-09-18,Jabalpur,normal,11.7,22.5,27.0,27.0,27.0,12.48,0.4294,0.018,0.0021
2025-09-18,Akola,normal,3.8,7.6,11.1,11.32,11.32,7.13,0.2508,0.0056,0.0007
2025-09-18,Amravati,normal,2.5,1.1,2.5,2.7,2.7,4.2,0.097,0.0011,0.0001
2025-09-18,Aurangabad,normal,13.4,22.6,27.1,27.06,27.06,12.48,0.4303,0.018,0.0021
2025-09-18,Bhubaneswar,normal,0.3,4.9,7.9,8.0,8.0,4.49,0.1981,0.0036,0.0005
2025-09-18,Mumbai,coastal,10.4,0.7,1.9,2.9,2.9,4.0,0.1155,0.0015,0.0002
2025-09-18,Thiruvananthapuram,coastal,1.5,0.0,0.0,0.0,0.0,1.78,0.0785,0.0008,0.0001
2025-09-18,Kochi,coastal,10.3,0.9,2.2,3.56,3.56,4.2,0.125,0.0018,0.0002
2025-09-18,Mangaluru,coastal,15.2,4.2,7.0,9.9,9.9,7.32,0.2433,0.0057,0.0007
2025-09-18,Panaji,coastal,11.1,31.8,39.3,53.31,53.31,19.23,0.5865,0.0465,0.0052
2025-09-18,Chennai,coastal,6.2,43.4,56.51,72.23,72.23,20.82,0.6442,0.065,0.0073
2025-09-18,Visakhapatnam,coastal,0.6,0.3,1.0,1.82,1.82,3.03,0.0952,0.0011,0.0001
2025-09-18,Puri,coastal,0.0,0.0,0.0,0.0,0.0,2.05,0.0785,0.0008,0.0001
2025-09-18,Kolkata,coastal,4.3,11.4,15.3,17.92,17.92,11.84,0.3931,0.0155,0.0018
2025-09-18,Surat,coastal,3.1,5.4,8.5,10.9,10.9,6.08,0.2754,0.0072,0.0008
2025-09-18,Mahabaleshwar,orographic,13.8,9.0,12.7,11.3,11.3,13.22,0.3182,0.0313,0.0069
2025-09-18,Munnar,orographic,2.8,5.4,8.5,6.9,6.9,13.77,0.2457,0.0188,0.0042
2025-09-18,Madikeri,orographic,10.3,1.3,2.8,1.4,1.4,5.74,0.1249,0.0058,0.0013
2025-09-18,Ooty,orographic,3.1,4.4,7.2,5.4,5.4,10.74,0.2212,0.0155,0.0035
2025-09-18,Lonavala,orographic,21.2,7.9,11.5,10.2,10.2,11.93,0.2982,0.0274,0.006
2025-09-18,Wayanad,orographic,7.4,0.1,0.6,0.1,0.1,2.75,0.073,0.0025,0.0006
2025-09-18,Shimla,orographic,5.3,1.4,2.9,1.6,1.6,1.52,0.1287,0.0061,0.0014
2025-09-18,Dehradun,orographic,2.7,12.7,16.7,16.3,16.3,6.77,0.3756,0.0445,0.0097
2025-09-18,Srinagar,orographic,0.0,1.9,3.6,2.12,2.12,1.96,0.1468,0.0076,0.0017
2025-09-18,Gangtok,orographic,3.4,4.5,7.3,5.5,5.5,2.53,0.2238,0.0158,0.0035
2025-09-18,Guwahati,orographic,7.3,16.3,20.7,21.7,21.7,8.17,0.4206,0.0576,0.0126
2025-09-18,Cherrapunji,orographic,4.2,10.7,14.7,13.6,13.6,6.49,0.3463,0.0373,0.0082
2025-09-18,Imphal,orographic,3.8,4.3,7.1,5.3,5.3,4.85,0.2186,0.0152,0.0034
2025-09-18,Agartala,orographic,6.2,4.6,7.5,5.6,5.6,4.7,0.2263,0.0162,0.0036
2025-09-18,Lucknow,normal,13.3,2.5,4.7,4.9,4.9,4.94,0.1396,0.002,0.0003
2025-09-18,Patna,normal,1.0,7.1,10.5,10.5,10.5,6.59,0.2419,0.0053,0.0006
2025-09-18,Varanasi,normal,5.2,12.0,15.9,16.07,16.07,8.33,0.3184,0.0091,0.0011
2025-09-18,Delhi,normal,1.6,0.7,1.9,2.0,2.0,2.65,0.0831,0.0009,0.0001
2025-09-18,Kanpur,normal,2.8,0.7,1.8,1.8,1.8,2.59,0.0831,0.0009,0.0001
2025-09-18,Ranchi,normal,0.5,13.6,17.7,17.96,17.96,8.99,0.339,0.0104,0.0013
2025-09-18,Jodhpur,normal,0.0,0.0,0.0,0.0,0.0,0.31,0.0558,0.0005,0.0001
2025-09-18,Bikaner,normal,0.0,0.0,0.0,0.0,0.0,0.31,0.0558,0.0005,0.0001
2025-09-18,Jaisalmer,normal,0.0,0.0,0.0,0.0,0.0,0.31,0.0558,0.0005,0.0001
2025-09-18,Hyderabad,normal,6.3,13.3,17.3,17.7,17.7,7.61,0.3353,0.0101,0.0012
2025-09-18,Bengaluru,normal,16.5,2.3,4.3,4.6,4.6,5.28,0.134,0.0019,0.0002
2025-09-18,Pune,normal,19.5,5.7,8.9,8.93,8.93,5.68,0.2149,0.0042,0.0005
2025-09-18,Kurnool,normal,24.2,0.5,1.5,1.5,1.5,3.75,0.0757,0.0007,0.0001
2025-09-18,Madurai,normal,10.6,1.9,3.6,3.9,3.9,5.07,0.1224,0.0016,0.0002
2025-09-19,Nagpur,normal,1.2,9.7,13.5,13.77,13.77,5.25,0.2853,0.0073,0.0009
2025-09-19,Bhopal,normal,12.9,5.7,8.8,8.9,8.9,5.74,0.2149,0.0042,0.0005
2025-09-19,Raipur,normal,1.6,4.7,7.54,7.9,7.9,4.34,0.1938,0.0035,0.0004
2025-09-19,Jabalpur,normal,8.4,15.5,19.7,20.26,20.26,7.86,0.3614,0.012,0.0014
2025-09-19,Akola,normal,22.4,3.5,5.9,6.1,6.1,4.35,0.1657,0.0027,0.0003
2025-09-19,Amravati,normal,18.4,2.4,4.6,4.9,4.9,3.5,0.1368,0.0019,0.0002
2025-09-19,Aurangabad,normal,22.9,11.5,15.4,15.8,15.8,7.14,0.3115,0.0087,0.0011
2025-09-19,Bhubaneswar,normal,0.5,7.6,11.1,11.32,11.32,5.38,0.2508,0.0056,0.0007
2025-09-19,Mumbai,coastal,8.2,6.2,9.5,11.8,11.8,5.42,0.2948,0.0083,0.001
2025-09-19,Thiruvananthapuram,coastal,4.3,0.0,0.0,0.0,0.0,1.16,0.0785,0.0008,0.0001
2025-09-19,Kochi,coastal,7.5,1.1,2.5,4.1,4.1,3.72,0.1341,0.002,0.0002
2025-09-19,Mangaluru,coastal,5.4,4.3,7.1,9.94,9.94,5.3,0.2462,0.0058,0.0007
2025-09-19,Panaji,coastal,6.7,8.2,11.8,14.3,14.3,8.44,0.3374,0.011,0.0013
2025-09-19,Chennai,coastal,3.0,6.1,9.4,11.73,11.73,8.18,0.2924,0.0081,0.0009
2025-09-19,Visakhapatnam,coastal,2.2,0.2,0.8,1.5,1.5,2.63,0.0898,0.001,0.0001
2025-09-19,Puri,coastal,0.0,1.1,2.5,4.1,4.1,3.13,0.1341,0.002,0.0002
2025-09-19,Kolkata,coastal,7.0,18.4,22.96,25.46,25.46,11.33,0.4816,0.0258,0.0029
2025-09-19,Surat,coastal,4.8,1.7,3.4,5.4,5.4,4.66,0.1594,0.0027,0.0003
2025-09-19,Mahabaleshwar,orographic,12.8,6.2,9.5,8.1,8.1,9.45,0.2637,0.0216,0.0048
2025-09-19,Munnar,orographic,1.3,2.4,4.5,2.9,2.9,5.8,0.1636,0.0091,0.0021
2025-09-19,Madikeri,orographic,6.1,3.0,5.3,3.5,3.5,5.12,0.1824,0.011,0.0025
2025-09-19,Ooty,orographic,2.5,8.4,12.0,10.5,10.5,8.45,0.3075,0.0292,0.0064
2025-09-19,Lonavala,orographic,9.3,4.4,7.2,5.4,5.4,7.23,0.2212,0.0155,0.0035
2025-09-19,Wayanad,orographic,2.3,4.4,7.2,5.4,5.4,5.07,0.2212,0.0155,0.0035
2025-09-19,Shimla,orographic,0.6,0.4,1.2,0.4,0.4,0.89,0.0873,0.0033,0.0008
2025-09-19,Dehradun,orographic,1.4,3.8,6.3,4.7,4.7,3.82,0.2053,0.0135,0.003
2025-09-19,Srinagar,orographic,0.0,0.0,0.0,0.0,0.0,0.5,0.068,0.0022,0.0005
2025-09-19,Gangtok,orographic,14.0,5.1,8.1,6.55,6.55,4.26,0.2386,0.0178,0.004
2025-09-19,Guwahati,orographic,8.9,19.2,23.7,26.23,26.23,5.79,0.4513,0.0683,0.0149
2025-09-19,Cherrapunji,orographic,6.0,14.6,19.1,19.1,19.1,5.13,0.4004,0.0514,0.0112
2025-09-19,Imphal,orographic,3.4,2.3,4.3,2.8,2.8,2.32,0.1604,0.0088,0.002
2025-09-19,Agartala,orographic,4.0,15.7,20.1,21.1,21.1,5.24,0.4137,0.0554,0.0121
2025-09-19,Lucknow,normal,9.6,2.5,4.7,4.9,4.9,3.88,0.1396,0.002,0.0003
2025-09-19,Patna,normal,0.7,20.9,25.5,25.9,25.9,7.74,0.4156,0.0166,0.002
2025-09-19,Varanasi,normal,6.2,17.0,21.6,21.76,21.76,8.24,0.3778,0.0132,0.0016
2025-09-19,Delhi,normal,0.7,0.0,0.0,0.0,0.0,0.7,0.0558,0.0005,0.0001
2025-09-19,Kanpur,normal,3.1,0.1,0.6,0.6,0.6,1.35,0.06,0.0005,0.0001
2025-09-19,Ranchi,normal,7.9,14.6,19.1,19.41,19.41,7.65,0.3511,0.0112,0.0013
2025-09-19,Jodhpur,normal,0.0,0.1,0.6,0.6,0.6,0.27,0.06,0.0005,0.0001
2025-09-19,Bikaner,normal,0.0,0.0,0.0,0.0,0.0,0.0,0.0558,0.0005,0.0001
2025-09-19,Jaisalmer,normal,0.0,0.0,0.0,0.0,0.0,0.0,0.0558,0.0005,0.0001
2025-09-19,Hyderabad,normal,16.2,26.7,32.8,31.31,31.31,8.47,0.4622,0.0217,0.0026
2025-09-19,Bengaluru,normal,6.8,10.9,14.9,15.2,15.2,6.04,0.3031,0.0082,0.001
2025-09-19,Pune,normal,12.4,1.8,3.5,3.7,3.7,3.77,0.1193,0.0015,0.0002
2025-09-19,Kurnool,normal,7.4,9.3,12.9,13.3,13.3,5.19,0.2791,0.0069,0.0008
2025-09-19,Madurai,normal,1.3,0.3,1.0,1.0,1.0,2.24,0.0681,0.0006,0.0001
2025-09-20,Nagpur,normal,2.7,5.9,9.04,9.0,9.0,5.55,0.219,0.0044,0.0005
2025-09-20,Bhopal,normal,8.3,9.8,13.6,13.8,13.8,6.55,0.2869,0.0073,0.0009
2025-09-20,Raipur,normal,0.6,2.5,4.7,4.9,4.9,4.06,0.1396,0.002,0.0003
2025-09-20,Jabalpur,normal,7.7,6.5,9.8,9.7,9.7,5.92,0.2307,0.0048,0.0006
2025-09-20,Akola,normal,2.3,5.6,8.7,8.8,8.8,4.95,0.2129,0.0041,0.0005
2025-09-20,Amravati,normal,3.6,10.5,14.3,14.7,14.7,6.24,0.2973,0.0079,0.001
2025-09-20,Aurangabad,normal,8.3,28.2,35.0,33.5,33.5,8.83,0.4727,0.023,0.0027
2025-09-20,Bhubaneswar,normal,8.1,0.0,0.0,0.0,0.0,1.26,0.0558,0.0005,0.0001
2025-09-20,Mumbai,coastal,12.3,6.4,9.7,12.3,12.3,7.08,0.2994,0.0085,0.001
2025-09-20,Thiruvananthapuram,coastal,0.8,0.0,0.0,0.0,0.0,1.07,0.0785,0.0008,0.0001
2025-09-20,Kochi,coastal,1.9,0.3,1.0,1.82,1.82,2.54,0.0952,0.0011,0.0001
2025-09-20,Mangaluru,coastal,2.5,1.5,3.1,5.0,5.0,3.77,0.1513,0.0024,0.0003
2025-09-20,Panaji,coastal,2.0,3.6,6.0,8.89,8.89,5.63,0.2256,0.0049,0.0006
2025-09-20,Chennai,coastal,5.5,0.6,1.6,2.6,2.6,3.68,0.1106,0.0014,0.0002
2025-09-20,Visakhapatnam,coastal,16.3,1.5,3.1,5.0,5.0,3.36,0.1513,0.0024,0.0003
2025-09-20,Puri,coastal,11.2,1.5,3.1,5.0,5.0,3.51,0.1513,0.0024,0.0003
2025-09-20,Kolkata,coastal,10.6,4.4,7.2,10.09,10.09,5.89,0.249,0.0059,0.0007
2025-09-20,Surat,coastal,11.5,4.5,7.3,10.1,10.1,4.5,0.2517,0.0061,0.0007
2025-09-20,Mahabaleshwar,orographic,13.0,2.3,4.3,2.8,2.8,5.45,0.1604,0.0088,0.002
2025-09-20,Munnar,orographic,2.1,0.5,1.5,0.5,0.5,3.33,0.0919,0.0035,0.0008
2025-09-20,Madikeri,orographic,8.3,4.0,6.7,5.0,5.0,5.8,0.2107,0.0142,0.0032
2025-09-20,Ooty,orographic,2.4,1.0,2.3,1.1,1.1,4.54,0.1131,0.0049,0.0011
2025-09-20,Lonavala,orographic,11.5,2.4,4.5,2.9,2.9,4.83,0.1636,0.0091,0.0021
2025-09-20,Wayanad,orographic,4.7,0.0,0.0,0.0,0.0,1.98,0.068,0.0022,0.0005
2025-09-20,Shimla,orographic,0.2,0.0,0.0,0.0,0.0,0.4,0.068,0.0022,0.0005
2025-09-20,Dehradun,orographic,0.5,0.2,0.8,0.1,0.1,0.9,0.0779,0.0027,0.0006
2025-09-20,Srinagar,orographic,0.0,0.0,0.0,0.0,0.0,0.2,0.068,0.0022,0.0005
2025-09-20,Gangtok,orographic,8.8,8.7,12.3,10.94,10.94,5.44,0.3129,0.0302,0.0066
2025-09-20,Guwahati,orographic,1.2,26.7,32.8,40.95,40.95,6.72,0.5148,0.0957,0.0211
2025-09-20,Cherrapunji,orographic,1.9,3.6,6.0,4.3,4.3,3.35,0.1998,0.0129,0.0029
2025-09-20,Imphal,orographic,2.6,5.4,8.5,6.9,6.9,2.68,0.2457,0.0188,0.0042
2025-09-20,Agartala,orographic,6.3,0.3,1.0,0.2,0.2,1.8,0.0827,0.003,0.0007
2025-09-20,Lucknow,normal,1.3,0.0,0.0,0.0,0.0,0.91,0.0558,0.0005,0.0001
2025-09-20,Patna,normal,2.3,5.0,8.0,8.2,8.2,5.18,0.2003,0.0037,0.0005
2025-09-20,Varanasi,normal,2.8,9.0,12.7,12.87,12.87,6.96,0.2743,0.0067,0.0008
2025-09-20,Delhi,normal,0.0,0.0,0.0,0.0,0.0,0.28,0.0558,0.0005,0.0001
2025-09-20,Kanpur,normal,0.6,0.0,0.0,0.0,0.0,0.56,0.0558,0.0005,0.0001
2025-09-20,Ranchi,normal,2.2,6.0,9.2,9.13,9.13,6.25,0.2209,0.0044,0.0006
2025-09-20,Jodhpur,normal,0.0,0.0,0.0,0.0,0.0,0.17,0.0558,0.0005,0.0001
2025-09-20,Bikaner,normal,0.0,0.0,0.0,0.0,0.0,0.0,0.0558,0.0005,0.0001
2025-09-20,Jaisalmer,normal,0.0,0.0,0.0,0.0,0.0,0.0,0.0558,0.0005,0.0001
2025-09-20,Hyderabad,normal,2.2,10.8,14.7,15.12,15.12,6.39,0.3017,0.0081,0.001
2025-09-20,Bengaluru,normal,16.2,6.7,10.1,9.9,9.9,5.03,0.2344,0.005,0.0006
2025-09-20,Pune,normal,7.7,0.3,1.0,1.0,1.0,2.0,0.0681,0.0006,0.0001
2025-09-20,Kurnool,normal,2.2,3.1,5.4,5.69,5.69,3.88,0.1556,0.0024,0.0003
2025-09-20,Madurai,normal,0.1,0.0,0.0,0.0,0.0,1.02,0.0558,0.0005,0.0001
2025-09-21,Nagpur,normal,8.9,1.0,2.3,2.5,2.5,3.19,0.0937,0.001,0.0001
2025-09-21,Bhopal,normal,4.6,1.4,2.9,3.1,3.1,3.02,0.1069,0.0013,0.0002
2025-09-21,Raipur,normal,6.0,4.4,7.2,7.53,7.53,4.04,0.187,0.0033,0.0004
2025-09-21,Jabalpur,normal,0.2,3.5,5.9,6.1,6.1,4.38,0.1657,0.0027,0.0003
2025-09-21,Akola,normal,7.7,6.6,10.0,9.8,9.8,5.31,0.2326,0.0049,0.0006
2025-09-21,Amravati,normal,17.7,10.2,14.0,14.3,14.3,6.47,0.2929,0.0077,0.0009
2025-09-21,Aurangabad,normal,6.0,19.2,23.7,24.6,24.6,7.91,0.3998,0.0151,0.0018
2025-09-21,Bhubaneswar,normal,9.7,2.8,5.0,5.2,5.2,2.93,0.1477,0.0022,0.0003
2025-09-21,Mumbai,coastal,15.7,0.1,0.6,1.1,1.1,2.6,0.0842,0.0009,0.0001
2025-09-21,Thiruvananthapuram,coastal,0.2,1.6,3.2,5.1,5.1,2.8,0.1554,0.0025,0.0003
2025-09-21,Kochi,coastal,5.0,3.0,5.3,8.0,8.0,4.18,0.2065,0.0042,0.0005
2025-09-21,Mangaluru,coastal,2.3,2.0,3.8,5.75,5.75,3.54,0.1711,0.003,0.0004
2025-09-21,Panaji,coastal,2.6,0.7,1.9,2.9,2.9,3.14,0.1155,0.0015,0.0002
2025-09-21,Chennai,coastal,0.7,6.2,9.5,11.8,11.8,4.95,0.2948,0.0083,0.001
2025-09-21,Visakhapatnam,coastal,11.6,2.2,4.2,5.9,5.9,3.71,0.1786,0.0032,0.0004
2025-09-21,Puri,coastal,11.0,2.0,3.8,5.75,5.75,3.54,0.1711,0.003,0.0004
2025-09-21,Kolkata,coastal,10.7,4.6,7.5,10.3,10.3,4.98,0.2545,0.0062,0.0007
2025-09-21,Surat,coastal,11.1,4.2,7.0,9.9,9.9,4.98,0.2433,0.0057,0.0007
2025-09-21,Mahabaleshwar,orographic,13.2,2.9,5.1,3.4,3.4,4.94,0.1793,0.0107,0.0024
2025-09-21,Munnar,orographic,3.6,2.7,4.9,3.2,3.2,4.42,0.1732,0.01,0.0023
2025-09-21,Madikeri,orographic,5.5,4.5,7.3,5.5,5.5,5.7,0.2238,0.0158,0.0035
2025-09-21,Ooty,orographic,2.2,2.6,4.8,3.1,3.1,4.56,0.17,0.0097,0.0022
2025-09-21,Lonavala,orographic,8.2,7.2,10.6,9.3,9.3,6.89,0.2846,0.025,0.0055
2025-09-21,Wayanad,orographic,7.6,3.0,5.3,3.5,3.5,4.01,0.1824,0.011,0.0025
2025-09-21,Shimla,orographic,0.2,0.0,0.0,0.0,0.0,0.22,0.068,0.0022,0.0005
2025-09-21,Dehradun,orographic,0.0,0.0,0.0,0.0,0.0,0.39,0.068,0.0022,0.0005
2025-09-21,Srinagar,orographic,0.0,0.0,0.0,0.0,0.0,0.22,0.068,0.0022,0.0005
2025-09-21,Gangtok,orographic,3.9,20.5,25.2,28.21,28.21,6.09,0.4638,0.073,0.016
2025-09-21,Guwahati,orographic,1.6,15.9,20.3,21.2,21.2,5.55,0.416,0.0562,0.0123
2025-09-21,Cherrapunji,orographic,4.6,20.1,24.8,27.6,27.6,4.66,0.46,0.0716,0.0157
2025-09-21,Imphal,orographic,0.1,8.8,12.4,11.1,11.1,4.31,0.3147,0.0306,0.0067
2025-09-21,Agartala,orographic,23.3,10.6,14.5,13.4,13.4,2.86,0.3447,0.037,0.0081
2025-09-21,Lucknow,normal,0.1,0.0,0.0,0.0,0.0,0.29,0.0558,0.0005,0.0001
2025-09-21,Patna,normal,2.8,0.4,1.2,1.2,1.2,1.63,0.0719,0.0007,0.0001
2025-09-21,Varanasi,normal,1.9,0.1,0.6,0.6,0.6,1.45,0.06,0.0005,0.0001
2025-09-21,Delhi,normal,0.0,0.0,0.0,0.0,0.0,0.29,0.0558,0.0005,0.0001
2025-09-21,Kanpur,normal,0.0,0.0,0.0,0.0,0.0,0.29,0.0558,0.0005,0.0001
2025-09-21,Ranchi,normal,0.4,0.0,0.0,0.0,0.0,1.13,0.0558,0.0005,0.0001
2025-09-21,Jodhpur,normal,0.0,0.0,0.0,0.0,0.0,0.0,0.0558,0.0005,0.0001
2025-09-21,Bikaner,normal,0.0,0.0,0.0,0.0,0.0,0.0,0.0558,0.0005,0.0001
2025-09-21,Jaisalmer,normal,0.0,0.0,0.0,0.0,0.0,0.0,0.0558,0.0005,0.0001
2025-09-21,Hyderabad,normal,9.3,7.7,11.2,11.4,11.4,5.26,0.2526,0.0057,0.0007
2025-09-21,Bengaluru,normal,3.5,7.3,10.7,10.8,10.8,4.91,0.2455,0.0054,0.0007
2025-09-21,Pune,normal,3.2,1.7,3.3,3.4,3.4,2.81,0.1163,0.0015,0.0002
2025-09-21,Kurnool,normal,2.2,8.8,12.4,12.7,12.7,5.5,0.2711,0.0066,0.0008
2025-09-21,Madurai,normal,3.4,0.3,1.0,1.0,1.0,1.16,0.0681,0.0006,0.0001
2025-09-22,Nagpur,normal,5.6,0.5,1.5,1.5,1.5,2.54,0.0757,0.0007,0.0001
2025-09-22,Bhopal,normal,0.0,0.1,0.6,0.6,0.6,2.16,0.06,0.0005,0.0001
2025-09-22,Raipur,normal,9.4,0.0,0.0,0.0,0.0,1.57,0.0558,0.0005,0.0001
2025-09-22,Jabalpur,normal,0.0,0.3,1.0,1.0,1.0,2.22,0.0681,0.0006,0.0001
2025-09-22,Akola,normal,53.4,9.9,13.7,13.8,13.8,6.74,0.2884,0.0074,0.0009
2025-09-22,Amravati,normal,18.2,3.3,5.7,5.9,5.9,4.65,0.1607,0.0025,0.0003
2025-09-22,Aurangabad,normal,10.4,29.7,36.7,34.7,34.7,9.66,0.4828,0.0244,0.0029
2025-09-22,Bhubaneswar,normal,7.4,34.6,43.51,41.4,41.4,9.78,0.5126,0.0288,0.0034
2025-09-22,Mumbai,coastal,17.0,0.0,0.0,0.0,0.0,1.93,0.0785,0.0008,0.0001
2025-09-22,Thiruvananthapuram,coastal,1.2,0.0,0.0,0.0,0.0,1.98,0.0785,0.0008,0.0001
2025-09-22,Kochi,coastal,4.0,3.9,6.5,9.4,9.4,5.33,0.2346,0.0053,0.0006
2025-09-22,Mangaluru,coastal,22.4,5.5,8.64,10.9,10.9,5.62,0.2779,0.0074,0.0009
2025-09-22,Panaji,coastal,3.7,0.2,0.8,1.5,1.5,2.93,0.0898,0.001,0.0001
2025-09-22,Chennai,coastal,3.4,8.9,12.58,14.9,14.9,8.31,0.3508,0.0119,0.0014
2025-09-22,Visakhapatnam,coastal,11.8,5.0,8.0,10.6,10.6,5.17,0.2652,0.0067,0.0008
2025-09-22,Puri,coastal,12.2,17.7,22.22,24.61,24.61,9.59,0.4742,0.0247,0.0028
2025-09-22,Kolkata,coastal,11.1,24.2,29.0,34.92,34.92,11.1,0.5343,0.0347,0.0039
2025-09-22,Surat,coastal,13.1,0.0,0.0,0.0,0.0,2.05,0.0785,0.0008,0.0001
2025-09-22,Mahabaleshwar,orographic,8.8,2.0,3.8,2.3,2.3,4.57,0.1503,0.0079,0.0018
2025-09-22,Munnar,orographic,0.8,5.7,8.9,7.3,7.3,7.87,0.2526,0.0199,0.0044
2025-09-22,Madikeri,orographic,13.4,4.8,7.7,5.85,5.85,6.31,0.2313,0.0168,0.0037
2025-09-22,Ooty,orographic,2.2,5.5,8.64,7.0,7.0,7.35,0.248,0.0192,0.0043
2025-09-22,Lonavala,orographic,23.1,4.9,7.9,6.1,6.1,6.99,0.2338,0.0172,0.0038
2025-09-22,Wayanad,orographic,5.7,3.9,6.5,4.8,4.8,6.06,0.208,0.0139,0.0031
2025-09-22,Shimla,orographic,0.1,0.0,0.0,0.0,0.0,0.73,0.068,0.0022,0.0005
2025-09-22,Dehradun,orographic,0.0,0.0,0.0,0.0,0.0,0.73,0.068,0.0022,0.0005
2025-09-22,Srinagar,orographic,0.0,0.0,0.0,0.0,0.0,0.73,0.068,0.0022,0.0005
2025-09-22,Gangtok,orographic,0.0,7.3,10.7,9.5,9.5,5.6,0.2866,0.0253,0.0056
2025-09-22,Guwahati,orographic,1.8,2.8,5.0,3.3,3.3,3.59,0.1763,0.0104,0.0023
2025-09-22,Cherrapunji,orographic,4.0,27.5,34.06,43.52,43.52,7.01,0.5205,0.0986,0.0218
2025-09-22,Imphal,orographic,0.4,9.8,13.6,12.3,12.3,4.49,0.3318,0.0341,0.0075
2025-09-22,Agartala,orographic,20.0,27.6,34.22,43.62,43.62,6.67,0.5212,0.099,0.0219
2025-09-22,Lucknow,normal,0.8,0.1,0.6,0.6,0.6,1.46,0.06,0.0005,0.0001
2025-09-22,Patna,normal,0.0,2.1,4.0,4.3,4.3,3.39,0.1282,0.0017,0.0002
2025-09-22,Varanasi,normal,0.0,0.0,0.0,0.0,0.0,1.25,0.0558,0.0005,0.0001
2025-09-22,Delhi,normal,0.0,0.0,0.0,0.0,0.0,0.89,0.0558,0.0005,0.0001
2025-09-22,Kanpur,normal,0.0,0.0,0.0,0.0,0.0,0.89,0.0558,0.0005,0.0001
2025-09-22,Ranchi,normal,3.9,16.2,20.6,20.8,20.8,7.1,0.3692,0.0126,0.0015
2025-09-22,Jodhpur,normal,0.0,0.0,0.0,0.0,0.0,0.32,0.0558,0.0005,0.0001
2025-09-22,Bikaner,normal,0.0,0.0,0.0,0.0,0.0,0.32,0.0558,0.0005,0.0001
2025-09-22,Jaisalmer,normal,0.0,0.0,0.0,0.0,0.0,0.32,0.0558,0.0005,0.0001
2025-09-22,Hyderabad,normal,6.8,28.5,35.4,33.6,33.6,8.2,0.4748,0.0233,0.0027
2025-09-22,Bengaluru,normal,1.4,3.2,5.6,5.8,5.8,4.49,0.1582,0.0025,0.0003
2025-09-22,Pune,normal,7.3,1.6,3.2,3.4,3.4,3.13,0.1132,0.0014,0.0002
2025-09-22,Kurnool,normal,1.8,37.6,48.0,45.46,45.46,9.38,0.5289,0.0316,0.0037
2025-09-22,Madurai,normal,0.2,0.0,0.0,0.0,0.0,1.44,0.0558,0.0005,0.0001
2025-09-23,Nagpur,normal,0.7,0.4,1.2,1.2,1.2,1.5,0.0719,0.0007,0.0001
2025-09-23,Bhopal,normal,0.6,0.6,1.6,1.6,1.6,1.6,0.0795,0.0008,0.0001
2025-09-23,Raipur,normal,0.0,0.0,0.0,0.0,0.0,0.28,0.0558,0.0005,0.0001
2025-09-23,Jabalpur,normal,0.6,2.2,4.2,4.5,4.5,2.43,0.1311,0.0018,0.0002
2025-09-23,Akola,normal,0.2,3.2,5.6,5.8,5.8,3.51,0.1582,0.0025,0.0003
2025-09-23,Amravati,normal,0.3,4.6,7.4,7.7,7.7,3.3,0.1915,0.0034,0.0004
2025-09-23,Aurangabad,normal,5.3,10.4,14.2,14.7,14.7,5.89,0.2958,0.0078,0.0009
2025-09-23,Bhubaneswar,normal,22.6,3.8,6.3,6.5,6.5,3.83,0.173,0.0029,0.0004
2025-09-23,Mumbai,coastal,10.7,1.3,2.8,4.6,4.6,2.22,0.1428,0.0022,0.0003
2025-09-23,Thiruvananthapuram,coastal,7.6,2.3,4.3,6.1,6.1,2.69,0.1823,0.0034,0.0004
2025-09-23,Kochi,coastal,17.4,12.4,16.4,19.5,19.5,7.08,0.4081,0.0169,0.0019
2025-09-23,Mangaluru,coastal,21.8,6.0,9.2,11.63,11.63,5.41,0.2901,0.008,0.0009
2025-09-23,Panaji,coastal,2.7,1.9,3.6,5.6,5.6,2.71,0.1673,0.0029,0.0003
2025-09-23,Chennai,coastal,5.4,2.1,4.0,5.9,5.9,3.47,0.1749,0.0031,0.0004
2025-09-23,Visakhapatnam,coastal,15.7,1.4,2.9,4.7,4.7,2.87,0.1471,0.0023,0.0003
2025-09-23,Puri,coastal,13.9,2.5,4.7,6.7,6.7,4.64,0.1894,0.0036,0.0004
2025-09-23,Kolkata,coastal,24.8,4.9,7.9,10.5,10.5,4.35,0.2625,0.0066,0.0008
2025-09-23,Surat,coastal,4.6,0.5,1.5,2.4,2.4,1.82,0.1056,0.0013,0.0002
2025-09-23,Mahabaleshwar,orographic,11.7,0.2,0.8,0.1,0.1,1.97,0.0779,0.0027,0.0006
2025-09-23,Munnar,orographic,8.1,4.4,7.2,5.4,5.4,5.06,0.2212,0.0155,0.0035
2025-09-23,Madikeri,orographic,4.3,3.9,6.5,4.8,4.8,4.44,0.208,0.0139,0.0031
2025-09-23,Ooty,orographic,0.5,3.7,6.2,4.5,4.5,5.01,0.2025,0.0132,0.003
2025-09-23,Lonavala,orographic,13.8,1.2,2.7,1.3,1.3,3.2,0.1211,0.0055,0.0013
2025-09-23,Wayanad,orographic,3.2,3.0,5.3,3.5,3.5,4.02,0.1824,0.011,0.0025
2025-09-23,Shimla,orographic,0.7,0.0,0.0,0.0,0.0,0.0,0.068,0.0022,0.0005
2025-09-23,Dehradun,orographic,0.2,0.0,0.0,0.0,0.0,0.0,0.068,0.0022,0.0005
2025-09-23,Srinagar,orographic,0.0,0.0,0.0,0.0,0.0,0.0,0.068,0.0022,0.0005
2025-09-23,Gangtok,orographic,0.2,2.3,4.3,2.8,2.8,2.05,0.1604,0.0088,0.002
2025-09-23,Guwahati,orographic,5.8,5.5,8.64,7.0,7.0,2.37,0.248,0.0192,0.0043
2025-09-23,Cherrapunji,orographic,3.8,15.0,19.4,20.2,20.2,4.57,0.4054,0.0529,0.0116
2025-09-23,Imphal,orographic,1.9,9.4,13.1,11.74,11.74,3.59,0.3251,0.0327,0.0072
2025-09-23,Agartala,orographic,0.2,7.0,10.4,9.1,9.1,3.12,0.2805,0.0243,0.0054
2025-09-23,Lucknow,normal,0.0,0.0,0.0,0.0,0.0,0.34,0.0558,0.0005,0.0001
2025-09-23,Patna,normal,1.7,0.0,0.0,0.0,0.0,0.5,0.0558,0.0005,0.0001
2025-09-23,Varanasi,normal,0.7,0.0,0.0,0.0,0.0,0.11,0.0558,0.0005,0.0001
2025-09-23,Delhi,normal,0.0,0.0,0.0,0.0,0.0,0.11,0.0558,0.0005,0.0001
2025-09-23,Kanpur,normal,0.3,0.0,0.0,0.0,0.0,0.11,0.0558,0.0005,0.0001
2025-09-23,Ranchi,normal,8.9,1.3,2.8,3.0,3.0,2.64,0.1037,0.0012,0.0002
2025-09-23,Jodhpur,normal,0.0,0.0,0.0,0.0,0.0,0.0,0.0558,0.0005,0.0001
2025-09-23,Bikaner,normal,0.0,0.0,0.0,0.0,0.0,0.0,0.0558,0.0005,0.0001
2025-09-23,Jaisalmer,normal,0.0,0.0,0.0,0.0,0.0,0.0,0.0558,0.0005,0.0001
2025-09-23,Hyderabad,normal,10.2,42.1,53.46,55.91,55.91,8.11,0.551,0.0357,0.0042
2025-09-23,Bengaluru,normal,8.4,2.2,4.2,4.5,4.5,2.8,0.1311,0.0018,0.0002
2025-09-23,Pune,normal,8.5,2.0,3.8,4.05,4.05,2.31,0.1253,0.0017,0.0002
2025-09-23,Kurnool,normal,11.0,13.3,17.3,17.7,17.7,5.62,0.3353,0.0101,0.0012
2025-09-23,Madurai,normal,0.0,0.1,0.6,0.6,0.6,0.84,0.06,0.0005,0.0001
2025-09-24,Nagpur,normal,0.7,1.1,2.5,2.7,2.7,2.14,0.097,0.0011,0.0001
2025-09-24,Bhopal,normal,1.0,0.5,1.5,1.5,1.5,1.83,0.0757,0.0007,0.0001
2025-09-24,Raipur,normal,60.1,0.0,0.0,0.0,0.0,0.28,0.0558,0.0005,0.0001
2025-09-24,Jabalpur,normal,0.9,1.2,2.6,2.9,2.9,2.39,0.1004,0.0012,0.0002
2025-09-24,Akola,normal,0.7,2.3,4.3,4.6,4.6,2.81,0.134,0.0019,0.0002
2025-09-24,Amravati,normal,0.4,2.3,4.4,4.7,4.7,2.87,0.134,0.0019,0.0002
2025-09-24,Aurangabad,normal,0.0,0.0,0.0,0.0,0.0,1.03,0.0558,0.0005,0.0001
2025-09-24,Bhubaneswar,normal,5.8,17.8,22.4,22.36,22.36,6.27,0.386,0.0139,0.0017
2025-09-24,Mumbai,coastal,2.5,6.8,10.2,12.9,12.9,3.77,0.3084,0.0091,0.0011
2025-09-24,Thiruvananthapuram,coastal,5.0,3.6,6.0,8.89,8.89,3.47,0.2256,0.0049,0.0006
2025-09-24,Kochi,coastal,14.6,6.5,9.8,12.4,12.4,5.32,0.3017,0.0087,0.001
2025-09-24,Mangaluru,coastal,6.2,11.2,15.2,17.66,17.66,7.63,0.39,0.0152,0.0017
2025-09-24,Panaji,coastal,8.9,2.7,4.9,7.3,7.3,3.36,0.1964,0.0038,0.0005
2025-09-24,Chennai,coastal,3.5,0.1,0.6,1.1,1.1,1.86,0.0842,0.0009,0.0001
2025-09-24,Visakhapatnam,coastal,0.3,2.8,5.0,7.5,7.5,3.31,0.1998,0.0039,0.0005
2025-09-24,Puri,coastal,3.2,29.3,36.41,50.21,50.21,8.26,0.571,0.0426,0.0048
2025-09-24,Kolkata,coastal,18.1,0.5,1.5,2.4,2.4,2.35,0.1056,0.0013,0.0002
2025-09-24,Surat,coastal,0.6,0.7,1.8,2.8,2.8,2.27,0.1155,0.0015,0.0002
2025-09-24,Mahabaleshwar,orographic,5.1,1.8,3.5,2.0,2.0,2.89,0.1433,0.0073,0.0017
2025-09-24,Munnar,orographic,11.9,0.5,1.5,0.5,0.5,2.55,0.0919,0.0035,0.0008
2025-09-24,Madikeri,orographic,6.0,4.1,6.9,5.2,5.2,4.29,0.2134,0.0145,0.0032
2025-09-24,Ooty,orographic,1.2,0.4,1.2,0.4,0.4,2.07,0.0873,0.0033,0.0008
2025-09-24,Lonavala,orographic,8.2,3.8,6.3,4.7,4.7,3.67,0.2053,0.0135,0.003
2025-09-24,Wayanad,orographic,0.9,0.4,1.2,0.4,0.4,2.07,0.0873,0.0033,0.0008
2025-09-24,Shimla,orographic,0.6,0.0,0.0,0.0,0.0,0.0,0.068,0.0022,0.0005
2025-09-24,Dehradun,orographic,0.5,0.0,0.0,0.0,0.0,0.0,0.068,0.0022,0.0005
2025-09-24,Srinagar,orographic,0.0,0.1,0.6,0.1,0.1,0.4,0.073,0.0025,0.0006
2025-09-24,Gangtok,orographic,1.3,3.5,5.9,4.2,4.2,1.82,0.1969,0.0126,0.0028
2025-09-24,Guwahati,orographic,4.1,1.1,2.5,1.2,1.2,2.04,0.1172,0.0052,0.0012
2025-09-24,Cherrapunji,orographic,5.1,24.4,29.16,35.66,35.66,5.73,0.4973,0.0873,0.0192
2025-09-24,Imphal,orographic,0.3,9.8,13.6,12.3,12.3,3.61,0.3318,0.0341,0.0075
2025-09-24,Agartala,orographic,7.2,11.6,15.52,14.68,14.68,3.9,0.3599,0.0406,0.0089
2025-09-24,Lucknow,normal,0.0,0.0,0.0,0.0,0.0,0.11,0.0558,0.0005,0.0001
2025-09-24,Patna,normal,2.2,0.1,0.6,0.6,0.6,0.56,0.06,0.0005,0.0001
2025-09-24,Varanasi,normal,10.4,0.0,0.0,0.0,0.0,0.11,0.0558,0.0005,0.0001
2025-09-24,Delhi,normal,0.0,0.0,0.0,0.0,0.0,0.11,0.0558,0.0005,0.0001
2025-09-24,Kanpur,normal,1.3,0.0,0.0,0.0,0.0,0.11,0.0558,0.0005,0.0001
2025-09-24,Ranchi,normal,3.6,5.5,8.64,8.8,8.8,3.23,0.2108,0.0041,0.0005
2025-09-24,Jodhpur,normal,0.0,0.0,0.0,0.0,0.0,0.0,0.0558,0.0005,0.0001
2025-09-24,Bikaner,normal,0.0,0.0,0.0,0.0,0.0,0.0,0.0558,0.0005,0.0001
2025-09-24,Jaisalmer,normal,0.0,0.0,0.0,0.0,0.0,0.0,0.0558,0.0005,0.0001
2025-09-24,Hyderabad,normal,0.0,1.5,3.1,3.3,3.3,3.04,0.1101,0.0013,0.0002
2025-09-24,Bengaluru,normal,3.5,2.3,4.3,4.6,4.6,2.7,0.134,0.0019,0.0002
2025-09-24,Pune,normal,1.3,0.4,1.2,1.2,1.2,1.58,0.0719,0.0007,0.0001
2025-09-24,Kurnool,normal,0.1,15.3,19.6,20.0,20.0,5.8,0.3592,0.0118,0.0014
2025-09-24,Madurai,normal,0.2,0.3,1.0,1.0,1.0,1.25,0.0681,0.0006,0.0001
2025-09-25,Nagpur,break,12.7,2.2,4.2,7.57,4.5,2.46,0.1712,0.002,0.0002
2025-09-25,Bhopal,break,0.8,0.0,0.0,0.0,0.0,0.71,0.0748,0.0005,0.0
2025-09-25,Raipur,break,11.1,0.5,1.5,2.5,1.5,1.14,0.1008,0.0008,0.0001
2025-09-25,Jabalpur,break,8.2,0.0,0.0,0.0,0.0,0.78,0.0748,0.0005,0.0
2025-09-25,Akola,break,0.5,1.2,2.6,4.2,2.9,2.32,0.1325,0.0013,0.0001
2025-09-25,Amravati,break,1.8,2.6,4.8,9.67,5.0,3.17,0.1851,0.0023,0.0002
2025-09-25,Aurangabad,break,0.0,0.0,0.0,0.0,0.0,0.31,0.0748,0.0005,0.0
2025-09-25,Bhubaneswar,break,12.4,0.9,2.2,3.7,2.3,3.44,0.1195,0.0011,0.0001
2025-09-25,Mumbai,coastal,3.1,4.2,7.0,9.9,9.9,4.71,0.2433,0.0057,0.0007
2025-09-25,Thiruvananthapuram,coastal,36.8,5.4,8.5,10.9,10.9,4.82,0.2754,0.0072,0.0008
2025-09-25,Kochi,coastal,23.8,18.0,22.6,25.2,25.2,10.09,0.4774,0.0252,0.0028
2025-09-25,Mangaluru,coastal,8.2,19.7,24.4,27.16,27.16,9.0,0.4947,0.0278,0.0031
2025-09-25,Panaji,coastal,17.4,3.3,5.7,8.6,8.6,3.94,0.2162,0.0046,0.0005
2025-09-25,Chennai,coastal,0.2,0.2,0.8,1.5,1.5,1.66,0.0898,0.001,0.0001
2025-09-25,Visakhapatnam,coastal,15.0,12.5,16.5,19.5,19.5,7.58,0.4096,0.0171,0.0019
2025-09-25,Puri,coastal,1.6,12.8,16.9,19.9,19.9,10.18,0.4139,0.0175,0.002
2025-09-25,Kolkata,coastal,17.3,3.7,6.2,8.94,8.94,3.33,0.2286,0.0051,0.0006
2025-09-25,Surat,coastal,2.5,4.7,7.54,10.4,10.4,3.31,0.2572,0.0063,0.0007
2025-09-25,Mahabaleshwar,orographic,3.3,3.8,6.3,4.7,4.7,4.25,0.2053,0.0135,0.003
2025-09-25,Munnar,orographic,12.7,5.8,9.0,7.5,7.5,5.5,0.2549,0.0202,0.0045
2025-09-25,Madikeri,orographic,9.6,26.2,31.7,39.12,39.12,11.98,0.5111,0.0939,0.0207
2025-09-25,Ooty,orographic,2.8,2.6,4.8,3.1,3.1,3.92,0.17,0.0097,0.0022
2025-09-25,Lonavala,orographic,3.7,12.8,16.9,16.7,16.7,10.04,0.377,0.0449,0.0098
2025-09-25,Wayanad,orographic,3.0,10.5,14.3,13.3,13.3,7.25,0.3431,0.0366,0.008
2025-09-25,Shimla,orographic,3.3,0.0,0.0,0.0,0.0,0.16,0.068,0.0022,0.0005
2025-09-25,Dehradun,orographic,0.0,0.0,0.0,0.0,0.0,0.16,0.068,0.0022,0.0005
2025-09-25,Srinagar,orographic,0.0,0.5,1.5,0.5,0.5,0.93,0.0919,0.0035,0.0008
2025-09-25,Gangtok,orographic,1.2,0.1,0.6,0.1,0.1,0.76,0.073,0.0025,0.0006
2025-09-25,Guwahati,orographic,0.0,0.0,0.0,0.0,0.0,0.57,0.068,0.0022,0.0005
2025-09-25,Cherrapunji,orographic,0.1,13.8,18.0,18.0,18.0,6.31,0.3903,0.0485,0.0106
2025-09-25,Imphal,orographic,0.0,1.9,3.6,2.12,2.12,2.31,0.1468,0.0076,0.0017
2025-09-25,Agartala,orographic,4.3,26.8,32.9,41.5,41.5,7.05,0.5155,0.0961,0.0212
2025-09-25,Lucknow,break,1.3,0.0,0.0,0.0,0.0,0.21,0.0748,0.0005,0.0
2025-09-25,Patna,break,0.1,0.0,0.0,0.0,0.0,0.43,0.0748,0.0005,0.0
2025-09-25,Varanasi,break,1.2,0.0,0.0,0.0,0.0,0.21,0.0748,0.0005,0.0
2025-09-25,Delhi,break,0.0,0.0,0.0,0.0,0.0,0.21,0.0748,0.0005,0.0
2025-09-25,Kanpur,break,0.9,0.0,0.0,0.0,0.0,0.21,0.0748,0.0005,0.0
2025-09-25,Ranchi,break,3.5,4.2,7.0,11.48,7.2,4.3,0.234,0.0035,0.0003
2025-09-25,Jodhpur,break,0.0,0.0,0.0,0.0,0.0,0.0,0.0748,0.0005,0.0
2025-09-25,Bikaner,break,0.0,0.0,0.0,0.0,0.0,0.0,0.0748,0.0005,0.0
2025-09-25,Jaisalmer,break,0.0,0.0,0.0,0.0,0.0,0.0,0.0748,0.0005,0.0
2025-09-25,Hyderabad,break,6.0,4.6,7.4,11.73,7.7,2.95,0.2449,0.0038,0.0003
2025-09-25,Bengaluru,break,8.5,5.4,8.5,11.9,8.7,3.9,0.2653,0.0044,0.0004
2025-09-25,Pune,break,1.0,5.2,8.2,11.9,8.5,3.32,0.2603,0.0043,0.0003
2025-09-25,Kurnool,break,0.6,0.0,0.0,0.0,0.0,1.69,0.0748,0.0005,0.0
2025-09-25,Madurai,break,3.5,0.4,1.2,1.8,1.2,1.54,0.0959,0.0008,0.0001
2025-09-26,Nagpur,normal,1.3,1.4,2.9,3.1,3.1,3.25,0.1069,0.0013,0.0002
2025-09-26,Bhopal,normal,0.0,0.0,0.0,0.0,0.0,0.5,0.0558,0.0005,0.0001
2025-09-26,Raipur,normal,12.9,30.6,37.91,36.1,36.1,8.11,0.4886,0.0252,0.003
2025-09-26,Jabalpur,normal,6.2,0.0,0.0,0.0,0.0,0.5,0.0558,0.0005,0.0001
2025-09-26,Akola,normal,4.1,9.0,12.7,12.87,12.87,5.71,0.2743,0.0067,0.0008
2025-09-26,Amravati,normal,14.4,4.1,6.8,7.04,7.04,4.3,0.1801,0.0031,0.0004
2025-09-26,Aurangabad,normal,5.2,5.0,8.0,8.2,8.2,3.69,0.2003,0.0037,0.0005
2025-09-26,Bhubaneswar,normal,21.5,9.3,12.9,13.3,13.3,5.71,0.2791,0.0069,0.0008
2025-09-26,Mumbai,coastal,3.0,0.9,2.2,3.56,3.56,4.16,0.125,0.0018,0.0002
2025-09-26,Thiruvananthapuram,coastal,31.7,18.6,23.11,25.66,25.66,11.35,0.4837,0.0261,0.0029
2025-09-26,Kochi,coastal,16.6,23.9,28.6,34.11,34.11,13.08,0.5319,0.0342,0.0038
2025-09-26,Mangaluru,coastal,7.3,16.6,21.1,23.76,23.76,12.16,0.4621,0.0231,0.0026
2025-09-26,Panaji,coastal,13.6,1.8,3.5,5.5,5.5,4.43,0.1634,0.0028,0.0003
2025-09-26,Chennai,coastal,0.1,0.2,0.8,1.5,1.5,2.7,0.0898,0.001,0.0001
2025-09-26,Visakhapatnam,coastal,22.2,13.5,17.6,20.9,20.9,10.93,0.4236,0.0185,0.0021
2025-09-26,Puri,coastal,21.0,9.8,13.6,16.0,16.0,9.36,0.3669,0.0132,0.0015
2025-09-26,Kolkata,coastal,15.9,6.9,10.3,12.98,12.98,6.36,0.3106,0.0092,0.0011
2025-09-26,Surat,coastal,1.4,0.0,0.0,0.0,0.0,2.02,0.0785,0.0008,0.0001
2025-09-26,Mahabaleshwar,orographic,7.1,0.1,0.6,0.1,0.1,2.96,0.073,0.0025,0.0006
2025-09-26,Munnar,orographic,15.3,3.3,5.7,3.9,3.9,7.19,0.1912,0.0119,0.0027
2025-09-26,Madikeri,orographic,8.3,6.9,10.3,9.1,9.1,9.44,0.2785,0.024,0.0053
2025-09-26,Ooty,orographic,0.0,0.6,1.7,0.7,0.7,3.63,0.0963,0.0038,0.0009
2025-09-26,Lonavala,orographic,4.1,3.7,6.2,4.5,4.5,7.46,0.2025,0.0132,0.003
2025-09-26,Wayanad,orographic,1.6,4.3,7.1,5.3,5.3,7.35,0.2186,0.0152,0.0034
2025-09-26,Shimla,orographic,0.0,0.0,0.0,0.0,0.0,0.28,0.068,0.0022,0.0005
2025-09-26,Dehradun,orographic,0.0,0.0,0.0,0.0,0.0,0.28,0.068,0.0022,0.0005
2025-09-26,Srinagar,orographic,0.0,0.0,0.0,0.0,0.0,0.49,0.068,0.0022,0.0005
2025-09-26,Gangtok,orographic,1.2,0.5,1.5,0.5,0.5,1.18,0.0919,0.0035,0.0008
2025-09-26,Guwahati,orographic,0.0,0.0,0.0,0.0,0.0,0.25,0.068,0.0022,0.0005
2025-09-26,Cherrapunji,orographic,0.2,4.1,6.9,5.2,5.2,3.45,0.2134,0.0145,0.0032
2025-09-26,Imphal,orographic,0.0,8.0,11.6,10.3,10.3,3.09,0.3001,0.0278,0.0061
2025-09-26,Agartala,orographic,2.3,7.9,11.5,10.2,10.2,4.38,0.2982,0.0274,0.006
2025-09-26,Lucknow,normal,0.0,0.0,0.0,0.0,0.0,0.37,0.0558,0.0005,0.0001
2025-09-26,Patna,normal,1.4,0.7,1.8,1.8,1.8,1.48,0.0831,0.0009,0.0001
2025-09-26,Varanasi,normal,3.5,0.8,2.0,2.1,2.1,1.63,0.0867,0.0009,0.0001
2025-09-26,Delhi,normal,0.0,0.0,0.0,0.0,0.0,0.37,0.0558,0.0005,0.0001
2025-09-26,Kanpur,normal,0.1,0.0,0.0,0.0,0.0,0.37,0.0558,0.0005,0.0001
2025-09-26,Ranchi,normal,6.1,16.3,20.7,20.91,20.91,8.6,0.3703,0.0126,0.0015
2025-09-26,Jodhpur,normal,0.0,0.0,0.0,0.0,0.0,0.0,0.0558,0.0005,0.0001
2025-09-26,Bikaner,normal,0.0,0.0,0.0,0.0,0.0,0.0,0.0558,0.0005,0.0001
2025-09-26,Jaisalmer,normal,0.0,0.0,0.0,0.0,0.0,0.0,0.0558,0.0005,0.0001
2025-09-26,Hyderabad,normal,16.9,11.8,15.7,16.0,16.0,6.92,0.3157,0.0089,0.0011
2025-09-26,Bengaluru,normal,1.1,0.5,1.5,1.5,1.5,3.12,0.0757,0.0007,0.0001
2025-09-26,Pune,normal,5.3,1.3,2.7,2.9,2.9,3.77,0.1037,0.0012,0.0002
2025-09-26,Kurnool,normal,77.9,18.4,22.96,22.91,22.91,6.49,0.3921,0.0144,0.0017
2025-09-26,Madurai,normal,0.0,0.0,0.0,0.0,0.0,1.2,0.0558,0.0005,0.0001
2025-09-27,Nagpur,normal,23.3,20.8,25.5,25.56,24.99,7.76,0.4147,0.0165,0.002
2025-09-27,Bhopal,normal,20.5,3.6,6.1,6.3,6.35,4.49,0.1682,0.0027,0.0003
2025-09-27,Raipur,normal,26.6,15.5,19.7,20.26,18.62,10.73,0.3614,0.012,0.0014
2025-09-27,Jabalpur,normal,18.5,14.4,18.8,19.2,18.3,6.93,0.3487,0.0111,0.0013
2025-09-27,Akola,normal,32.2,7.9,11.5,11.67,12.07,7.65,0.256,0.0059,0.0007
2025-09-27,Amravati,normal,29.4,7.9,11.5,11.67,12.07,7.13,0.256,0.0059,0.0007
2025-09-27,Aurangabad,normal,23.2,13.9,18.1,18.5,17.84,9.29,0.3427,0.0106,0.0013
2025-09-27,Bhubaneswar,normal,8.4,16.0,20.4,20.7,18.87,10.31,0.367,0.0124,0.0015
2025-09-27,Mumbai,coastal,14.1,3.6,6.0,8.89,8.89,5.36,0.2256,0.0049,0.0006
2025-09-27,Thiruvananthapuram,coastal,7.4,5.2,8.2,10.8,10.8,8.92,0.2704,0.007,0.0008
2025-09-27,Kochi,coastal,16.7,15.6,19.9,23.01,23.01,13.61,0.4504,0.0216,0.0024
2025-09-27,Mangaluru,coastal,16.9,25.2,30.1,36.11,36.11,17.44,0.5421,0.0362,0.0041
2025-09-27,Panaji,coastal,32.9,6.1,9.3,11.7,11.7,6.37,0.2924,0.0081,0.0009
2025-09-27,Chennai,coastal,12.0,0.0,0.0,0.0,0.0,2.0,0.0785,0.0008,0.0001
2025-09-27,Visakhapatnam,coastal,8.3,10.3,14.1,16.52,16.52,10.97,0.3754,0.0139,0.0016
2025-09-27,Puri,coastal,13.8,13.1,17.2,20.35,20.35,12.04,0.4181,0.0179,0.002
2025-09-27,Kolkata,coastal,7.9,4.9,7.9,10.5,10.5,6.92,0.2625,0.0066,0.0008
2025-09-27,Surat,coastal,0.2,0.3,1.0,1.82,1.82,2.75,0.0952,0.0011,0.0001
2025-09-27,Mahabaleshwar,orographic,37.4,22.6,27.1,31.0,31.0,16.57,0.4825,0.0807,0.0177
2025-09-27,Munnar,orographic,19.1,2.5,4.7,3.0,3.0,7.39,0.1669,0.0094,0.0021
2025-09-27,Madikeri,orographic,14.2,9.9,13.7,12.48,12.48,17.24,0.3335,0.0345,0.0076
2025-09-27,Ooty,orographic,0.9,0.9,2.2,1.0,1.0,4.93,0.1091,0.0046,0.0011
2025-09-27,Lonavala,orographic,26.7,7.2,10.6,9.3,9.3,10.29,0.2846,0.025,0.0055
2025-09-27,Wayanad,orographic,4.5,3.9,6.5,4.8,4.8,8.12,0.208,0.0139,0.0031
2025-09-27,Shimla,orographic,0.3,0.0,0.0,0.0,0.0,0.74,0.068,0.0022,0.0005
2025-09-27,Dehradun,orographic,0.0,0.0,0.0,0.0,0.0,0.74,0.068,0.0022,0.0005
2025-09-27,Srinagar,orographic,0.0,0.0,0.0,0.0,0.0,0.74,0.068,0.0022,0.0005
2025-09-27,Gangtok,orographic,0.0,6.9,10.3,9.1,9.1,3.41,0.2785,0.024,0.0053
2025-09-27,Guwahati,orographic,4.4,6.3,9.6,8.2,8.2,3.54,0.2659,0.0219,0.0048
2025-09-27,Cherrapunji,orographic,6.2,4.2,7.0,5.2,5.2,3.83,0.216,0.0149,0.0033
2025-09-27,Imphal,orographic,0.6,9.5,13.3,12.0,12.0,6.46,0.3268,0.0331,0.0073
2025-09-27,Agartala,orographic,12.4,14.2,18.6,18.62,18.62,7.17,0.3954,0.05,0.0109
2025-09-27,Lucknow,normal,1.1,0.6,1.6,1.6,2.54,1.86,0.0795,0.0008,0.0001
2025-09-27,Patna,normal,1.7,0.2,0.8,0.8,1.87,2.19,0.0641,0.0006,0.0001
2025-09-27,Varanasi,normal,0.9,6.1,9.3,9.3,10.24,5.6,0.2229,0.0045,0.0006
2025-09-27,Delhi,normal,0.1,0.0,0.0,0.0,0.0,1.01,0.0558,0.0005,0.0001
2025-09-27,Kanpur,normal,8.5,0.0,0.0,0.0,0.0,1.01,0.0558,0.0005,0.0001
2025-09-27,Ranchi,normal,11.5,4.6,7.4,7.7,7.44,6.32,0.1915,0.0034,0.0004
2025-09-27,Jodhpur,normal,0.0,0.0,0.0,0.0,0.0,0.31,0.0558,0.0005,0.0001
2025-09-27,Bikaner,normal,0.0,0.0,0.0,0.0,0.0,0.31,0.0558,0.0005,0.0001
2025-09-27,Jaisalmer,normal,0.0,0.0,0.0,0.0,0.0,0.31,0.0558,0.0005,0.0001
2025-09-27,Hyderabad,normal,10.5,149.6,157.61,83.22,397.6,18.14,0.7708,0.1374,0.0167
2025-09-27,Bengaluru,normal,2.8,1.4,2.9,3.1,4.02,3.98,0.1069,0.0013,0.0002
2025-09-27,Pune,normal,27.8,11.7,15.67,16.0,16.13,7.05,0.3143,0.0088,0.0011
2025-09-27,Kurnool,normal,12.4,13.9,18.1,18.5,17.84,9.87,0.3427,0.0106,0.0013
2025-09-27,Madurai,normal,0.0,0.0,0.0,0.0,0.0,1.12,0.0558,0.0005,0.0001
2025-09-28,Nagpur,normal,10.1,14.7,19.1,19.5,19.5,12.41,0.3522,0.0113,0.0014
2025-09-28,Bhopal,normal,8.8,11.0,15.0,15.4,15.4,8.79,0.3045,0.0083,0.001
2025-09-28,Raipur,normal,1.5,8.2,11.8,11.82,11.82,9.88,0.2612,0.0061,0.0007
2025-09-28,Jabalpur,normal,2.4,20.5,25.2,25.3,25.3,12.68,0.412,0.0162,0.0019
2025-09-28,Akola,normal,1.7,25.2,30.1,29.4,29.4,13.66,0.451,0.0203,0.0024
2025-09-28,Amravati,normal,2.1,22.5,27.0,27.0,27.0,13.22,0.4294,0.018,0.0021
2025-09-28,Aurangabad,normal,20.7,35.0,43.9,42.22,42.22,15.98,0.5149,0.0292,0.0034
2025-09-28,Bhubaneswar,normal,8.9,8.8,12.4,12.7,12.7,11.31,0.2711,0.0066,0.0008
2025-09-28,Mumbai,depression,125.7,88.0,89.1,89.1,100.16,25.18,0.8509,0.2198,0.0094
2025-09-28,Thiruvananthapuram,coastal,6.1,13.5,17.6,20.9,20.9,12.72,0.4236,0.0185,0.0021
2025-09-28,Kochi,coastal,10.9,31.9,39.36,53.31,53.31,22.51,0.5871,0.0467,0.0052
2025-09-28,Mangaluru,coastal,18.0,23.5,28.1,33.3,33.3,18.44,0.5286,0.0336,0.0038
2025-09-28,Panaji,coastal,35.0,2.2,4.2,5.9,5.9,6.34,0.1786,0.0032,0.0004
2025-09-28,Chennai,coastal,23.6,0.3,1.0,1.82,1.82,2.76,0.0952,0.0011,0.0001
2025-09-28,Visakhapatnam,coastal,0.0,0.0,0.0,0.0,0.0,2.52,0.0785,0.0008,0.0001
2025-09-28,Puri,coastal,6.4,10.2,14.0,16.47,16.47,11.39,0.3737,0.0138,0.0016
2025-09-28,Kolkata,coastal,4.9,9.5,13.3,15.52,15.52,9.92,0.3616,0.0128,0.0015
2025-09-28,Surat,coastal,66.9,6.0,9.2,11.63,11.63,6.2,0.2901,0.008,0.0009
2025-09-28,Mahabaleshwar,orographic,59.1,72.6,80.61,97.51,97.51,47.85,0.6999,0.2484,0.0604
2025-09-28,Munnar,orographic,22.0,2.1,4.0,2.4,2.4,6.23,0.1537,0.0082,0.0019
2025-09-28,Madikeri,orographic,12.1,12.0,15.9,15.3,15.3,20.36,0.3657,0.042,0.0092
2025-09-28,Ooty,orographic,0.9,0.1,0.6,0.1,0.1,3.46,0.073,0.0025,0.0006
2025-09-28,Lonavala,orographic,117.6,110.7,105.7,127.85,127.85,40.48,0.7655,0.3495,0.093
2025-09-28,Wayanad,orographic,8.3,4.1,6.9,5.2,5.2,8.0,0.2134,0.0145,0.0032
2025-09-28,Shimla,orographic,0.0,0.7,1.8,0.7,0.7,1.49,0.1007,0.0041,0.001
2025-09-28,Dehradun,orographic,1.4,0.2,0.8,0.1,0.1,1.41,0.0779,0.0027,0.0006
2025-09-28,Srinagar,orographic,0.0,0.0,0.0,0.0,0.0,0.99,0.068,0.0022,0.0005
2025-09-28,Gangtok,orographic,0.7,3.1,5.4,3.6,3.6,4.24,0.1854,0.0113,0.0025
2025-09-28,Guwahati,orographic,0.5,24.2,29.0,35.3,35.3,11.76,0.4957,0.0866,0.0191
2025-09-28,Cherrapunji,orographic,6.1,7.8,11.4,10.1,10.1,5.5,0.2963,0.0271,0.006
2025-09-28,Imphal,orographic,0.0,3.0,5.3,3.5,3.5,4.91,0.1824,0.011,0.0025
2025-09-28,Agartala,orographic,8.1,13.0,17.1,16.9,16.9,9.58,0.3797,0.0456,0.01
2025-09-28,Lucknow,normal,0.2,0.0,0.0,0.0,0.0,1.63,0.0558,0.0005,0.0001
2025-09-28,Patna,normal,0.0,0.0,0.0,0.0,0.0,1.55,0.0558,0.0005,0.0001
2025-09-28,Varanasi,normal,0.2,0.0,0.0,0.0,0.0,2.15,0.0558,0.0005,0.0001
2025-09-28,Delhi,normal,0.0,0.0,0.0,0.0,0.0,1.13,0.0558,0.0005,0.0001
2025-09-28,Kanpur,normal,0.1,0.0,0.0,0.0,0.0,1.13,0.0558,0.0005,0.0001
2025-09-28,Ranchi,normal,1.7,5.2,8.2,8.5,8.5,6.7,0.2046,0.0039,0.0005
2025-09-28,Jodhpur,normal,0.0,0.0,0.0,0.0,0.0,0.53,0.0558,0.0005,0.0001
2025-09-28,Bikaner,normal,0.0,0.0,0.0,0.0,0.0,0.53,0.0558,0.0005,0.0001
2025-09-28,Jaisalmer,normal,0.0,0.0,0.0,0.0,0.0,0.53,0.0558,0.0005,0.0001
2025-09-28,Hyderabad,normal,3.3,5.1,8.1,8.3,8.3,9.63,0.2024,0.0038,0.0005
2025-09-28,Bengaluru,normal,1.4,2.8,5.0,5.2,5.2,4.71,0.1477,0.0022,0.0003
2025-09-28,Pune,normal,67.9,49.4,62.11,61.3,61.3,17.67,0.5819,0.0426,0.005
2025-09-28,Kurnool,normal,0.4,4.1,6.8,7.04,7.04,7.25,0.1801,0.0031,0.0004
2025-09-28,Madurai,normal,0.8,0.0,0.0,0.0,0.0,1.16,0.0558,0.0005,0.0001
2025-09-29,Nagpur,normal,1.1,2.0,3.8,4.05,4.05,3.27,0.1253,0.0017,0.0002
2025-09-29,Bhopal,normal,2.9,0.0,0.0,0.0,0.0,1.15,0.0558,0.0005,0.0001
2025-09-29,Raipur,normal,2.6,0.0,0.0,0.0,0.0,0.98,0.0558,0.0005,0.0001
2025-09-29,Jabalpur,normal,4.2,1.7,3.4,3.5,3.5,3.06,0.1163,0.0015,0.0002
2025-09-29,Akola,normal,0.9,0.0,0.0,0.0,0.0,1.27,0.0558,0.0005,0.0001
2025-09-29,Amravati,normal,0.9,0.5,1.5,1.5,1.5,2.5,0.0757,0.0007,0.0001
2025-09-29,Aurangabad,normal,1.1,2.7,4.9,5.1,5.1,4.03,0.145,0.0021,0.0003
2025-09-29,Bhubaneswar,normal,8.1,17.9,22.5,22.4,22.4,6.63,0.3871,0.014,0.0017
2025-09-29,Mumbai,coastal,15.8,14.0,18.2,21.8,21.8,9.4,0.4303,0.0192,0.0022
2025-09-29,Thiruvananthapuram,coastal,6.2,9.0,12.7,14.92,14.92,6.81,0.3526,0.0121,0.0014
2025-09-29,Kochi,coastal,7.1,13.7,17.82,21.3,21.3,9.14,0.4263,0.0188,0.0021
2025-09-29,Mangaluru,coastal,6.7,32.2,40.3,53.45,53.45,11.67,0.5889,0.0472,0.0053
2025-09-29,Panaji,coastal,30.1,11.3,15.27,17.9,17.9,5.99,0.3916,0.0153,0.0018
2025-09-29,Chennai,coastal,4.2,0.6,1.6,2.6,2.6,2.19,0.1106,0.0014,0.0002
2025-09-29,Visakhapatnam,coastal,7.8,1.3,2.8,4.6,4.6,2.22,0.1428,0.0022,0.0003
2025-09-29,Puri,coastal,10.7,16.8,21.3,24.2,24.2,8.61,0.4643,0.0234,0.0026
2025-09-29,Kolkata,coastal,0.5,4.1,6.9,9.74,9.74,4.16,0.2404,0.0056,0.0007
2025-09-29,Surat,coastal,5.2,35.0,43.9,57.64,57.64,11.79,0.6046,0.0516,0.0058
2025-09-29,Mahabaleshwar,orographic,14.4,16.2,20.6,21.6,21.6,13.48,0.4195,0.0573,0.0125
2025-09-29,Munnar,orographic,12.1,0.5,1.5,0.5,0.5,2.38,0.0919,0.0035,0.0008
2025-09-29,Madikeri,orographic,10.2,6.2,9.5,8.1,8.1,7.04,0.2637,0.0216,0.0048
2025-09-29,Ooty,orographic,0.0,0.0,0.0,0.0,0.0,0.92,0.068,0.0022,0.0005
2025-09-29,Lonavala,orographic,18.1,47.9,61.1,86.11,86.11,22.65,0.6265,0.1703,0.0391
2025-09-29,Wayanad,orographic,2.7,0.0,0.0,0.0,0.0,1.25,0.068,0.0022,0.0005
2025-09-29,Shimla,orographic,0.0,0.0,0.0,0.0,0.0,0.21,0.068,0.0022,0.0005
2025-09-29,Dehradun,orographic,1.6,0.9,2.2,1.0,1.0,1.01,0.1091,0.0046,0.0011
2025-09-29,Srinagar,orographic,0.0,0.0,0.0,0.0,0.0,0.0,0.068,0.0022,0.0005
2025-09-29,Gangtok,orographic,0.4,2.1,4.0,2.4,2.4,1.66,0.1537,0.0082,0.0019
2025-09-29,Guwahati,orographic,0.2,0.0,0.0,0.0,0.0,0.94,0.068,0.0022,0.0005
2025-09-29,Cherrapunji,orographic,4.0,19.3,23.8,26.4,26.4,4.45,0.4523,0.0686,0.015
2025-09-29,Imphal,orographic,0.0,2.0,3.8,2.3,2.3,1.63,0.1503,0.0079,0.0018
2025-09-29,Agartala,orographic,0.4,1.2,2.6,1.3,1.3,2.19,0.1211,0.0055,0.0013
2025-09-29,Lucknow,normal,1.0,0.0,0.0,0.0,0.0,0.11,0.0558,0.0005,0.0001
2025-09-29,Patna,normal,0.0,0.4,1.2,1.2,1.2,0.6,0.0719,0.0007,0.0001
2025-09-29,Varanasi,normal,0.5,0.0,0.0,0.0,0.0,0.11,0.0558,0.0005,0.0001
2025-09-29,Delhi,normal,0.2,0.2,0.8,0.8,0.8,0.58,0.0641,0.0006,0.0001
2025-09-29,Kanpur,normal,2.7,0.0,0.0,0.0,0.0,0.11,0.0558,0.0005,0.0001
2025-09-29,Ranchi,normal,0.4,0.0,0.0,0.0,0.0,0.77,0.0558,0.0005,0.0001
2025-09-29,Jodhpur,normal,0.0,0.8,2.0,2.1,2.1,0.57,0.0867,0.0009,0.0001
2025-09-29,Bikaner,normal,0.3,0.0,0.0,0.0,0.0,0.0,0.0558,0.0005,0.0001
2025-09-29,Jaisalmer,normal,0.2,0.0,0.0,0.0,0.0,0.0,0.0558,0.0005,0.0001
2025-09-29,Hyderabad,normal,0.0,1.9,3.6,3.9,3.9,2.74,0.1224,0.0016,0.0002
2025-09-29,Bengaluru,normal,0.4,0.2,0.8,0.8,0.8,1.57,0.0641,0.0006,0.0001
2025-09-29,Pune,normal,1.9,5.2,8.2,8.5,8.5,4.35,0.2046,0.0039,0.0005
2025-09-29,Kurnool,normal,12.7,0.0,0.0,0.0,0.0,0.93,0.0558,0.0005,0.0001
2025-09-29,Madurai,normal,0.0,0.0,0.0,0.0,0.0,0.27,0.0558,0.0005,0.0001
2025-09-30,Nagpur,normal,7.8,4.6,7.4,7.7,11.73,3.77,0.1915,0.0034,0.0004
2025-09-30,Bhopal,normal,2.3,3.7,6.2,6.39,10.93,3.28,0.1706,0.0028,0.0004
2025-09-30,Raipur,normal,1.3,9.5,13.3,13.6,16.17,4.95,0.2822,0.0071,0.0009
2025-09-30,Jabalpur,normal,6.3,13.5,17.6,17.9,21.18,5.99,0.3378,0.0103,0.0012
2025-09-30,Akola,normal,1.1,7.7,11.2,11.4,14.96,4.13,0.2526,0.0057,0.0007
2025-09-30,Amravati,normal,0.3,4.4,7.2,7.53,11.63,3.52,0.187,0.0033,0.0004
2025-09-30,Aurangabad,normal,0.8,2.9,5.1,5.34,9.93,3.92,0.1504,0.0023,0.0003
2025-09-30,Bhubaneswar,normal,0.7,1.8,3.5,3.7,6.39,3.94,0.1193,0.0015,0.0002
2025-09-30,Mumbai,coastal,11.2,6.7,10.1,12.6,12.6,6.62,0.3061,0.0089,0.001
2025-09-30,Thiruvananthapuram,coastal,0.6,1.6,3.2,5.1,5.1,3.84,0.1554,0.0025,0.0003
2025-09-30,Kochi,coastal,1.3,3.0,5.3,8.0,8.0,5.6,0.2065,0.0042,0.0005
2025-09-30,Mangaluru,coastal,4.8,14.2,18.6,22.02,22.02,11.29,0.4329,0.0195,0.0022
2025-09-30,Panaji,coastal,9.5,24.5,29.3,35.35,35.35,11.47,0.5366,0.0351,0.004
2025-09-30,Chennai,coastal,0.0,0.0,0.0,0.0,0.0,1.29,0.0785,0.0008,0.0001
2025-09-30,Visakhapatnam,coastal,12.0,14.7,19.1,22.6,22.6,7.72,0.4393,0.0203,0.0023
2025-09-30,Puri,coastal,0.9,6.8,10.2,12.9,12.9,6.77,0.3084,0.0091,0.0011
2025-09-30,Kolkata,coastal,6.1,4.7,7.54,10.4,10.4,4.93,0.2572,0.0063,0.0007
2025-09-30,Surat,coastal,3.8,14.1,18.4,22.0,22.0,11.13,0.4316,0.0194,0.0022
2025-09-30,Mahabaleshwar,orographic,14.1,3.1,5.4,3.6,3.6,6.39,0.1854,0.0113,0.0025
2025-09-30,Munnar,orographic,1.1,0.1,0.6,0.1,0.1,2.36,0.073,0.0025,0.0006
2025-09-30,Madikeri,orographic,5.8,5.5,8.64,7.0,7.0,8.33,0.248,0.0192,0.0043
2025-09-30,Ooty,orographic,0.0,0.0,0.0,0.0,0.0,0.82,0.068,0.0022,0.0005
2025-09-30,Lonavala,orographic,4.4,10.3,14.1,13.0,13.0,13.13,0.34,0.0359,0.0079
2025-09-30,Wayanad,orographic,0.8,0.0,0.0,0.0,0.0,0.82,0.068,0.0022,0.0005
2025-09-30,Shimla,orographic,0.7,0.0,0.0,0.0,0.0,0.22,0.068,0.0022,0.0005
2025-09-30,Dehradun,orographic,0.3,0.0,0.0,0.0,0.0,0.42,0.068,0.0022,0.0005
2025-09-30,Srinagar,orographic,0.0,0.0,0.0,0.0,0.0,0.22,0.068,0.0022,0.0005
2025-09-30,Gangtok,orographic,0.6,6.4,9.7,8.3,8.3,4.0,0.268,0.0222,0.0049
2025-09-30,Guwahati,orographic,0.0,0.6,1.6,0.6,0.6,0.72,0.0963,0.0038,0.0009
2025-09-30,Cherrapunji,orographic,2.9,19.2,23.7,26.23,26.23,5.44,0.4513,0.0683,0.0149
2025-09-30,Imphal,orographic,0.2,3.6,6.0,4.3,4.3,2.08,0.1998,0.0129,0.0029
2025-09-30,Agartala,orographic,6.5,5.8,9.0,7.5,7.5,2.55,0.2549,0.0202,0.0045
2025-09-30,Lucknow,normal,0.8,0.3,1.0,1.0,1.3,0.84,0.0681,0.0006,0.0001
2025-09-30,Patna,normal,0.0,0.0,0.0,0.0,0.0,0.69,0.0558,0.0005,0.0001
2025-09-30,Varanasi,normal,0.2,4.1,6.8,7.04,11.48,3.47,0.1801,0.0031,0.0004
2025-09-30,Delhi,normal,8.0,0.0,0.0,0.0,0.0,0.61,0.0558,0.0005,0.0001
2025-09-30,Kanpur,normal,10.0,0.0,0.0,0.0,0.0,0.29,0.0558,0.0005,0.0001
2025-09-30,Ranchi,normal,2.2,1.8,3.5,3.7,6.39,2.23,0.1193,0.0015,0.0002
2025-09-30,Jodhpur,normal,12.6,0.1,0.6,0.6,0.82,0.68,0.06,0.0005,0.0001
2025-09-30,Bikaner,normal,4.7,0.0,0.0,0.0,0.0,0.0,0.0558,0.0005,0.0001
2025-09-30,Jaisalmer,normal,25.1,0.4,1.2,1.2,1.8,0.37,0.0719,0.0007,0.0001
2025-09-30,Hyderabad,normal,0.1,0.4,1.2,1.2,1.8,2.1,0.0719,0.0007,0.0001
2025-09-30,Bengaluru,normal,0.1,0.0,0.0,0.0,0.0,0.92,0.0558,0.0005,0.0001
2025-09-30,Pune,normal,1.4,0.3,1.0,1.0,1.3,2.13,0.0681,0.0006,0.0001
2025-09-30,Kurnool,normal,3.2,0.0,0.0,0.0,0.0,0.47,0.0558,0.0005,0.0001
2025-09-30,Madurai,normal,0.0,0.0,0.0,0.0,0.0,0.47,0.0558,0.0005,0.0001
